
===== a start (failpoints: none) 11:01:07 =====
{"timestamp":"2026-09-17T11:01:07.482804Z","level":"INFO","message":"configuration loaded","config":"/private/var/folders/z7/khzdjrt95cg_fcmcnh4j1b5h0000gn/T/tsls-chaos.OGEJMq/gw-a.toml","target":"tachyon_serverless_gateway"}
{"timestamp":"2026-09-17T11:01:07.484372Z","level":"INFO","message":"connected successfully","server":"60866","max_payload":"1048576","target":"async_nats::connector"}
{"timestamp":"2026-09-17T11:01:07.484567Z","level":"INFO","message":"event: connected","target":"async_nats"}
{"timestamp":"2026-09-17T11:01:07.498906Z","level":"INFO","message":"JetStream queue connected and stream bootstrapped","url":"nats://127.0.0.1:60866","stream":"TACHYON_EVENTS","target":"tachyon_serverless_gateway::durable"}
{"timestamp":"2026-09-17T11:01:07.514354Z","level":"INFO","message":"state store opened","path":"/private/var/folders/z7/khzdjrt95cg_fcmcnh4j1b5h0000gn/T/tsls-chaos.OGEJMq/data/state.db","schema_version":8,"migrations_applied":"[1, 2, 3, 4, 5, 6, 7, 8]","imported_state_json":"None","settled_invocations":0,"settled_attempts":0,"settled_environments":0,"released_leases":0,"dropped_idempotency_keys":0,"purged_idempotency_keys":0,"outputs_purged":0,"target":"tachyon_serverless_application::app"}
{"timestamp":"2026-09-17T11:01:07.514839Z","level":"INFO","message":"dispatcher registered","dispatcher_id":"dsp_01m2qge0stezw85rd29y9fqcfw","instance":"chaos-a","pid":83573,"lease_ttl_seconds":6,"target":"tachyon_serverless_application::services::dispatcher"}
{"timestamp":"2026-09-17T11:01:07.519809Z","level":"INFO","message":"application bootstrapped","profile":"dev","provider":"process","dev_only":true,"environment_reuse":false,"reuse_verified":false,"reuse_reason":"[pool] enabled is false","reuse_disabled":"Some(Configuration)","idle_quiesce":"unsupported","idle_resume":"unsupported","data_dir":"/private/var/folders/z7/khzdjrt95cg_fcmcnh4j1b5h0000gn/T/tsls-chaos.OGEJMq/data","store":"sqlite","dispatcher_id":"dsp_01m2qge0stezw85rd29y9fqcfw","node":"local","node_region":"none","node_memory_mib":"None","max_concurrency":8,"queue":"nats","objects":"filesystem","invoke_async":true,"triggers":true,"target":"tachyon_serverless_application::app"}
{"timestamp":"2026-09-17T11:01:07.520161Z","level":"INFO","message":"startup reconcile finished","provider":"process","found":0,"adopted":0,"terminated":0,"disowned":0,"failed":0,"lost":0,"foreign":0,"reclaimed_dispatchers":0,"fenced_terminated":0,"fenced_pending":0,"target":"tachyon_serverless_application::services::reconcile"}
{"timestamp":"2026-09-17T11:01:07.520270Z","level":"INFO","message":"gateway listening","addr":"127.0.0.1:60871","profile":"dev","provider":"process","target":"tachyon_serverless_gateway"}
{"timestamp":"2026-09-17T11:01:07.522686Z","level":"INFO","message":"asynchronous dispatcher started","workers":2,"owner":"dsp_01m2qge0stezw85rd29y9fqcfw","target":"tachyon_serverless_gateway"}
{"timestamp":"2026-09-17T11:01:09.005499Z","level":"INFO","message":"revision ready","revision_id":"rev_01m2qge1wvar9eqteznet1cbqk","function_id":"fn_01m2qge13ba8k6c55a5ra3sdgh","target":"tachyon_serverless_application::services::revision"}
{"timestamp":"2026-09-17T11:01:10.274035Z","level":"INFO","message":"revision ready","revision_id":"rev_01m2qge34jw9rc593n676k56t6","function_id":"fn_01m2qge2ar538rdbz90sk16c86","target":"tachyon_serverless_application::services::revision"}
{"timestamp":"2026-09-17T11:01:11.547179Z","level":"INFO","message":"revision ready","revision_id":"rev_01m2qge4ddkvg9fve0p45edycm","function_id":"fn_01m2qge3kd73511n292d80e3c2","target":"tachyon_serverless_application::services::revision"}
{"timestamp":"2026-09-17T11:01:11.638216Z","level":"INFO","message":"trigger created","trigger_id":"trg_01m2qge4tnn4tfgkmgk64p40j9","function_id":"fn_01m2qge2ar538rdbz90sk16c86","kind":"cron","enabled":true,"next_fire_at":"Some(2026-09-17T11:01:12Z)","target":"tachyon_serverless_application::services::triggers"}
{"timestamp":"2026-09-17T11:01:11.659408Z","level":"INFO","message":"trigger created","trigger_id":"trg_01m2qge4vagsk0grv8zw4fpx53","function_id":"fn_01m2qge2ar538rdbz90sk16c86","kind":"webhook","enabled":true,"next_fire_at":"None","target":"tachyon_serverless_application::services::triggers"}
{"timestamp":"2026-09-17T11:01:12.003255Z","level":"INFO","message":"asynchronous invocation accepted","invocation_id":"inv_01m2qge561dfs1t1eace4mekxz","tenant_id":"tn_01hzzzzzzzzzzzzzzzzzzzzzza","revision_id":"rev_01m2qge34jw9rc593n676k56t6","input_bytes":180,"input_storage":"inline","target":"tachyon_serverless_application::services::invoke_async"}
{"timestamp":"2026-09-17T11:01:12.003328Z","level":"INFO","message":"cron trigger fired","trigger_id":"trg_01m2qge4tnn4tfgkmgk64p40j9","scheduled_at":"2026-09-17T11:01:12Z","invocation_id":"inv_01m2qge561dfs1t1eace4mekxz","revision_id":"rev_01m2qge34jw9rc593n676k56t6","replayed":false,"target":"tachyon_serverless_application::services::triggers"}
{"timestamp":"2026-09-17T11:01:12.015666Z","level":"INFO","message":"asynchronous run claimed","invocation_id":"inv_01m2qge561dfs1t1eace4mekxz","attempt":1,"generation":0,"delivery_count":1,"target":"tachyon_serverless_application::services::invoke_async::dispatch"}
{"timestamp":"2026-09-17T11:01:12.016793Z","level":"INFO","message":"bridge spawned","environment_id":"env_01m2qge4wjfsnbzbfvjbcnhrev","pid":83960,"target":"tachyon_serverless_provider_process"}
{"timestamp":"2026-09-17T11:01:12.373394Z","level":"INFO","message":"bridge spawned","environment_id":"env_01m2qge56gad5jmen5qgpma6m2","pid":83978,"target":"tachyon_serverless_provider_process"}
{"timestamp":"2026-09-17T11:01:12.544514Z","level":"INFO","message":"invocation finished","invocation_id":"inv_01m2qge561dfs1t1eace4mekxz","status":"succeeded (async run)","handler_ms":1,"environment_boot_ms":8,"runtime_init_ms":158,"target":"tachyon_serverless_application::services::invoke"}
{"timestamp":"2026-09-17T11:01:12.545579Z","level":"INFO","message":"invocation finished","invocation_id":"inv_01m2qge4whydcq3wz3yn27wx0x","status":"succeeded","handler_ms":1,"environment_boot_ms":10,"runtime_init_ms":515,"target":"tachyon_serverless_application::services::invoke"}
{"timestamp":"2026-09-17T11:01:12.546445Z","level":"INFO","message":"terminating bridge","environment_id":"env_01m2qge56gad5jmen5qgpma6m2","pid":83978,"reason":"Completed","graceful":true,"target":"tachyon_serverless_provider_process"}
{"timestamp":"2026-09-17T11:01:12.546458Z","level":"INFO","message":"terminating bridge","environment_id":"env_01m2qge4wjfsnbzbfvjbcnhrev","pid":83960,"reason":"Completed","graceful":true,"target":"tachyon_serverless_provider_process"}
{"timestamp":"2026-09-17T11:01:12.553293Z","level":"INFO","message":"asynchronous invocation settled","invocation_id":"inv_01m2qge561dfs1t1eace4mekxz","status":"succeeded","target":"tachyon_serverless_application::services::invoke_async::dispatch"}
{"timestamp":"2026-09-17T11:01:12.560051Z","level":"INFO","message":"async dispatch: delivery handled","message_id":"inv_01m2qge561dfs1t1eace4mekxz","sequence":1,"delivery_count":1,"outcome":"Completed { status: \"succeeded\" }","target":"tachyon_serverless_application::services::invoke_async::dispatch"}
{"timestamp":"2026-09-17T11:01:12.662772Z","level":"INFO","message":"asynchronous invocation accepted","invocation_id":"inv_01m2qge5tn7v0wgbcxn7e2cz33","tenant_id":"tn_01hzzzzzzzzzzzzzzzzzzzzzza","revision_id":"rev_01m2qge1wvar9eqteznet1cbqk","input_bytes":47,"input_storage":"inline","target":"tachyon_serverless_application::services::invoke_async"}
{"timestamp":"2026-09-17T11:01:12.675374Z","level":"INFO","message":"asynchronous run claimed","invocation_id":"inv_01m2qge5tn7v0wgbcxn7e2cz33","attempt":1,"generation":0,"delivery_count":1,"target":"tachyon_serverless_application::services::invoke_async::dispatch"}
{"timestamp":"2026-09-17T11:01:12.805910Z","level":"INFO","message":"asynchronous invocation accepted","invocation_id":"inv_01m2qge5ymh1635d5a6e67py2s","tenant_id":"tn_01hzzzzzzzzzzzzzzzzzzzzzza","revision_id":"rev_01m2qge1wvar9eqteznet1cbqk","input_bytes":4127,"input_storage":"object","target":"tachyon_serverless_application::services::invoke_async"}
{"timestamp":"2026-09-17T11:01:12.811614Z","level":"INFO","message":"asynchronous run claimed","invocation_id":"inv_01m2qge5ymh1635d5a6e67py2s","attempt":1,"generation":0,"delivery_count":1,"target":"tachyon_serverless_application::services::invoke_async::dispatch"}
{"timestamp":"2026-09-17T11:01:12.884250Z","level":"INFO","message":"asynchronous invocation accepted","invocation_id":"inv_01m2qge61jp3agjd9kqn3pj03y","tenant_id":"tn_01hzzzzzzzzzzzzzzzzzzzzzza","revision_id":"rev_01m2qge34jw9rc593n676k56t6","input_bytes":189,"input_storage":"inline","target":"tachyon_serverless_application::services::invoke_async"}
{"timestamp":"2026-09-17T11:01:12.884333Z","level":"INFO","message":"webhook trigger fired","trigger_id":"trg_01m2qge4vagsk0grv8zw4fpx53","event_id":"evt-pre-w1","invocation_id":"inv_01m2qge61jp3agjd9kqn3pj03y","revision_id":"rev_01m2qge34jw9rc593n676k56t6","replayed":false,"target":"tachyon_serverless_application::services::triggers"}
{"timestamp":"2026-09-17T11:01:13.053374Z","level":"INFO","message":"bridge spawned","environment_id":"env_01m2qge5v358f68jk4dc7766x4","pid":84097,"target":"tachyon_serverless_provider_process"}
{"timestamp":"2026-09-17T11:01:13.201376Z","level":"INFO","message":"bridge spawned","environment_id":"env_01m2qge5zj8rqmsgw2me6ry6hp","pid":84110,"target":"tachyon_serverless_provider_process"}
{"timestamp":"2026-09-17T11:01:13.286033Z","level":"INFO","message":"bridge spawned","environment_id":"env_01m2qge62r74mxvmr64mne2xqc","pid":84112,"target":"tachyon_serverless_provider_process"}
{"timestamp":"2026-09-17T11:01:13.317524Z","level":"INFO","message":"invocation finished","invocation_id":"inv_01m2qge62qgv5485rrp4qvq6jg","status":"succeeded","handler_ms":2,"environment_boot_ms":11,"runtime_init_ms":15,"target":"tachyon_serverless_application::services::invoke"}
{"timestamp":"2026-09-17T11:01:13.319559Z","level":"INFO","message":"terminating bridge","environment_id":"env_01m2qge62r74mxvmr64mne2xqc","pid":84112,"reason":"Completed","graceful":true,"target":"tachyon_serverless_provider_process"}
{"timestamp":"2026-09-17T11:01:13.515523Z","level":"INFO","message":"asynchronous invocation accepted","invocation_id":"inv_01m2qge6n9z4ecr615xmnd0e7v","tenant_id":"tn_01hzzzzzzzzzzzzzzzzzzzzzza","revision_id":"rev_01m2qge1wvar9eqteznet1cbqk","input_bytes":47,"input_storage":"inline","target":"tachyon_serverless_application::services::invoke_async"}
{"timestamp":"2026-09-17T11:01:13.593119Z","level":"INFO","message":"invocation finished","invocation_id":"inv_01m2qge5tn7v0wgbcxn7e2cz33","status":"succeeded (async run)","handler_ms":4,"environment_boot_ms":10,"runtime_init_ms":521,"target":"tachyon_serverless_application::services::invoke"}
{"timestamp":"2026-09-17T11:01:13.595152Z","level":"INFO","message":"invocation finished","invocation_id":"inv_01m2qge5ymh1635d5a6e67py2s","status":"succeeded (async run)","handler_ms":5,"environment_boot_ms":11,"runtime_init_ms":373,"target":"tachyon_serverless_application::services::invoke"}
{"timestamp":"2026-09-17T11:01:13.595951Z","level":"INFO","message":"terminating bridge","environment_id":"env_01m2qge5v358f68jk4dc7766x4","pid":84097,"reason":"Completed","graceful":true,"target":"tachyon_serverless_provider_process"}
{"timestamp":"2026-09-17T11:01:13.597479Z","level":"INFO","message":"terminating bridge","environment_id":"env_01m2qge5zj8rqmsgw2me6ry6hp","pid":84110,"reason":"Completed","graceful":true,"target":"tachyon_serverless_provider_process"}
{"timestamp":"2026-09-17T11:01:13.605849Z","level":"INFO","message":"asynchronous invocation settled","invocation_id":"inv_01m2qge5ymh1635d5a6e67py2s","status":"succeeded","target":"tachyon_serverless_application::services::invoke_async::dispatch"}
{"timestamp":"2026-09-17T11:01:13.612617Z","level":"INFO","message":"async dispatch: delivery handled","message_id":"inv_01m2qge5ymh1635d5a6e67py2s","sequence":3,"delivery_count":1,"outcome":"Completed { status: \"succeeded\" }","target":"tachyon_serverless_application::services::invoke_async::dispatch"}
{"timestamp":"2026-09-17T11:01:13.616384Z","level":"INFO","message":"asynchronous invocation settled","invocation_id":"inv_01m2qge5tn7v0wgbcxn7e2cz33","status":"succeeded","target":"tachyon_serverless_application::services::invoke_async::dispatch"}
{"timestamp":"2026-09-17T11:01:13.620152Z","level":"INFO","message":"asynchronous run claimed","invocation_id":"inv_01m2qge61jp3agjd9kqn3pj03y","attempt":1,"generation":0,"delivery_count":1,"target":"tachyon_serverless_application::services::invoke_async::dispatch"}
{"timestamp":"2026-09-17T11:01:13.620564Z","level":"INFO","message":"async dispatch: delivery handled","message_id":"inv_01m2qge5tn7v0wgbcxn7e2cz33","sequence":2,"delivery_count":1,"outcome":"Completed { status: \"succeeded\" }","target":"tachyon_serverless_application::services::invoke_async::dispatch"}
{"timestamp":"2026-09-17T11:01:13.622457Z","level":"INFO","message":"asynchronous run claimed","invocation_id":"inv_01m2qge6n9z4ecr615xmnd0e7v","attempt":1,"generation":0,"delivery_count":1,"target":"tachyon_serverless_application::services::invoke_async::dispatch"}
{"timestamp":"2026-09-17T11:01:13.714213Z","level":"INFO","message":"asynchronous invocation accepted","invocation_id":"inv_01m2qge6ts3dwvz2hp88rxzkam","tenant_id":"tn_01hzzzzzzzzzzzzzzzzzzzzzza","revision_id":"rev_01m2qge1wvar9eqteznet1cbqk","input_bytes":4127,"input_storage":"object","target":"tachyon_serverless_application::services::invoke_async"}
{"timestamp":"2026-09-17T11:01:13.802506Z","level":"INFO","message":"asynchronous invocation accepted","invocation_id":"inv_01m2qge6y8n4qewjy6cn288vx1","tenant_id":"tn_01hzzzzzzzzzzzzzzzzzzzzzza","revision_id":"rev_01m2qge34jw9rc593n676k56t6","input_bytes":189,"input_storage":"inline","target":"tachyon_serverless_application::services::invoke_async"}
{"timestamp":"2026-09-17T11:01:13.802591Z","level":"INFO","message":"webhook trigger fired","trigger_id":"trg_01m2qge4vagsk0grv8zw4fpx53","event_id":"evt-pre-w2","invocation_id":"inv_01m2qge6y8n4qewjy6cn288vx1","revision_id":"rev_01m2qge34jw9rc593n676k56t6","replayed":false,"target":"tachyon_serverless_application::services::triggers"}
{"timestamp":"2026-09-17T11:01:13.990559Z","level":"INFO","message":"bridge spawned","environment_id":"env_01m2qge6rmj4med9bw6vyrsydm","pid":84185,"target":"tachyon_serverless_provider_process"}
{"timestamp":"2026-09-17T11:01:14.003850Z","level":"INFO","message":"bridge spawned","environment_id":"env_01m2qge6rp406xbnd41sgkvjag","pid":84187,"target":"tachyon_serverless_provider_process"}
{"timestamp":"2026-09-17T11:01:14.005105Z","level":"INFO","message":"asynchronous invocation accepted","invocation_id":"inv_01m2qge74kbs015zbhmrmc9hmc","tenant_id":"tn_01hzzzzzzzzzzzzzzzzzzzzzza","revision_id":"rev_01m2qge34jw9rc593n676k56t6","input_bytes":180,"input_storage":"inline","target":"tachyon_serverless_application::services::invoke_async"}
{"timestamp":"2026-09-17T11:01:14.005166Z","level":"INFO","message":"cron trigger fired","trigger_id":"trg_01m2qge4tnn4tfgkmgk64p40j9","scheduled_at":"2026-09-17T11:01:14Z","invocation_id":"inv_01m2qge74kbs015zbhmrmc9hmc","revision_id":"rev_01m2qge34jw9rc593n676k56t6","replayed":false,"target":"tachyon_serverless_application::services::triggers"}
{"timestamp":"2026-09-17T11:01:14.021196Z","level":"INFO","message":"invocation finished","invocation_id":"inv_01m2qge61jp3agjd9kqn3pj03y","status":"succeeded (async run)","handler_ms":1,"environment_boot_ms":11,"runtime_init_ms":14,"target":"tachyon_serverless_application::services::invoke"}
{"timestamp":"2026-09-17T11:01:14.023252Z","level":"INFO","message":"terminating bridge","environment_id":"env_01m2qge6rmj4med9bw6vyrsydm","pid":84185,"reason":"Completed","graceful":true,"target":"tachyon_serverless_provider_process"}
{"timestamp":"2026-09-17T11:01:14.031006Z","level":"INFO","message":"asynchronous invocation settled","invocation_id":"inv_01m2qge61jp3agjd9kqn3pj03y","status":"succeeded","target":"tachyon_serverless_application::services::invoke_async::dispatch"}
{"timestamp":"2026-09-17T11:01:14.036740Z","level":"INFO","message":"async dispatch: delivery handled","message_id":"inv_01m2qge61jp3agjd9kqn3pj03y","sequence":4,"delivery_count":1,"outcome":"Completed { status: \"succeeded\" }","target":"tachyon_serverless_application::services::invoke_async::dispatch"}
{"timestamp":"2026-09-17T11:01:14.041433Z","level":"INFO","message":"asynchronous run claimed","invocation_id":"inv_01m2qge6ts3dwvz2hp88rxzkam","attempt":1,"generation":0,"delivery_count":1,"target":"tachyon_serverless_application::services::invoke_async::dispatch"}
{"timestamp":"2026-09-17T11:01:14.045221Z","level":"INFO","message":"invocation finished","invocation_id":"inv_01m2qge6n9z4ecr615xmnd0e7v","status":"succeeded (async run)","handler_ms":2,"environment_boot_ms":10,"runtime_init_ms":18,"target":"tachyon_serverless_application::services::invoke"}
{"timestamp":"2026-09-17T11:01:14.047168Z","level":"INFO","message":"terminating bridge","environment_id":"env_01m2qge6rp406xbnd41sgkvjag","pid":84187,"reason":"Completed","graceful":true,"target":"tachyon_serverless_provider_process"}
{"timestamp":"2026-09-17T11:01:14.059663Z","level":"INFO","message":"asynchronous invocation settled","invocation_id":"inv_01m2qge6n9z4ecr615xmnd0e7v","status":"succeeded","target":"tachyon_serverless_application::services::invoke_async::dispatch"}
{"timestamp":"2026-09-17T11:01:14.065713Z","level":"INFO","message":"async dispatch: delivery handled","message_id":"inv_01m2qge6n9z4ecr615xmnd0e7v","sequence":5,"delivery_count":1,"outcome":"Completed { status: \"succeeded\" }","target":"tachyon_serverless_application::services::invoke_async::dispatch"}
{"timestamp":"2026-09-17T11:01:14.066695Z","level":"INFO","message":"asynchronous run claimed","invocation_id":"inv_01m2qge6y8n4qewjy6cn288vx1","attempt":1,"generation":0,"delivery_count":1,"target":"tachyon_serverless_application::services::invoke_async::dispatch"}
{"timestamp":"2026-09-17T11:01:14.414139Z","level":"INFO","message":"bridge spawned","environment_id":"env_01m2qge75x6j4svkrpdqnjwngb","pid":84191,"target":"tachyon_serverless_provider_process"}
{"timestamp":"2026-09-17T11:01:14.426286Z","level":"INFO","message":"bridge spawned","environment_id":"env_01m2qge76kddz9mbsj6cgdbmgb","pid":84196,"target":"tachyon_serverless_provider_process"}
{"timestamp":"2026-09-17T11:01:14.437212Z","level":"INFO","message":"invocation finished","invocation_id":"inv_01m2qge6ts3dwvz2hp88rxzkam","status":"succeeded (async run)","handler_ms":2,"environment_boot_ms":8,"runtime_init_ms":10,"target":"tachyon_serverless_application::services::invoke"}
{"timestamp":"2026-09-17T11:01:14.439301Z","level":"INFO","message":"terminating bridge","environment_id":"env_01m2qge75x6j4svkrpdqnjwngb","pid":84191,"reason":"Completed","graceful":true,"target":"tachyon_serverless_provider_process"}
{"timestamp":"2026-09-17T11:01:14.445022Z","level":"INFO","message":"asynchronous invocation settled","invocation_id":"inv_01m2qge6ts3dwvz2hp88rxzkam","status":"succeeded","target":"tachyon_serverless_application::services::invoke_async::dispatch"}
{"timestamp":"2026-09-17T11:01:14.456937Z","level":"INFO","message":"async dispatch: delivery handled","message_id":"inv_01m2qge6ts3dwvz2hp88rxzkam","sequence":6,"delivery_count":1,"outcome":"Completed { status: \"succeeded\" }","target":"tachyon_serverless_application::services::invoke_async::dispatch"}
{"timestamp":"2026-09-17T11:01:14.457542Z","level":"INFO","message":"invocation finished","invocation_id":"inv_01m2qge6y8n4qewjy6cn288vx1","status":"succeeded (async run)","handler_ms":4,"environment_boot_ms":9,"runtime_init_ms":10,"target":"tachyon_serverless_application::services::invoke"}
{"timestamp":"2026-09-17T11:01:14.458197Z","level":"INFO","message":"asynchronous run claimed","invocation_id":"inv_01m2qge74kbs015zbhmrmc9hmc","attempt":1,"generation":0,"delivery_count":1,"target":"tachyon_serverless_application::services::invoke_async::dispatch"}
{"timestamp":"2026-09-17T11:01:14.458463Z","level":"INFO","message":"terminating bridge","environment_id":"env_01m2qge76kddz9mbsj6cgdbmgb","pid":84196,"reason":"Completed","graceful":true,"target":"tachyon_serverless_provider_process"}
{"timestamp":"2026-09-17T11:01:14.463921Z","level":"INFO","message":"asynchronous invocation settled","invocation_id":"inv_01m2qge6y8n4qewjy6cn288vx1","status":"succeeded","target":"tachyon_serverless_application::services::invoke_async::dispatch"}
{"timestamp":"2026-09-17T11:01:14.469120Z","level":"INFO","message":"async dispatch: delivery handled","message_id":"inv_01m2qge6y8n4qewjy6cn288vx1","sequence":7,"delivery_count":1,"outcome":"Completed { status: \"succeeded\" }","target":"tachyon_serverless_application::services::invoke_async::dispatch"}
{"timestamp":"2026-09-17T11:01:14.814382Z","level":"INFO","message":"bridge spawned","environment_id":"env_01m2qge7jt1jgd3awxe7q3qxxk","pid":84200,"target":"tachyon_serverless_provider_process"}
{"timestamp":"2026-09-17T11:01:14.836094Z","level":"INFO","message":"invocation finished","invocation_id":"inv_01m2qge74kbs015zbhmrmc9hmc","status":"succeeded (async run)","handler_ms":1,"environment_boot_ms":8,"runtime_init_ms":10,"target":"tachyon_serverless_application::services::invoke"}
{"timestamp":"2026-09-17T11:01:14.838100Z","level":"INFO","message":"terminating bridge","environment_id":"env_01m2qge7jt1jgd3awxe7q3qxxk","pid":84200,"reason":"Completed","graceful":true,"target":"tachyon_serverless_provider_process"}
{"timestamp":"2026-09-17T11:01:14.843595Z","level":"INFO","message":"asynchronous invocation settled","invocation_id":"inv_01m2qge74kbs015zbhmrmc9hmc","status":"succeeded","target":"tachyon_serverless_application::services::invoke_async::dispatch"}
{"timestamp":"2026-09-17T11:01:14.848610Z","level":"INFO","message":"async dispatch: delivery handled","message_id":"inv_01m2qge74kbs015zbhmrmc9hmc","sequence":8,"delivery_count":1,"outcome":"Completed { status: \"succeeded\" }","target":"tachyon_serverless_application::services::invoke_async::dispatch"}
{"timestamp":"2026-09-17T11:01:21.317722Z","level":"WARN","message":"cannot take the trigger scheduler lease","error":"store: database is locked","target":"tachyon_serverless_application::services::triggers"}
{"timestamp":"2026-09-17T11:01:26.324113Z","level":"WARN","message":"cannot take the trigger scheduler lease","error":"store: the store connection stayed busy for 5 s (database locked?)","target":"tachyon_serverless_application::services::triggers"}
{"timestamp":"2026-09-17T11:01:26.325550Z","level":"WARN","message":"object gc: claim failed","object":"obj_01m2qge5ymga86y2ahfsfeybkm","error":"store: the store connection stayed busy for 5 s (database locked?)","target":"tachyon_serverless_application::durable::gc"}
{"timestamp":"2026-09-17T11:01:26.326317Z","level":"WARN","message":"dispatcher heartbeat failed","error":"store: the store connection stayed busy for 5 s (database locked?)","target":"tachyon_serverless_application::app"}
{"timestamp":"2026-09-17T11:01:26.326319Z","level":"WARN","message":"async reaper: listing candidates failed","error":"store: the store connection stayed busy for 5 s (database locked?)","target":"tachyon_serverless_application::services::invoke_async::dispatch"}
{"timestamp":"2026-09-17T11:01:26.677567Z","level":"WARN","message":"outbox: claiming failed","error":"store: database is locked","target":"tachyon_serverless_application::services::invoke_async::publisher"}
{"timestamp":"2026-09-17T11:01:28.020178Z","level":"INFO","message":"object retention pass","report":"GcReport { examined: 2, collected_expired: 0, collected_orphans: 0, kept_in_use: 0, kept_referenced: 1, incomplete_removed: 0, tombstones_purged: 0, failed: 1 }","target":"tachyon_serverless_gateway"}
{"timestamp":"2026-09-17T11:01:28.021036Z","level":"INFO","message":"late scheduled times skipped by the missed-run policy","trigger_id":"trg_01m2qge4tnn4tfgkmgk64p40j9","skipped":5,"policy":"Skip","target":"tachyon_serverless_application::services::triggers"}
{"timestamp":"2026-09-17T11:01:28.021451Z","level":"INFO","message":"object retention pass","report":"GcReport { examined: 2, collected_expired: 0, collected_orphans: 0, kept_in_use: 0, kept_referenced: 2, incomplete_removed: 0, tombstones_purged: 0, failed: 0 }","target":"tachyon_serverless_gateway"}
{"timestamp":"2026-09-17T11:01:28.021995Z","level":"ERROR","message":"dispatcher lease lost: refusing new invocations; in-flight completions will be refused if another dispatcher reclaimed them","dispatcher_id":"dsp_01m2qge0stezw85rd29y9fqcfw","target":"tachyon_serverless_application::services::dispatcher"}
{"timestamp":"2026-09-17T11:01:28.022662Z","level":"INFO","message":"asynchronous invocation accepted","invocation_id":"inv_01m2qgemtm7nzfjr6n9nv1t1fj","tenant_id":"tn_01hzzzzzzzzzzzzzzzzzzzzzza","revision_id":"rev_01m2qge1wvar9eqteznet1cbqk","input_bytes":49,"input_storage":"inline","target":"tachyon_serverless_application::services::invoke_async"}
{"timestamp":"2026-09-17T11:01:28.024215Z","level":"INFO","message":"asynchronous invocation accepted","invocation_id":"inv_01m2qgemtpj2gmzetd249sewv6","tenant_id":"tn_01hzzzzzzzzzzzzzzzzzzzzzza","revision_id":"rev_01m2qge34jw9rc593n676k56t6","input_bytes":180,"input_storage":"inline","target":"tachyon_serverless_application::services::invoke_async"}
{"timestamp":"2026-09-17T11:01:28.028484Z","level":"INFO","message":"cron trigger fired","trigger_id":"trg_01m2qge4tnn4tfgkmgk64p40j9","scheduled_at":"2026-09-17T11:01:26Z","invocation_id":"inv_01m2qgemtpj2gmzetd249sewv6","revision_id":"rev_01m2qge34jw9rc593n676k56t6","replayed":false,"target":"tachyon_serverless_application::services::triggers"}
{"timestamp":"2026-09-17T11:01:28.036097Z","level":"INFO","message":"asynchronous run claimed","invocation_id":"inv_01m2qgemtm7nzfjr6n9nv1t1fj","attempt":1,"generation":0,"delivery_count":1,"target":"tachyon_serverless_application::services::invoke_async::dispatch"}
{"timestamp":"2026-09-17T11:01:28.042480Z","level":"INFO","message":"asynchronous invocation rescheduled","invocation_id":"inv_01m2qgemtm7nzfjr6n9nv1t1fj","next_attempt_at":"2026-09-17T11:01:28.137494+00:00","counted":false,"error_type":"Host.DispatcherFenced","target":"tachyon_serverless_application::services::invoke_async::dispatch"}
{"timestamp":"2026-09-17T11:01:28.048426Z","level":"INFO","message":"asynchronous run claimed","invocation_id":"inv_01m2qgemtpj2gmzetd249sewv6","attempt":1,"generation":0,"delivery_count":1,"target":"tachyon_serverless_application::services::invoke_async::dispatch"}
{"timestamp":"2026-09-17T11:01:28.048789Z","level":"INFO","message":"async dispatch: delivery handled","message_id":"inv_01m2qgemtm7nzfjr6n9nv1t1fj","sequence":9,"delivery_count":1,"outcome":"Rescheduled { next_attempt_at: 2026-09-17T11:01:28.137494Z, counted: false }","target":"tachyon_serverless_application::services::invoke_async::dispatch"}
{"timestamp":"2026-09-17T11:01:28.049533Z","level":"INFO","message":"asynchronous invocation rescheduled","invocation_id":"inv_01m2qgemtpj2gmzetd249sewv6","next_attempt_at":"2026-09-17T11:01:28.296984+00:00","counted":false,"error_type":"Host.DispatcherFenced","target":"tachyon_serverless_application::services::invoke_async::dispatch"}
{"timestamp":"2026-09-17T11:01:28.053941Z","level":"INFO","message":"async dispatch: delivery handled","message_id":"inv_01m2qgemtpj2gmzetd249sewv6","sequence":10,"delivery_count":1,"outcome":"Rescheduled { next_attempt_at: 2026-09-17T11:01:28.296984Z, counted: false }","target":"tachyon_serverless_application::services::invoke_async::dispatch"}
{"timestamp":"2026-09-17T11:01:28.156588Z","level":"INFO","message":"asynchronous run claimed","invocation_id":"inv_01m2qgemtm7nzfjr6n9nv1t1fj","attempt":1,"generation":1,"delivery_count":1,"target":"tachyon_serverless_application::services::invoke_async::dispatch"}
{"timestamp":"2026-09-17T11:01:28.157273Z","level":"INFO","message":"asynchronous invocation rescheduled","invocation_id":"inv_01m2qgemtm7nzfjr6n9nv1t1fj","next_attempt_at":"2026-09-17T11:01:28.413839+00:00","counted":false,"error_type":"Host.DispatcherFenced","target":"tachyon_serverless_application::services::invoke_async::dispatch"}
{"timestamp":"2026-09-17T11:01:28.161984Z","level":"INFO","message":"async dispatch: delivery handled","message_id":"inv_01m2qgemtm7nzfjr6n9nv1t1fj.g1","sequence":11,"delivery_count":1,"outcome":"Rescheduled { next_attempt_at: 2026-09-17T11:01:28.413839Z, counted: false }","target":"tachyon_serverless_application::services::invoke_async::dispatch"}
{"timestamp":"2026-09-17T11:01:28.367137Z","level":"INFO","message":"asynchronous run claimed","invocation_id":"inv_01m2qgemtpj2gmzetd249sewv6","attempt":1,"generation":1,"delivery_count":1,"target":"tachyon_serverless_application::services::invoke_async::dispatch"}
{"timestamp":"2026-09-17T11:01:28.367842Z","level":"INFO","message":"asynchronous invocation rescheduled","invocation_id":"inv_01m2qgemtpj2gmzetd249sewv6","next_attempt_at":"2026-09-17T11:01:28.559411+00:00","counted":false,"error_type":"Host.DispatcherFenced","target":"tachyon_serverless_application::services::invoke_async::dispatch"}
{"timestamp":"2026-09-17T11:01:28.372403Z","level":"INFO","message":"async dispatch: delivery handled","message_id":"inv_01m2qgemtpj2gmzetd249sewv6.g1","sequence":12,"delivery_count":1,"outcome":"Rescheduled { next_attempt_at: 2026-09-17T11:01:28.559411Z, counted: false }","target":"tachyon_serverless_application::services::invoke_async::dispatch"}
{"timestamp":"2026-09-17T11:01:28.474739Z","level":"INFO","message":"asynchronous run claimed","invocation_id":"inv_01m2qgemtm7nzfjr6n9nv1t1fj","attempt":1,"generation":2,"delivery_count":1,"target":"tachyon_serverless_application::services::invoke_async::dispatch"}
{"timestamp":"2026-09-17T11:01:28.475341Z","level":"INFO","message":"asynchronous invocation rescheduled","invocation_id":"inv_01m2qgemtm7nzfjr6n9nv1t1fj","next_attempt_at":"2026-09-17T11:01:29.031940+00:00","counted":false,"error_type":"Host.DispatcherFenced","target":"tachyon_serverless_application::services::invoke_async::dispatch"}
{"timestamp":"2026-09-17T11:01:28.479929Z","level":"INFO","message":"async dispatch: delivery handled","message_id":"inv_01m2qgemtm7nzfjr6n9nv1t1fj.g2","sequence":13,"delivery_count":1,"outcome":"Rescheduled { next_attempt_at: 2026-09-17T11:01:29.031940Z, counted: false }","target":"tachyon_serverless_application::services::invoke_async::dispatch"}
{"timestamp":"2026-09-17T11:01:28.581837Z","level":"INFO","message":"asynchronous run claimed","invocation_id":"inv_01m2qgemtpj2gmzetd249sewv6","attempt":1,"generation":2,"delivery_count":1,"target":"tachyon_serverless_application::services::invoke_async::dispatch"}
{"timestamp":"2026-09-17T11:01:28.582658Z","level":"INFO","message":"asynchronous invocation rescheduled","invocation_id":"inv_01m2qgemtpj2gmzetd249sewv6","next_attempt_at":"2026-09-17T11:01:28.813182+00:00","counted":false,"error_type":"Host.DispatcherFenced","target":"tachyon_serverless_application::services::invoke_async::dispatch"}
{"timestamp":"2026-09-17T11:01:28.588092Z","level":"INFO","message":"async dispatch: delivery handled","message_id":"inv_01m2qgemtpj2gmzetd249sewv6.g2","sequence":14,"delivery_count":1,"outcome":"Rescheduled { next_attempt_at: 2026-09-17T11:01:28.813182Z, counted: false }","target":"tachyon_serverless_application::services::invoke_async::dispatch"}
{"timestamp":"2026-09-17T11:01:28.898103Z","level":"INFO","message":"asynchronous run claimed","invocation_id":"inv_01m2qgemtpj2gmzetd249sewv6","attempt":1,"generation":3,"delivery_count":1,"target":"tachyon_serverless_application::services::invoke_async::dispatch"}
{"timestamp":"2026-09-17T11:01:28.899025Z","level":"INFO","message":"asynchronous invocation rescheduled","invocation_id":"inv_01m2qgemtpj2gmzetd249sewv6","next_attempt_at":"2026-09-17T11:01:29.572465+00:00","counted":false,"error_type":"Host.DispatcherFenced","target":"tachyon_serverless_application::services::invoke_async::dispatch"}
{"timestamp":"2026-09-17T11:01:28.903741Z","level":"INFO","message":"async dispatch: delivery handled","message_id":"inv_01m2qgemtpj2gmzetd249sewv6.g3","sequence":15,"delivery_count":1,"outcome":"Rescheduled { next_attempt_at: 2026-09-17T11:01:29.572465Z, counted: false }","target":"tachyon_serverless_application::services::invoke_async::dispatch"}
{"timestamp":"2026-09-17T11:01:29.112620Z","level":"INFO","message":"asynchronous run claimed","invocation_id":"inv_01m2qgemtm7nzfjr6n9nv1t1fj","attempt":1,"generation":3,"delivery_count":1,"target":"tachyon_serverless_application::services::invoke_async::dispatch"}
{"timestamp":"2026-09-17T11:01:29.113326Z","level":"INFO","message":"asynchronous invocation rescheduled","invocation_id":"inv_01m2qgemtm7nzfjr6n9nv1t1fj","next_attempt_at":"2026-09-17T11:01:29.389906+00:00","counted":false,"error_type":"Host.DispatcherFenced","target":"tachyon_serverless_application::services::invoke_async::dispatch"}
{"timestamp":"2026-09-17T11:01:29.117835Z","level":"INFO","message":"async dispatch: delivery handled","message_id":"inv_01m2qgemtm7nzfjr6n9nv1t1fj.g3","sequence":16,"delivery_count":1,"outcome":"Rescheduled { next_attempt_at: 2026-09-17T11:01:29.389906Z, counted: false }","target":"tachyon_serverless_application::services::invoke_async::dispatch"}
{"timestamp":"2026-09-17T11:01:29.429785Z","level":"INFO","message":"asynchronous run claimed","invocation_id":"inv_01m2qgemtm7nzfjr6n9nv1t1fj","attempt":1,"generation":4,"delivery_count":1,"target":"tachyon_serverless_application::services::invoke_async::dispatch"}
{"timestamp":"2026-09-17T11:01:29.430707Z","level":"INFO","message":"asynchronous invocation rescheduled","invocation_id":"inv_01m2qgemtm7nzfjr6n9nv1t1fj","next_attempt_at":"2026-09-17T11:01:29.530129+00:00","counted":false,"error_type":"Host.DispatcherFenced","target":"tachyon_serverless_application::services::invoke_async::dispatch"}
{"timestamp":"2026-09-17T11:01:29.435191Z","level":"INFO","message":"async dispatch: delivery handled","message_id":"inv_01m2qgemtm7nzfjr6n9nv1t1fj.g4","sequence":17,"delivery_count":1,"outcome":"Rescheduled { next_attempt_at: 2026-09-17T11:01:29.530129Z, counted: false }","target":"tachyon_serverless_application::services::invoke_async::dispatch"}
{"timestamp":"2026-09-17T11:01:29.524539Z","level":"INFO","message":"object retention pass","report":"GcReport { examined: 2, collected_expired: 0, collected_orphans: 0, kept_in_use: 0, kept_referenced: 2, incomplete_removed: 0, tombstones_purged: 0, failed: 0 }","target":"tachyon_serverless_gateway"}
{"timestamp":"2026-09-17T11:01:29.542540Z","level":"INFO","message":"asynchronous run claimed","invocation_id":"inv_01m2qgemtm7nzfjr6n9nv1t1fj","attempt":1,"generation":5,"delivery_count":1,"target":"tachyon_serverless_application::services::invoke_async::dispatch"}
{"timestamp":"2026-09-17T11:01:29.543527Z","level":"INFO","message":"asynchronous invocation rescheduled","invocation_id":"inv_01m2qgemtm7nzfjr6n9nv1t1fj","next_attempt_at":"2026-09-17T11:01:29.848883+00:00","counted":false,"error_type":"Host.DispatcherFenced","target":"tachyon_serverless_application::services::invoke_async::dispatch"}
{"timestamp":"2026-09-17T11:01:29.548555Z","level":"INFO","message":"async dispatch: delivery handled","message_id":"inv_01m2qgemtm7nzfjr6n9nv1t1fj.g5","sequence":18,"delivery_count":1,"outcome":"Rescheduled { next_attempt_at: 2026-09-17T11:01:29.848883Z, counted: false }","target":"tachyon_serverless_application::services::invoke_async::dispatch"}
{"timestamp":"2026-09-17T11:01:29.650439Z","level":"INFO","message":"asynchronous run claimed","invocation_id":"inv_01m2qgemtpj2gmzetd249sewv6","attempt":1,"generation":4,"delivery_count":1,"target":"tachyon_serverless_application::services::invoke_async::dispatch"}
{"timestamp":"2026-09-17T11:01:29.651388Z","level":"INFO","message":"asynchronous invocation rescheduled","invocation_id":"inv_01m2qgemtpj2gmzetd249sewv6","next_attempt_at":"2026-09-17T11:01:30.516726+00:00","counted":false,"error_type":"Host.DispatcherFenced","target":"tachyon_serverless_application::services::invoke_async::dispatch"}
{"timestamp":"2026-09-17T11:01:29.656912Z","level":"INFO","message":"async dispatch: delivery handled","message_id":"inv_01m2qgemtpj2gmzetd249sewv6.g4","sequence":19,"delivery_count":1,"outcome":"Rescheduled { next_attempt_at: 2026-09-17T11:01:30.516726Z, counted: false }","target":"tachyon_serverless_application::services::invoke_async::dispatch"}
{"timestamp":"2026-09-17T11:01:29.865773Z","level":"INFO","message":"asynchronous run claimed","invocation_id":"inv_01m2qgemtm7nzfjr6n9nv1t1fj","attempt":1,"generation":6,"delivery_count":1,"target":"tachyon_serverless_application::services::invoke_async::dispatch"}
{"timestamp":"2026-09-17T11:01:29.866683Z","level":"INFO","message":"asynchronous invocation rescheduled","invocation_id":"inv_01m2qgemtm7nzfjr6n9nv1t1fj","next_attempt_at":"2026-09-17T11:01:30.565033+00:00","counted":false,"error_type":"Host.DispatcherFenced","target":"tachyon_serverless_application::services::invoke_async::dispatch"}
{"timestamp":"2026-09-17T11:01:29.871442Z","level":"INFO","message":"async dispatch: delivery handled","message_id":"inv_01m2qgemtm7nzfjr6n9nv1t1fj.g6","sequence":20,"delivery_count":1,"outcome":"Rescheduled { next_attempt_at: 2026-09-17T11:01:30.565033Z, counted: false }","target":"tachyon_serverless_application::services::invoke_async::dispatch"}
{"timestamp":"2026-09-17T11:01:30.586522Z","level":"INFO","message":"asynchronous run claimed","invocation_id":"inv_01m2qgemtpj2gmzetd249sewv6","attempt":1,"generation":5,"delivery_count":1,"target":"tachyon_serverless_application::services::invoke_async::dispatch"}
{"timestamp":"2026-09-17T11:01:30.592915Z","level":"INFO","message":"asynchronous run claimed","invocation_id":"inv_01m2qgemtm7nzfjr6n9nv1t1fj","attempt":1,"generation":7,"delivery_count":1,"target":"tachyon_serverless_application::services::invoke_async::dispatch"}
{"timestamp":"2026-09-17T11:01:30.593296Z","level":"INFO","message":"asynchronous invocation rescheduled","invocation_id":"inv_01m2qgemtpj2gmzetd249sewv6","next_attempt_at":"2026-09-17T11:01:31.222445+00:00","counted":false,"error_type":"Host.DispatcherFenced","target":"tachyon_serverless_application::services::invoke_async::dispatch"}
{"timestamp":"2026-09-17T11:01:30.599152Z","level":"INFO","message":"asynchronous invocation rescheduled","invocation_id":"inv_01m2qgemtm7nzfjr6n9nv1t1fj","next_attempt_at":"2026-09-17T11:01:31.092460+00:00","counted":false,"error_type":"Host.DispatcherFenced","target":"tachyon_serverless_application::services::invoke_async::dispatch"}
{"timestamp":"2026-09-17T11:01:30.599339Z","level":"INFO","message":"async dispatch: delivery handled","message_id":"inv_01m2qgemtpj2gmzetd249sewv6.g5","sequence":21,"delivery_count":1,"outcome":"Rescheduled { next_attempt_at: 2026-09-17T11:01:31.222445Z, counted: false }","target":"tachyon_serverless_application::services::invoke_async::dispatch"}
{"timestamp":"2026-09-17T11:01:30.603353Z","level":"INFO","message":"async dispatch: delivery handled","message_id":"inv_01m2qgemtm7nzfjr6n9nv1t1fj.g7","sequence":22,"delivery_count":1,"outcome":"Rescheduled { next_attempt_at: 2026-09-17T11:01:31.092460Z, counted: false }","target":"tachyon_serverless_application::services::invoke_async::dispatch"}
{"timestamp":"2026-09-17T11:01:31.116849Z","level":"INFO","message":"asynchronous run claimed","invocation_id":"inv_01m2qgemtm7nzfjr6n9nv1t1fj","attempt":1,"generation":8,"delivery_count":1,"target":"tachyon_serverless_application::services::invoke_async::dispatch"}
{"timestamp":"2026-09-17T11:01:31.117450Z","level":"INFO","message":"asynchronous invocation rescheduled","invocation_id":"inv_01m2qgemtm7nzfjr6n9nv1t1fj","next_attempt_at":"2026-09-17T11:01:31.372092+00:00","counted":false,"error_type":"Host.DispatcherFenced","target":"tachyon_serverless_application::services::invoke_async::dispatch"}
{"timestamp":"2026-09-17T11:01:31.122159Z","level":"INFO","message":"async dispatch: delivery handled","message_id":"inv_01m2qgemtm7nzfjr6n9nv1t1fj.g8","sequence":23,"delivery_count":1,"outcome":"Rescheduled { next_attempt_at: 2026-09-17T11:01:31.372092Z, counted: false }","target":"tachyon_serverless_application::services::invoke_async::dispatch"}
{"timestamp":"2026-09-17T11:01:31.330089Z","level":"INFO","message":"asynchronous run claimed","invocation_id":"inv_01m2qgemtpj2gmzetd249sewv6","attempt":1,"generation":6,"delivery_count":1,"target":"tachyon_serverless_application::services::invoke_async::dispatch"}
{"timestamp":"2026-09-17T11:01:31.330666Z","level":"INFO","message":"asynchronous invocation rescheduled","invocation_id":"inv_01m2qgemtpj2gmzetd249sewv6","next_attempt_at":"2026-09-17T11:01:31.487334+00:00","counted":false,"error_type":"Host.DispatcherFenced","target":"tachyon_serverless_application::services::invoke_async::dispatch"}
{"timestamp":"2026-09-17T11:01:31.335316Z","level":"INFO","message":"async dispatch: delivery handled","message_id":"inv_01m2qgemtpj2gmzetd249sewv6.g6","sequence":24,"delivery_count":1,"outcome":"Rescheduled { next_attempt_at: 2026-09-17T11:01:31.487334Z, counted: false }","target":"tachyon_serverless_application::services::invoke_async::dispatch"}
{"timestamp":"2026-09-17T11:01:31.441116Z","level":"INFO","message":"asynchronous run claimed","invocation_id":"inv_01m2qgemtm7nzfjr6n9nv1t1fj","attempt":1,"generation":9,"delivery_count":1,"target":"tachyon_serverless_application::services::invoke_async::dispatch"}
{"timestamp":"2026-09-17T11:01:31.441530Z","level":"INFO","message":"asynchronous invocation rescheduled","invocation_id":"inv_01m2qgemtm7nzfjr6n9nv1t1fj","next_attempt_at":"2026-09-17T11:01:32.245243+00:00","counted":false,"error_type":"Host.DispatcherFenced","target":"tachyon_serverless_application::services::invoke_async::dispatch"}
{"timestamp":"2026-09-17T11:01:31.445477Z","level":"INFO","message":"async dispatch: delivery handled","message_id":"inv_01m2qgemtm7nzfjr6n9nv1t1fj.g9","sequence":25,"delivery_count":1,"outcome":"Rescheduled { next_attempt_at: 2026-09-17T11:01:32.245243Z, counted: false }","target":"tachyon_serverless_application::services::invoke_async::dispatch"}
{"timestamp":"2026-09-17T11:01:31.524849Z","level":"INFO","message":"object retention pass","report":"GcReport { examined: 2, collected_expired: 0, collected_orphans: 0, kept_in_use: 0, kept_referenced: 2, incomplete_removed: 0, tombstones_purged: 0, failed: 0 }","target":"tachyon_serverless_gateway"}
{"timestamp":"2026-09-17T11:01:31.548534Z","level":"INFO","message":"asynchronous run claimed","invocation_id":"inv_01m2qgemtpj2gmzetd249sewv6","attempt":1,"generation":7,"delivery_count":1,"target":"tachyon_serverless_application::services::invoke_async::dispatch"}
{"timestamp":"2026-09-17T11:01:31.549172Z","level":"INFO","message":"asynchronous invocation rescheduled","invocation_id":"inv_01m2qgemtpj2gmzetd249sewv6","next_attempt_at":"2026-09-17T11:01:32.230768+00:00","counted":false,"error_type":"Host.DispatcherFenced","target":"tachyon_serverless_application::services::invoke_async::dispatch"}
{"timestamp":"2026-09-17T11:01:31.552932Z","level":"INFO","message":"async dispatch: delivery handled","message_id":"inv_01m2qgemtpj2gmzetd249sewv6.g7","sequence":26,"delivery_count":1,"outcome":"Rescheduled { next_attempt_at: 2026-09-17T11:01:32.230768Z, counted: false }","target":"tachyon_serverless_application::services::invoke_async::dispatch"}
{"timestamp":"2026-09-17T11:01:32.263584Z","level":"INFO","message":"asynchronous run claimed","invocation_id":"inv_01m2qgemtpj2gmzetd249sewv6","attempt":1,"generation":8,"delivery_count":1,"target":"tachyon_serverless_application::services::invoke_async::dispatch"}
{"timestamp":"2026-09-17T11:01:32.272786Z","level":"INFO","message":"asynchronous run claimed","invocation_id":"inv_01m2qgemtm7nzfjr6n9nv1t1fj","attempt":1,"generation":10,"delivery_count":1,"target":"tachyon_serverless_application::services::invoke_async::dispatch"}
{"timestamp":"2026-09-17T11:01:32.273309Z","level":"INFO","message":"asynchronous invocation rescheduled","invocation_id":"inv_01m2qgemtpj2gmzetd249sewv6","next_attempt_at":"2026-09-17T11:01:33.233915+00:00","counted":false,"error_type":"Host.DispatcherFenced","target":"tachyon_serverless_application::services::invoke_async::dispatch"}
{"timestamp":"2026-09-17T11:01:32.278903Z","level":"INFO","message":"asynchronous invocation rescheduled","invocation_id":"inv_01m2qgemtm7nzfjr6n9nv1t1fj","next_attempt_at":"2026-09-17T11:01:32.673403+00:00","counted":false,"error_type":"Host.DispatcherFenced","target":"tachyon_serverless_application::services::invoke_async::dispatch"}
{"timestamp":"2026-09-17T11:01:32.278986Z","level":"INFO","message":"async dispatch: delivery handled","message_id":"inv_01m2qgemtpj2gmzetd249sewv6.g8","sequence":27,"delivery_count":1,"outcome":"Rescheduled { next_attempt_at: 2026-09-17T11:01:33.233915Z, counted: false }","target":"tachyon_serverless_application::services::invoke_async::dispatch"}
{"timestamp":"2026-09-17T11:01:32.282927Z","level":"INFO","message":"async dispatch: delivery handled","message_id":"inv_01m2qgemtm7nzfjr6n9nv1t1fj.g10","sequence":28,"delivery_count":1,"outcome":"Rescheduled { next_attempt_at: 2026-09-17T11:01:32.673403Z, counted: false }","target":"tachyon_serverless_application::services::invoke_async::dispatch"}
{"timestamp":"2026-09-17T11:01:32.688295Z","level":"INFO","message":"asynchronous run claimed","invocation_id":"inv_01m2qgemtm7nzfjr6n9nv1t1fj","attempt":1,"generation":11,"delivery_count":1,"target":"tachyon_serverless_application::services::invoke_async::dispatch"}
{"timestamp":"2026-09-17T11:01:32.694212Z","level":"INFO","message":"asynchronous invocation rescheduled","invocation_id":"inv_01m2qgemtm7nzfjr6n9nv1t1fj","next_attempt_at":"2026-09-17T11:01:33.461604+00:00","counted":false,"error_type":"Host.DispatcherFenced","target":"tachyon_serverless_application::services::invoke_async::dispatch"}
{"timestamp":"2026-09-17T11:01:32.698378Z","level":"INFO","message":"async dispatch: delivery handled","message_id":"inv_01m2qgemtm7nzfjr6n9nv1t1fj.g11","sequence":29,"delivery_count":1,"outcome":"Rescheduled { next_attempt_at: 2026-09-17T11:01:33.461604Z, counted: false }","target":"tachyon_serverless_application::services::invoke_async::dispatch"}
{"timestamp":"2026-09-17T11:01:33.313870Z","level":"INFO","message":"asynchronous run claimed","invocation_id":"inv_01m2qgemtpj2gmzetd249sewv6","attempt":1,"generation":9,"delivery_count":1,"target":"tachyon_serverless_application::services::invoke_async::dispatch"}
{"timestamp":"2026-09-17T11:01:33.314423Z","level":"INFO","message":"asynchronous invocation rescheduled","invocation_id":"inv_01m2qgemtpj2gmzetd249sewv6","next_attempt_at":"2026-09-17T11:01:34.171095+00:00","counted":false,"error_type":"Host.DispatcherFenced","target":"tachyon_serverless_application::services::invoke_async::dispatch"}
{"timestamp":"2026-09-17T11:01:33.318941Z","level":"INFO","message":"async dispatch: delivery handled","message_id":"inv_01m2qgemtpj2gmzetd249sewv6.g9","sequence":30,"delivery_count":1,"outcome":"Rescheduled { next_attempt_at: 2026-09-17T11:01:34.171095Z, counted: false }","target":"tachyon_serverless_application::services::invoke_async::dispatch"}
{"timestamp":"2026-09-17T11:01:33.528310Z","level":"INFO","message":"asynchronous run claimed","invocation_id":"inv_01m2qgemtm7nzfjr6n9nv1t1fj","attempt":1,"generation":12,"delivery_count":1,"target":"tachyon_serverless_application::services::invoke_async::dispatch"}
{"timestamp":"2026-09-17T11:01:33.528806Z","level":"INFO","message":"object retention pass","report":"GcReport { examined: 2, collected_expired: 0, collected_orphans: 0, kept_in_use: 0, kept_referenced: 2, incomplete_removed: 0, tombstones_purged: 0, failed: 0 }","target":"tachyon_serverless_gateway"}
{"timestamp":"2026-09-17T11:01:33.529863Z","level":"INFO","message":"asynchronous invocation rescheduled","invocation_id":"inv_01m2qgemtm7nzfjr6n9nv1t1fj","next_attempt_at":"2026-09-17T11:01:33.629460+00:00","counted":false,"error_type":"Host.DispatcherFenced","target":"tachyon_serverless_application::services::invoke_async::dispatch"}
{"timestamp":"2026-09-17T11:01:33.534536Z","level":"INFO","message":"async dispatch: delivery handled","message_id":"inv_01m2qgemtm7nzfjr6n9nv1t1fj.g12","sequence":31,"delivery_count":1,"outcome":"Rescheduled { next_attempt_at: 2026-09-17T11:01:33.629460Z, counted: false }","target":"tachyon_serverless_application::services::invoke_async::dispatch"}
{"timestamp":"2026-09-17T11:01:33.640346Z","level":"INFO","message":"asynchronous run claimed","invocation_id":"inv_01m2qgemtm7nzfjr6n9nv1t1fj","attempt":1,"generation":13,"delivery_count":1,"target":"tachyon_serverless_application::services::invoke_async::dispatch"}
{"timestamp":"2026-09-17T11:01:33.640782Z","level":"INFO","message":"asynchronous invocation rescheduled","invocation_id":"inv_01m2qgemtm7nzfjr6n9nv1t1fj","next_attempt_at":"2026-09-17T11:01:34.307480+00:00","counted":false,"error_type":"Host.DispatcherFenced","target":"tachyon_serverless_application::services::invoke_async::dispatch"}
{"timestamp":"2026-09-17T11:01:33.644693Z","level":"INFO","message":"async dispatch: delivery handled","message_id":"inv_01m2qgemtm7nzfjr6n9nv1t1fj.g13","sequence":32,"delivery_count":1,"outcome":"Rescheduled { next_attempt_at: 2026-09-17T11:01:34.307480Z, counted: false }","target":"tachyon_serverless_application::services::invoke_async::dispatch"}
{"timestamp":"2026-09-17T11:01:34.259144Z","level":"INFO","message":"asynchronous run claimed","invocation_id":"inv_01m2qgemtpj2gmzetd249sewv6","attempt":1,"generation":10,"delivery_count":1,"target":"tachyon_serverless_application::services::invoke_async::dispatch"}
{"timestamp":"2026-09-17T11:01:34.259729Z","level":"INFO","message":"asynchronous invocation rescheduled","invocation_id":"inv_01m2qgemtpj2gmzetd249sewv6","next_attempt_at":"2026-09-17T11:01:34.987390+00:00","counted":false,"error_type":"Host.DispatcherFenced","target":"tachyon_serverless_application::services::invoke_async::dispatch"}
{"timestamp":"2026-09-17T11:01:34.264400Z","level":"INFO","message":"async dispatch: delivery handled","message_id":"inv_01m2qgemtpj2gmzetd249sewv6.g10","sequence":33,"delivery_count":1,"outcome":"Rescheduled { next_attempt_at: 2026-09-17T11:01:34.987390Z, counted: false }","target":"tachyon_serverless_application::services::invoke_async::dispatch"}
{"timestamp":"2026-09-17T11:01:34.370822Z","level":"INFO","message":"asynchronous run claimed","invocation_id":"inv_01m2qgemtm7nzfjr6n9nv1t1fj","attempt":1,"generation":14,"delivery_count":1,"target":"tachyon_serverless_application::services::invoke_async::dispatch"}
{"timestamp":"2026-09-17T11:01:34.371291Z","level":"INFO","message":"asynchronous invocation rescheduled","invocation_id":"inv_01m2qgemtm7nzfjr6n9nv1t1fj","next_attempt_at":"2026-09-17T11:01:34.470970+00:00","counted":false,"error_type":"Host.DispatcherFenced","target":"tachyon_serverless_application::services::invoke_async::dispatch"}
{"timestamp":"2026-09-17T11:01:34.375038Z","level":"INFO","message":"async dispatch: delivery handled","message_id":"inv_01m2qgemtm7nzfjr6n9nv1t1fj.g14","sequence":34,"delivery_count":1,"outcome":"Rescheduled { next_attempt_at: 2026-09-17T11:01:34.470970Z, counted: false }","target":"tachyon_serverless_application::services::invoke_async::dispatch"}
{"timestamp":"2026-09-17T11:01:34.477334Z","level":"INFO","message":"asynchronous run claimed","invocation_id":"inv_01m2qgemtm7nzfjr6n9nv1t1fj","attempt":1,"generation":15,"delivery_count":1,"target":"tachyon_serverless_application::services::invoke_async::dispatch"}
{"timestamp":"2026-09-17T11:01:34.477712Z","level":"INFO","message":"asynchronous invocation rescheduled","invocation_id":"inv_01m2qgemtm7nzfjr6n9nv1t1fj","next_attempt_at":"2026-09-17T11:01:35.043447+00:00","counted":false,"error_type":"Host.DispatcherFenced","target":"tachyon_serverless_application::services::invoke_async::dispatch"}
{"timestamp":"2026-09-17T11:01:34.481772Z","level":"INFO","message":"async dispatch: delivery handled","message_id":"inv_01m2qgemtm7nzfjr6n9nv1t1fj.g15","sequence":35,"delivery_count":1,"outcome":"Rescheduled { next_attempt_at: 2026-09-17T11:01:35.043447Z, counted: false }","target":"tachyon_serverless_application::services::invoke_async::dispatch"}
{"timestamp":"2026-09-17T11:01:35.097391Z","level":"INFO","message":"asynchronous run claimed","invocation_id":"inv_01m2qgemtpj2gmzetd249sewv6","attempt":1,"generation":11,"delivery_count":1,"target":"tachyon_serverless_application::services::invoke_async::dispatch"}
{"timestamp":"2026-09-17T11:01:35.103556Z","level":"INFO","message":"asynchronous run claimed","invocation_id":"inv_01m2qgemtm7nzfjr6n9nv1t1fj","attempt":1,"generation":16,"delivery_count":1,"target":"tachyon_serverless_application::services::invoke_async::dispatch"}
{"timestamp":"2026-09-17T11:01:35.103993Z","level":"INFO","message":"asynchronous invocation rescheduled","invocation_id":"inv_01m2qgemtpj2gmzetd249sewv6","next_attempt_at":"2026-09-17T11:01:35.285208+00:00","counted":false,"error_type":"Host.DispatcherFenced","target":"tachyon_serverless_application::services::invoke_async::dispatch"}
{"timestamp":"2026-09-17T11:01:35.110000Z","level":"INFO","message":"asynchronous invocation rescheduled","invocation_id":"inv_01m2qgemtm7nzfjr6n9nv1t1fj","next_attempt_at":"2026-09-17T11:01:35.696087+00:00","counted":false,"error_type":"Host.DispatcherFenced","target":"tachyon_serverless_application::services::invoke_async::dispatch"}
{"timestamp":"2026-09-17T11:01:35.110148Z","level":"INFO","message":"async dispatch: delivery handled","message_id":"inv_01m2qgemtpj2gmzetd249sewv6.g11","sequence":36,"delivery_count":1,"outcome":"Rescheduled { next_attempt_at: 2026-09-17T11:01:35.285208Z, counted: false }","target":"tachyon_serverless_application::services::invoke_async::dispatch"}
{"timestamp":"2026-09-17T11:01:35.114307Z","level":"INFO","message":"async dispatch: delivery handled","message_id":"inv_01m2qgemtm7nzfjr6n9nv1t1fj.g16","sequence":37,"delivery_count":1,"outcome":"Rescheduled { next_attempt_at: 2026-09-17T11:01:35.696087Z, counted: false }","target":"tachyon_serverless_application::services::invoke_async::dispatch"}
{"timestamp":"2026-09-17T11:01:35.319283Z","level":"INFO","message":"asynchronous run claimed","invocation_id":"inv_01m2qgemtpj2gmzetd249sewv6","attempt":1,"generation":12,"delivery_count":1,"target":"tachyon_serverless_application::services::invoke_async::dispatch"}
{"timestamp":"2026-09-17T11:01:35.319806Z","level":"INFO","message":"asynchronous invocation rescheduled","invocation_id":"inv_01m2qgemtpj2gmzetd249sewv6","next_attempt_at":"2026-09-17T11:01:36.141471+00:00","counted":false,"error_type":"Host.DispatcherFenced","target":"tachyon_serverless_application::services::invoke_async::dispatch"}
{"timestamp":"2026-09-17T11:01:35.324742Z","level":"INFO","message":"async dispatch: delivery handled","message_id":"inv_01m2qgemtpj2gmzetd249sewv6.g12","sequence":38,"delivery_count":1,"outcome":"Rescheduled { next_attempt_at: 2026-09-17T11:01:36.141471Z, counted: false }","target":"tachyon_serverless_application::services::invoke_async::dispatch"}
{"timestamp":"2026-09-17T11:01:35.525010Z","level":"INFO","message":"object retention pass","report":"GcReport { examined: 2, collected_expired: 0, collected_orphans: 0, kept_in_use: 0, kept_referenced: 2, incomplete_removed: 0, tombstones_purged: 0, failed: 0 }","target":"tachyon_serverless_gateway"}
{"timestamp":"2026-09-17T11:01:35.732177Z","level":"INFO","message":"asynchronous run claimed","invocation_id":"inv_01m2qgemtm7nzfjr6n9nv1t1fj","attempt":1,"generation":17,"delivery_count":1,"target":"tachyon_serverless_application::services::invoke_async::dispatch"}
{"timestamp":"2026-09-17T11:01:35.732883Z","level":"INFO","message":"asynchronous invocation rescheduled","invocation_id":"inv_01m2qgemtm7nzfjr6n9nv1t1fj","next_attempt_at":"2026-09-17T11:01:35.832455+00:00","counted":false,"error_type":"Host.DispatcherFenced","target":"tachyon_serverless_application::services::invoke_async::dispatch"}
{"timestamp":"2026-09-17T11:01:35.737174Z","level":"INFO","message":"async dispatch: delivery handled","message_id":"inv_01m2qgemtm7nzfjr6n9nv1t1fj.g17","sequence":39,"delivery_count":1,"outcome":"Rescheduled { next_attempt_at: 2026-09-17T11:01:35.832455Z, counted: false }","target":"tachyon_serverless_application::services::invoke_async::dispatch"}
{"timestamp":"2026-09-17T11:01:35.843134Z","level":"INFO","message":"asynchronous run claimed","invocation_id":"inv_01m2qgemtm7nzfjr6n9nv1t1fj","attempt":1,"generation":18,"delivery_count":1,"target":"tachyon_serverless_application::services::invoke_async::dispatch"}
{"timestamp":"2026-09-17T11:01:35.843567Z","level":"INFO","message":"asynchronous invocation rescheduled","invocation_id":"inv_01m2qgemtm7nzfjr6n9nv1t1fj","next_attempt_at":"2026-09-17T11:01:36.795267+00:00","counted":false,"error_type":"Host.DispatcherFenced","target":"tachyon_serverless_application::services::invoke_async::dispatch"}
{"timestamp":"2026-09-17T11:01:35.847631Z","level":"INFO","message":"async dispatch: delivery handled","message_id":"inv_01m2qgemtm7nzfjr6n9nv1t1fj.g18","sequence":40,"delivery_count":1,"outcome":"Rescheduled { next_attempt_at: 2026-09-17T11:01:36.795267Z, counted: false }","target":"tachyon_serverless_application::services::invoke_async::dispatch"}
{"timestamp":"2026-09-17T11:01:36.158740Z","level":"INFO","message":"asynchronous run claimed","invocation_id":"inv_01m2qgemtpj2gmzetd249sewv6","attempt":1,"generation":13,"delivery_count":1,"target":"tachyon_serverless_application::services::invoke_async::dispatch"}
{"timestamp":"2026-09-17T11:01:36.159325Z","level":"INFO","message":"asynchronous invocation rescheduled","invocation_id":"inv_01m2qgemtpj2gmzetd249sewv6","next_attempt_at":"2026-09-17T11:01:36.758982+00:00","counted":false,"error_type":"Host.DispatcherFenced","target":"tachyon_serverless_application::services::invoke_async::dispatch"}
{"timestamp":"2026-09-17T11:01:36.163885Z","level":"INFO","message":"async dispatch: delivery handled","message_id":"inv_01m2qgemtpj2gmzetd249sewv6.g13","sequence":41,"delivery_count":1,"outcome":"Rescheduled { next_attempt_at: 2026-09-17T11:01:36.758982Z, counted: false }","target":"tachyon_serverless_application::services::invoke_async::dispatch"}
{"timestamp":"2026-09-17T11:01:36.778293Z","level":"INFO","message":"asynchronous run claimed","invocation_id":"inv_01m2qgemtpj2gmzetd249sewv6","attempt":1,"generation":14,"delivery_count":1,"target":"tachyon_serverless_application::services::invoke_async::dispatch"}
{"timestamp":"2026-09-17T11:01:36.779000Z","level":"INFO","message":"asynchronous invocation rescheduled","invocation_id":"inv_01m2qgemtpj2gmzetd249sewv6","next_attempt_at":"2026-09-17T11:01:37.185597+00:00","counted":false,"error_type":"Host.DispatcherFenced","target":"tachyon_serverless_application::services::invoke_async::dispatch"}
{"timestamp":"2026-09-17T11:01:36.783347Z","level":"INFO","message":"async dispatch: delivery handled","message_id":"inv_01m2qgemtpj2gmzetd249sewv6.g14","sequence":42,"delivery_count":1,"outcome":"Rescheduled { next_attempt_at: 2026-09-17T11:01:37.185597Z, counted: false }","target":"tachyon_serverless_application::services::invoke_async::dispatch"}
{"timestamp":"2026-09-17T11:01:36.889468Z","level":"INFO","message":"asynchronous run claimed","invocation_id":"inv_01m2qgemtm7nzfjr6n9nv1t1fj","attempt":1,"generation":19,"delivery_count":1,"target":"tachyon_serverless_application::services::invoke_async::dispatch"}
{"timestamp":"2026-09-17T11:01:36.889941Z","level":"INFO","message":"asynchronous invocation rescheduled","invocation_id":"inv_01m2qgemtm7nzfjr6n9nv1t1fj","next_attempt_at":"2026-09-17T11:01:37.636620+00:00","counted":false,"error_type":"Host.DispatcherFenced","target":"tachyon_serverless_application::services::invoke_async::dispatch"}
{"timestamp":"2026-09-17T11:01:36.893828Z","level":"INFO","message":"async dispatch: delivery handled","message_id":"inv_01m2qgemtm7nzfjr6n9nv1t1fj.g19","sequence":43,"delivery_count":1,"outcome":"Rescheduled { next_attempt_at: 2026-09-17T11:01:37.636620Z, counted: false }","target":"tachyon_serverless_application::services::invoke_async::dispatch"}
{"timestamp":"2026-09-17T11:01:37.198492Z","level":"INFO","message":"asynchronous run claimed","invocation_id":"inv_01m2qgemtpj2gmzetd249sewv6","attempt":1,"generation":15,"delivery_count":1,"target":"tachyon_serverless_application::services::invoke_async::dispatch"}
{"timestamp":"2026-09-17T11:01:37.202083Z","level":"INFO","message":"asynchronous invocation rescheduled","invocation_id":"inv_01m2qgemtpj2gmzetd249sewv6","next_attempt_at":"2026-09-17T11:01:37.707773+00:00","counted":false,"error_type":"Host.DispatcherFenced","target":"tachyon_serverless_application::services::invoke_async::dispatch"}
{"timestamp":"2026-09-17T11:01:37.206716Z","level":"INFO","message":"async dispatch: delivery handled","message_id":"inv_01m2qgemtpj2gmzetd249sewv6.g15","sequence":44,"delivery_count":1,"outcome":"Rescheduled { next_attempt_at: 2026-09-17T11:01:37.707773Z, counted: false }","target":"tachyon_serverless_application::services::invoke_async::dispatch"}
{"timestamp":"2026-09-17T11:01:37.525065Z","level":"INFO","message":"object retention pass","report":"GcReport { examined: 2, collected_expired: 0, collected_orphans: 0, kept_in_use: 0, kept_referenced: 2, incomplete_removed: 0, tombstones_purged: 0, failed: 0 }","target":"tachyon_serverless_gateway"}
{"timestamp":"2026-09-17T11:01:37.717810Z","level":"INFO","message":"asynchronous run claimed","invocation_id":"inv_01m2qgemtm7nzfjr6n9nv1t1fj","attempt":1,"generation":20,"delivery_count":1,"target":"tachyon_serverless_application::services::invoke_async::dispatch"}
{"timestamp":"2026-09-17T11:01:37.724194Z","level":"INFO","message":"asynchronous run claimed","invocation_id":"inv_01m2qgemtpj2gmzetd249sewv6","attempt":1,"generation":16,"delivery_count":1,"target":"tachyon_serverless_application::services::invoke_async::dispatch"}
{"timestamp":"2026-09-17T11:01:37.724543Z","level":"INFO","message":"asynchronous invocation rescheduled","invocation_id":"inv_01m2qgemtm7nzfjr6n9nv1t1fj","next_attempt_at":"2026-09-17T11:01:37.915761+00:00","counted":false,"error_type":"Host.DispatcherFenced","target":"tachyon_serverless_application::services::invoke_async::dispatch"}
{"timestamp":"2026-09-17T11:01:37.730342Z","level":"INFO","message":"asynchronous invocation rescheduled","invocation_id":"inv_01m2qgemtpj2gmzetd249sewv6","next_attempt_at":"2026-09-17T11:01:38.385790+00:00","counted":false,"error_type":"Host.DispatcherFenced","target":"tachyon_serverless_application::services::invoke_async::dispatch"}
{"timestamp":"2026-09-17T11:01:37.730521Z","level":"INFO","message":"async dispatch: delivery handled","message_id":"inv_01m2qgemtm7nzfjr6n9nv1t1fj.g20","sequence":45,"delivery_count":1,"outcome":"Rescheduled { next_attempt_at: 2026-09-17T11:01:37.915761Z, counted: false }","target":"tachyon_serverless_application::services::invoke_async::dispatch"}
{"timestamp":"2026-09-17T11:01:37.734556Z","level":"INFO","message":"async dispatch: delivery handled","message_id":"inv_01m2qgemtpj2gmzetd249sewv6.g16","sequence":46,"delivery_count":1,"outcome":"Rescheduled { next_attempt_at: 2026-09-17T11:01:38.385790Z, counted: false }","target":"tachyon_serverless_application::services::invoke_async::dispatch"}
{"timestamp":"2026-09-17T11:01:37.938619Z","level":"INFO","message":"asynchronous run claimed","invocation_id":"inv_01m2qgemtm7nzfjr6n9nv1t1fj","attempt":1,"generation":21,"delivery_count":1,"target":"tachyon_serverless_application::services::invoke_async::dispatch"}
{"timestamp":"2026-09-17T11:01:37.939145Z","level":"INFO","message":"asynchronous invocation rescheduled","invocation_id":"inv_01m2qgemtm7nzfjr6n9nv1t1fj","next_attempt_at":"2026-09-17T11:01:38.711797+00:00","counted":false,"error_type":"Host.DispatcherFenced","target":"tachyon_serverless_application::services::invoke_async::dispatch"}
{"timestamp":"2026-09-17T11:01:37.943899Z","level":"INFO","message":"async dispatch: delivery handled","message_id":"inv_01m2qgemtm7nzfjr6n9nv1t1fj.g21","sequence":47,"delivery_count":1,"outcome":"Rescheduled { next_attempt_at: 2026-09-17T11:01:38.711797Z, counted: false }","target":"tachyon_serverless_application::services::invoke_async::dispatch"}
{"timestamp":"2026-09-17T11:01:38.458058Z","level":"INFO","message":"asynchronous run claimed","invocation_id":"inv_01m2qgemtpj2gmzetd249sewv6","attempt":1,"generation":17,"delivery_count":1,"target":"tachyon_serverless_application::services::invoke_async::dispatch"}
{"timestamp":"2026-09-17T11:01:38.458631Z","level":"INFO","message":"asynchronous invocation rescheduled","invocation_id":"inv_01m2qgemtpj2gmzetd249sewv6","next_attempt_at":"2026-09-17T11:01:38.566293+00:00","counted":false,"error_type":"Host.DispatcherFenced","target":"tachyon_serverless_application::services::invoke_async::dispatch"}
{"timestamp":"2026-09-17T11:01:38.463087Z","level":"INFO","message":"async dispatch: delivery handled","message_id":"inv_01m2qgemtpj2gmzetd249sewv6.g17","sequence":48,"delivery_count":1,"outcome":"Rescheduled { next_attempt_at: 2026-09-17T11:01:38.566293Z, counted: false }","target":"tachyon_serverless_application::services::invoke_async::dispatch"}
{"timestamp":"2026-09-17T11:01:38.671871Z","level":"INFO","message":"asynchronous run claimed","invocation_id":"inv_01m2qgemtpj2gmzetd249sewv6","attempt":1,"generation":18,"delivery_count":1,"target":"tachyon_serverless_application::services::invoke_async::dispatch"}
{"timestamp":"2026-09-17T11:01:38.672560Z","level":"INFO","message":"asynchronous invocation rescheduled","invocation_id":"inv_01m2qgemtpj2gmzetd249sewv6","next_attempt_at":"2026-09-17T11:01:38.824170+00:00","counted":false,"error_type":"Host.DispatcherFenced","target":"tachyon_serverless_application::services::invoke_async::dispatch"}
{"timestamp":"2026-09-17T11:01:38.676943Z","level":"INFO","message":"async dispatch: delivery handled","message_id":"inv_01m2qgemtpj2gmzetd249sewv6.g18","sequence":49,"delivery_count":1,"outcome":"Rescheduled { next_attempt_at: 2026-09-17T11:01:38.824170Z, counted: false }","target":"tachyon_serverless_application::services::invoke_async::dispatch"}
{"timestamp":"2026-09-17T11:01:38.784492Z","level":"INFO","message":"asynchronous run claimed","invocation_id":"inv_01m2qgemtm7nzfjr6n9nv1t1fj","attempt":1,"generation":22,"delivery_count":1,"target":"tachyon_serverless_application::services::invoke_async::dispatch"}
{"timestamp":"2026-09-17T11:01:38.785085Z","level":"INFO","message":"asynchronous invocation rescheduled","invocation_id":"inv_01m2qgemtm7nzfjr6n9nv1t1fj","next_attempt_at":"2026-09-17T11:01:39.055689+00:00","counted":false,"error_type":"Host.DispatcherFenced","target":"tachyon_serverless_application::services::invoke_async::dispatch"}
{"timestamp":"2026-09-17T11:01:38.789272Z","level":"INFO","message":"async dispatch: delivery handled","message_id":"inv_01m2qgemtm7nzfjr6n9nv1t1fj.g22","sequence":50,"delivery_count":1,"outcome":"Rescheduled { next_attempt_at: 2026-09-17T11:01:39.055689Z, counted: false }","target":"tachyon_serverless_application::services::invoke_async::dispatch"}
{"timestamp":"2026-09-17T11:01:38.895576Z","level":"INFO","message":"asynchronous run claimed","invocation_id":"inv_01m2qgemtpj2gmzetd249sewv6","attempt":1,"generation":19,"delivery_count":1,"target":"tachyon_serverless_application::services::invoke_async::dispatch"}
{"timestamp":"2026-09-17T11:01:38.896125Z","level":"INFO","message":"asynchronous invocation rescheduled","invocation_id":"inv_01m2qgemtpj2gmzetd249sewv6","next_attempt_at":"2026-09-17T11:01:39.785751+00:00","counted":false,"error_type":"Host.DispatcherFenced","target":"tachyon_serverless_application::services::invoke_async::dispatch"}
{"timestamp":"2026-09-17T11:01:38.899994Z","level":"INFO","message":"async dispatch: delivery handled","message_id":"inv_01m2qgemtpj2gmzetd249sewv6.g19","sequence":51,"delivery_count":1,"outcome":"Rescheduled { next_attempt_at: 2026-09-17T11:01:39.785751Z, counted: false }","target":"tachyon_serverless_application::services::invoke_async::dispatch"}
{"timestamp":"2026-09-17T11:01:39.105046Z","level":"INFO","message":"asynchronous run claimed","invocation_id":"inv_01m2qgemtm7nzfjr6n9nv1t1fj","attempt":1,"generation":23,"delivery_count":1,"target":"tachyon_serverless_application::services::invoke_async::dispatch"}
{"timestamp":"2026-09-17T11:01:39.105535Z","level":"INFO","message":"asynchronous invocation rescheduled","invocation_id":"inv_01m2qgemtm7nzfjr6n9nv1t1fj","next_attempt_at":"2026-09-17T11:01:39.848219+00:00","counted":false,"error_type":"Host.DispatcherFenced","target":"tachyon_serverless_application::services::invoke_async::dispatch"}
{"timestamp":"2026-09-17T11:01:39.109401Z","level":"INFO","message":"async dispatch: delivery handled","message_id":"inv_01m2qgemtm7nzfjr6n9nv1t1fj.g23","sequence":52,"delivery_count":1,"outcome":"Rescheduled { next_attempt_at: 2026-09-17T11:01:39.848219Z, counted: false }","target":"tachyon_serverless_application::services::invoke_async::dispatch"}
{"timestamp":"2026-09-17T11:01:39.525304Z","level":"INFO","message":"object retention pass","report":"GcReport { examined: 2, collected_expired: 0, collected_orphans: 0, kept_in_use: 0, kept_referenced: 2, incomplete_removed: 0, tombstones_purged: 0, failed: 0 }","target":"tachyon_serverless_gateway"}
{"timestamp":"2026-09-17T11:01:39.820746Z","level":"INFO","message":"asynchronous run claimed","invocation_id":"inv_01m2qgemtpj2gmzetd249sewv6","attempt":1,"generation":20,"delivery_count":1,"target":"tachyon_serverless_application::services::invoke_async::dispatch"}
{"timestamp":"2026-09-17T11:01:39.825289Z","level":"INFO","message":"asynchronous invocation rescheduled","invocation_id":"inv_01m2qgemtpj2gmzetd249sewv6","next_attempt_at":"2026-09-17T11:01:40.654852+00:00","counted":false,"error_type":"Host.DispatcherFenced","target":"tachyon_serverless_application::services::invoke_async::dispatch"}
{"timestamp":"2026-09-17T11:01:39.829897Z","level":"INFO","message":"async dispatch: delivery handled","message_id":"inv_01m2qgemtpj2gmzetd249sewv6.g20","sequence":53,"delivery_count":1,"outcome":"Rescheduled { next_attempt_at: 2026-09-17T11:01:40.654852Z, counted: false }","target":"tachyon_serverless_application::services::invoke_async::dispatch"}
{"timestamp":"2026-09-17T11:01:39.937680Z","level":"INFO","message":"asynchronous run claimed","invocation_id":"inv_01m2qgemtm7nzfjr6n9nv1t1fj","attempt":1,"generation":24,"delivery_count":1,"target":"tachyon_serverless_application::services::invoke_async::dispatch"}
{"timestamp":"2026-09-17T11:01:39.938343Z","level":"INFO","message":"asynchronous invocation rescheduled","invocation_id":"inv_01m2qgemtm7nzfjr6n9nv1t1fj","next_attempt_at":"2026-09-17T11:01:40.212909+00:00","counted":false,"error_type":"Host.DispatcherFenced","target":"tachyon_serverless_application::services::invoke_async::dispatch"}
{"timestamp":"2026-09-17T11:01:39.942287Z","level":"INFO","message":"async dispatch: delivery handled","message_id":"inv_01m2qgemtm7nzfjr6n9nv1t1fj.g24","sequence":54,"delivery_count":1,"outcome":"Rescheduled { next_attempt_at: 2026-09-17T11:01:40.212909Z, counted: false }","target":"tachyon_serverless_application::services::invoke_async::dispatch"}
{"timestamp":"2026-09-17T11:01:40.252883Z","level":"INFO","message":"asynchronous run claimed","invocation_id":"inv_01m2qgemtm7nzfjr6n9nv1t1fj","attempt":1,"generation":25,"delivery_count":1,"target":"tachyon_serverless_application::services::invoke_async::dispatch"}
{"timestamp":"2026-09-17T11:01:40.253406Z","level":"INFO","message":"asynchronous invocation rescheduled","invocation_id":"inv_01m2qgemtm7nzfjr6n9nv1t1fj","next_attempt_at":"2026-09-17T11:01:40.785091+00:00","counted":false,"error_type":"Host.DispatcherFenced","target":"tachyon_serverless_application::services::invoke_async::dispatch"}
{"timestamp":"2026-09-17T11:01:40.258160Z","level":"INFO","message":"async dispatch: delivery handled","message_id":"inv_01m2qgemtm7nzfjr6n9nv1t1fj.g25","sequence":55,"delivery_count":1,"outcome":"Rescheduled { next_attempt_at: 2026-09-17T11:01:40.785091Z, counted: false }","target":"tachyon_serverless_application::services::invoke_async::dispatch"}
{"timestamp":"2026-09-17T11:01:40.671527Z","level":"INFO","message":"asynchronous run claimed","invocation_id":"inv_01m2qgemtpj2gmzetd249sewv6","attempt":1,"generation":21,"delivery_count":1,"target":"tachyon_serverless_application::services::invoke_async::dispatch"}
{"timestamp":"2026-09-17T11:01:40.672388Z","level":"INFO","message":"asynchronous invocation rescheduled","invocation_id":"inv_01m2qgemtpj2gmzetd249sewv6","next_attempt_at":"2026-09-17T11:01:41.523840+00:00","counted":false,"error_type":"Host.DispatcherFenced","target":"tachyon_serverless_application::services::invoke_async::dispatch"}
{"timestamp":"2026-09-17T11:01:40.677105Z","level":"INFO","message":"async dispatch: delivery handled","message_id":"inv_01m2qgemtpj2gmzetd249sewv6.g21","sequence":56,"delivery_count":1,"outcome":"Rescheduled { next_attempt_at: 2026-09-17T11:01:41.523840Z, counted: false }","target":"tachyon_serverless_application::services::invoke_async::dispatch"}
{"timestamp":"2026-09-17T11:01:40.885178Z","level":"INFO","message":"asynchronous run claimed","invocation_id":"inv_01m2qgemtm7nzfjr6n9nv1t1fj","attempt":1,"generation":26,"delivery_count":1,"target":"tachyon_serverless_application::services::invoke_async::dispatch"}
{"timestamp":"2026-09-17T11:01:40.886173Z","level":"INFO","message":"asynchronous invocation rescheduled","invocation_id":"inv_01m2qgemtm7nzfjr6n9nv1t1fj","next_attempt_at":"2026-09-17T11:01:41.682404+00:00","counted":false,"error_type":"Host.DispatcherFenced","target":"tachyon_serverless_application::services::invoke_async::dispatch"}
{"timestamp":"2026-09-17T11:01:40.891184Z","level":"INFO","message":"async dispatch: delivery handled","message_id":"inv_01m2qgemtm7nzfjr6n9nv1t1fj.g26","sequence":57,"delivery_count":1,"outcome":"Rescheduled { next_attempt_at: 2026-09-17T11:01:41.682404Z, counted: false }","target":"tachyon_serverless_application::services::invoke_async::dispatch"}
{"timestamp":"2026-09-17T11:01:41.525284Z","level":"INFO","message":"object retention pass","report":"GcReport { examined: 2, collected_expired: 0, collected_orphans: 0, kept_in_use: 0, kept_referenced: 2, incomplete_removed: 0, tombstones_purged: 0, failed: 0 }","target":"tachyon_serverless_gateway"}
{"timestamp":"2026-09-17T11:01:41.605909Z","level":"INFO","message":"asynchronous run claimed","invocation_id":"inv_01m2qgemtpj2gmzetd249sewv6","attempt":1,"generation":22,"delivery_count":1,"target":"tachyon_serverless_application::services::invoke_async::dispatch"}
{"timestamp":"2026-09-17T11:01:41.606519Z","level":"INFO","message":"asynchronous invocation rescheduled","invocation_id":"inv_01m2qgemtpj2gmzetd249sewv6","next_attempt_at":"2026-09-17T11:01:41.911170+00:00","counted":false,"error_type":"Host.DispatcherFenced","target":"tachyon_serverless_application::services::invoke_async::dispatch"}
{"timestamp":"2026-09-17T11:01:41.611006Z","level":"INFO","message":"async dispatch: delivery handled","message_id":"inv_01m2qgemtpj2gmzetd249sewv6.g22","sequence":58,"delivery_count":1,"outcome":"Rescheduled { next_attempt_at: 2026-09-17T11:01:41.911170Z, counted: false }","target":"tachyon_serverless_application::services::invoke_async::dispatch"}
{"timestamp":"2026-09-17T11:01:41.715113Z","level":"INFO","message":"asynchronous run claimed","invocation_id":"inv_01m2qgemtm7nzfjr6n9nv1t1fj","attempt":1,"generation":27,"delivery_count":1,"target":"tachyon_serverless_application::services::invoke_async::dispatch"}
{"timestamp":"2026-09-17T11:01:41.715496Z","level":"INFO","message":"asynchronous invocation rescheduled","invocation_id":"inv_01m2qgemtm7nzfjr6n9nv1t1fj","next_attempt_at":"2026-09-17T11:01:42.082231+00:00","counted":false,"error_type":"Host.DispatcherFenced","target":"tachyon_serverless_application::services::invoke_async::dispatch"}
{"timestamp":"2026-09-17T11:01:41.719413Z","level":"INFO","message":"async dispatch: delivery handled","message_id":"inv_01m2qgemtm7nzfjr6n9nv1t1fj.g27","sequence":59,"delivery_count":1,"outcome":"Rescheduled { next_attempt_at: 2026-09-17T11:01:42.082231Z, counted: false }","target":"tachyon_serverless_application::services::invoke_async::dispatch"}
{"timestamp":"2026-09-17T11:01:41.929565Z","level":"INFO","message":"asynchronous run claimed","invocation_id":"inv_01m2qgemtpj2gmzetd249sewv6","attempt":1,"generation":23,"delivery_count":1,"target":"tachyon_serverless_application::services::invoke_async::dispatch"}
{"timestamp":"2026-09-17T11:01:41.930132Z","level":"INFO","message":"asynchronous invocation rescheduled","invocation_id":"inv_01m2qgemtpj2gmzetd249sewv6","next_attempt_at":"2026-09-17T11:01:42.055778+00:00","counted":false,"error_type":"Host.DispatcherFenced","target":"tachyon_serverless_application::services::invoke_async::dispatch"}
{"timestamp":"2026-09-17T11:01:41.935875Z","level":"INFO","message":"async dispatch: delivery handled","message_id":"inv_01m2qgemtpj2gmzetd249sewv6.g23","sequence":60,"delivery_count":1,"outcome":"Rescheduled { next_attempt_at: 2026-09-17T11:01:42.055778Z, counted: false }","target":"tachyon_serverless_application::services::invoke_async::dispatch"}
{"timestamp":"2026-09-17T11:01:42.143743Z","level":"INFO","message":"asynchronous run claimed","invocation_id":"inv_01m2qgemtpj2gmzetd249sewv6","attempt":1,"generation":24,"delivery_count":1,"target":"tachyon_serverless_application::services::invoke_async::dispatch"}
{"timestamp":"2026-09-17T11:01:42.149233Z","level":"INFO","message":"asynchronous invocation rescheduled","invocation_id":"inv_01m2qgemtpj2gmzetd249sewv6","next_attempt_at":"2026-09-17T11:01:42.403035+00:00","counted":false,"error_type":"Host.DispatcherFenced","target":"tachyon_serverless_application::services::invoke_async::dispatch"}
{"timestamp":"2026-09-17T11:01:42.155304Z","level":"INFO","message":"asynchronous run claimed","invocation_id":"inv_01m2qgemtm7nzfjr6n9nv1t1fj","attempt":1,"generation":28,"delivery_count":1,"target":"tachyon_serverless_application::services::invoke_async::dispatch"}
{"timestamp":"2026-09-17T11:01:42.155419Z","level":"INFO","message":"async dispatch: delivery handled","message_id":"inv_01m2qgemtpj2gmzetd249sewv6.g24","sequence":61,"delivery_count":1,"outcome":"Rescheduled { next_attempt_at: 2026-09-17T11:01:42.403035Z, counted: false }","target":"tachyon_serverless_application::services::invoke_async::dispatch"}
{"timestamp":"2026-09-17T11:01:42.155946Z","level":"INFO","message":"asynchronous invocation rescheduled","invocation_id":"inv_01m2qgemtm7nzfjr6n9nv1t1fj","next_attempt_at":"2026-09-17T11:01:42.363561+00:00","counted":false,"error_type":"Host.DispatcherFenced","target":"tachyon_serverless_application::services::invoke_async::dispatch"}
{"timestamp":"2026-09-17T11:01:42.160589Z","level":"INFO","message":"async dispatch: delivery handled","message_id":"inv_01m2qgemtm7nzfjr6n9nv1t1fj.g28","sequence":62,"delivery_count":1,"outcome":"Rescheduled { next_attempt_at: 2026-09-17T11:01:42.363561Z, counted: false }","target":"tachyon_serverless_application::services::invoke_async::dispatch"}
{"timestamp":"2026-09-17T11:01:42.470037Z","level":"INFO","message":"asynchronous run claimed","invocation_id":"inv_01m2qgemtm7nzfjr6n9nv1t1fj","attempt":1,"generation":29,"delivery_count":1,"target":"tachyon_serverless_application::services::invoke_async::dispatch"}
{"timestamp":"2026-09-17T11:01:42.476512Z","level":"INFO","message":"asynchronous invocation rescheduled","invocation_id":"inv_01m2qgemtm7nzfjr6n9nv1t1fj","next_attempt_at":"2026-09-17T11:01:43.325264+00:00","counted":false,"error_type":"Host.DispatcherFenced","target":"tachyon_serverless_application::services::invoke_async::dispatch"}
{"timestamp":"2026-09-17T11:01:42.476969Z","level":"INFO","message":"asynchronous run claimed","invocation_id":"inv_01m2qgemtpj2gmzetd249sewv6","attempt":1,"generation":25,"delivery_count":1,"target":"tachyon_serverless_application::services::invoke_async::dispatch"}
{"timestamp":"2026-09-17T11:01:42.480282Z","level":"INFO","message":"async dispatch: delivery handled","message_id":"inv_01m2qgemtm7nzfjr6n9nv1t1fj.g29","sequence":63,"delivery_count":1,"outcome":"Rescheduled { next_attempt_at: 2026-09-17T11:01:43.325264Z, counted: false }","target":"tachyon_serverless_application::services::invoke_async::dispatch"}
{"timestamp":"2026-09-17T11:01:42.480608Z","level":"INFO","message":"asynchronous invocation rescheduled","invocation_id":"inv_01m2qgemtpj2gmzetd249sewv6","next_attempt_at":"2026-09-17T11:01:43.109209+00:00","counted":false,"error_type":"Host.DispatcherFenced","target":"tachyon_serverless_application::services::invoke_async::dispatch"}
{"timestamp":"2026-09-17T11:01:42.484997Z","level":"INFO","message":"async dispatch: delivery handled","message_id":"inv_01m2qgemtpj2gmzetd249sewv6.g25","sequence":64,"delivery_count":1,"outcome":"Rescheduled { next_attempt_at: 2026-09-17T11:01:43.109209Z, counted: false }","target":"tachyon_serverless_application::services::invoke_async::dispatch"}
{"timestamp":"2026-09-17T11:01:43.201409Z","level":"INFO","message":"asynchronous run claimed","invocation_id":"inv_01m2qgemtpj2gmzetd249sewv6","attempt":1,"generation":26,"delivery_count":1,"target":"tachyon_serverless_application::services::invoke_async::dispatch"}
{"timestamp":"2026-09-17T11:01:43.202061Z","level":"INFO","message":"asynchronous invocation rescheduled","invocation_id":"inv_01m2qgemtpj2gmzetd249sewv6","next_attempt_at":"2026-09-17T11:01:43.721666+00:00","counted":false,"error_type":"Host.DispatcherFenced","target":"tachyon_serverless_application::services::invoke_async::dispatch"}
{"timestamp":"2026-09-17T11:01:43.206777Z","level":"INFO","message":"async dispatch: delivery handled","message_id":"inv_01m2qgemtpj2gmzetd249sewv6.g26","sequence":65,"delivery_count":1,"outcome":"Rescheduled { next_attempt_at: 2026-09-17T11:01:43.721666Z, counted: false }","target":"tachyon_serverless_application::services::invoke_async::dispatch"}
{"timestamp":"2026-09-17T11:01:43.415467Z","level":"INFO","message":"asynchronous run claimed","invocation_id":"inv_01m2qgemtm7nzfjr6n9nv1t1fj","attempt":1,"generation":30,"delivery_count":1,"target":"tachyon_serverless_application::services::invoke_async::dispatch"}
{"timestamp":"2026-09-17T11:01:43.419368Z","level":"INFO","message":"asynchronous invocation rescheduled","invocation_id":"inv_01m2qgemtm7nzfjr6n9nv1t1fj","next_attempt_at":"2026-09-17T11:01:43.659947+00:00","counted":false,"error_type":"Host.DispatcherFenced","target":"tachyon_serverless_application::services::invoke_async::dispatch"}
{"timestamp":"2026-09-17T11:01:43.424297Z","level":"INFO","message":"async dispatch: delivery handled","message_id":"inv_01m2qgemtm7nzfjr6n9nv1t1fj.g30","sequence":66,"delivery_count":1,"outcome":"Rescheduled { next_attempt_at: 2026-09-17T11:01:43.659947Z, counted: false }","target":"tachyon_serverless_application::services::invoke_async::dispatch"}
{"timestamp":"2026-09-17T11:01:43.524391Z","level":"INFO","message":"object retention pass","report":"GcReport { examined: 2, collected_expired: 0, collected_orphans: 0, kept_in_use: 0, kept_referenced: 2, incomplete_removed: 0, tombstones_purged: 0, failed: 0 }","target":"tachyon_serverless_gateway"}
{"timestamp":"2026-09-17T11:01:43.732677Z","level":"INFO","message":"asynchronous run claimed","invocation_id":"inv_01m2qgemtm7nzfjr6n9nv1t1fj","attempt":1,"generation":31,"delivery_count":1,"target":"tachyon_serverless_application::services::invoke_async::dispatch"}
{"timestamp":"2026-09-17T11:01:43.738332Z","level":"INFO","message":"asynchronous invocation rescheduled","invocation_id":"inv_01m2qgemtm7nzfjr6n9nv1t1fj","next_attempt_at":"2026-09-17T11:01:44.383994+00:00","counted":false,"error_type":"Host.DispatcherFenced","target":"tachyon_serverless_application::services::invoke_async::dispatch"}
{"timestamp":"2026-09-17T11:01:43.742567Z","level":"INFO","message":"async dispatch: delivery handled","message_id":"inv_01m2qgemtm7nzfjr6n9nv1t1fj.g31","sequence":67,"delivery_count":1,"outcome":"Rescheduled { next_attempt_at: 2026-09-17T11:01:44.383994Z, counted: false }","target":"tachyon_serverless_application::services::invoke_async::dispatch"}
{"timestamp":"2026-09-17T11:01:43.743037Z","level":"INFO","message":"asynchronous run claimed","invocation_id":"inv_01m2qgemtpj2gmzetd249sewv6","attempt":1,"generation":27,"delivery_count":1,"target":"tachyon_serverless_application::services::invoke_async::dispatch"}
{"timestamp":"2026-09-17T11:01:43.743490Z","level":"INFO","message":"asynchronous invocation rescheduled","invocation_id":"inv_01m2qgemtpj2gmzetd249sewv6","next_attempt_at":"2026-09-17T11:01:44.241186+00:00","counted":false,"error_type":"Host.DispatcherFenced","target":"tachyon_serverless_application::services::invoke_async::dispatch"}
{"timestamp":"2026-09-17T11:01:43.747577Z","level":"INFO","message":"async dispatch: delivery handled","message_id":"inv_01m2qgemtpj2gmzetd249sewv6.g27","sequence":68,"delivery_count":1,"outcome":"Rescheduled { next_attempt_at: 2026-09-17T11:01:44.241186Z, counted: false }","target":"tachyon_serverless_application::services::invoke_async::dispatch"}
{"timestamp":"2026-09-17T11:01:44.261187Z","level":"INFO","message":"asynchronous run claimed","invocation_id":"inv_01m2qgemtpj2gmzetd249sewv6","attempt":1,"generation":28,"delivery_count":1,"target":"tachyon_serverless_application::services::invoke_async::dispatch"}
{"timestamp":"2026-09-17T11:01:44.261765Z","level":"INFO","message":"asynchronous invocation rescheduled","invocation_id":"inv_01m2qgemtpj2gmzetd249sewv6","next_attempt_at":"2026-09-17T11:01:45.180443+00:00","counted":false,"error_type":"Host.DispatcherFenced","target":"tachyon_serverless_application::services::invoke_async::dispatch"}
{"timestamp":"2026-09-17T11:01:44.266500Z","level":"INFO","message":"async dispatch: delivery handled","message_id":"inv_01m2qgemtpj2gmzetd249sewv6.g28","sequence":69,"delivery_count":1,"outcome":"Rescheduled { next_attempt_at: 2026-09-17T11:01:45.180443Z, counted: false }","target":"tachyon_serverless_application::services::invoke_async::dispatch"}
{"timestamp":"2026-09-17T11:01:44.472722Z","level":"INFO","message":"asynchronous run claimed","invocation_id":"inv_01m2qgemtm7nzfjr6n9nv1t1fj","attempt":1,"generation":32,"delivery_count":1,"target":"tachyon_serverless_application::services::invoke_async::dispatch"}
{"timestamp":"2026-09-17T11:01:44.473232Z","level":"INFO","message":"asynchronous invocation rescheduled","invocation_id":"inv_01m2qgemtm7nzfjr6n9nv1t1fj","next_attempt_at":"2026-09-17T11:01:44.726912+00:00","counted":false,"error_type":"Host.DispatcherFenced","target":"tachyon_serverless_application::services::invoke_async::dispatch"}
{"timestamp":"2026-09-17T11:01:44.478039Z","level":"INFO","message":"async dispatch: delivery handled","message_id":"inv_01m2qgemtm7nzfjr6n9nv1t1fj.g32","sequence":70,"delivery_count":1,"outcome":"Rescheduled { next_attempt_at: 2026-09-17T11:01:44.726912Z, counted: false }","target":"tachyon_serverless_application::services::invoke_async::dispatch"}
{"timestamp":"2026-09-17T11:01:44.787115Z","level":"INFO","message":"asynchronous run claimed","invocation_id":"inv_01m2qgemtm7nzfjr6n9nv1t1fj","attempt":1,"generation":33,"delivery_count":1,"target":"tachyon_serverless_application::services::invoke_async::dispatch"}
{"timestamp":"2026-09-17T11:01:44.787653Z","level":"INFO","message":"asynchronous invocation rescheduled","invocation_id":"inv_01m2qgemtm7nzfjr6n9nv1t1fj","next_attempt_at":"2026-09-17T11:01:45.501327+00:00","counted":false,"error_type":"Host.DispatcherFenced","target":"tachyon_serverless_application::services::invoke_async::dispatch"}
{"timestamp":"2026-09-17T11:01:44.792433Z","level":"INFO","message":"async dispatch: delivery handled","message_id":"inv_01m2qgemtm7nzfjr6n9nv1t1fj.g33","sequence":71,"delivery_count":1,"outcome":"Rescheduled { next_attempt_at: 2026-09-17T11:01:45.501327Z, counted: false }","target":"tachyon_serverless_application::services::invoke_async::dispatch"}
{"timestamp":"2026-09-17T11:01:45.199738Z","level":"INFO","message":"asynchronous run claimed","invocation_id":"inv_01m2qgemtpj2gmzetd249sewv6","attempt":1,"generation":29,"delivery_count":1,"target":"tachyon_serverless_application::services::invoke_async::dispatch"}
{"timestamp":"2026-09-17T11:01:45.203439Z","level":"INFO","message":"asynchronous invocation rescheduled","invocation_id":"inv_01m2qgemtpj2gmzetd249sewv6","next_attempt_at":"2026-09-17T11:01:45.805029+00:00","counted":false,"error_type":"Host.DispatcherFenced","target":"tachyon_serverless_application::services::invoke_async::dispatch"}
{"timestamp":"2026-09-17T11:01:45.207951Z","level":"INFO","message":"async dispatch: delivery handled","message_id":"inv_01m2qgemtpj2gmzetd249sewv6.g29","sequence":72,"delivery_count":1,"outcome":"Rescheduled { next_attempt_at: 2026-09-17T11:01:45.805029Z, counted: false }","target":"tachyon_serverless_application::services::invoke_async::dispatch"}
{"timestamp":"2026-09-17T11:01:45.514913Z","level":"INFO","message":"asynchronous run claimed","invocation_id":"inv_01m2qgemtm7nzfjr6n9nv1t1fj","attempt":1,"generation":34,"delivery_count":1,"target":"tachyon_serverless_application::services::invoke_async::dispatch"}
{"timestamp":"2026-09-17T11:01:45.520911Z","level":"INFO","message":"asynchronous invocation rescheduled","invocation_id":"inv_01m2qgemtm7nzfjr6n9nv1t1fj","next_attempt_at":"2026-09-17T11:01:45.899081+00:00","counted":false,"error_type":"Host.DispatcherFenced","target":"tachyon_serverless_application::services::invoke_async::dispatch"}
{"timestamp":"2026-09-17T11:01:45.524495Z","level":"INFO","message":"object retention pass","report":"GcReport { examined: 2, collected_expired: 0, collected_orphans: 0, kept_in_use: 0, kept_referenced: 2, incomplete_removed: 0, tombstones_purged: 0, failed: 0 }","target":"tachyon_serverless_gateway"}
{"timestamp":"2026-09-17T11:01:45.525021Z","level":"INFO","message":"async dispatch: delivery handled","message_id":"inv_01m2qgemtm7nzfjr6n9nv1t1fj.g34","sequence":73,"delivery_count":1,"outcome":"Rescheduled { next_attempt_at: 2026-09-17T11:01:45.899081Z, counted: false }","target":"tachyon_serverless_application::services::invoke_async::dispatch"}
{"timestamp":"2026-09-17T11:01:45.835531Z","level":"INFO","message":"asynchronous run claimed","invocation_id":"inv_01m2qgemtpj2gmzetd249sewv6","attempt":1,"generation":30,"delivery_count":1,"target":"tachyon_serverless_application::services::invoke_async::dispatch"}
{"timestamp":"2026-09-17T11:01:45.836213Z","level":"INFO","message":"asynchronous invocation rescheduled","invocation_id":"inv_01m2qgemtpj2gmzetd249sewv6","next_attempt_at":"2026-09-17T11:01:46.662831+00:00","counted":false,"error_type":"Host.DispatcherFenced","target":"tachyon_serverless_application::services::invoke_async::dispatch"}
{"timestamp":"2026-09-17T11:01:45.840524Z","level":"INFO","message":"async dispatch: delivery handled","message_id":"inv_01m2qgemtpj2gmzetd249sewv6.g30","sequence":74,"delivery_count":1,"outcome":"Rescheduled { next_attempt_at: 2026-09-17T11:01:46.662831Z, counted: false }","target":"tachyon_serverless_application::services::invoke_async::dispatch"}
{"timestamp":"2026-09-17T11:01:45.946468Z","level":"INFO","message":"asynchronous run claimed","invocation_id":"inv_01m2qgemtm7nzfjr6n9nv1t1fj","attempt":1,"generation":35,"delivery_count":1,"target":"tachyon_serverless_application::services::invoke_async::dispatch"}
{"timestamp":"2026-09-17T11:01:45.946945Z","level":"INFO","message":"asynchronous invocation rescheduled","invocation_id":"inv_01m2qgemtm7nzfjr6n9nv1t1fj","next_attempt_at":"2026-09-17T11:01:46.733623+00:00","counted":false,"error_type":"Host.DispatcherFenced","target":"tachyon_serverless_application::services::invoke_async::dispatch"}
{"timestamp":"2026-09-17T11:01:45.951855Z","level":"INFO","message":"async dispatch: delivery handled","message_id":"inv_01m2qgemtm7nzfjr6n9nv1t1fj.g35","sequence":75,"delivery_count":1,"outcome":"Rescheduled { next_attempt_at: 2026-09-17T11:01:46.733623Z, counted: false }","target":"tachyon_serverless_application::services::invoke_async::dispatch"}
{"timestamp":"2026-09-17T11:01:46.768342Z","level":"INFO","message":"asynchronous run claimed","invocation_id":"inv_01m2qgemtpj2gmzetd249sewv6","attempt":1,"generation":31,"delivery_count":1,"target":"tachyon_serverless_application::services::invoke_async::dispatch"}
{"timestamp":"2026-09-17T11:01:46.774557Z","level":"INFO","message":"asynchronous run claimed","invocation_id":"inv_01m2qgemtm7nzfjr6n9nv1t1fj","attempt":1,"generation":36,"delivery_count":1,"target":"tachyon_serverless_application::services::invoke_async::dispatch"}
{"timestamp":"2026-09-17T11:01:46.775225Z","level":"INFO","message":"asynchronous invocation rescheduled","invocation_id":"inv_01m2qgemtpj2gmzetd249sewv6","next_attempt_at":"2026-09-17T11:01:47.236642+00:00","counted":false,"error_type":"Host.DispatcherFenced","target":"tachyon_serverless_application::services::invoke_async::dispatch"}
{"timestamp":"2026-09-17T11:01:46.775574Z","level":"INFO","message":"asynchronous invocation rescheduled","invocation_id":"inv_01m2qgemtm7nzfjr6n9nv1t1fj","next_attempt_at":"2026-09-17T11:01:47.227826+00:00","counted":false,"error_type":"Host.DispatcherFenced","target":"tachyon_serverless_application::services::invoke_async::dispatch"}
{"timestamp":"2026-09-17T11:01:46.785465Z","level":"INFO","message":"async dispatch: delivery handled","message_id":"inv_01m2qgemtpj2gmzetd249sewv6.g31","sequence":76,"delivery_count":1,"outcome":"Rescheduled { next_attempt_at: 2026-09-17T11:01:47.236642Z, counted: false }","target":"tachyon_serverless_application::services::invoke_async::dispatch"}
{"timestamp":"2026-09-17T11:01:46.789159Z","level":"INFO","message":"async dispatch: delivery handled","message_id":"inv_01m2qgemtm7nzfjr6n9nv1t1fj.g36","sequence":77,"delivery_count":1,"outcome":"Rescheduled { next_attempt_at: 2026-09-17T11:01:47.227826Z, counted: false }","target":"tachyon_serverless_application::services::invoke_async::dispatch"}
{"timestamp":"2026-09-17T11:01:47.290868Z","level":"INFO","message":"asynchronous run claimed","invocation_id":"inv_01m2qgemtm7nzfjr6n9nv1t1fj","attempt":1,"generation":37,"delivery_count":1,"target":"tachyon_serverless_application::services::invoke_async::dispatch"}
{"timestamp":"2026-09-17T11:01:47.297444Z","level":"INFO","message":"asynchronous invocation rescheduled","invocation_id":"inv_01m2qgemtm7nzfjr6n9nv1t1fj","next_attempt_at":"2026-09-17T11:01:47.843847+00:00","counted":false,"error_type":"Host.DispatcherFenced","target":"tachyon_serverless_application::services::invoke_async::dispatch"}
{"timestamp":"2026-09-17T11:01:47.297773Z","level":"INFO","message":"asynchronous run claimed","invocation_id":"inv_01m2qgemtpj2gmzetd249sewv6","attempt":1,"generation":32,"delivery_count":1,"target":"tachyon_serverless_application::services::invoke_async::dispatch"}
{"timestamp":"2026-09-17T11:01:47.303604Z","level":"INFO","message":"asynchronous invocation rescheduled","invocation_id":"inv_01m2qgemtpj2gmzetd249sewv6","next_attempt_at":"2026-09-17T11:01:47.596141+00:00","counted":false,"error_type":"Host.DispatcherFenced","target":"tachyon_serverless_application::services::invoke_async::dispatch"}
{"timestamp":"2026-09-17T11:01:47.303733Z","level":"INFO","message":"async dispatch: delivery handled","message_id":"inv_01m2qgemtm7nzfjr6n9nv1t1fj.g37","sequence":78,"delivery_count":1,"outcome":"Rescheduled { next_attempt_at: 2026-09-17T11:01:47.843847Z, counted: false }","target":"tachyon_serverless_application::services::invoke_async::dispatch"}
{"timestamp":"2026-09-17T11:01:47.307807Z","level":"INFO","message":"async dispatch: delivery handled","message_id":"inv_01m2qgemtpj2gmzetd249sewv6.g32","sequence":79,"delivery_count":1,"outcome":"Rescheduled { next_attempt_at: 2026-09-17T11:01:47.596141Z, counted: false }","target":"tachyon_serverless_application::services::invoke_async::dispatch"}
{"timestamp":"2026-09-17T11:01:47.525317Z","level":"INFO","message":"object retention pass","report":"GcReport { examined: 2, collected_expired: 0, collected_orphans: 0, kept_in_use: 0, kept_referenced: 2, incomplete_removed: 0, tombstones_purged: 0, failed: 0 }","target":"tachyon_serverless_gateway"}
{"timestamp":"2026-09-17T11:01:47.620027Z","level":"INFO","message":"asynchronous run claimed","invocation_id":"inv_01m2qgemtpj2gmzetd249sewv6","attempt":1,"generation":33,"delivery_count":1,"target":"tachyon_serverless_application::services::invoke_async::dispatch"}
{"timestamp":"2026-09-17T11:01:47.620655Z","level":"INFO","message":"asynchronous invocation rescheduled","invocation_id":"inv_01m2qgemtpj2gmzetd249sewv6","next_attempt_at":"2026-09-17T11:01:47.720318+00:00","counted":false,"error_type":"Host.DispatcherFenced","target":"tachyon_serverless_application::services::invoke_async::dispatch"}
{"timestamp":"2026-09-17T11:01:47.625158Z","level":"INFO","message":"async dispatch: delivery handled","message_id":"inv_01m2qgemtpj2gmzetd249sewv6.g33","sequence":80,"delivery_count":1,"outcome":"Rescheduled { next_attempt_at: 2026-09-17T11:01:47.720318Z, counted: false }","target":"tachyon_serverless_application::services::invoke_async::dispatch"}
{"timestamp":"2026-09-17T11:01:47.732103Z","level":"INFO","message":"asynchronous run claimed","invocation_id":"inv_01m2qgemtpj2gmzetd249sewv6","attempt":1,"generation":34,"delivery_count":1,"target":"tachyon_serverless_application::services::invoke_async::dispatch"}
{"timestamp":"2026-09-17T11:01:47.732579Z","level":"INFO","message":"asynchronous invocation rescheduled","invocation_id":"inv_01m2qgemtpj2gmzetd249sewv6","next_attempt_at":"2026-09-17T11:01:48.708261+00:00","counted":false,"error_type":"Host.DispatcherFenced","target":"tachyon_serverless_application::services::invoke_async::dispatch"}
{"timestamp":"2026-09-17T11:01:47.736986Z","level":"INFO","message":"async dispatch: delivery handled","message_id":"inv_01m2qgemtpj2gmzetd249sewv6.g34","sequence":81,"delivery_count":1,"outcome":"Rescheduled { next_attempt_at: 2026-09-17T11:01:48.708261Z, counted: false }","target":"tachyon_serverless_application::services::invoke_async::dispatch"}
{"timestamp":"2026-09-17T11:01:47.946055Z","level":"INFO","message":"asynchronous run claimed","invocation_id":"inv_01m2qgemtm7nzfjr6n9nv1t1fj","attempt":1,"generation":38,"delivery_count":1,"target":"tachyon_serverless_application::services::invoke_async::dispatch"}
{"timestamp":"2026-09-17T11:01:47.946666Z","level":"INFO","message":"asynchronous invocation rescheduled","invocation_id":"inv_01m2qgemtm7nzfjr6n9nv1t1fj","next_attempt_at":"2026-09-17T11:01:48.899343+00:00","counted":false,"error_type":"Host.DispatcherFenced","target":"tachyon_serverless_application::services::invoke_async::dispatch"}
{"timestamp":"2026-09-17T11:01:47.951349Z","level":"INFO","message":"async dispatch: delivery handled","message_id":"inv_01m2qgemtm7nzfjr6n9nv1t1fj.g38","sequence":82,"delivery_count":1,"outcome":"Rescheduled { next_attempt_at: 2026-09-17T11:01:48.899343Z, counted: false }","target":"tachyon_serverless_application::services::invoke_async::dispatch"}
{"timestamp":"2026-09-17T11:01:48.767977Z","level":"INFO","message":"asynchronous run claimed","invocation_id":"inv_01m2qgemtpj2gmzetd249sewv6","attempt":1,"generation":35,"delivery_count":1,"target":"tachyon_serverless_application::services::invoke_async::dispatch"}
{"timestamp":"2026-09-17T11:01:48.768622Z","level":"INFO","message":"asynchronous invocation rescheduled","invocation_id":"inv_01m2qgemtpj2gmzetd249sewv6","next_attempt_at":"2026-09-17T11:01:49.320240+00:00","counted":false,"error_type":"Host.DispatcherFenced","target":"tachyon_serverless_application::services::invoke_async::dispatch"}
{"timestamp":"2026-09-17T11:01:48.773233Z","level":"INFO","message":"async dispatch: delivery handled","message_id":"inv_01m2qgemtpj2gmzetd249sewv6.g35","sequence":83,"delivery_count":1,"outcome":"Rescheduled { next_attempt_at: 2026-09-17T11:01:49.320240Z, counted: false }","target":"tachyon_serverless_application::services::invoke_async::dispatch"}
{"timestamp":"2026-09-17T11:01:48.981973Z","level":"INFO","message":"asynchronous run claimed","invocation_id":"inv_01m2qgemtm7nzfjr6n9nv1t1fj","attempt":1,"generation":39,"delivery_count":1,"target":"tachyon_serverless_application::services::invoke_async::dispatch"}
{"timestamp":"2026-09-17T11:01:48.982599Z","level":"INFO","message":"asynchronous invocation rescheduled","invocation_id":"inv_01m2qgemtm7nzfjr6n9nv1t1fj","next_attempt_at":"2026-09-17T11:01:49.733263+00:00","counted":false,"error_type":"Host.DispatcherFenced","target":"tachyon_serverless_application::services::invoke_async::dispatch"}
{"timestamp":"2026-09-17T11:01:48.987199Z","level":"INFO","message":"async dispatch: delivery handled","message_id":"inv_01m2qgemtm7nzfjr6n9nv1t1fj.g39","sequence":84,"delivery_count":1,"outcome":"Rescheduled { next_attempt_at: 2026-09-17T11:01:49.733263Z, counted: false }","target":"tachyon_serverless_application::services::invoke_async::dispatch"}
{"timestamp":"2026-09-17T11:01:49.394266Z","level":"INFO","message":"asynchronous run claimed","invocation_id":"inv_01m2qgemtpj2gmzetd249sewv6","attempt":1,"generation":36,"delivery_count":1,"target":"tachyon_serverless_application::services::invoke_async::dispatch"}
{"timestamp":"2026-09-17T11:01:49.398649Z","level":"INFO","message":"asynchronous invocation rescheduled","invocation_id":"inv_01m2qgemtpj2gmzetd249sewv6","next_attempt_at":"2026-09-17T11:01:50.087269+00:00","counted":false,"error_type":"Host.DispatcherFenced","target":"tachyon_serverless_application::services::invoke_async::dispatch"}
{"timestamp":"2026-09-17T11:01:49.403440Z","level":"INFO","message":"async dispatch: delivery handled","message_id":"inv_01m2qgemtpj2gmzetd249sewv6.g36","sequence":85,"delivery_count":1,"outcome":"Rescheduled { next_attempt_at: 2026-09-17T11:01:50.087269Z, counted: false }","target":"tachyon_serverless_application::services::invoke_async::dispatch"}
{"timestamp":"2026-09-17T11:01:49.524585Z","level":"INFO","message":"object retention pass","report":"GcReport { examined: 2, collected_expired: 0, collected_orphans: 0, kept_in_use: 0, kept_referenced: 2, incomplete_removed: 0, tombstones_purged: 0, failed: 0 }","target":"tachyon_serverless_gateway"}
{"timestamp":"2026-09-17T11:01:49.816055Z","level":"INFO","message":"asynchronous run claimed","invocation_id":"inv_01m2qgemtm7nzfjr6n9nv1t1fj","attempt":1,"generation":40,"delivery_count":1,"target":"tachyon_serverless_application::services::invoke_async::dispatch"}
{"timestamp":"2026-09-17T11:01:49.816715Z","level":"INFO","message":"asynchronous invocation rescheduled","invocation_id":"inv_01m2qgemtm7nzfjr6n9nv1t1fj","next_attempt_at":"2026-09-17T11:01:50.014370+00:00","counted":false,"error_type":"Host.DispatcherFenced","target":"tachyon_serverless_application::services::invoke_async::dispatch"}
{"timestamp":"2026-09-17T11:01:49.821274Z","level":"INFO","message":"async dispatch: delivery handled","message_id":"inv_01m2qgemtm7nzfjr6n9nv1t1fj.g40","sequence":86,"delivery_count":1,"outcome":"Rescheduled { next_attempt_at: 2026-09-17T11:01:50.014370Z, counted: false }","target":"tachyon_serverless_application::services::invoke_async::dispatch"}
{"timestamp":"2026-09-17T11:01:50.029089Z","level":"INFO","message":"asynchronous run claimed","invocation_id":"inv_01m2qgemtm7nzfjr6n9nv1t1fj","attempt":1,"generation":41,"delivery_count":1,"target":"tachyon_serverless_application::services::invoke_async::dispatch"}
{"timestamp":"2026-09-17T11:01:50.029667Z","level":"INFO","message":"asynchronous invocation rescheduled","invocation_id":"inv_01m2qgemtm7nzfjr6n9nv1t1fj","next_attempt_at":"2026-09-17T11:01:50.277330+00:00","counted":false,"error_type":"Host.DispatcherFenced","target":"tachyon_serverless_application::services::invoke_async::dispatch"}
{"timestamp":"2026-09-17T11:01:50.034435Z","level":"INFO","message":"async dispatch: delivery handled","message_id":"inv_01m2qgemtm7nzfjr6n9nv1t1fj.g41","sequence":87,"delivery_count":1,"outcome":"Rescheduled { next_attempt_at: 2026-09-17T11:01:50.277330Z, counted: false }","target":"tachyon_serverless_application::services::invoke_async::dispatch"}
{"timestamp":"2026-09-17T11:01:50.141115Z","level":"INFO","message":"asynchronous run claimed","invocation_id":"inv_01m2qgemtpj2gmzetd249sewv6","attempt":1,"generation":37,"delivery_count":1,"target":"tachyon_serverless_application::services::invoke_async::dispatch"}
{"timestamp":"2026-09-17T11:01:50.141612Z","level":"INFO","message":"asynchronous invocation rescheduled","invocation_id":"inv_01m2qgemtpj2gmzetd249sewv6","next_attempt_at":"2026-09-17T11:01:50.391266+00:00","counted":false,"error_type":"Host.DispatcherFenced","target":"tachyon_serverless_application::services::invoke_async::dispatch"}
{"timestamp":"2026-09-17T11:01:50.146233Z","level":"INFO","message":"async dispatch: delivery handled","message_id":"inv_01m2qgemtpj2gmzetd249sewv6.g37","sequence":88,"delivery_count":1,"outcome":"Rescheduled { next_attempt_at: 2026-09-17T11:01:50.391266Z, counted: false }","target":"tachyon_serverless_application::services::invoke_async::dispatch"}
{"timestamp":"2026-09-17T11:01:50.351201Z","level":"INFO","message":"asynchronous run claimed","invocation_id":"inv_01m2qgemtm7nzfjr6n9nv1t1fj","attempt":1,"generation":42,"delivery_count":1,"target":"tachyon_serverless_application::services::invoke_async::dispatch"}
{"timestamp":"2026-09-17T11:01:50.351634Z","level":"INFO","message":"asynchronous invocation rescheduled","invocation_id":"inv_01m2qgemtm7nzfjr6n9nv1t1fj","next_attempt_at":"2026-09-17T11:01:50.466344+00:00","counted":false,"error_type":"Host.DispatcherFenced","target":"tachyon_serverless_application::services::invoke_async::dispatch"}
{"timestamp":"2026-09-17T11:01:50.356366Z","level":"INFO","message":"async dispatch: delivery handled","message_id":"inv_01m2qgemtm7nzfjr6n9nv1t1fj.g42","sequence":89,"delivery_count":1,"outcome":"Rescheduled { next_attempt_at: 2026-09-17T11:01:50.466344Z, counted: false }","target":"tachyon_serverless_application::services::invoke_async::dispatch"}
{"timestamp":"2026-09-17T11:01:50.457285Z","level":"INFO","message":"asynchronous run claimed","invocation_id":"inv_01m2qgemtpj2gmzetd249sewv6","attempt":1,"generation":38,"delivery_count":1,"target":"tachyon_serverless_application::services::invoke_async::dispatch"}
{"timestamp":"2026-09-17T11:01:50.457673Z","level":"INFO","message":"asynchronous invocation rescheduled","invocation_id":"inv_01m2qgemtpj2gmzetd249sewv6","next_attempt_at":"2026-09-17T11:01:51.342413+00:00","counted":false,"error_type":"Host.DispatcherFenced","target":"tachyon_serverless_application::services::invoke_async::dispatch"}
{"timestamp":"2026-09-17T11:01:50.461855Z","level":"INFO","message":"async dispatch: delivery handled","message_id":"inv_01m2qgemtpj2gmzetd249sewv6.g38","sequence":90,"delivery_count":1,"outcome":"Rescheduled { next_attempt_at: 2026-09-17T11:01:51.342413Z, counted: false }","target":"tachyon_serverless_application::services::invoke_async::dispatch"}
{"timestamp":"2026-09-17T11:01:50.563110Z","level":"INFO","message":"asynchronous run claimed","invocation_id":"inv_01m2qgemtm7nzfjr6n9nv1t1fj","attempt":1,"generation":43,"delivery_count":1,"target":"tachyon_serverless_application::services::invoke_async::dispatch"}
{"timestamp":"2026-09-17T11:01:50.563988Z","level":"INFO","message":"asynchronous invocation rescheduled","invocation_id":"inv_01m2qgemtm7nzfjr6n9nv1t1fj","next_attempt_at":"2026-09-17T11:01:50.779621+00:00","counted":false,"error_type":"Host.DispatcherFenced","target":"tachyon_serverless_application::services::invoke_async::dispatch"}
{"timestamp":"2026-09-17T11:01:50.568781Z","level":"INFO","message":"async dispatch: delivery handled","message_id":"inv_01m2qgemtm7nzfjr6n9nv1t1fj.g43","sequence":91,"delivery_count":1,"outcome":"Rescheduled { next_attempt_at: 2026-09-17T11:01:50.779621Z, counted: false }","target":"tachyon_serverless_application::services::invoke_async::dispatch"}
{"timestamp":"2026-09-17T11:01:50.875331Z","level":"INFO","message":"asynchronous run claimed","invocation_id":"inv_01m2qgemtm7nzfjr6n9nv1t1fj","attempt":1,"generation":44,"delivery_count":1,"target":"tachyon_serverless_application::services::invoke_async::dispatch"}
{"timestamp":"2026-09-17T11:01:50.875949Z","level":"INFO","message":"asynchronous invocation rescheduled","invocation_id":"inv_01m2qgemtm7nzfjr6n9nv1t1fj","next_attempt_at":"2026-09-17T11:01:51.425566+00:00","counted":false,"error_type":"Host.DispatcherFenced","target":"tachyon_serverless_application::services::invoke_async::dispatch"}
{"timestamp":"2026-09-17T11:01:50.880349Z","level":"INFO","message":"async dispatch: delivery handled","message_id":"inv_01m2qgemtm7nzfjr6n9nv1t1fj.g44","sequence":92,"delivery_count":1,"outcome":"Rescheduled { next_attempt_at: 2026-09-17T11:01:51.425566Z, counted: false }","target":"tachyon_serverless_application::services::invoke_async::dispatch"}
{"timestamp":"2026-09-17T11:01:51.392468Z","level":"INFO","message":"asynchronous run claimed","invocation_id":"inv_01m2qgemtpj2gmzetd249sewv6","attempt":1,"generation":39,"delivery_count":1,"target":"tachyon_serverless_application::services::invoke_async::dispatch"}
{"timestamp":"2026-09-17T11:01:51.393072Z","level":"INFO","message":"asynchronous invocation rescheduled","invocation_id":"inv_01m2qgemtpj2gmzetd249sewv6","next_attempt_at":"2026-09-17T11:01:51.940721+00:00","counted":false,"error_type":"Host.DispatcherFenced","target":"tachyon_serverless_application::services::invoke_async::dispatch"}
{"timestamp":"2026-09-17T11:01:51.397474Z","level":"INFO","message":"async dispatch: delivery handled","message_id":"inv_01m2qgemtpj2gmzetd249sewv6.g39","sequence":93,"delivery_count":1,"outcome":"Rescheduled { next_attempt_at: 2026-09-17T11:01:51.940721Z, counted: false }","target":"tachyon_serverless_application::services::invoke_async::dispatch"}
{"timestamp":"2026-09-17T11:01:51.505333Z","level":"INFO","message":"asynchronous run claimed","invocation_id":"inv_01m2qgemtm7nzfjr6n9nv1t1fj","attempt":1,"generation":45,"delivery_count":1,"target":"tachyon_serverless_application::services::invoke_async::dispatch"}
{"timestamp":"2026-09-17T11:01:51.505752Z","level":"INFO","message":"asynchronous invocation rescheduled","invocation_id":"inv_01m2qgemtm7nzfjr6n9nv1t1fj","next_attempt_at":"2026-09-17T11:01:52.020472+00:00","counted":false,"error_type":"Host.DispatcherFenced","target":"tachyon_serverless_application::services::invoke_async::dispatch"}
{"timestamp":"2026-09-17T11:01:51.509980Z","level":"INFO","message":"async dispatch: delivery handled","message_id":"inv_01m2qgemtm7nzfjr6n9nv1t1fj.g45","sequence":94,"delivery_count":1,"outcome":"Rescheduled { next_attempt_at: 2026-09-17T11:01:52.020472Z, counted: false }","target":"tachyon_serverless_application::services::invoke_async::dispatch"}
{"timestamp":"2026-09-17T11:01:51.524907Z","level":"INFO","message":"object retention pass","report":"GcReport { examined: 2, collected_expired: 0, collected_orphans: 0, kept_in_use: 0, kept_referenced: 2, incomplete_removed: 0, tombstones_purged: 0, failed: 0 }","target":"tachyon_serverless_gateway"}
{"timestamp":"2026-09-17T11:01:52.017279Z","level":"INFO","message":"asynchronous run claimed","invocation_id":"inv_01m2qgemtpj2gmzetd249sewv6","attempt":1,"generation":40,"delivery_count":1,"target":"tachyon_serverless_application::services::invoke_async::dispatch"}
{"timestamp":"2026-09-17T11:01:52.023569Z","level":"INFO","message":"asynchronous invocation rescheduled","invocation_id":"inv_01m2qgemtpj2gmzetd249sewv6","next_attempt_at":"2026-09-17T11:01:52.117503+00:00","counted":false,"error_type":"Host.DispatcherFenced","target":"tachyon_serverless_application::services::invoke_async::dispatch"}
{"timestamp":"2026-09-17T11:01:52.032402Z","level":"INFO","message":"async dispatch: delivery handled","message_id":"inv_01m2qgemtpj2gmzetd249sewv6.g40","sequence":95,"delivery_count":1,"outcome":"Rescheduled { next_attempt_at: 2026-09-17T11:01:52.117503Z, counted: false }","target":"tachyon_serverless_application::services::invoke_async::dispatch"}
{"timestamp":"2026-09-17T11:01:52.032999Z","level":"INFO","message":"asynchronous run claimed","invocation_id":"inv_01m2qgemtm7nzfjr6n9nv1t1fj","attempt":1,"generation":46,"delivery_count":1,"target":"tachyon_serverless_application::services::invoke_async::dispatch"}
{"timestamp":"2026-09-17T11:01:52.033447Z","level":"INFO","message":"asynchronous invocation rescheduled","invocation_id":"inv_01m2qgemtm7nzfjr6n9nv1t1fj","next_attempt_at":"2026-09-17T11:01:52.996141+00:00","counted":false,"error_type":"Host.DispatcherFenced","target":"tachyon_serverless_application::services::invoke_async::dispatch"}
{"timestamp":"2026-09-17T11:01:52.037487Z","level":"INFO","message":"async dispatch: delivery handled","message_id":"inv_01m2qgemtm7nzfjr6n9nv1t1fj.g46","sequence":96,"delivery_count":1,"outcome":"Rescheduled { next_attempt_at: 2026-09-17T11:01:52.996141Z, counted: false }","target":"tachyon_serverless_application::services::invoke_async::dispatch"}
{"timestamp":"2026-09-17T11:01:52.141360Z","level":"INFO","message":"asynchronous run claimed","invocation_id":"inv_01m2qgemtpj2gmzetd249sewv6","attempt":1,"generation":41,"delivery_count":1,"target":"tachyon_serverless_application::services::invoke_async::dispatch"}
{"timestamp":"2026-09-17T11:01:52.142079Z","level":"INFO","message":"asynchronous invocation rescheduled","invocation_id":"inv_01m2qgemtpj2gmzetd249sewv6","next_attempt_at":"2026-09-17T11:01:52.241572+00:00","counted":false,"error_type":"Host.DispatcherFenced","target":"tachyon_serverless_application::services::invoke_async::dispatch"}
{"timestamp":"2026-09-17T11:01:52.146603Z","level":"INFO","message":"async dispatch: delivery handled","message_id":"inv_01m2qgemtpj2gmzetd249sewv6.g41","sequence":97,"delivery_count":1,"outcome":"Rescheduled { next_attempt_at: 2026-09-17T11:01:52.241572Z, counted: false }","target":"tachyon_serverless_application::services::invoke_async::dispatch"}
{"timestamp":"2026-09-17T11:01:52.248907Z","level":"INFO","message":"asynchronous run claimed","invocation_id":"inv_01m2qgemtpj2gmzetd249sewv6","attempt":1,"generation":42,"delivery_count":1,"target":"tachyon_serverless_application::services::invoke_async::dispatch"}
{"timestamp":"2026-09-17T11:01:52.249473Z","level":"INFO","message":"asynchronous invocation rescheduled","invocation_id":"inv_01m2qgemtpj2gmzetd249sewv6","next_attempt_at":"2026-09-17T11:01:52.349120+00:00","counted":false,"error_type":"Host.DispatcherFenced","target":"tachyon_serverless_application::services::invoke_async::dispatch"}
{"timestamp":"2026-09-17T11:01:52.254237Z","level":"INFO","message":"async dispatch: delivery handled","message_id":"inv_01m2qgemtpj2gmzetd249sewv6.g42","sequence":98,"delivery_count":1,"outcome":"Rescheduled { next_attempt_at: 2026-09-17T11:01:52.349120Z, counted: false }","target":"tachyon_serverless_application::services::invoke_async::dispatch"}
{"timestamp":"2026-09-17T11:01:52.358109Z","level":"INFO","message":"asynchronous run claimed","invocation_id":"inv_01m2qgemtpj2gmzetd249sewv6","attempt":1,"generation":43,"delivery_count":1,"target":"tachyon_serverless_application::services::invoke_async::dispatch"}
{"timestamp":"2026-09-17T11:01:52.358731Z","level":"INFO","message":"asynchronous invocation rescheduled","invocation_id":"inv_01m2qgemtpj2gmzetd249sewv6","next_attempt_at":"2026-09-17T11:01:53.293352+00:00","counted":false,"error_type":"Host.DispatcherFenced","target":"tachyon_serverless_application::services::invoke_async::dispatch"}
{"timestamp":"2026-09-17T11:01:52.363556Z","level":"INFO","message":"async dispatch: delivery handled","message_id":"inv_01m2qgemtpj2gmzetd249sewv6.g43","sequence":99,"delivery_count":1,"outcome":"Rescheduled { next_attempt_at: 2026-09-17T11:01:53.293352Z, counted: false }","target":"tachyon_serverless_application::services::invoke_async::dispatch"}
{"timestamp":"2026-09-17T11:01:53.076485Z","level":"INFO","message":"asynchronous run claimed","invocation_id":"inv_01m2qgemtm7nzfjr6n9nv1t1fj","attempt":1,"generation":47,"delivery_count":1,"target":"tachyon_serverless_application::services::invoke_async::dispatch"}
{"timestamp":"2026-09-17T11:01:53.081256Z","level":"INFO","message":"asynchronous invocation rescheduled","invocation_id":"inv_01m2qgemtm7nzfjr6n9nv1t1fj","next_attempt_at":"2026-09-17T11:01:53.854587+00:00","counted":false,"error_type":"Host.DispatcherFenced","target":"tachyon_serverless_application::services::invoke_async::dispatch"}
{"timestamp":"2026-09-17T11:01:53.085514Z","level":"INFO","message":"async dispatch: delivery handled","message_id":"inv_01m2qgemtm7nzfjr6n9nv1t1fj.g47","sequence":100,"delivery_count":1,"outcome":"Rescheduled { next_attempt_at: 2026-09-17T11:01:53.854587Z, counted: false }","target":"tachyon_serverless_application::services::invoke_async::dispatch"}
{"timestamp":"2026-09-17T11:01:53.396872Z","level":"INFO","message":"asynchronous run claimed","invocation_id":"inv_01m2qgemtpj2gmzetd249sewv6","attempt":1,"generation":44,"delivery_count":1,"target":"tachyon_serverless_application::services::invoke_async::dispatch"}
{"timestamp":"2026-09-17T11:01:53.397487Z","level":"INFO","message":"asynchronous invocation rescheduled","invocation_id":"inv_01m2qgemtpj2gmzetd249sewv6","next_attempt_at":"2026-09-17T11:01:53.662139+00:00","counted":false,"error_type":"Host.DispatcherFenced","target":"tachyon_serverless_application::services::invoke_async::dispatch"}
{"timestamp":"2026-09-17T11:01:53.402196Z","level":"INFO","message":"async dispatch: delivery handled","message_id":"inv_01m2qgemtpj2gmzetd249sewv6.g44","sequence":101,"delivery_count":1,"outcome":"Rescheduled { next_attempt_at: 2026-09-17T11:01:53.662139Z, counted: false }","target":"tachyon_serverless_application::services::invoke_async::dispatch"}
{"timestamp":"2026-09-17T11:01:53.524780Z","level":"INFO","message":"object retention pass","report":"GcReport { examined: 2, collected_expired: 0, collected_orphans: 0, kept_in_use: 0, kept_referenced: 2, incomplete_removed: 0, tombstones_purged: 0, failed: 0 }","target":"tachyon_serverless_gateway"}
{"timestamp":"2026-09-17T11:01:53.714299Z","level":"INFO","message":"asynchronous run claimed","invocation_id":"inv_01m2qgemtpj2gmzetd249sewv6","attempt":1,"generation":45,"delivery_count":1,"target":"tachyon_serverless_application::services::invoke_async::dispatch"}
{"timestamp":"2026-09-17T11:01:53.715052Z","level":"INFO","message":"asynchronous invocation rescheduled","invocation_id":"inv_01m2qgemtpj2gmzetd249sewv6","next_attempt_at":"2026-09-17T11:01:54.546611+00:00","counted":false,"error_type":"Host.DispatcherFenced","target":"tachyon_serverless_application::services::invoke_async::dispatch"}
{"timestamp":"2026-09-17T11:01:53.719677Z","level":"INFO","message":"async dispatch: delivery handled","message_id":"inv_01m2qgemtpj2gmzetd249sewv6.g45","sequence":102,"delivery_count":1,"outcome":"Rescheduled { next_attempt_at: 2026-09-17T11:01:54.546611Z, counted: false }","target":"tachyon_serverless_application::services::invoke_async::dispatch"}
{"timestamp":"2026-09-17T11:01:53.928688Z","level":"INFO","message":"asynchronous run claimed","invocation_id":"inv_01m2qgemtm7nzfjr6n9nv1t1fj","attempt":1,"generation":48,"delivery_count":1,"target":"tachyon_serverless_application::services::invoke_async::dispatch"}
{"timestamp":"2026-09-17T11:01:53.929366Z","level":"INFO","message":"asynchronous invocation rescheduled","invocation_id":"inv_01m2qgemtm7nzfjr6n9nv1t1fj","next_attempt_at":"2026-09-17T11:01:54.832974+00:00","counted":false,"error_type":"Host.DispatcherFenced","target":"tachyon_serverless_application::services::invoke_async::dispatch"}
{"timestamp":"2026-09-17T11:01:53.934195Z","level":"INFO","message":"async dispatch: delivery handled","message_id":"inv_01m2qgemtm7nzfjr6n9nv1t1fj.g48","sequence":103,"delivery_count":1,"outcome":"Rescheduled { next_attempt_at: 2026-09-17T11:01:54.832974Z, counted: false }","target":"tachyon_serverless_application::services::invoke_async::dispatch"}
{"timestamp":"2026-09-17T11:01:54.656533Z","level":"INFO","message":"asynchronous run claimed","invocation_id":"inv_01m2qgemtpj2gmzetd249sewv6","attempt":1,"generation":46,"delivery_count":1,"target":"tachyon_serverless_application::services::invoke_async::dispatch"}
{"timestamp":"2026-09-17T11:01:54.657176Z","level":"INFO","message":"asynchronous invocation rescheduled","invocation_id":"inv_01m2qgemtpj2gmzetd249sewv6","next_attempt_at":"2026-09-17T11:01:54.802803+00:00","counted":false,"error_type":"Host.DispatcherFenced","target":"tachyon_serverless_application::services::invoke_async::dispatch"}
{"timestamp":"2026-09-17T11:01:54.661802Z","level":"INFO","message":"async dispatch: delivery handled","message_id":"inv_01m2qgemtpj2gmzetd249sewv6.g46","sequence":104,"delivery_count":1,"outcome":"Rescheduled { next_attempt_at: 2026-09-17T11:01:54.802803Z, counted: false }","target":"tachyon_serverless_application::services::invoke_async::dispatch"}
{"timestamp":"2026-09-17T11:01:54.867426Z","level":"INFO","message":"asynchronous run claimed","invocation_id":"inv_01m2qgemtpj2gmzetd249sewv6","attempt":1,"generation":47,"delivery_count":1,"target":"tachyon_serverless_application::services::invoke_async::dispatch"}
{"timestamp":"2026-09-17T11:01:54.873154Z","level":"INFO","message":"asynchronous invocation rescheduled","invocation_id":"inv_01m2qgemtpj2gmzetd249sewv6","next_attempt_at":"2026-09-17T11:01:55.856709+00:00","counted":false,"error_type":"Host.DispatcherFenced","target":"tachyon_serverless_application::services::invoke_async::dispatch"}
{"timestamp":"2026-09-17T11:01:54.879321Z","level":"INFO","message":"asynchronous run claimed","invocation_id":"inv_01m2qgemtm7nzfjr6n9nv1t1fj","attempt":1,"generation":49,"delivery_count":1,"target":"tachyon_serverless_application::services::invoke_async::dispatch"}
{"timestamp":"2026-09-17T11:01:54.879473Z","level":"INFO","message":"async dispatch: delivery handled","message_id":"inv_01m2qgemtpj2gmzetd249sewv6.g47","sequence":105,"delivery_count":1,"outcome":"Rescheduled { next_attempt_at: 2026-09-17T11:01:55.856709Z, counted: false }","target":"tachyon_serverless_application::services::invoke_async::dispatch"}
{"timestamp":"2026-09-17T11:01:54.880077Z","level":"INFO","message":"asynchronous invocation rescheduled","invocation_id":"inv_01m2qgemtm7nzfjr6n9nv1t1fj","next_attempt_at":"2026-09-17T11:01:55.851676+00:00","counted":false,"error_type":"Host.DispatcherFenced","target":"tachyon_serverless_application::services::invoke_async::dispatch"}
{"timestamp":"2026-09-17T11:01:54.884423Z","level":"INFO","message":"async dispatch: delivery handled","message_id":"inv_01m2qgemtm7nzfjr6n9nv1t1fj.g49","sequence":106,"delivery_count":1,"outcome":"Rescheduled { next_attempt_at: 2026-09-17T11:01:55.851676Z, counted: false }","target":"tachyon_serverless_application::services::invoke_async::dispatch"}
{"timestamp":"2026-09-17T11:01:55.524657Z","level":"INFO","message":"object retention pass","report":"GcReport { examined: 2, collected_expired: 0, collected_orphans: 0, kept_in_use: 0, kept_referenced: 2, incomplete_removed: 0, tombstones_purged: 0, failed: 0 }","target":"tachyon_serverless_gateway"}
{"timestamp":"2026-09-17T11:01:55.900742Z","level":"INFO","message":"asynchronous run claimed","invocation_id":"inv_01m2qgemtm7nzfjr6n9nv1t1fj","attempt":1,"generation":50,"delivery_count":1,"target":"tachyon_serverless_application::services::invoke_async::dispatch"}
{"timestamp":"2026-09-17T11:01:55.906895Z","level":"INFO","message":"asynchronous run claimed","invocation_id":"inv_01m2qgemtpj2gmzetd249sewv6","attempt":1,"generation":48,"delivery_count":1,"target":"tachyon_serverless_application::services::invoke_async::dispatch"}
{"timestamp":"2026-09-17T11:01:55.907441Z","level":"INFO","message":"asynchronous invocation rescheduled","invocation_id":"inv_01m2qgemtm7nzfjr6n9nv1t1fj","next_attempt_at":"2026-09-17T11:01:56.053978+00:00","counted":false,"error_type":"Host.DispatcherFenced","target":"tachyon_serverless_application::services::invoke_async::dispatch"}
{"timestamp":"2026-09-17T11:01:55.911409Z","level":"INFO","message":"asynchronous invocation rescheduled","invocation_id":"inv_01m2qgemtpj2gmzetd249sewv6","next_attempt_at":"2026-09-17T11:01:56.780122+00:00","counted":false,"error_type":"Host.DispatcherFenced","target":"tachyon_serverless_application::services::invoke_async::dispatch"}
{"timestamp":"2026-09-17T11:01:55.911650Z","level":"INFO","message":"async dispatch: delivery handled","message_id":"inv_01m2qgemtm7nzfjr6n9nv1t1fj.g50","sequence":107,"delivery_count":1,"outcome":"Rescheduled { next_attempt_at: 2026-09-17T11:01:56.053978Z, counted: false }","target":"tachyon_serverless_application::services::invoke_async::dispatch"}
{"timestamp":"2026-09-17T11:01:55.915909Z","level":"INFO","message":"async dispatch: delivery handled","message_id":"inv_01m2qgemtpj2gmzetd249sewv6.g48","sequence":108,"delivery_count":1,"outcome":"Rescheduled { next_attempt_at: 2026-09-17T11:01:56.780122Z, counted: false }","target":"tachyon_serverless_application::services::invoke_async::dispatch"}
{"timestamp":"2026-09-17T11:01:56.125345Z","level":"INFO","message":"asynchronous run claimed","invocation_id":"inv_01m2qgemtm7nzfjr6n9nv1t1fj","attempt":1,"generation":51,"delivery_count":1,"target":"tachyon_serverless_application::services::invoke_async::dispatch"}
{"timestamp":"2026-09-17T11:01:56.125868Z","level":"INFO","message":"asynchronous invocation rescheduled","invocation_id":"inv_01m2qgemtm7nzfjr6n9nv1t1fj","next_attempt_at":"2026-09-17T11:01:56.334529+00:00","counted":false,"error_type":"Host.DispatcherFenced","target":"tachyon_serverless_application::services::invoke_async::dispatch"}
{"timestamp":"2026-09-17T11:01:56.130864Z","level":"INFO","message":"async dispatch: delivery handled","message_id":"inv_01m2qgemtm7nzfjr6n9nv1t1fj.g51","sequence":109,"delivery_count":1,"outcome":"Rescheduled { next_attempt_at: 2026-09-17T11:01:56.334529Z, counted: false }","target":"tachyon_serverless_application::services::invoke_async::dispatch"}
{"timestamp":"2026-09-17T11:01:56.434894Z","level":"INFO","message":"asynchronous run claimed","invocation_id":"inv_01m2qgemtm7nzfjr6n9nv1t1fj","attempt":1,"generation":52,"delivery_count":1,"target":"tachyon_serverless_application::services::invoke_async::dispatch"}
{"timestamp":"2026-09-17T11:01:56.438382Z","level":"INFO","message":"asynchronous invocation rescheduled","invocation_id":"inv_01m2qgemtm7nzfjr6n9nv1t1fj","next_attempt_at":"2026-09-17T11:01:56.886004+00:00","counted":false,"error_type":"Host.DispatcherFenced","target":"tachyon_serverless_application::services::invoke_async::dispatch"}
{"timestamp":"2026-09-17T11:01:56.443232Z","level":"INFO","message":"async dispatch: delivery handled","message_id":"inv_01m2qgemtm7nzfjr6n9nv1t1fj.g52","sequence":110,"delivery_count":1,"outcome":"Rescheduled { next_attempt_at: 2026-09-17T11:01:56.886004Z, counted: false }","target":"tachyon_serverless_application::services::invoke_async::dispatch"}
{"timestamp":"2026-09-17T11:01:56.855647Z","level":"INFO","message":"asynchronous run claimed","invocation_id":"inv_01m2qgemtpj2gmzetd249sewv6","attempt":1,"generation":49,"delivery_count":1,"target":"tachyon_serverless_application::services::invoke_async::dispatch"}
{"timestamp":"2026-09-17T11:01:56.856302Z","level":"INFO","message":"asynchronous invocation rescheduled","invocation_id":"inv_01m2qgemtpj2gmzetd249sewv6","next_attempt_at":"2026-09-17T11:01:56.983963+00:00","counted":false,"error_type":"Host.DispatcherFenced","target":"tachyon_serverless_application::services::invoke_async::dispatch"}
{"timestamp":"2026-09-17T11:01:56.861224Z","level":"INFO","message":"async dispatch: delivery handled","message_id":"inv_01m2qgemtpj2gmzetd249sewv6.g49","sequence":111,"delivery_count":1,"outcome":"Rescheduled { next_attempt_at: 2026-09-17T11:01:56.983963Z, counted: false }","target":"tachyon_serverless_application::services::invoke_async::dispatch"}
{"timestamp":"2026-09-17T11:01:56.968131Z","level":"INFO","message":"asynchronous run claimed","invocation_id":"inv_01m2qgemtm7nzfjr6n9nv1t1fj","attempt":1,"generation":53,"delivery_count":1,"target":"tachyon_serverless_application::services::invoke_async::dispatch"}
{"timestamp":"2026-09-17T11:01:56.968648Z","level":"INFO","message":"asynchronous invocation rescheduled","invocation_id":"inv_01m2qgemtm7nzfjr6n9nv1t1fj","next_attempt_at":"2026-09-17T11:01:57.938311+00:00","counted":false,"error_type":"Host.DispatcherFenced","target":"tachyon_serverless_application::services::invoke_async::dispatch"}
{"timestamp":"2026-09-17T11:01:56.972948Z","level":"INFO","message":"async dispatch: delivery handled","message_id":"inv_01m2qgemtm7nzfjr6n9nv1t1fj.g53","sequence":112,"delivery_count":1,"outcome":"Rescheduled { next_attempt_at: 2026-09-17T11:01:57.938311Z, counted: false }","target":"tachyon_serverless_application::services::invoke_async::dispatch"}
{"timestamp":"2026-09-17T11:01:57.080433Z","level":"INFO","message":"asynchronous run claimed","invocation_id":"inv_01m2qgemtpj2gmzetd249sewv6","attempt":1,"generation":50,"delivery_count":1,"target":"tachyon_serverless_application::services::invoke_async::dispatch"}
{"timestamp":"2026-09-17T11:01:57.081074Z","level":"INFO","message":"asynchronous invocation rescheduled","invocation_id":"inv_01m2qgemtpj2gmzetd249sewv6","next_attempt_at":"2026-09-17T11:01:57.180672+00:00","counted":false,"error_type":"Host.DispatcherFenced","target":"tachyon_serverless_application::services::invoke_async::dispatch"}
{"timestamp":"2026-09-17T11:01:57.085235Z","level":"INFO","message":"async dispatch: delivery handled","message_id":"inv_01m2qgemtpj2gmzetd249sewv6.g50","sequence":113,"delivery_count":1,"outcome":"Rescheduled { next_attempt_at: 2026-09-17T11:01:57.180672Z, counted: false }","target":"tachyon_serverless_application::services::invoke_async::dispatch"}
{"timestamp":"2026-09-17T11:01:57.187493Z","level":"INFO","message":"asynchronous run claimed","invocation_id":"inv_01m2qgemtpj2gmzetd249sewv6","attempt":1,"generation":51,"delivery_count":1,"target":"tachyon_serverless_application::services::invoke_async::dispatch"}
{"timestamp":"2026-09-17T11:01:57.187952Z","level":"INFO","message":"asynchronous invocation rescheduled","invocation_id":"inv_01m2qgemtpj2gmzetd249sewv6","next_attempt_at":"2026-09-17T11:01:57.885666+00:00","counted":false,"error_type":"Host.DispatcherFenced","target":"tachyon_serverless_application::services::invoke_async::dispatch"}
{"timestamp":"2026-09-17T11:01:57.192889Z","level":"INFO","message":"async dispatch: delivery handled","message_id":"inv_01m2qgemtpj2gmzetd249sewv6.g51","sequence":114,"delivery_count":1,"outcome":"Rescheduled { next_attempt_at: 2026-09-17T11:01:57.885666Z, counted: false }","target":"tachyon_serverless_application::services::invoke_async::dispatch"}
{"timestamp":"2026-09-17T11:01:57.525400Z","level":"INFO","message":"object retention pass","report":"GcReport { examined: 2, collected_expired: 0, collected_orphans: 0, kept_in_use: 0, kept_referenced: 2, incomplete_removed: 0, tombstones_purged: 0, failed: 0 }","target":"tachyon_serverless_gateway"}
{"timestamp":"2026-09-17T11:01:57.909922Z","level":"INFO","message":"asynchronous run claimed","invocation_id":"inv_01m2qgemtpj2gmzetd249sewv6","attempt":1,"generation":52,"delivery_count":1,"target":"tachyon_serverless_application::services::invoke_async::dispatch"}
{"timestamp":"2026-09-17T11:01:57.910638Z","level":"INFO","message":"asynchronous invocation rescheduled","invocation_id":"inv_01m2qgemtpj2gmzetd249sewv6","next_attempt_at":"2026-09-17T11:01:58.657241+00:00","counted":false,"error_type":"Host.DispatcherFenced","target":"tachyon_serverless_application::services::invoke_async::dispatch"}
{"timestamp":"2026-09-17T11:01:57.915339Z","level":"INFO","message":"async dispatch: delivery handled","message_id":"inv_01m2qgemtpj2gmzetd249sewv6.g52","sequence":115,"delivery_count":1,"outcome":"Rescheduled { next_attempt_at: 2026-09-17T11:01:58.657241Z, counted: false }","target":"tachyon_serverless_application::services::invoke_async::dispatch"}
{"timestamp":"2026-09-17T11:01:58.023710Z","level":"INFO","message":"asynchronous run claimed","invocation_id":"inv_01m2qgemtm7nzfjr6n9nv1t1fj","attempt":1,"generation":54,"delivery_count":1,"target":"tachyon_serverless_application::services::invoke_async::dispatch"}
{"timestamp":"2026-09-17T11:01:58.024217Z","level":"INFO","message":"asynchronous invocation rescheduled","invocation_id":"inv_01m2qgemtm7nzfjr6n9nv1t1fj","next_attempt_at":"2026-09-17T11:01:58.779889+00:00","counted":false,"error_type":"Host.DispatcherFenced","target":"tachyon_serverless_application::services::invoke_async::dispatch"}
{"timestamp":"2026-09-17T11:01:58.028840Z","level":"INFO","message":"async dispatch: delivery handled","message_id":"inv_01m2qgemtm7nzfjr6n9nv1t1fj.g54","sequence":116,"delivery_count":1,"outcome":"Rescheduled { next_attempt_at: 2026-09-17T11:01:58.779889Z, counted: false }","target":"tachyon_serverless_application::services::invoke_async::dispatch"}
{"timestamp":"2026-09-17T11:01:58.213964Z","level":"INFO","message":"SIGTERM received","target":"tachyon_serverless_gateway"}
{"timestamp":"2026-09-17T11:01:58.214025Z","level":"INFO","message":"shutdown requested; cancelling in-flight invocations","target":"tachyon_serverless_gateway"}
{"timestamp":"2026-09-17T11:01:58.214340Z","level":"INFO","message":"final usage collection","report":"CollectReport { batches: 0, read: 0, inserted: 0, duplicates: 0, cursor_seq: 50 }","target":"tachyon_serverless_gateway"}
{"timestamp":"2026-09-17T11:01:58.215452Z","level":"INFO","message":"gateway stopped","target":"tachyon_serverless_gateway"}
{"timestamp":"2026-09-17T11:01:58.215601Z","level":"INFO","message":"event: closed","target":"async_nats"}

===== a start (failpoints: none) 11:01:58 =====
{"timestamp":"2026-09-17T11:01:58.349687Z","level":"INFO","message":"configuration loaded","config":"/private/var/folders/z7/khzdjrt95cg_fcmcnh4j1b5h0000gn/T/tsls-chaos.OGEJMq/gw-a.toml","target":"tachyon_serverless_gateway"}
{"timestamp":"2026-09-17T11:01:58.352055Z","level":"INFO","message":"connected successfully","server":"60866","max_payload":"1048576","target":"async_nats::connector"}
{"timestamp":"2026-09-17T11:01:58.352231Z","level":"INFO","message":"event: connected","target":"async_nats"}
{"timestamp":"2026-09-17T11:01:58.362384Z","level":"INFO","message":"JetStream queue connected and stream bootstrapped","url":"nats://127.0.0.1:60866","stream":"TACHYON_EVENTS","target":"tachyon_serverless_gateway::durable"}
{"timestamp":"2026-09-17T11:01:58.364784Z","level":"INFO","message":"state store opened","path":"/private/var/folders/z7/khzdjrt95cg_fcmcnh4j1b5h0000gn/T/tsls-chaos.OGEJMq/data/state.db","schema_version":8,"migrations_applied":"[]","imported_state_json":"None","settled_invocations":0,"settled_attempts":0,"settled_environments":0,"released_leases":0,"dropped_idempotency_keys":0,"purged_idempotency_keys":0,"outputs_purged":0,"target":"tachyon_serverless_application::app"}
{"timestamp":"2026-09-17T11:01:58.365323Z","level":"INFO","message":"dispatcher registered","dispatcher_id":"dsp_01m2qgfjeww10wwc04n8cqjvxh","instance":"chaos-a","pid":86217,"lease_ttl_seconds":6,"target":"tachyon_serverless_application::services::dispatcher"}
{"timestamp":"2026-09-17T11:01:58.365916Z","level":"WARN","message":"reclaimed the work of dispatchers that lost their lease","dispatcher_id":"dsp_01m2qgfjeww10wwc04n8cqjvxh","reclaimed_dispatchers":"[DispatcherId(dsp_01m2qge0stezw85rd29y9fqcfw)]","leases":0,"invocations":0,"attempts":0,"fenced":0,"target":"tachyon_serverless_application::services::dispatcher"}
{"timestamp":"2026-09-17T11:01:58.367433Z","level":"INFO","message":"application bootstrapped","profile":"dev","provider":"process","dev_only":true,"environment_reuse":false,"reuse_verified":false,"reuse_reason":"[pool] enabled is false","reuse_disabled":"Some(Configuration)","idle_quiesce":"unsupported","idle_resume":"unsupported","data_dir":"/private/var/folders/z7/khzdjrt95cg_fcmcnh4j1b5h0000gn/T/tsls-chaos.OGEJMq/data","store":"sqlite","dispatcher_id":"dsp_01m2qgfjeww10wwc04n8cqjvxh","node":"local","node_region":"none","node_memory_mib":"None","max_concurrency":8,"queue":"nats","objects":"filesystem","invoke_async":true,"triggers":true,"target":"tachyon_serverless_application::app"}
{"timestamp":"2026-09-17T11:01:58.367877Z","level":"INFO","message":"startup reconcile finished","provider":"process","found":0,"adopted":0,"terminated":0,"disowned":0,"failed":0,"lost":0,"foreign":0,"reclaimed_dispatchers":0,"fenced_terminated":0,"fenced_pending":0,"target":"tachyon_serverless_application::services::reconcile"}
{"timestamp":"2026-09-17T11:01:58.367972Z","level":"INFO","message":"gateway listening","addr":"127.0.0.1:60871","profile":"dev","provider":"process","target":"tachyon_serverless_gateway"}
{"timestamp":"2026-09-17T11:01:58.369788Z","level":"INFO","message":"asynchronous dispatcher started","workers":2,"owner":"dsp_01m2qgfjeww10wwc04n8cqjvxh","target":"tachyon_serverless_gateway"}
{"timestamp":"2026-09-17T11:01:58.370834Z","level":"INFO","message":"late scheduled times skipped by the missed-run policy","trigger_id":"trg_01m2qge4tnn4tfgkmgk64p40j9","skipped":15,"policy":"Skip","target":"tachyon_serverless_application::services::triggers"}
{"timestamp":"2026-09-17T11:01:58.373826Z","level":"INFO","message":"object retention pass","report":"GcReport { examined: 2, collected_expired: 0, collected_orphans: 0, kept_in_use: 0, kept_referenced: 2, incomplete_removed: 0, tombstones_purged: 0, failed: 0 }","target":"tachyon_serverless_gateway"}
{"timestamp":"2026-09-17T11:01:58.377625Z","level":"INFO","message":"asynchronous invocation accepted","invocation_id":"inv_01m2qgfjf5jr8hy2r49023tnyz","tenant_id":"tn_01hzzzzzzzzzzzzzzzzzzzzzza","revision_id":"rev_01m2qge34jw9rc593n676k56t6","input_bytes":180,"input_storage":"inline","target":"tachyon_serverless_application::services::invoke_async"}
{"timestamp":"2026-09-17T11:01:58.377664Z","level":"INFO","message":"cron trigger fired","trigger_id":"trg_01m2qge4tnn4tfgkmgk64p40j9","scheduled_at":"2026-09-17T11:01:58Z","invocation_id":"inv_01m2qgfjf5jr8hy2r49023tnyz","revision_id":"rev_01m2qge34jw9rc593n676k56t6","replayed":false,"target":"tachyon_serverless_application::services::triggers"}
{"timestamp":"2026-09-17T11:01:58.391249Z","level":"INFO","message":"asynchronous run claimed","invocation_id":"inv_01m2qgfjf5jr8hy2r49023tnyz","attempt":1,"generation":0,"delivery_count":1,"target":"tachyon_serverless_application::services::invoke_async::dispatch"}
{"timestamp":"2026-09-17T11:01:58.655162Z","level":"INFO","message":"bridge spawned","environment_id":"env_01m2qgfjfq1jct6e3g8x2g6te1","pid":86231,"target":"tachyon_serverless_provider_process"}
{"timestamp":"2026-09-17T11:01:58.674346Z","level":"INFO","message":"invocation finished","invocation_id":"inv_01m2qgfjf5jr8hy2r49023tnyz","status":"succeeded (async run)","handler_ms":1,"environment_boot_ms":6,"runtime_init_ms":9,"target":"tachyon_serverless_application::services::invoke"}
{"timestamp":"2026-09-17T11:01:58.676218Z","level":"INFO","message":"terminating bridge","environment_id":"env_01m2qgfjfq1jct6e3g8x2g6te1","pid":86231,"reason":"Completed","graceful":true,"target":"tachyon_serverless_provider_process"}
{"timestamp":"2026-09-17T11:01:58.681267Z","level":"INFO","message":"asynchronous invocation settled","invocation_id":"inv_01m2qgfjf5jr8hy2r49023tnyz","status":"succeeded","target":"tachyon_serverless_application::services::invoke_async::dispatch"}
{"timestamp":"2026-09-17T11:01:58.687086Z","level":"INFO","message":"async dispatch: delivery handled","message_id":"inv_01m2qgfjf5jr8hy2r49023tnyz","sequence":117,"delivery_count":1,"outcome":"Completed { status: \"succeeded\" }","target":"tachyon_serverless_application::services::invoke_async::dispatch"}
{"timestamp":"2026-09-17T11:01:58.702113Z","level":"INFO","message":"asynchronous run claimed","invocation_id":"inv_01m2qgemtpj2gmzetd249sewv6","attempt":1,"generation":53,"delivery_count":1,"target":"tachyon_serverless_application::services::invoke_async::dispatch"}
{"timestamp":"2026-09-17T11:01:58.810290Z","level":"INFO","message":"asynchronous run claimed","invocation_id":"inv_01m2qgemtm7nzfjr6n9nv1t1fj","attempt":1,"generation":55,"delivery_count":1,"target":"tachyon_serverless_application::services::invoke_async::dispatch"}
{"timestamp":"2026-09-17T11:01:59.011421Z","level":"INFO","message":"bridge spawned","environment_id":"env_01m2qgfjsegfs3xg2g8hg8kmh5","pid":86248,"target":"tachyon_serverless_provider_process"}
{"timestamp":"2026-09-17T11:01:59.030785Z","level":"INFO","message":"invocation finished","invocation_id":"inv_01m2qgemtpj2gmzetd249sewv6","status":"succeeded (async run)","handler_ms":1,"environment_boot_ms":7,"runtime_init_ms":9,"target":"tachyon_serverless_application::services::invoke"}
{"timestamp":"2026-09-17T11:01:59.032668Z","level":"INFO","message":"terminating bridge","environment_id":"env_01m2qgfjsegfs3xg2g8hg8kmh5","pid":86248,"reason":"Completed","graceful":true,"target":"tachyon_serverless_provider_process"}
{"timestamp":"2026-09-17T11:01:59.037911Z","level":"INFO","message":"asynchronous invocation settled","invocation_id":"inv_01m2qgemtpj2gmzetd249sewv6","status":"succeeded","target":"tachyon_serverless_application::services::invoke_async::dispatch"}
{"timestamp":"2026-09-17T11:01:59.043058Z","level":"INFO","message":"async dispatch: delivery handled","message_id":"inv_01m2qgemtpj2gmzetd249sewv6.g53","sequence":118,"delivery_count":1,"outcome":"Completed { status: \"succeeded\" }","target":"tachyon_serverless_application::services::invoke_async::dispatch"}
{"timestamp":"2026-09-17T11:01:59.110057Z","level":"INFO","message":"bridge spawned","environment_id":"env_01m2qgfjwdfmn0nj9sppe9kzna","pid":86252,"target":"tachyon_serverless_provider_process"}
{"timestamp":"2026-09-17T11:01:59.124787Z","level":"INFO","message":"bridge spawned","environment_id":"env_01m2qgfjwt5d5k1c15d305asy1","pid":86254,"target":"tachyon_serverless_provider_process"}
{"timestamp":"2026-09-17T11:01:59.130004Z","level":"INFO","message":"invocation finished","invocation_id":"inv_01m2qgfjwc0s3kgnfs29tjmk53","status":"succeeded","handler_ms":0,"environment_boot_ms":7,"runtime_init_ms":9,"target":"tachyon_serverless_application::services::invoke"}
{"timestamp":"2026-09-17T11:01:59.131835Z","level":"INFO","message":"terminating bridge","environment_id":"env_01m2qgfjwdfmn0nj9sppe9kzna","pid":86252,"reason":"Completed","graceful":true,"target":"tachyon_serverless_provider_process"}
{"timestamp":"2026-09-17T11:01:59.144427Z","level":"INFO","message":"invocation finished","invocation_id":"inv_01m2qgemtm7nzfjr6n9nv1t1fj","status":"succeeded (async run)","handler_ms":1,"environment_boot_ms":7,"runtime_init_ms":9,"target":"tachyon_serverless_application::services::invoke"}
{"timestamp":"2026-09-17T11:01:59.146429Z","level":"INFO","message":"terminating bridge","environment_id":"env_01m2qgfjwt5d5k1c15d305asy1","pid":86254,"reason":"Completed","graceful":true,"target":"tachyon_serverless_provider_process"}
{"timestamp":"2026-09-17T11:01:59.152419Z","level":"INFO","message":"asynchronous invocation settled","invocation_id":"inv_01m2qgemtm7nzfjr6n9nv1t1fj","status":"succeeded","target":"tachyon_serverless_application::services::invoke_async::dispatch"}
{"timestamp":"2026-09-17T11:01:59.158761Z","level":"INFO","message":"async dispatch: delivery handled","message_id":"inv_01m2qgemtm7nzfjr6n9nv1t1fj.g55","sequence":119,"delivery_count":1,"outcome":"Completed { status: \"succeeded\" }","target":"tachyon_serverless_application::services::invoke_async::dispatch"}
{"timestamp":"2026-09-17T11:01:59.236151Z","level":"INFO","message":"asynchronous invocation accepted","invocation_id":"inv_01m2qgfka3jzzp0vec4ekzm2qn","tenant_id":"tn_01hzzzzzzzzzzzzzzzzzzzzzza","revision_id":"rev_01m2qge1wvar9eqteznet1cbqk","input_bytes":48,"input_storage":"inline","target":"tachyon_serverless_application::services::invoke_async"}
{"timestamp":"2026-09-17T11:01:59.243130Z","level":"INFO","message":"asynchronous run claimed","invocation_id":"inv_01m2qgfka3jzzp0vec4ekzm2qn","attempt":1,"generation":0,"delivery_count":1,"target":"tachyon_serverless_application::services::invoke_async::dispatch"}
{"timestamp":"2026-09-17T11:01:59.368400Z","level":"INFO","message":"asynchronous invocation accepted","invocation_id":"inv_01m2qgfkdpw2mwcw5m1mw5vs6h","tenant_id":"tn_01hzzzzzzzzzzzzzzzzzzzzzza","revision_id":"rev_01m2qge1wvar9eqteznet1cbqk","input_bytes":4128,"input_storage":"object","target":"tachyon_serverless_application::services::invoke_async"}
{"timestamp":"2026-09-17T11:01:59.379240Z","level":"INFO","message":"asynchronous run claimed","invocation_id":"inv_01m2qgfkdpw2mwcw5m1mw5vs6h","attempt":1,"generation":0,"delivery_count":1,"target":"tachyon_serverless_application::services::invoke_async::dispatch"}
{"timestamp":"2026-09-17T11:01:59.438011Z","level":"INFO","message":"asynchronous invocation accepted","invocation_id":"inv_01m2qgfkgcr0sejfn7mq4d0xnb","tenant_id":"tn_01hzzzzzzzzzzzzzzzzzzzzzza","revision_id":"rev_01m2qge34jw9rc593n676k56t6","input_bytes":191,"input_storage":"inline","target":"tachyon_serverless_application::services::invoke_async"}
{"timestamp":"2026-09-17T11:01:59.438098Z","level":"INFO","message":"webhook trigger fired","trigger_id":"trg_01m2qge4vagsk0grv8zw4fpx53","event_id":"evt-post-w1","invocation_id":"inv_01m2qgfkgcr0sejfn7mq4d0xnb","revision_id":"rev_01m2qge34jw9rc593n676k56t6","replayed":false,"target":"tachyon_serverless_application::services::triggers"}
{"timestamp":"2026-09-17T11:01:59.609800Z","level":"INFO","message":"bridge spawned","environment_id":"env_01m2qgfkabthazza08yp1gf7y2","pid":86328,"target":"tachyon_serverless_provider_process"}
{"timestamp":"2026-09-17T11:01:59.632207Z","level":"INFO","message":"invocation finished","invocation_id":"inv_01m2qgfka3jzzp0vec4ekzm2qn","status":"succeeded (async run)","handler_ms":1,"environment_boot_ms":8,"runtime_init_ms":10,"target":"tachyon_serverless_application::services::invoke"}
{"timestamp":"2026-09-17T11:01:59.634156Z","level":"INFO","message":"terminating bridge","environment_id":"env_01m2qgfkabthazza08yp1gf7y2","pid":86328,"reason":"Completed","graceful":true,"target":"tachyon_serverless_provider_process"}
{"timestamp":"2026-09-17T11:01:59.639984Z","level":"INFO","message":"asynchronous invocation settled","invocation_id":"inv_01m2qgfka3jzzp0vec4ekzm2qn","status":"succeeded","target":"tachyon_serverless_application::services::invoke_async::dispatch"}
{"timestamp":"2026-09-17T11:01:59.646116Z","level":"INFO","message":"async dispatch: delivery handled","message_id":"inv_01m2qgfka3jzzp0vec4ekzm2qn","sequence":120,"delivery_count":1,"outcome":"Completed { status: \"succeeded\" }","target":"tachyon_serverless_application::services::invoke_async::dispatch"}
{"timestamp":"2026-09-17T11:01:59.650132Z","level":"INFO","message":"asynchronous run claimed","invocation_id":"inv_01m2qgfkgcr0sejfn7mq4d0xnb","attempt":1,"generation":0,"delivery_count":1,"target":"tachyon_serverless_application::services::invoke_async::dispatch"}
{"timestamp":"2026-09-17T11:01:59.751831Z","level":"INFO","message":"bridge spawned","environment_id":"env_01m2qgfkeq4kj4ny58y58hqbat","pid":86330,"target":"tachyon_serverless_provider_process"}
{"timestamp":"2026-09-17T11:01:59.777876Z","level":"INFO","message":"invocation finished","invocation_id":"inv_01m2qgfkdpw2mwcw5m1mw5vs6h","status":"succeeded (async run)","handler_ms":2,"environment_boot_ms":9,"runtime_init_ms":12,"target":"tachyon_serverless_application::services::invoke"}
{"timestamp":"2026-09-17T11:01:59.779967Z","level":"INFO","message":"terminating bridge","environment_id":"env_01m2qgfkeq4kj4ny58y58hqbat","pid":86330,"reason":"Completed","graceful":true,"target":"tachyon_serverless_provider_process"}
{"timestamp":"2026-09-17T11:01:59.786885Z","level":"INFO","message":"asynchronous invocation settled","invocation_id":"inv_01m2qgfkdpw2mwcw5m1mw5vs6h","status":"succeeded","target":"tachyon_serverless_application::services::invoke_async::dispatch"}
{"timestamp":"2026-09-17T11:01:59.793098Z","level":"INFO","message":"async dispatch: delivery handled","message_id":"inv_01m2qgfkdpw2mwcw5m1mw5vs6h","sequence":121,"delivery_count":1,"outcome":"Completed { status: \"succeeded\" }","target":"tachyon_serverless_application::services::invoke_async::dispatch"}
{"timestamp":"2026-09-17T11:01:59.840704Z","level":"INFO","message":"bridge spawned","environment_id":"env_01m2qgfkht1hgacdw9knfhdyxy","pid":86332,"target":"tachyon_serverless_provider_process"}
{"timestamp":"2026-09-17T11:01:59.868397Z","level":"INFO","message":"invocation finished","invocation_id":"inv_01m2qgfkhsz6ha5apkahd9191q","status":"succeeded","handler_ms":1,"environment_boot_ms":9,"runtime_init_ms":15,"target":"tachyon_serverless_application::services::invoke"}
{"timestamp":"2026-09-17T11:01:59.870365Z","level":"INFO","message":"terminating bridge","environment_id":"env_01m2qgfkht1hgacdw9knfhdyxy","pid":86332,"reason":"Completed","graceful":true,"target":"tachyon_serverless_provider_process"}
{"timestamp":"2026-09-17T11:02:00.003206Z","level":"INFO","message":"asynchronous invocation accepted","invocation_id":"inv_01m2qgfm21278khag9zh1x7mgr","tenant_id":"tn_01hzzzzzzzzzzzzzzzzzzzzzza","revision_id":"rev_01m2qge34jw9rc593n676k56t6","input_bytes":180,"input_storage":"inline","target":"tachyon_serverless_application::services::invoke_async"}
{"timestamp":"2026-09-17T11:02:00.003282Z","level":"INFO","message":"cron trigger fired","trigger_id":"trg_01m2qge4tnn4tfgkmgk64p40j9","scheduled_at":"2026-09-17T11:02:00Z","invocation_id":"inv_01m2qgfm21278khag9zh1x7mgr","revision_id":"rev_01m2qge34jw9rc593n676k56t6","replayed":false,"target":"tachyon_serverless_application::services::triggers"}
{"timestamp":"2026-09-17T11:02:00.012130Z","level":"INFO","message":"bridge spawned","environment_id":"env_01m2qgfkq2dhv07vqa396vwpbf","pid":86353,"target":"tachyon_serverless_provider_process"}
{"timestamp":"2026-09-17T11:02:00.012802Z","level":"INFO","message":"asynchronous run claimed","invocation_id":"inv_01m2qgfm21278khag9zh1x7mgr","attempt":1,"generation":0,"delivery_count":1,"target":"tachyon_serverless_application::services::invoke_async::dispatch"}
{"timestamp":"2026-09-17T11:02:00.020144Z","level":"INFO","message":"asynchronous invocation accepted","invocation_id":"inv_01m2qgfm2jxt0q8pbdh7ryfe71","tenant_id":"tn_01hzzzzzzzzzzzzzzzzzzzzzza","revision_id":"rev_01m2qge1wvar9eqteznet1cbqk","input_bytes":48,"input_storage":"inline","target":"tachyon_serverless_application::services::invoke_async"}
{"timestamp":"2026-09-17T11:02:00.041690Z","level":"INFO","message":"invocation finished","invocation_id":"inv_01m2qgfkgcr0sejfn7mq4d0xnb","status":"succeeded (async run)","handler_ms":1,"environment_boot_ms":13,"runtime_init_ms":16,"target":"tachyon_serverless_application::services::invoke"}
{"timestamp":"2026-09-17T11:02:00.043696Z","level":"INFO","message":"terminating bridge","environment_id":"env_01m2qgfkq2dhv07vqa396vwpbf","pid":86353,"reason":"Completed","graceful":true,"target":"tachyon_serverless_provider_process"}
{"timestamp":"2026-09-17T11:02:00.050255Z","level":"INFO","message":"asynchronous invocation settled","invocation_id":"inv_01m2qgfkgcr0sejfn7mq4d0xnb","status":"succeeded","target":"tachyon_serverless_application::services::invoke_async::dispatch"}
{"timestamp":"2026-09-17T11:02:00.056599Z","level":"INFO","message":"async dispatch: delivery handled","message_id":"inv_01m2qgfkgcr0sejfn7mq4d0xnb","sequence":122,"delivery_count":1,"outcome":"Completed { status: \"succeeded\" }","target":"tachyon_serverless_application::services::invoke_async::dispatch"}
{"timestamp":"2026-09-17T11:02:00.057955Z","level":"INFO","message":"asynchronous run claimed","invocation_id":"inv_01m2qgfm2jxt0q8pbdh7ryfe71","attempt":1,"generation":0,"delivery_count":1,"target":"tachyon_serverless_application::services::invoke_async::dispatch"}
{"timestamp":"2026-09-17T11:02:00.165178Z","level":"INFO","message":"asynchronous invocation accepted","invocation_id":"inv_01m2qgfm6jkxk9kngr5428kj5v","tenant_id":"tn_01hzzzzzzzzzzzzzzzzzzzzzza","revision_id":"rev_01m2qge1wvar9eqteznet1cbqk","input_bytes":4128,"input_storage":"object","target":"tachyon_serverless_application::services::invoke_async"}
{"timestamp":"2026-09-17T11:02:00.284249Z","level":"INFO","message":"asynchronous invocation accepted","invocation_id":"inv_01m2qgfmatcw1t8caxvea8ffmb","tenant_id":"tn_01hzzzzzzzzzzzzzzzzzzzzzza","revision_id":"rev_01m2qge34jw9rc593n676k56t6","input_bytes":191,"input_storage":"inline","target":"tachyon_serverless_application::services::invoke_async"}
{"timestamp":"2026-09-17T11:02:00.284341Z","level":"INFO","message":"webhook trigger fired","trigger_id":"trg_01m2qge4vagsk0grv8zw4fpx53","event_id":"evt-post-w2","invocation_id":"inv_01m2qgfmatcw1t8caxvea8ffmb","revision_id":"rev_01m2qge34jw9rc593n676k56t6","replayed":false,"target":"tachyon_serverless_application::services::triggers"}
{"timestamp":"2026-09-17T11:02:00.375061Z","level":"INFO","message":"object retention pass","report":"GcReport { examined: 2, collected_expired: 0, collected_orphans: 0, kept_in_use: 0, kept_referenced: 2, incomplete_removed: 0, tombstones_purged: 0, failed: 0 }","target":"tachyon_serverless_gateway"}
{"timestamp":"2026-09-17T11:02:00.379995Z","level":"INFO","message":"bridge spawned","environment_id":"env_01m2qgfm2d48mmpep5xjg77pqf","pid":86407,"target":"tachyon_serverless_provider_process"}
{"timestamp":"2026-09-17T11:02:00.413050Z","level":"INFO","message":"invocation finished","invocation_id":"inv_01m2qgfm21278khag9zh1x7mgr","status":"succeeded (async run)","handler_ms":1,"environment_boot_ms":12,"runtime_init_ms":17,"target":"tachyon_serverless_application::services::invoke"}
{"timestamp":"2026-09-17T11:02:00.415181Z","level":"INFO","message":"terminating bridge","environment_id":"env_01m2qgfm2d48mmpep5xjg77pqf","pid":86407,"reason":"Completed","graceful":true,"target":"tachyon_serverless_provider_process"}
{"timestamp":"2026-09-17T11:02:00.423897Z","level":"INFO","message":"asynchronous invocation settled","invocation_id":"inv_01m2qgfm21278khag9zh1x7mgr","status":"succeeded","target":"tachyon_serverless_application::services::invoke_async::dispatch"}
{"timestamp":"2026-09-17T11:02:00.430550Z","level":"INFO","message":"async dispatch: delivery handled","message_id":"inv_01m2qgfm21278khag9zh1x7mgr","sequence":123,"delivery_count":1,"outcome":"Completed { status: \"succeeded\" }","target":"tachyon_serverless_application::services::invoke_async::dispatch"}
{"timestamp":"2026-09-17T11:02:00.436130Z","level":"INFO","message":"asynchronous run claimed","invocation_id":"inv_01m2qgfm6jkxk9kngr5428kj5v","attempt":1,"generation":0,"delivery_count":1,"target":"tachyon_serverless_application::services::invoke_async::dispatch"}
{"timestamp":"2026-09-17T11:02:00.437243Z","level":"INFO","message":"bridge spawned","environment_id":"env_01m2qgfm3tfmxpsgp5ygec7n2d","pid":86409,"target":"tachyon_serverless_provider_process"}
{"timestamp":"2026-09-17T11:02:00.467795Z","level":"INFO","message":"invocation finished","invocation_id":"inv_01m2qgfm2jxt0q8pbdh7ryfe71","status":"succeeded (async run)","handler_ms":1,"environment_boot_ms":18,"runtime_init_ms":14,"target":"tachyon_serverless_application::services::invoke"}
{"timestamp":"2026-09-17T11:02:00.469732Z","level":"INFO","message":"terminating bridge","environment_id":"env_01m2qgfm3tfmxpsgp5ygec7n2d","pid":86409,"reason":"Completed","graceful":true,"target":"tachyon_serverless_provider_process"}
{"timestamp":"2026-09-17T11:02:00.479135Z","level":"INFO","message":"asynchronous invocation settled","invocation_id":"inv_01m2qgfm2jxt0q8pbdh7ryfe71","status":"succeeded","target":"tachyon_serverless_application::services::invoke_async::dispatch"}
{"timestamp":"2026-09-17T11:02:00.485381Z","level":"INFO","message":"async dispatch: delivery handled","message_id":"inv_01m2qgfm2jxt0q8pbdh7ryfe71","sequence":124,"delivery_count":1,"outcome":"Completed { status: \"succeeded\" }","target":"tachyon_serverless_application::services::invoke_async::dispatch"}
{"timestamp":"2026-09-17T11:02:00.486724Z","level":"INFO","message":"asynchronous run claimed","invocation_id":"inv_01m2qgfmatcw1t8caxvea8ffmb","attempt":1,"generation":0,"delivery_count":1,"target":"tachyon_serverless_application::services::invoke_async::dispatch"}
{"timestamp":"2026-09-17T11:02:00.808499Z","level":"INFO","message":"bridge spawned","environment_id":"env_01m2qgfmfr56a8ba7gd3w3fcyt","pid":86411,"target":"tachyon_serverless_provider_process"}
{"timestamp":"2026-09-17T11:02:00.831719Z","level":"INFO","message":"invocation finished","invocation_id":"inv_01m2qgfm6jkxk9kngr5428kj5v","status":"succeeded (async run)","handler_ms":2,"environment_boot_ms":8,"runtime_init_ms":10,"target":"tachyon_serverless_application::services::invoke"}
{"timestamp":"2026-09-17T11:02:00.833743Z","level":"INFO","message":"terminating bridge","environment_id":"env_01m2qgfmfr56a8ba7gd3w3fcyt","pid":86411,"reason":"Completed","graceful":true,"target":"tachyon_serverless_provider_process"}
{"timestamp":"2026-09-17T11:02:00.838978Z","level":"INFO","message":"asynchronous invocation settled","invocation_id":"inv_01m2qgfm6jkxk9kngr5428kj5v","status":"succeeded","target":"tachyon_serverless_application::services::invoke_async::dispatch"}
{"timestamp":"2026-09-17T11:02:00.844369Z","level":"INFO","message":"async dispatch: delivery handled","message_id":"inv_01m2qgfm6jkxk9kngr5428kj5v","sequence":125,"delivery_count":1,"outcome":"Completed { status: \"succeeded\" }","target":"tachyon_serverless_application::services::invoke_async::dispatch"}
{"timestamp":"2026-09-17T11:02:00.848921Z","level":"INFO","message":"bridge spawned","environment_id":"env_01m2qgfmh754s0bx4b0x20hec8","pid":86413,"target":"tachyon_serverless_provider_process"}
{"timestamp":"2026-09-17T11:02:00.868813Z","level":"INFO","message":"invocation finished","invocation_id":"inv_01m2qgfmatcw1t8caxvea8ffmb","status":"succeeded (async run)","handler_ms":1,"environment_boot_ms":13,"runtime_init_ms":9,"target":"tachyon_serverless_application::services::invoke"}
{"timestamp":"2026-09-17T11:02:00.870648Z","level":"INFO","message":"terminating bridge","environment_id":"env_01m2qgfmh754s0bx4b0x20hec8","pid":86413,"reason":"Completed","graceful":true,"target":"tachyon_serverless_provider_process"}
{"timestamp":"2026-09-17T11:02:00.875889Z","level":"INFO","message":"asynchronous invocation settled","invocation_id":"inv_01m2qgfmatcw1t8caxvea8ffmb","status":"succeeded","target":"tachyon_serverless_application::services::invoke_async::dispatch"}
{"timestamp":"2026-09-17T11:02:00.881718Z","level":"INFO","message":"async dispatch: delivery handled","message_id":"inv_01m2qgfmatcw1t8caxvea8ffmb","sequence":126,"delivery_count":1,"outcome":"Completed { status: \"succeeded\" }","target":"tachyon_serverless_application::services::invoke_async::dispatch"}
{"timestamp":"2026-09-17T11:02:02.003324Z","level":"INFO","message":"asynchronous invocation accepted","invocation_id":"inv_01m2qgfp0jaxz3kwne6czqxymx","tenant_id":"tn_01hzzzzzzzzzzzzzzzzzzzzzza","revision_id":"rev_01m2qge34jw9rc593n676k56t6","input_bytes":180,"input_storage":"inline","target":"tachyon_serverless_application::services::invoke_async"}
{"timestamp":"2026-09-17T11:02:02.003389Z","level":"INFO","message":"cron trigger fired","trigger_id":"trg_01m2qge4tnn4tfgkmgk64p40j9","scheduled_at":"2026-09-17T11:02:02Z","invocation_id":"inv_01m2qgfp0jaxz3kwne6czqxymx","revision_id":"rev_01m2qge34jw9rc593n676k56t6","replayed":false,"target":"tachyon_serverless_application::services::triggers"}
{"timestamp":"2026-09-17T11:02:02.015037Z","level":"INFO","message":"asynchronous run claimed","invocation_id":"inv_01m2qgfp0jaxz3kwne6czqxymx","attempt":1,"generation":0,"delivery_count":1,"target":"tachyon_serverless_application::services::invoke_async::dispatch"}
{"timestamp":"2026-09-17T11:02:02.266186Z","level":"INFO","message":"bridge spawned","environment_id":"env_01m2qgfp0zdf92dxvhgbvt6aev","pid":86420,"target":"tachyon_serverless_provider_process"}
{"timestamp":"2026-09-17T11:02:02.282106Z","level":"INFO","message":"invocation finished","invocation_id":"inv_01m2qgfp0jaxz3kwne6czqxymx","status":"succeeded (async run)","handler_ms":0,"environment_boot_ms":6,"runtime_init_ms":7,"target":"tachyon_serverless_application::services::invoke"}
{"timestamp":"2026-09-17T11:02:02.283890Z","level":"INFO","message":"terminating bridge","environment_id":"env_01m2qgfp0zdf92dxvhgbvt6aev","pid":86420,"reason":"Completed","graceful":true,"target":"tachyon_serverless_provider_process"}
{"timestamp":"2026-09-17T11:02:02.287809Z","level":"INFO","message":"asynchronous invocation settled","invocation_id":"inv_01m2qgfp0jaxz3kwne6czqxymx","status":"succeeded","target":"tachyon_serverless_application::services::invoke_async::dispatch"}
{"timestamp":"2026-09-17T11:02:02.293712Z","level":"INFO","message":"async dispatch: delivery handled","message_id":"inv_01m2qgfp0jaxz3kwne6czqxymx","sequence":127,"delivery_count":1,"outcome":"Completed { status: \"succeeded\" }","target":"tachyon_serverless_application::services::invoke_async::dispatch"}
{"timestamp":"2026-09-17T11:02:02.373673Z","level":"INFO","message":"object retention pass","report":"GcReport { examined: 2, collected_expired: 0, collected_orphans: 0, kept_in_use: 0, kept_referenced: 2, incomplete_removed: 0, tombstones_purged: 0, failed: 0 }","target":"tachyon_serverless_gateway"}
{"timestamp":"2026-09-17T11:02:04.003932Z","level":"INFO","message":"asynchronous invocation accepted","invocation_id":"inv_01m2qgfqz2k8nyze71mj36fqhw","tenant_id":"tn_01hzzzzzzzzzzzzzzzzzzzzzza","revision_id":"rev_01m2qge34jw9rc593n676k56t6","input_bytes":180,"input_storage":"inline","target":"tachyon_serverless_application::services::invoke_async"}
{"timestamp":"2026-09-17T11:02:04.003985Z","level":"INFO","message":"cron trigger fired","trigger_id":"trg_01m2qge4tnn4tfgkmgk64p40j9","scheduled_at":"2026-09-17T11:02:04Z","invocation_id":"inv_01m2qgfqz2k8nyze71mj36fqhw","revision_id":"rev_01m2qge34jw9rc593n676k56t6","replayed":false,"target":"tachyon_serverless_application::services::triggers"}
{"timestamp":"2026-09-17T11:02:04.014956Z","level":"INFO","message":"asynchronous run claimed","invocation_id":"inv_01m2qgfqz2k8nyze71mj36fqhw","attempt":1,"generation":0,"delivery_count":1,"target":"tachyon_serverless_application::services::invoke_async::dispatch"}
{"timestamp":"2026-09-17T11:02:04.242303Z","level":"INFO","message":"bridge spawned","environment_id":"env_01m2qgfqzf4c6nxksfqv9bcqxt","pid":86426,"target":"tachyon_serverless_provider_process"}
{"timestamp":"2026-09-17T11:02:04.258200Z","level":"INFO","message":"invocation finished","invocation_id":"inv_01m2qgfqz2k8nyze71mj36fqhw","status":"succeeded (async run)","handler_ms":0,"environment_boot_ms":6,"runtime_init_ms":7,"target":"tachyon_serverless_application::services::invoke"}
{"timestamp":"2026-09-17T11:02:04.259959Z","level":"INFO","message":"terminating bridge","environment_id":"env_01m2qgfqzf4c6nxksfqv9bcqxt","pid":86426,"reason":"Completed","graceful":true,"target":"tachyon_serverless_provider_process"}
{"timestamp":"2026-09-17T11:02:04.263789Z","level":"INFO","message":"asynchronous invocation settled","invocation_id":"inv_01m2qgfqz2k8nyze71mj36fqhw","status":"succeeded","target":"tachyon_serverless_application::services::invoke_async::dispatch"}
{"timestamp":"2026-09-17T11:02:04.269832Z","level":"INFO","message":"async dispatch: delivery handled","message_id":"inv_01m2qgfqz2k8nyze71mj36fqhw","sequence":128,"delivery_count":1,"outcome":"Completed { status: \"succeeded\" }","target":"tachyon_serverless_application::services::invoke_async::dispatch"}
{"timestamp":"2026-09-17T11:02:04.372865Z","level":"INFO","message":"object retention pass","report":"GcReport { examined: 2, collected_expired: 0, collected_orphans: 0, kept_in_use: 0, kept_referenced: 2, incomplete_removed: 0, tombstones_purged: 0, failed: 0 }","target":"tachyon_serverless_gateway"}
{"timestamp":"2026-09-17T11:02:05.456294Z","level":"INFO","message":"trigger updated","trigger_id":"trg_01m2qge4tnn4tfgkmgk64p40j9","generation":2,"status":"disabled","next_fire_at":"None","rotated_secret":false,"target":"tachyon_serverless_application::services::triggers"}
{"timestamp":"2026-09-17T11:02:06.372967Z","level":"INFO","message":"object retention pass","report":"GcReport { examined: 4, collected_expired: 0, collected_orphans: 0, kept_in_use: 0, kept_referenced: 4, incomplete_removed: 0, tombstones_purged: 0, failed: 0 }","target":"tachyon_serverless_gateway"}
{"timestamp":"2026-09-17T11:02:07.449391Z","level":"INFO","message":"SIGTERM received","target":"tachyon_serverless_gateway"}
{"timestamp":"2026-09-17T11:02:07.449468Z","level":"INFO","message":"shutdown requested; cancelling in-flight invocations","target":"tachyon_serverless_gateway"}
{"timestamp":"2026-09-17T11:02:07.449924Z","level":"INFO","message":"final usage collection","report":"CollectReport { batches: 0, read: 0, inserted: 0, duplicates: 0, cursor_seq: 120 }","target":"tachyon_serverless_gateway"}
{"timestamp":"2026-09-17T11:02:07.452177Z","level":"INFO","message":"gateway stopped","target":"tachyon_serverless_gateway"}
{"timestamp":"2026-09-17T11:02:07.452406Z","level":"INFO","message":"event: closed","target":"async_nats"}
