
===== a start (failpoints: none) 11:14:37 =====
{"timestamp":"2026-09-17T11:14:37.605100Z","level":"INFO","message":"configuration loaded","config":"/private/var/folders/z7/khzdjrt95cg_fcmcnh4j1b5h0000gn/T/tsls-chaos.pwginy/gw-a.toml","target":"tachyon_serverless_gateway"}
{"timestamp":"2026-09-17T11:14:37.607586Z","level":"INFO","message":"connected successfully","server":"49847","max_payload":"1048576","target":"async_nats::connector"}
{"timestamp":"2026-09-17T11:14:37.607765Z","level":"INFO","message":"event: connected","target":"async_nats"}
{"timestamp":"2026-09-17T11:14:37.622790Z","level":"INFO","message":"JetStream queue connected and stream bootstrapped","url":"nats://127.0.0.1:49847","stream":"TACHYON_EVENTS","target":"tachyon_serverless_gateway::durable"}
{"timestamp":"2026-09-17T11:14:37.633773Z","level":"INFO","message":"state store opened","path":"/private/var/folders/z7/khzdjrt95cg_fcmcnh4j1b5h0000gn/T/tsls-chaos.pwginy/data/state.db","schema_version":8,"migrations_applied":"[1, 2, 3, 4, 5, 6, 7, 8]","imported_state_json":"None","settled_invocations":0,"settled_attempts":0,"settled_environments":0,"released_leases":0,"dropped_idempotency_keys":0,"purged_idempotency_keys":0,"outputs_purged":0,"target":"tachyon_serverless_application::app"}
{"timestamp":"2026-09-17T11:14:37.634135Z","level":"INFO","message":"dispatcher registered","dispatcher_id":"dsp_01m2qh6qy1yrcwkwtgxn1jsmkn","instance":"chaos-a","pid":18727,"lease_ttl_seconds":6,"target":"tachyon_serverless_application::services::dispatcher"}
{"timestamp":"2026-09-17T11:14:37.637788Z","level":"INFO","message":"application bootstrapped","profile":"dev","provider":"process","dev_only":true,"environment_reuse":false,"reuse_verified":false,"reuse_reason":"[pool] enabled is false","reuse_disabled":"Some(Configuration)","idle_quiesce":"unsupported","idle_resume":"unsupported","data_dir":"/private/var/folders/z7/khzdjrt95cg_fcmcnh4j1b5h0000gn/T/tsls-chaos.pwginy/data","store":"sqlite","dispatcher_id":"dsp_01m2qh6qy1yrcwkwtgxn1jsmkn","node":"local","node_region":"none","node_memory_mib":"None","max_concurrency":8,"queue":"nats","objects":"filesystem","invoke_async":true,"triggers":true,"target":"tachyon_serverless_application::app"}
{"timestamp":"2026-09-17T11:14:37.638049Z","level":"INFO","message":"startup reconcile finished","provider":"process","found":0,"adopted":0,"terminated":0,"disowned":0,"failed":0,"lost":0,"foreign":0,"reclaimed_dispatchers":0,"fenced_terminated":0,"fenced_pending":0,"target":"tachyon_serverless_application::services::reconcile"}
{"timestamp":"2026-09-17T11:14:37.638133Z","level":"INFO","message":"gateway listening","addr":"127.0.0.1:49852","profile":"dev","provider":"process","target":"tachyon_serverless_gateway"}
{"timestamp":"2026-09-17T11:14:37.639943Z","level":"INFO","message":"asynchronous dispatcher started","workers":2,"owner":"dsp_01m2qh6qy1yrcwkwtgxn1jsmkn","target":"tachyon_serverless_gateway"}
{"timestamp":"2026-09-17T11:14:38.761992Z","level":"INFO","message":"revision ready","revision_id":"rev_01m2qh6rs2p25e3r7vwhgarnek","function_id":"fn_01m2qh6r6zf38t6x9xd4vdzs7s","target":"tachyon_serverless_application::services::revision"}
{"timestamp":"2026-09-17T11:14:39.665676Z","level":"INFO","message":"revision ready","revision_id":"rev_01m2qh6snjf9za0yd8a4hfp0h5","function_id":"fn_01m2qh6s48r38mtyrg13mff9wz","target":"tachyon_serverless_application::services::revision"}
{"timestamp":"2026-09-17T11:14:40.565733Z","level":"INFO","message":"revision ready","revision_id":"rev_01m2qh6thn3e391w8w3y57sj5x","function_id":"fn_01m2qh6t0jp9xnnmdqey2ejs0y","target":"tachyon_serverless_application::services::revision"}
{"timestamp":"2026-09-17T11:14:40.658285Z","level":"INFO","message":"trigger created","trigger_id":"trg_01m2qh6twhkdhcme46pqztw3jz","function_id":"fn_01m2qh6s48r38mtyrg13mff9wz","kind":"cron","enabled":true,"next_fire_at":"Some(2026-09-17T11:14:42Z)","target":"tachyon_serverless_application::services::triggers"}
{"timestamp":"2026-09-17T11:14:40.674691Z","level":"INFO","message":"trigger created","trigger_id":"trg_01m2qh6tx25ve8yzxj66pmt0j6","function_id":"fn_01m2qh6s48r38mtyrg13mff9wz","kind":"webhook","enabled":true,"next_fire_at":"None","target":"tachyon_serverless_application::services::triggers"}
{"timestamp":"2026-09-17T11:14:40.961907Z","level":"INFO","message":"bridge spawned","environment_id":"env_01m2qh6ty0mjehynzwcpcygx8r","pid":19036,"target":"tachyon_serverless_provider_process"}
{"timestamp":"2026-09-17T11:14:42.004788Z","level":"INFO","message":"asynchronous invocation accepted","invocation_id":"inv_01m2qh6w6mvnpyaq7wzwgtc1h4","tenant_id":"tn_01hzzzzzzzzzzzzzzzzzzzzzza","revision_id":"rev_01m2qh6snjf9za0yd8a4hfp0h5","input_bytes":180,"input_storage":"inline","target":"tachyon_serverless_application::services::invoke_async"}
{"timestamp":"2026-09-17T11:14:42.004839Z","level":"INFO","message":"cron trigger fired","trigger_id":"trg_01m2qh6twhkdhcme46pqztw3jz","scheduled_at":"2026-09-17T11:14:42Z","invocation_id":"inv_01m2qh6w6mvnpyaq7wzwgtc1h4","revision_id":"rev_01m2qh6snjf9za0yd8a4hfp0h5","replayed":false,"target":"tachyon_serverless_application::services::triggers"}
{"timestamp":"2026-09-17T11:14:42.017297Z","level":"INFO","message":"asynchronous run claimed","invocation_id":"inv_01m2qh6w6mvnpyaq7wzwgtc1h4","attempt":1,"generation":0,"delivery_count":1,"target":"tachyon_serverless_application::services::invoke_async::dispatch"}
{"timestamp":"2026-09-17T11:14:42.203879Z","level":"INFO","message":"bridge spawned","environment_id":"env_01m2qh6w71z84z1507mbmjks0z","pid":19042,"target":"tachyon_serverless_provider_process"}
{"timestamp":"2026-09-17T11:14:42.537120Z","level":"INFO","message":"invocation finished","invocation_id":"inv_01m2qh6w6mvnpyaq7wzwgtc1h4","status":"succeeded (async run)","handler_ms":1,"environment_boot_ms":4,"runtime_init_ms":325,"target":"tachyon_serverless_application::services::invoke"}
{"timestamp":"2026-09-17T11:14:42.537572Z","level":"INFO","message":"invocation finished","invocation_id":"inv_01m2qh6txzhmf3cc7937w3tx2h","status":"succeeded","handler_ms":0,"environment_boot_ms":6,"runtime_init_ms":1568,"target":"tachyon_serverless_application::services::invoke"}
{"timestamp":"2026-09-17T11:14:42.538750Z","level":"INFO","message":"terminating bridge","environment_id":"env_01m2qh6ty0mjehynzwcpcygx8r","pid":19036,"reason":"Completed","graceful":true,"target":"tachyon_serverless_provider_process"}
{"timestamp":"2026-09-17T11:14:42.538799Z","level":"INFO","message":"terminating bridge","environment_id":"env_01m2qh6w71z84z1507mbmjks0z","pid":19042,"reason":"Completed","graceful":true,"target":"tachyon_serverless_provider_process"}
{"timestamp":"2026-09-17T11:14:42.541985Z","level":"INFO","message":"asynchronous invocation settled","invocation_id":"inv_01m2qh6w6mvnpyaq7wzwgtc1h4","status":"succeeded","target":"tachyon_serverless_application::services::invoke_async::dispatch"}
{"timestamp":"2026-09-17T11:14:42.549701Z","level":"INFO","message":"async dispatch: delivery handled","message_id":"inv_01m2qh6w6mvnpyaq7wzwgtc1h4","sequence":1,"delivery_count":1,"outcome":"Completed { status: \"succeeded\" }","target":"tachyon_serverless_application::services::invoke_async::dispatch"}
{"timestamp":"2026-09-17T11:14:42.608329Z","level":"INFO","message":"asynchronous invocation accepted","invocation_id":"inv_01m2qh6wsfg8d7258pqbewb3br","tenant_id":"tn_01hzzzzzzzzzzzzzzzzzzzzzza","revision_id":"rev_01m2qh6rs2p25e3r7vwhgarnek","input_bytes":47,"input_storage":"inline","target":"tachyon_serverless_application::services::invoke_async"}
{"timestamp":"2026-09-17T11:14:42.615640Z","level":"INFO","message":"asynchronous run claimed","invocation_id":"inv_01m2qh6wsfg8d7258pqbewb3br","attempt":1,"generation":0,"delivery_count":1,"target":"tachyon_serverless_application::services::invoke_async::dispatch"}
{"timestamp":"2026-09-17T11:14:42.686302Z","level":"INFO","message":"asynchronous invocation accepted","invocation_id":"inv_01m2qh6wvenztq84kxrkak3vnr","tenant_id":"tn_01hzzzzzzzzzzzzzzzzzzzzzza","revision_id":"rev_01m2qh6rs2p25e3r7vwhgarnek","input_bytes":4127,"input_storage":"object","target":"tachyon_serverless_application::services::invoke_async"}
{"timestamp":"2026-09-17T11:14:42.691379Z","level":"INFO","message":"asynchronous run claimed","invocation_id":"inv_01m2qh6wvenztq84kxrkak3vnr","attempt":1,"generation":0,"delivery_count":1,"target":"tachyon_serverless_application::services::invoke_async::dispatch"}
{"timestamp":"2026-09-17T11:14:42.723455Z","level":"INFO","message":"asynchronous invocation accepted","invocation_id":"inv_01m2qh6wx25qa3ksxm2xt7x3bf","tenant_id":"tn_01hzzzzzzzzzzzzzzzzzzzzzza","revision_id":"rev_01m2qh6snjf9za0yd8a4hfp0h5","input_bytes":189,"input_storage":"inline","target":"tachyon_serverless_application::services::invoke_async"}
{"timestamp":"2026-09-17T11:14:42.723500Z","level":"INFO","message":"webhook trigger fired","trigger_id":"trg_01m2qh6tx25ve8yzxj66pmt0j6","event_id":"evt-pre-w1","invocation_id":"inv_01m2qh6wx25qa3ksxm2xt7x3bf","revision_id":"rev_01m2qh6snjf9za0yd8a4hfp0h5","replayed":false,"target":"tachyon_serverless_application::services::triggers"}
{"timestamp":"2026-09-17T11:14:42.825745Z","level":"INFO","message":"bridge spawned","environment_id":"env_01m2qh6wsqeqn7wt7wzwcmpfdy","pid":19116,"target":"tachyon_serverless_provider_process"}
{"timestamp":"2026-09-17T11:14:42.919740Z","level":"INFO","message":"bridge spawned","environment_id":"env_01m2qh6ww5v4p2ytasw8y4pspz","pid":19118,"target":"tachyon_serverless_provider_process"}
{"timestamp":"2026-09-17T11:14:42.977464Z","level":"INFO","message":"bridge spawned","environment_id":"env_01m2qh6wxsgsqj09ce5q2jhf59","pid":19120,"target":"tachyon_serverless_provider_process"}
{"timestamp":"2026-09-17T11:14:42.992953Z","level":"INFO","message":"invocation finished","invocation_id":"inv_01m2qh6wxrce5regwgqkwk7wj9","status":"succeeded","handler_ms":0,"environment_boot_ms":5,"runtime_init_ms":7,"target":"tachyon_serverless_application::services::invoke"}
{"timestamp":"2026-09-17T11:14:42.994755Z","level":"INFO","message":"terminating bridge","environment_id":"env_01m2qh6wxsgsqj09ce5q2jhf59","pid":19120,"reason":"Completed","graceful":true,"target":"tachyon_serverless_provider_process"}
{"timestamp":"2026-09-17T11:14:43.077216Z","level":"INFO","message":"asynchronous invocation accepted","invocation_id":"inv_01m2qh6x845cv7412w37zmzka9","tenant_id":"tn_01hzzzzzzzzzzzzzzzzzzzzzza","revision_id":"rev_01m2qh6rs2p25e3r7vwhgarnek","input_bytes":47,"input_storage":"inline","target":"tachyon_serverless_application::services::invoke_async"}
{"timestamp":"2026-09-17T11:14:43.108926Z","level":"INFO","message":"invocation finished","invocation_id":"inv_01m2qh6wsfg8d7258pqbewb3br","status":"succeeded (async run)","handler_ms":1,"environment_boot_ms":5,"runtime_init_ms":273,"target":"tachyon_serverless_application::services::invoke"}
{"timestamp":"2026-09-17T11:14:43.109306Z","level":"INFO","message":"invocation finished","invocation_id":"inv_01m2qh6wvenztq84kxrkak3vnr","status":"succeeded (async run)","handler_ms":2,"environment_boot_ms":5,"runtime_init_ms":179,"target":"tachyon_serverless_application::services::invoke"}
{"timestamp":"2026-09-17T11:14:43.110725Z","level":"INFO","message":"terminating bridge","environment_id":"env_01m2qh6ww5v4p2ytasw8y4pspz","pid":19118,"reason":"Completed","graceful":true,"target":"tachyon_serverless_provider_process"}
{"timestamp":"2026-09-17T11:14:43.110744Z","level":"INFO","message":"terminating bridge","environment_id":"env_01m2qh6wsqeqn7wt7wzwcmpfdy","pid":19116,"reason":"Completed","graceful":true,"target":"tachyon_serverless_provider_process"}
{"timestamp":"2026-09-17T11:14:43.115234Z","level":"INFO","message":"asynchronous invocation settled","invocation_id":"inv_01m2qh6wvenztq84kxrkak3vnr","status":"succeeded","target":"tachyon_serverless_application::services::invoke_async::dispatch"}
{"timestamp":"2026-09-17T11:14:43.119600Z","level":"INFO","message":"asynchronous invocation settled","invocation_id":"inv_01m2qh6wsfg8d7258pqbewb3br","status":"succeeded","target":"tachyon_serverless_application::services::invoke_async::dispatch"}
{"timestamp":"2026-09-17T11:14:43.119675Z","level":"INFO","message":"async dispatch: delivery handled","message_id":"inv_01m2qh6wvenztq84kxrkak3vnr","sequence":3,"delivery_count":1,"outcome":"Completed { status: \"succeeded\" }","target":"tachyon_serverless_application::services::invoke_async::dispatch"}
{"timestamp":"2026-09-17T11:14:43.127806Z","level":"INFO","message":"async dispatch: delivery handled","message_id":"inv_01m2qh6wsfg8d7258pqbewb3br","sequence":2,"delivery_count":1,"outcome":"Completed { status: \"succeeded\" }","target":"tachyon_serverless_application::services::invoke_async::dispatch"}
{"timestamp":"2026-09-17T11:14:43.128195Z","level":"INFO","message":"asynchronous run claimed","invocation_id":"inv_01m2qh6wx25qa3ksxm2xt7x3bf","attempt":1,"generation":0,"delivery_count":1,"target":"tachyon_serverless_application::services::invoke_async::dispatch"}
{"timestamp":"2026-09-17T11:14:43.128548Z","level":"INFO","message":"asynchronous run claimed","invocation_id":"inv_01m2qh6x845cv7412w37zmzka9","attempt":1,"generation":0,"delivery_count":1,"target":"tachyon_serverless_application::services::invoke_async::dispatch"}
{"timestamp":"2026-09-17T11:14:43.175652Z","level":"INFO","message":"asynchronous invocation accepted","invocation_id":"inv_01m2qh6xapznehfag3brhmvdq4","tenant_id":"tn_01hzzzzzzzzzzzzzzzzzzzzzza","revision_id":"rev_01m2qh6rs2p25e3r7vwhgarnek","input_bytes":4127,"input_storage":"object","target":"tachyon_serverless_application::services::invoke_async"}
{"timestamp":"2026-09-17T11:14:43.226510Z","level":"INFO","message":"asynchronous invocation accepted","invocation_id":"inv_01m2qh6xcssjabkx59rme1rvqy","tenant_id":"tn_01hzzzzzzzzzzzzzzzzzzzzzza","revision_id":"rev_01m2qh6snjf9za0yd8a4hfp0h5","input_bytes":189,"input_storage":"inline","target":"tachyon_serverless_application::services::invoke_async"}
{"timestamp":"2026-09-17T11:14:43.226569Z","level":"INFO","message":"webhook trigger fired","trigger_id":"trg_01m2qh6tx25ve8yzxj66pmt0j6","event_id":"evt-pre-w2","invocation_id":"inv_01m2qh6xcssjabkx59rme1rvqy","revision_id":"rev_01m2qh6snjf9za0yd8a4hfp0h5","replayed":false,"target":"tachyon_serverless_application::services::triggers"}
{"timestamp":"2026-09-17T11:14:43.421058Z","level":"INFO","message":"bridge spawned","environment_id":"env_01m2qh6x9rdvw17vhh5wte29vm","pid":19193,"target":"tachyon_serverless_provider_process"}
{"timestamp":"2026-09-17T11:14:43.424818Z","level":"INFO","message":"bridge spawned","environment_id":"env_01m2qh6x9rch047vjb9pv9mgzs","pid":19194,"target":"tachyon_serverless_provider_process"}
{"timestamp":"2026-09-17T11:14:43.437945Z","level":"INFO","message":"invocation finished","invocation_id":"inv_01m2qh6wx25qa3ksxm2xt7x3bf","status":"succeeded (async run)","handler_ms":0,"environment_boot_ms":6,"runtime_init_ms":8,"target":"tachyon_serverless_application::services::invoke"}
{"timestamp":"2026-09-17T11:14:43.439895Z","level":"INFO","message":"terminating bridge","environment_id":"env_01m2qh6x9rdvw17vhh5wte29vm","pid":19193,"reason":"Completed","graceful":true,"target":"tachyon_serverless_provider_process"}
{"timestamp":"2026-09-17T11:14:43.441846Z","level":"INFO","message":"invocation finished","invocation_id":"inv_01m2qh6x845cv7412w37zmzka9","status":"succeeded (async run)","handler_ms":1,"environment_boot_ms":6,"runtime_init_ms":8,"target":"tachyon_serverless_application::services::invoke"}
{"timestamp":"2026-09-17T11:14:43.444722Z","level":"INFO","message":"asynchronous invocation settled","invocation_id":"inv_01m2qh6wx25qa3ksxm2xt7x3bf","status":"succeeded","target":"tachyon_serverless_application::services::invoke_async::dispatch"}
{"timestamp":"2026-09-17T11:14:43.444898Z","level":"INFO","message":"terminating bridge","environment_id":"env_01m2qh6x9rch047vjb9pv9mgzs","pid":19194,"reason":"Completed","graceful":true,"target":"tachyon_serverless_provider_process"}
{"timestamp":"2026-09-17T11:14:43.448817Z","level":"INFO","message":"async dispatch: delivery handled","message_id":"inv_01m2qh6wx25qa3ksxm2xt7x3bf","sequence":4,"delivery_count":1,"outcome":"Completed { status: \"succeeded\" }","target":"tachyon_serverless_application::services::invoke_async::dispatch"}
{"timestamp":"2026-09-17T11:14:43.452865Z","level":"INFO","message":"asynchronous run claimed","invocation_id":"inv_01m2qh6xapznehfag3brhmvdq4","attempt":1,"generation":0,"delivery_count":1,"target":"tachyon_serverless_application::services::invoke_async::dispatch"}
{"timestamp":"2026-09-17T11:14:43.455123Z","level":"INFO","message":"asynchronous invocation settled","invocation_id":"inv_01m2qh6x845cv7412w37zmzka9","status":"succeeded","target":"tachyon_serverless_application::services::invoke_async::dispatch"}
{"timestamp":"2026-09-17T11:14:43.459784Z","level":"INFO","message":"async dispatch: delivery handled","message_id":"inv_01m2qh6x845cv7412w37zmzka9","sequence":5,"delivery_count":1,"outcome":"Completed { status: \"succeeded\" }","target":"tachyon_serverless_application::services::invoke_async::dispatch"}
{"timestamp":"2026-09-17T11:14:43.460516Z","level":"INFO","message":"asynchronous run claimed","invocation_id":"inv_01m2qh6xcssjabkx59rme1rvqy","attempt":1,"generation":0,"delivery_count":1,"target":"tachyon_serverless_application::services::invoke_async::dispatch"}
{"timestamp":"2026-09-17T11:14:43.757854Z","level":"INFO","message":"bridge spawned","environment_id":"env_01m2qh6xm4pzb96ry56r6s8qeg","pid":19197,"target":"tachyon_serverless_provider_process"}
{"timestamp":"2026-09-17T11:14:43.763338Z","level":"INFO","message":"bridge spawned","environment_id":"env_01m2qh6xkzvywepnw1hjx8mwqt","pid":19198,"target":"tachyon_serverless_provider_process"}
{"timestamp":"2026-09-17T11:14:43.775622Z","level":"INFO","message":"invocation finished","invocation_id":"inv_01m2qh6xcssjabkx59rme1rvqy","status":"succeeded (async run)","handler_ms":0,"environment_boot_ms":8,"runtime_init_ms":8,"target":"tachyon_serverless_application::services::invoke"}
{"timestamp":"2026-09-17T11:14:43.778184Z","level":"INFO","message":"terminating bridge","environment_id":"env_01m2qh6xm4pzb96ry56r6s8qeg","pid":19197,"reason":"Completed","graceful":true,"target":"tachyon_serverless_provider_process"}
{"timestamp":"2026-09-17T11:14:43.779520Z","level":"INFO","message":"invocation finished","invocation_id":"inv_01m2qh6xapznehfag3brhmvdq4","status":"succeeded (async run)","handler_ms":1,"environment_boot_ms":6,"runtime_init_ms":7,"target":"tachyon_serverless_application::services::invoke"}
{"timestamp":"2026-09-17T11:14:43.782548Z","level":"INFO","message":"asynchronous invocation settled","invocation_id":"inv_01m2qh6xcssjabkx59rme1rvqy","status":"succeeded","target":"tachyon_serverless_application::services::invoke_async::dispatch"}
{"timestamp":"2026-09-17T11:14:43.782694Z","level":"INFO","message":"terminating bridge","environment_id":"env_01m2qh6xkzvywepnw1hjx8mwqt","pid":19198,"reason":"Completed","graceful":true,"target":"tachyon_serverless_provider_process"}
{"timestamp":"2026-09-17T11:14:43.788843Z","level":"INFO","message":"async dispatch: delivery handled","message_id":"inv_01m2qh6xcssjabkx59rme1rvqy","sequence":7,"delivery_count":1,"outcome":"Completed { status: \"succeeded\" }","target":"tachyon_serverless_application::services::invoke_async::dispatch"}
{"timestamp":"2026-09-17T11:14:43.795791Z","level":"INFO","message":"asynchronous invocation settled","invocation_id":"inv_01m2qh6xapznehfag3brhmvdq4","status":"succeeded","target":"tachyon_serverless_application::services::invoke_async::dispatch"}
{"timestamp":"2026-09-17T11:14:43.799707Z","level":"INFO","message":"async dispatch: delivery handled","message_id":"inv_01m2qh6xapznehfag3brhmvdq4","sequence":6,"delivery_count":1,"outcome":"Completed { status: \"succeeded\" }","target":"tachyon_serverless_application::services::invoke_async::dispatch"}
{"timestamp":"2026-09-17T11:14:44.002394Z","level":"INFO","message":"asynchronous invocation accepted","invocation_id":"inv_01m2qh6y512hxecn006jhdxpva","tenant_id":"tn_01hzzzzzzzzzzzzzzzzzzzzzza","revision_id":"rev_01m2qh6snjf9za0yd8a4hfp0h5","input_bytes":180,"input_storage":"inline","target":"tachyon_serverless_application::services::invoke_async"}
{"timestamp":"2026-09-17T11:14:44.002441Z","level":"INFO","message":"cron trigger fired","trigger_id":"trg_01m2qh6twhkdhcme46pqztw3jz","scheduled_at":"2026-09-17T11:14:44Z","invocation_id":"inv_01m2qh6y512hxecn006jhdxpva","revision_id":"rev_01m2qh6snjf9za0yd8a4hfp0h5","replayed":false,"target":"tachyon_serverless_application::services::triggers"}
{"timestamp":"2026-09-17T11:14:44.009813Z","level":"INFO","message":"asynchronous run claimed","invocation_id":"inv_01m2qh6y512hxecn006jhdxpva","attempt":1,"generation":0,"delivery_count":1,"target":"tachyon_serverless_application::services::invoke_async::dispatch"}
{"timestamp":"2026-09-17T11:14:44.270865Z","level":"INFO","message":"bridge spawned","environment_id":"env_01m2qh6y5apnpz0kzmdnb9mx38","pid":19202,"target":"tachyon_serverless_provider_process"}
{"timestamp":"2026-09-17T11:14:44.286432Z","level":"INFO","message":"invocation finished","invocation_id":"inv_01m2qh6y512hxecn006jhdxpva","status":"succeeded (async run)","handler_ms":0,"environment_boot_ms":6,"runtime_init_ms":7,"target":"tachyon_serverless_application::services::invoke"}
{"timestamp":"2026-09-17T11:14:44.288172Z","level":"INFO","message":"terminating bridge","environment_id":"env_01m2qh6y5apnpz0kzmdnb9mx38","pid":19202,"reason":"Completed","graceful":true,"target":"tachyon_serverless_provider_process"}
{"timestamp":"2026-09-17T11:14:44.292342Z","level":"INFO","message":"asynchronous invocation settled","invocation_id":"inv_01m2qh6y512hxecn006jhdxpva","status":"succeeded","target":"tachyon_serverless_application::services::invoke_async::dispatch"}
{"timestamp":"2026-09-17T11:14:44.298737Z","level":"INFO","message":"async dispatch: delivery handled","message_id":"inv_01m2qh6y512hxecn006jhdxpva","sequence":8,"delivery_count":1,"outcome":"Completed { status: \"succeeded\" }","target":"tachyon_serverless_application::services::invoke_async::dispatch"}
{"timestamp":"2026-09-17T11:14:50.749281Z","level":"WARN","message":"cannot take the trigger scheduler lease","error":"store: database is locked","target":"tachyon_serverless_application::services::triggers"}
{"timestamp":"2026-09-17T11:14:55.750438Z","level":"WARN","message":"outbox: claiming failed","error":"store: the store connection stayed busy for 5 s (database locked?)","target":"tachyon_serverless_application::services::invoke_async::publisher"}
{"timestamp":"2026-09-17T11:14:55.751295Z","level":"WARN","message":"async reaper: listing candidates failed","error":"store: the store connection stayed busy for 5 s (database locked?)","target":"tachyon_serverless_application::services::invoke_async::dispatch"}
{"timestamp":"2026-09-17T11:14:55.751293Z","level":"WARN","message":"object gc: claim failed","object":"obj_01m2qh6xaqvbybz6sw75mj3166","error":"store: the store connection stayed busy for 5 s (database locked?)","target":"tachyon_serverless_application::durable::gc"}
{"timestamp":"2026-09-17T11:14:55.759759Z","level":"WARN","message":"cannot take the trigger scheduler lease","error":"store: the store connection stayed busy for 5 s (database locked?)","target":"tachyon_serverless_application::services::triggers"}
{"timestamp":"2026-09-17T11:14:56.057465Z","level":"WARN","message":"dispatcher heartbeat failed","error":"store: database is locked","target":"tachyon_serverless_application::app"}
{"timestamp":"2026-09-17T11:14:57.383294Z","level":"INFO","message":"object retention pass","report":"GcReport { examined: 2, collected_expired: 0, collected_orphans: 0, kept_in_use: 0, kept_referenced: 1, incomplete_removed: 0, tombstones_purged: 0, failed: 1 }","target":"tachyon_serverless_gateway"}
{"timestamp":"2026-09-17T11:14:57.384887Z","level":"INFO","message":"late scheduled times skipped by the missed-run policy","trigger_id":"trg_01m2qh6twhkdhcme46pqztw3jz","skipped":6,"policy":"Skip","target":"tachyon_serverless_application::services::triggers"}
{"timestamp":"2026-09-17T11:14:57.384908Z","level":"ERROR","message":"dispatcher lease lost: refusing new invocations; in-flight completions will be refused if another dispatcher reclaimed them","dispatcher_id":"dsp_01m2qh6qy1yrcwkwtgxn1jsmkn","target":"tachyon_serverless_application::services::dispatcher"}
{"timestamp":"2026-09-17T11:14:57.385588Z","level":"INFO","message":"object retention pass","report":"GcReport { examined: 2, collected_expired: 0, collected_orphans: 0, kept_in_use: 0, kept_referenced: 2, incomplete_removed: 0, tombstones_purged: 0, failed: 0 }","target":"tachyon_serverless_gateway"}
{"timestamp":"2026-09-17T11:14:57.386826Z","level":"INFO","message":"asynchronous invocation accepted","invocation_id":"inv_01m2qh7b7ae29r6yfbr1dpkrsn","tenant_id":"tn_01hzzzzzzzzzzzzzzzzzzzzzza","revision_id":"rev_01m2qh6rs2p25e3r7vwhgarnek","input_bytes":49,"input_storage":"inline","target":"tachyon_serverless_application::services::invoke_async"}
{"timestamp":"2026-09-17T11:14:57.394185Z","level":"INFO","message":"asynchronous run claimed","invocation_id":"inv_01m2qh7b7ae29r6yfbr1dpkrsn","attempt":1,"generation":0,"delivery_count":1,"target":"tachyon_serverless_application::services::invoke_async::dispatch"}
{"timestamp":"2026-09-17T11:14:57.399820Z","level":"INFO","message":"asynchronous invocation rescheduled","invocation_id":"inv_01m2qh7b7ae29r6yfbr1dpkrsn","next_attempt_at":"2026-09-17T11:14:57.679356+00:00","counted":false,"error_type":"Host.DispatcherFenced","target":"tachyon_serverless_application::services::invoke_async::dispatch"}
{"timestamp":"2026-09-17T11:14:57.405149Z","level":"INFO","message":"async dispatch: delivery handled","message_id":"inv_01m2qh7b7ae29r6yfbr1dpkrsn","sequence":9,"delivery_count":1,"outcome":"Rescheduled { next_attempt_at: 2026-09-17T11:14:57.679356Z, counted: false }","target":"tachyon_serverless_application::services::invoke_async::dispatch"}
{"timestamp":"2026-09-17T11:14:57.581710Z","level":"INFO","message":"bridge spawned","environment_id":"env_01m2qh7b793rt473v9aqkjdxmq","pid":19616,"target":"tachyon_serverless_provider_process"}
{"timestamp":"2026-09-17T11:14:57.594931Z","level":"INFO","message":"invocation finished","invocation_id":"inv_01m2qh7b78gtn2f34f69x7bf73","status":"succeeded","handler_ms":0,"environment_boot_ms":5,"runtime_init_ms":6,"target":"tachyon_serverless_application::services::invoke"}
{"timestamp":"2026-09-17T11:14:57.596590Z","level":"INFO","message":"terminating bridge","environment_id":"env_01m2qh7b793rt473v9aqkjdxmq","pid":19616,"reason":"Completed","graceful":true,"target":"tachyon_serverless_provider_process"}
{"timestamp":"2026-09-17T11:14:57.642245Z","level":"INFO","message":"object retention pass","report":"GcReport { examined: 2, collected_expired: 0, collected_orphans: 0, kept_in_use: 0, kept_referenced: 2, incomplete_removed: 0, tombstones_purged: 0, failed: 0 }","target":"tachyon_serverless_gateway"}
{"timestamp":"2026-09-17T11:14:57.709569Z","level":"INFO","message":"asynchronous run claimed","invocation_id":"inv_01m2qh7b7ae29r6yfbr1dpkrsn","attempt":1,"generation":1,"delivery_count":1,"target":"tachyon_serverless_application::services::invoke_async::dispatch"}
{"timestamp":"2026-09-17T11:14:57.713290Z","level":"INFO","message":"asynchronous invocation rescheduled","invocation_id":"inv_01m2qh7b7ae29r6yfbr1dpkrsn","next_attempt_at":"2026-09-17T11:14:58.288926+00:00","counted":false,"error_type":"Host.DispatcherFenced","target":"tachyon_serverless_application::services::invoke_async::dispatch"}
{"timestamp":"2026-09-17T11:14:57.717195Z","level":"INFO","message":"async dispatch: delivery handled","message_id":"inv_01m2qh7b7ae29r6yfbr1dpkrsn.g1","sequence":10,"delivery_count":1,"outcome":"Rescheduled { next_attempt_at: 2026-09-17T11:14:58.288926Z, counted: false }","target":"tachyon_serverless_application::services::invoke_async::dispatch"}
{"timestamp":"2026-09-17T11:14:58.328159Z","level":"INFO","message":"asynchronous run claimed","invocation_id":"inv_01m2qh7b7ae29r6yfbr1dpkrsn","attempt":1,"generation":2,"delivery_count":1,"target":"tachyon_serverless_application::services::invoke_async::dispatch"}
{"timestamp":"2026-09-17T11:14:58.333422Z","level":"INFO","message":"asynchronous invocation rescheduled","invocation_id":"inv_01m2qh7b7ae29r6yfbr1dpkrsn","next_attempt_at":"2026-09-17T11:14:58.518300+00:00","counted":false,"error_type":"Host.DispatcherFenced","target":"tachyon_serverless_application::services::invoke_async::dispatch"}
{"timestamp":"2026-09-17T11:14:58.337739Z","level":"INFO","message":"async dispatch: delivery handled","message_id":"inv_01m2qh7b7ae29r6yfbr1dpkrsn.g2","sequence":11,"delivery_count":1,"outcome":"Rescheduled { next_attempt_at: 2026-09-17T11:14:58.518300Z, counted: false }","target":"tachyon_serverless_application::services::invoke_async::dispatch"}
{"timestamp":"2026-09-17T11:14:58.540860Z","level":"INFO","message":"asynchronous run claimed","invocation_id":"inv_01m2qh7b7ae29r6yfbr1dpkrsn","attempt":1,"generation":3,"delivery_count":1,"target":"tachyon_serverless_application::services::invoke_async::dispatch"}
{"timestamp":"2026-09-17T11:14:58.541234Z","level":"INFO","message":"asynchronous invocation rescheduled","invocation_id":"inv_01m2qh7b7ae29r6yfbr1dpkrsn","next_attempt_at":"2026-09-17T11:14:58.842986+00:00","counted":false,"error_type":"Host.DispatcherFenced","target":"tachyon_serverless_application::services::invoke_async::dispatch"}
{"timestamp":"2026-09-17T11:14:58.549550Z","level":"INFO","message":"async dispatch: delivery handled","message_id":"inv_01m2qh7b7ae29r6yfbr1dpkrsn.g3","sequence":12,"delivery_count":1,"outcome":"Rescheduled { next_attempt_at: 2026-09-17T11:14:58.842986Z, counted: false }","target":"tachyon_serverless_application::services::invoke_async::dispatch"}
{"timestamp":"2026-09-17T11:14:58.849996Z","level":"INFO","message":"asynchronous run claimed","invocation_id":"inv_01m2qh7b7ae29r6yfbr1dpkrsn","attempt":1,"generation":4,"delivery_count":1,"target":"tachyon_serverless_application::services::invoke_async::dispatch"}
{"timestamp":"2026-09-17T11:14:58.855284Z","level":"INFO","message":"asynchronous invocation rescheduled","invocation_id":"inv_01m2qh7b7ae29r6yfbr1dpkrsn","next_attempt_at":"2026-09-17T11:14:59.386167+00:00","counted":false,"error_type":"Host.DispatcherFenced","target":"tachyon_serverless_application::services::invoke_async::dispatch"}
{"timestamp":"2026-09-17T11:14:58.859692Z","level":"INFO","message":"async dispatch: delivery handled","message_id":"inv_01m2qh7b7ae29r6yfbr1dpkrsn.g4","sequence":13,"delivery_count":1,"outcome":"Rescheduled { next_attempt_at: 2026-09-17T11:14:59.386167Z, counted: false }","target":"tachyon_serverless_application::services::invoke_async::dispatch"}
{"timestamp":"2026-09-17T11:14:59.468599Z","level":"INFO","message":"asynchronous run claimed","invocation_id":"inv_01m2qh7b7ae29r6yfbr1dpkrsn","attempt":1,"generation":5,"delivery_count":1,"target":"tachyon_serverless_application::services::invoke_async::dispatch"}
{"timestamp":"2026-09-17T11:14:59.473968Z","level":"INFO","message":"asynchronous invocation rescheduled","invocation_id":"inv_01m2qh7b7ae29r6yfbr1dpkrsn","next_attempt_at":"2026-09-17T11:15:00.375740+00:00","counted":false,"error_type":"Host.DispatcherFenced","target":"tachyon_serverless_application::services::invoke_async::dispatch"}
{"timestamp":"2026-09-17T11:14:59.478040Z","level":"INFO","message":"async dispatch: delivery handled","message_id":"inv_01m2qh7b7ae29r6yfbr1dpkrsn.g5","sequence":14,"delivery_count":1,"outcome":"Rescheduled { next_attempt_at: 2026-09-17T11:15:00.375740Z, counted: false }","target":"tachyon_serverless_application::services::invoke_async::dispatch"}
{"timestamp":"2026-09-17T11:14:59.641576Z","level":"INFO","message":"object retention pass","report":"GcReport { examined: 2, collected_expired: 0, collected_orphans: 0, kept_in_use: 0, kept_referenced: 2, incomplete_removed: 0, tombstones_purged: 0, failed: 0 }","target":"tachyon_serverless_gateway"}
{"timestamp":"2026-09-17T11:15:00.390316Z","level":"INFO","message":"asynchronous run claimed","invocation_id":"inv_01m2qh7b7ae29r6yfbr1dpkrsn","attempt":1,"generation":6,"delivery_count":1,"target":"tachyon_serverless_application::services::invoke_async::dispatch"}
{"timestamp":"2026-09-17T11:15:00.395801Z","level":"INFO","message":"asynchronous invocation rescheduled","invocation_id":"inv_01m2qh7b7ae29r6yfbr1dpkrsn","next_attempt_at":"2026-09-17T11:15:00.490469+00:00","counted":false,"error_type":"Host.DispatcherFenced","target":"tachyon_serverless_application::services::invoke_async::dispatch"}
{"timestamp":"2026-09-17T11:15:00.400387Z","level":"INFO","message":"async dispatch: delivery handled","message_id":"inv_01m2qh7b7ae29r6yfbr1dpkrsn.g6","sequence":15,"delivery_count":1,"outcome":"Rescheduled { next_attempt_at: 2026-09-17T11:15:00.490469Z, counted: false }","target":"tachyon_serverless_application::services::invoke_async::dispatch"}
{"timestamp":"2026-09-17T11:15:00.507090Z","level":"INFO","message":"asynchronous run claimed","invocation_id":"inv_01m2qh7b7ae29r6yfbr1dpkrsn","attempt":1,"generation":7,"delivery_count":1,"target":"tachyon_serverless_application::services::invoke_async::dispatch"}
{"timestamp":"2026-09-17T11:15:00.507449Z","level":"INFO","message":"asynchronous invocation rescheduled","invocation_id":"inv_01m2qh7b7ae29r6yfbr1dpkrsn","next_attempt_at":"2026-09-17T11:15:01.496215+00:00","counted":false,"error_type":"Host.DispatcherFenced","target":"tachyon_serverless_application::services::invoke_async::dispatch"}
{"timestamp":"2026-09-17T11:15:00.511977Z","level":"INFO","message":"async dispatch: delivery handled","message_id":"inv_01m2qh7b7ae29r6yfbr1dpkrsn.g7","sequence":16,"delivery_count":1,"outcome":"Rescheduled { next_attempt_at: 2026-09-17T11:15:01.496215Z, counted: false }","target":"tachyon_serverless_application::services::invoke_async::dispatch"}
{"timestamp":"2026-09-17T11:15:01.527727Z","level":"INFO","message":"asynchronous run claimed","invocation_id":"inv_01m2qh7b7ae29r6yfbr1dpkrsn","attempt":1,"generation":8,"delivery_count":1,"target":"tachyon_serverless_application::services::invoke_async::dispatch"}
{"timestamp":"2026-09-17T11:15:01.533153Z","level":"INFO","message":"asynchronous invocation rescheduled","invocation_id":"inv_01m2qh7b7ae29r6yfbr1dpkrsn","next_attempt_at":"2026-09-17T11:15:02.316889+00:00","counted":false,"error_type":"Host.DispatcherFenced","target":"tachyon_serverless_application::services::invoke_async::dispatch"}
{"timestamp":"2026-09-17T11:15:01.540129Z","level":"INFO","message":"async dispatch: delivery handled","message_id":"inv_01m2qh7b7ae29r6yfbr1dpkrsn.g8","sequence":17,"delivery_count":1,"outcome":"Rescheduled { next_attempt_at: 2026-09-17T11:15:02.316889Z, counted: false }","target":"tachyon_serverless_application::services::invoke_async::dispatch"}
{"timestamp":"2026-09-17T11:15:01.642089Z","level":"INFO","message":"object retention pass","report":"GcReport { examined: 2, collected_expired: 0, collected_orphans: 0, kept_in_use: 0, kept_referenced: 2, incomplete_removed: 0, tombstones_purged: 0, failed: 0 }","target":"tachyon_serverless_gateway"}
{"timestamp":"2026-09-17T11:15:02.356418Z","level":"INFO","message":"asynchronous run claimed","invocation_id":"inv_01m2qh7b7ae29r6yfbr1dpkrsn","attempt":1,"generation":9,"delivery_count":1,"target":"tachyon_serverless_application::services::invoke_async::dispatch"}
{"timestamp":"2026-09-17T11:15:02.356983Z","level":"INFO","message":"asynchronous invocation rescheduled","invocation_id":"inv_01m2qh7b7ae29r6yfbr1dpkrsn","next_attempt_at":"2026-09-17T11:15:02.705642+00:00","counted":false,"error_type":"Host.DispatcherFenced","target":"tachyon_serverless_application::services::invoke_async::dispatch"}
{"timestamp":"2026-09-17T11:15:02.361357Z","level":"INFO","message":"async dispatch: delivery handled","message_id":"inv_01m2qh7b7ae29r6yfbr1dpkrsn.g9","sequence":18,"delivery_count":1,"outcome":"Rescheduled { next_attempt_at: 2026-09-17T11:15:02.705642Z, counted: false }","target":"tachyon_serverless_application::services::invoke_async::dispatch"}
{"timestamp":"2026-09-17T11:15:02.770973Z","level":"INFO","message":"asynchronous run claimed","invocation_id":"inv_01m2qh7b7ae29r6yfbr1dpkrsn","attempt":1,"generation":10,"delivery_count":1,"target":"tachyon_serverless_application::services::invoke_async::dispatch"}
{"timestamp":"2026-09-17T11:15:02.771685Z","level":"INFO","message":"asynchronous invocation rescheduled","invocation_id":"inv_01m2qh7b7ae29r6yfbr1dpkrsn","next_attempt_at":"2026-09-17T11:15:02.909350+00:00","counted":false,"error_type":"Host.DispatcherFenced","target":"tachyon_serverless_application::services::invoke_async::dispatch"}
{"timestamp":"2026-09-17T11:15:02.776365Z","level":"INFO","message":"async dispatch: delivery handled","message_id":"inv_01m2qh7b7ae29r6yfbr1dpkrsn.g10","sequence":19,"delivery_count":1,"outcome":"Rescheduled { next_attempt_at: 2026-09-17T11:15:02.909350Z, counted: false }","target":"tachyon_serverless_application::services::invoke_async::dispatch"}
{"timestamp":"2026-09-17T11:15:02.979461Z","level":"INFO","message":"asynchronous run claimed","invocation_id":"inv_01m2qh7b7ae29r6yfbr1dpkrsn","attempt":1,"generation":11,"delivery_count":1,"target":"tachyon_serverless_application::services::invoke_async::dispatch"}
{"timestamp":"2026-09-17T11:15:02.983157Z","level":"INFO","message":"asynchronous invocation rescheduled","invocation_id":"inv_01m2qh7b7ae29r6yfbr1dpkrsn","next_attempt_at":"2026-09-17T11:15:03.766831+00:00","counted":false,"error_type":"Host.DispatcherFenced","target":"tachyon_serverless_application::services::invoke_async::dispatch"}
{"timestamp":"2026-09-17T11:15:02.987851Z","level":"INFO","message":"async dispatch: delivery handled","message_id":"inv_01m2qh7b7ae29r6yfbr1dpkrsn.g11","sequence":20,"delivery_count":1,"outcome":"Rescheduled { next_attempt_at: 2026-09-17T11:15:03.766831Z, counted: false }","target":"tachyon_serverless_application::services::invoke_async::dispatch"}
{"timestamp":"2026-09-17T11:15:03.642157Z","level":"INFO","message":"object retention pass","report":"GcReport { examined: 2, collected_expired: 0, collected_orphans: 0, kept_in_use: 0, kept_referenced: 2, incomplete_removed: 0, tombstones_purged: 0, failed: 0 }","target":"tachyon_serverless_gateway"}
{"timestamp":"2026-09-17T11:15:03.797742Z","level":"INFO","message":"asynchronous run claimed","invocation_id":"inv_01m2qh7b7ae29r6yfbr1dpkrsn","attempt":1,"generation":12,"delivery_count":1,"target":"tachyon_serverless_application::services::invoke_async::dispatch"}
{"timestamp":"2026-09-17T11:15:03.802991Z","level":"INFO","message":"asynchronous invocation rescheduled","invocation_id":"inv_01m2qh7b7ae29r6yfbr1dpkrsn","next_attempt_at":"2026-09-17T11:15:04.780921+00:00","counted":false,"error_type":"Host.DispatcherFenced","target":"tachyon_serverless_application::services::invoke_async::dispatch"}
{"timestamp":"2026-09-17T11:15:03.807228Z","level":"INFO","message":"async dispatch: delivery handled","message_id":"inv_01m2qh7b7ae29r6yfbr1dpkrsn.g12","sequence":21,"delivery_count":1,"outcome":"Rescheduled { next_attempt_at: 2026-09-17T11:15:04.780921Z, counted: false }","target":"tachyon_serverless_application::services::invoke_async::dispatch"}
{"timestamp":"2026-09-17T11:15:04.825390Z","level":"INFO","message":"asynchronous run claimed","invocation_id":"inv_01m2qh7b7ae29r6yfbr1dpkrsn","attempt":1,"generation":13,"delivery_count":1,"target":"tachyon_serverless_application::services::invoke_async::dispatch"}
{"timestamp":"2026-09-17T11:15:04.825944Z","level":"INFO","message":"asynchronous invocation rescheduled","invocation_id":"inv_01m2qh7b7ae29r6yfbr1dpkrsn","next_attempt_at":"2026-09-17T11:15:05.642603+00:00","counted":false,"error_type":"Host.DispatcherFenced","target":"tachyon_serverless_application::services::invoke_async::dispatch"}
{"timestamp":"2026-09-17T11:15:04.830812Z","level":"INFO","message":"async dispatch: delivery handled","message_id":"inv_01m2qh7b7ae29r6yfbr1dpkrsn.g13","sequence":22,"delivery_count":1,"outcome":"Rescheduled { next_attempt_at: 2026-09-17T11:15:05.642603Z, counted: false }","target":"tachyon_serverless_application::services::invoke_async::dispatch"}
{"timestamp":"2026-09-17T11:15:05.642365Z","level":"INFO","message":"object retention pass","report":"GcReport { examined: 2, collected_expired: 0, collected_orphans: 0, kept_in_use: 0, kept_referenced: 2, incomplete_removed: 0, tombstones_purged: 0, failed: 0 }","target":"tachyon_serverless_gateway"}
{"timestamp":"2026-09-17T11:15:05.749042Z","level":"INFO","message":"asynchronous run claimed","invocation_id":"inv_01m2qh7b7ae29r6yfbr1dpkrsn","attempt":1,"generation":14,"delivery_count":1,"target":"tachyon_serverless_application::services::invoke_async::dispatch"}
{"timestamp":"2026-09-17T11:15:05.749831Z","level":"INFO","message":"asynchronous invocation rescheduled","invocation_id":"inv_01m2qh7b7ae29r6yfbr1dpkrsn","next_attempt_at":"2026-09-17T11:15:06.035450+00:00","counted":false,"error_type":"Host.DispatcherFenced","target":"tachyon_serverless_application::services::invoke_async::dispatch"}
{"timestamp":"2026-09-17T11:15:05.754440Z","level":"INFO","message":"async dispatch: delivery handled","message_id":"inv_01m2qh7b7ae29r6yfbr1dpkrsn.g14","sequence":23,"delivery_count":1,"outcome":"Rescheduled { next_attempt_at: 2026-09-17T11:15:06.035450Z, counted: false }","target":"tachyon_serverless_application::services::invoke_async::dispatch"}
{"timestamp":"2026-09-17T11:15:06.058917Z","level":"INFO","message":"asynchronous run claimed","invocation_id":"inv_01m2qh7b7ae29r6yfbr1dpkrsn","attempt":1,"generation":15,"delivery_count":1,"target":"tachyon_serverless_application::services::invoke_async::dispatch"}
{"timestamp":"2026-09-17T11:15:06.064012Z","level":"INFO","message":"asynchronous invocation rescheduled","invocation_id":"inv_01m2qh7b7ae29r6yfbr1dpkrsn","next_attempt_at":"2026-09-17T11:15:06.988085+00:00","counted":false,"error_type":"Host.DispatcherFenced","target":"tachyon_serverless_application::services::invoke_async::dispatch"}
{"timestamp":"2026-09-17T11:15:06.068372Z","level":"INFO","message":"async dispatch: delivery handled","message_id":"inv_01m2qh7b7ae29r6yfbr1dpkrsn.g15","sequence":24,"delivery_count":1,"outcome":"Rescheduled { next_attempt_at: 2026-09-17T11:15:06.988085Z, counted: false }","target":"tachyon_serverless_application::services::invoke_async::dispatch"}
{"timestamp":"2026-09-17T11:15:07.082139Z","level":"INFO","message":"asynchronous run claimed","invocation_id":"inv_01m2qh7b7ae29r6yfbr1dpkrsn","attempt":1,"generation":16,"delivery_count":1,"target":"tachyon_serverless_application::services::invoke_async::dispatch"}
{"timestamp":"2026-09-17T11:15:07.085798Z","level":"INFO","message":"asynchronous invocation rescheduled","invocation_id":"inv_01m2qh7b7ae29r6yfbr1dpkrsn","next_attempt_at":"2026-09-17T11:15:07.311457+00:00","counted":false,"error_type":"Host.DispatcherFenced","target":"tachyon_serverless_application::services::invoke_async::dispatch"}
{"timestamp":"2026-09-17T11:15:07.090865Z","level":"INFO","message":"async dispatch: delivery handled","message_id":"inv_01m2qh7b7ae29r6yfbr1dpkrsn.g16","sequence":25,"delivery_count":1,"outcome":"Rescheduled { next_attempt_at: 2026-09-17T11:15:07.311457Z, counted: false }","target":"tachyon_serverless_application::services::invoke_async::dispatch"}
{"timestamp":"2026-09-17T11:15:07.394982Z","level":"INFO","message":"asynchronous run claimed","invocation_id":"inv_01m2qh7b7ae29r6yfbr1dpkrsn","attempt":1,"generation":17,"delivery_count":1,"target":"tachyon_serverless_application::services::invoke_async::dispatch"}
{"timestamp":"2026-09-17T11:15:07.398580Z","level":"INFO","message":"asynchronous invocation rescheduled","invocation_id":"inv_01m2qh7b7ae29r6yfbr1dpkrsn","next_attempt_at":"2026-09-17T11:15:08.294275+00:00","counted":false,"error_type":"Host.DispatcherFenced","target":"tachyon_serverless_application::services::invoke_async::dispatch"}
{"timestamp":"2026-09-17T11:15:07.403506Z","level":"INFO","message":"async dispatch: delivery handled","message_id":"inv_01m2qh7b7ae29r6yfbr1dpkrsn.g17","sequence":26,"delivery_count":1,"outcome":"Rescheduled { next_attempt_at: 2026-09-17T11:15:08.294275Z, counted: false }","target":"tachyon_serverless_application::services::invoke_async::dispatch"}
{"timestamp":"2026-09-17T11:15:07.642539Z","level":"INFO","message":"object retention pass","report":"GcReport { examined: 2, collected_expired: 0, collected_orphans: 0, kept_in_use: 0, kept_referenced: 2, incomplete_removed: 0, tombstones_purged: 0, failed: 0 }","target":"tachyon_serverless_gateway"}
{"timestamp":"2026-09-17T11:15:08.316990Z","level":"INFO","message":"asynchronous run claimed","invocation_id":"inv_01m2qh7b7ae29r6yfbr1dpkrsn","attempt":1,"generation":18,"delivery_count":1,"target":"tachyon_serverless_application::services::invoke_async::dispatch"}
{"timestamp":"2026-09-17T11:15:08.322154Z","level":"INFO","message":"asynchronous invocation rescheduled","invocation_id":"inv_01m2qh7b7ae29r6yfbr1dpkrsn","next_attempt_at":"2026-09-17T11:15:08.936214+00:00","counted":false,"error_type":"Host.DispatcherFenced","target":"tachyon_serverless_application::services::invoke_async::dispatch"}
{"timestamp":"2026-09-17T11:15:08.326566Z","level":"INFO","message":"async dispatch: delivery handled","message_id":"inv_01m2qh7b7ae29r6yfbr1dpkrsn.g18","sequence":27,"delivery_count":1,"outcome":"Rescheduled { next_attempt_at: 2026-09-17T11:15:08.936214Z, counted: false }","target":"tachyon_serverless_application::services::invoke_async::dispatch"}
{"timestamp":"2026-09-17T11:15:09.040063Z","level":"INFO","message":"asynchronous run claimed","invocation_id":"inv_01m2qh7b7ae29r6yfbr1dpkrsn","attempt":1,"generation":19,"delivery_count":1,"target":"tachyon_serverless_application::services::invoke_async::dispatch"}
{"timestamp":"2026-09-17T11:15:09.043697Z","level":"INFO","message":"asynchronous invocation rescheduled","invocation_id":"inv_01m2qh7b7ae29r6yfbr1dpkrsn","next_attempt_at":"2026-09-17T11:15:09.202274+00:00","counted":false,"error_type":"Host.DispatcherFenced","target":"tachyon_serverless_application::services::invoke_async::dispatch"}
{"timestamp":"2026-09-17T11:15:09.048443Z","level":"INFO","message":"async dispatch: delivery handled","message_id":"inv_01m2qh7b7ae29r6yfbr1dpkrsn.g19","sequence":28,"delivery_count":1,"outcome":"Rescheduled { next_attempt_at: 2026-09-17T11:15:09.202274Z, counted: false }","target":"tachyon_serverless_application::services::invoke_async::dispatch"}
{"timestamp":"2026-09-17T11:15:09.250972Z","level":"INFO","message":"asynchronous run claimed","invocation_id":"inv_01m2qh7b7ae29r6yfbr1dpkrsn","attempt":1,"generation":20,"delivery_count":1,"target":"tachyon_serverless_application::services::invoke_async::dispatch"}
{"timestamp":"2026-09-17T11:15:09.256124Z","level":"INFO","message":"asynchronous invocation rescheduled","invocation_id":"inv_01m2qh7b7ae29r6yfbr1dpkrsn","next_attempt_at":"2026-09-17T11:15:09.351131+00:00","counted":false,"error_type":"Host.DispatcherFenced","target":"tachyon_serverless_application::services::invoke_async::dispatch"}
{"timestamp":"2026-09-17T11:15:09.260303Z","level":"INFO","message":"async dispatch: delivery handled","message_id":"inv_01m2qh7b7ae29r6yfbr1dpkrsn.g20","sequence":29,"delivery_count":1,"outcome":"Rescheduled { next_attempt_at: 2026-09-17T11:15:09.351131Z, counted: false }","target":"tachyon_serverless_application::services::invoke_async::dispatch"}
{"timestamp":"2026-09-17T11:15:09.367463Z","level":"INFO","message":"asynchronous run claimed","invocation_id":"inv_01m2qh7b7ae29r6yfbr1dpkrsn","attempt":1,"generation":21,"delivery_count":1,"target":"tachyon_serverless_application::services::invoke_async::dispatch"}
{"timestamp":"2026-09-17T11:15:09.368033Z","level":"INFO","message":"asynchronous invocation rescheduled","invocation_id":"inv_01m2qh7b7ae29r6yfbr1dpkrsn","next_attempt_at":"2026-09-17T11:15:10.299728+00:00","counted":false,"error_type":"Host.DispatcherFenced","target":"tachyon_serverless_application::services::invoke_async::dispatch"}
{"timestamp":"2026-09-17T11:15:09.372784Z","level":"INFO","message":"async dispatch: delivery handled","message_id":"inv_01m2qh7b7ae29r6yfbr1dpkrsn.g21","sequence":30,"delivery_count":1,"outcome":"Rescheduled { next_attempt_at: 2026-09-17T11:15:10.299728Z, counted: false }","target":"tachyon_serverless_application::services::invoke_async::dispatch"}
{"timestamp":"2026-09-17T11:15:09.641598Z","level":"INFO","message":"object retention pass","report":"GcReport { examined: 2, collected_expired: 0, collected_orphans: 0, kept_in_use: 0, kept_referenced: 2, incomplete_removed: 0, tombstones_purged: 0, failed: 0 }","target":"tachyon_serverless_gateway"}
{"timestamp":"2026-09-17T11:15:10.386700Z","level":"INFO","message":"asynchronous run claimed","invocation_id":"inv_01m2qh7b7ae29r6yfbr1dpkrsn","attempt":1,"generation":22,"delivery_count":1,"target":"tachyon_serverless_application::services::invoke_async::dispatch"}
{"timestamp":"2026-09-17T11:15:10.390254Z","level":"INFO","message":"asynchronous invocation rescheduled","invocation_id":"inv_01m2qh7b7ae29r6yfbr1dpkrsn","next_attempt_at":"2026-09-17T11:15:10.880886+00:00","counted":false,"error_type":"Host.DispatcherFenced","target":"tachyon_serverless_application::services::invoke_async::dispatch"}
{"timestamp":"2026-09-17T11:15:10.394275Z","level":"INFO","message":"async dispatch: delivery handled","message_id":"inv_01m2qh7b7ae29r6yfbr1dpkrsn.g22","sequence":31,"delivery_count":1,"outcome":"Rescheduled { next_attempt_at: 2026-09-17T11:15:10.880886Z, counted: false }","target":"tachyon_serverless_application::services::invoke_async::dispatch"}
{"timestamp":"2026-09-17T11:15:10.906589Z","level":"INFO","message":"asynchronous run claimed","invocation_id":"inv_01m2qh7b7ae29r6yfbr1dpkrsn","attempt":1,"generation":23,"delivery_count":1,"target":"tachyon_serverless_application::services::invoke_async::dispatch"}
{"timestamp":"2026-09-17T11:15:10.907356Z","level":"INFO","message":"asynchronous invocation rescheduled","invocation_id":"inv_01m2qh7b7ae29r6yfbr1dpkrsn","next_attempt_at":"2026-09-17T11:15:11.799951+00:00","counted":false,"error_type":"Host.DispatcherFenced","target":"tachyon_serverless_application::services::invoke_async::dispatch"}
{"timestamp":"2026-09-17T11:15:10.911798Z","level":"INFO","message":"async dispatch: delivery handled","message_id":"inv_01m2qh7b7ae29r6yfbr1dpkrsn.g23","sequence":32,"delivery_count":1,"outcome":"Rescheduled { next_attempt_at: 2026-09-17T11:15:11.799951Z, counted: false }","target":"tachyon_serverless_application::services::invoke_async::dispatch"}
{"timestamp":"2026-09-17T11:15:11.642013Z","level":"INFO","message":"object retention pass","report":"GcReport { examined: 2, collected_expired: 0, collected_orphans: 0, kept_in_use: 0, kept_referenced: 2, incomplete_removed: 0, tombstones_purged: 0, failed: 0 }","target":"tachyon_serverless_gateway"}
{"timestamp":"2026-09-17T11:15:11.824079Z","level":"INFO","message":"asynchronous run claimed","invocation_id":"inv_01m2qh7b7ae29r6yfbr1dpkrsn","attempt":1,"generation":24,"delivery_count":1,"target":"tachyon_serverless_application::services::invoke_async::dispatch"}
{"timestamp":"2026-09-17T11:15:11.829304Z","level":"INFO","message":"asynchronous invocation rescheduled","invocation_id":"inv_01m2qh7b7ae29r6yfbr1dpkrsn","next_attempt_at":"2026-09-17T11:15:11.924275+00:00","counted":false,"error_type":"Host.DispatcherFenced","target":"tachyon_serverless_application::services::invoke_async::dispatch"}
{"timestamp":"2026-09-17T11:15:11.833362Z","level":"INFO","message":"async dispatch: delivery handled","message_id":"inv_01m2qh7b7ae29r6yfbr1dpkrsn.g24","sequence":33,"delivery_count":1,"outcome":"Rescheduled { next_attempt_at: 2026-09-17T11:15:11.924275Z, counted: false }","target":"tachyon_serverless_application::services::invoke_async::dispatch"}
{"timestamp":"2026-09-17T11:15:11.940649Z","level":"INFO","message":"asynchronous run claimed","invocation_id":"inv_01m2qh7b7ae29r6yfbr1dpkrsn","attempt":1,"generation":25,"delivery_count":1,"target":"tachyon_serverless_application::services::invoke_async::dispatch"}
{"timestamp":"2026-09-17T11:15:11.941140Z","level":"INFO","message":"asynchronous invocation rescheduled","invocation_id":"inv_01m2qh7b7ae29r6yfbr1dpkrsn","next_attempt_at":"2026-09-17T11:15:12.249828+00:00","counted":false,"error_type":"Host.DispatcherFenced","target":"tachyon_serverless_application::services::invoke_async::dispatch"}
{"timestamp":"2026-09-17T11:15:11.945985Z","level":"INFO","message":"async dispatch: delivery handled","message_id":"inv_01m2qh7b7ae29r6yfbr1dpkrsn.g25","sequence":34,"delivery_count":1,"outcome":"Rescheduled { next_attempt_at: 2026-09-17T11:15:12.249828Z, counted: false }","target":"tachyon_serverless_application::services::invoke_async::dispatch"}
{"timestamp":"2026-09-17T11:15:12.356788Z","level":"INFO","message":"asynchronous run claimed","invocation_id":"inv_01m2qh7b7ae29r6yfbr1dpkrsn","attempt":1,"generation":26,"delivery_count":1,"target":"tachyon_serverless_application::services::invoke_async::dispatch"}
{"timestamp":"2026-09-17T11:15:12.357352Z","level":"INFO","message":"asynchronous invocation rescheduled","invocation_id":"inv_01m2qh7b7ae29r6yfbr1dpkrsn","next_attempt_at":"2026-09-17T11:15:12.497052+00:00","counted":false,"error_type":"Host.DispatcherFenced","target":"tachyon_serverless_application::services::invoke_async::dispatch"}
{"timestamp":"2026-09-17T11:15:12.361962Z","level":"INFO","message":"async dispatch: delivery handled","message_id":"inv_01m2qh7b7ae29r6yfbr1dpkrsn.g26","sequence":35,"delivery_count":1,"outcome":"Rescheduled { next_attempt_at: 2026-09-17T11:15:12.497052Z, counted: false }","target":"tachyon_serverless_application::services::invoke_async::dispatch"}
{"timestamp":"2026-09-17T11:15:12.570102Z","level":"INFO","message":"asynchronous run claimed","invocation_id":"inv_01m2qh7b7ae29r6yfbr1dpkrsn","attempt":1,"generation":27,"delivery_count":1,"target":"tachyon_serverless_application::services::invoke_async::dispatch"}
{"timestamp":"2026-09-17T11:15:12.570742Z","level":"INFO","message":"asynchronous invocation rescheduled","invocation_id":"inv_01m2qh7b7ae29r6yfbr1dpkrsn","next_attempt_at":"2026-09-17T11:15:12.707445+00:00","counted":false,"error_type":"Host.DispatcherFenced","target":"tachyon_serverless_application::services::invoke_async::dispatch"}
{"timestamp":"2026-09-17T11:15:12.575233Z","level":"INFO","message":"async dispatch: delivery handled","message_id":"inv_01m2qh7b7ae29r6yfbr1dpkrsn.g27","sequence":36,"delivery_count":1,"outcome":"Rescheduled { next_attempt_at: 2026-09-17T11:15:12.707445Z, counted: false }","target":"tachyon_serverless_application::services::invoke_async::dispatch"}
{"timestamp":"2026-09-17T11:15:12.783768Z","level":"INFO","message":"asynchronous run claimed","invocation_id":"inv_01m2qh7b7ae29r6yfbr1dpkrsn","attempt":1,"generation":28,"delivery_count":1,"target":"tachyon_serverless_application::services::invoke_async::dispatch"}
{"timestamp":"2026-09-17T11:15:12.784448Z","level":"INFO","message":"asynchronous invocation rescheduled","invocation_id":"inv_01m2qh7b7ae29r6yfbr1dpkrsn","next_attempt_at":"2026-09-17T11:15:13.424120+00:00","counted":false,"error_type":"Host.DispatcherFenced","target":"tachyon_serverless_application::services::invoke_async::dispatch"}
{"timestamp":"2026-09-17T11:15:12.788868Z","level":"INFO","message":"async dispatch: delivery handled","message_id":"inv_01m2qh7b7ae29r6yfbr1dpkrsn.g28","sequence":37,"delivery_count":1,"outcome":"Rescheduled { next_attempt_at: 2026-09-17T11:15:13.424120Z, counted: false }","target":"tachyon_serverless_application::services::invoke_async::dispatch"}
{"timestamp":"2026-09-17T11:15:13.497521Z","level":"INFO","message":"asynchronous run claimed","invocation_id":"inv_01m2qh7b7ae29r6yfbr1dpkrsn","attempt":1,"generation":29,"delivery_count":1,"target":"tachyon_serverless_application::services::invoke_async::dispatch"}
{"timestamp":"2026-09-17T11:15:13.502566Z","level":"INFO","message":"asynchronous invocation rescheduled","invocation_id":"inv_01m2qh7b7ae29r6yfbr1dpkrsn","next_attempt_at":"2026-09-17T11:15:14.044680+00:00","counted":false,"error_type":"Host.DispatcherFenced","target":"tachyon_serverless_application::services::invoke_async::dispatch"}
{"timestamp":"2026-09-17T11:15:13.506916Z","level":"INFO","message":"async dispatch: delivery handled","message_id":"inv_01m2qh7b7ae29r6yfbr1dpkrsn.g29","sequence":38,"delivery_count":1,"outcome":"Rescheduled { next_attempt_at: 2026-09-17T11:15:14.044680Z, counted: false }","target":"tachyon_serverless_application::services::invoke_async::dispatch"}
{"timestamp":"2026-09-17T11:15:13.642567Z","level":"INFO","message":"object retention pass","report":"GcReport { examined: 2, collected_expired: 0, collected_orphans: 0, kept_in_use: 0, kept_referenced: 2, incomplete_removed: 0, tombstones_purged: 0, failed: 0 }","target":"tachyon_serverless_gateway"}
{"timestamp":"2026-09-17T11:15:14.115582Z","level":"INFO","message":"asynchronous run claimed","invocation_id":"inv_01m2qh7b7ae29r6yfbr1dpkrsn","attempt":1,"generation":30,"delivery_count":1,"target":"tachyon_serverless_application::services::invoke_async::dispatch"}
{"timestamp":"2026-09-17T11:15:14.119182Z","level":"INFO","message":"asynchronous invocation rescheduled","invocation_id":"inv_01m2qh7b7ae29r6yfbr1dpkrsn","next_attempt_at":"2026-09-17T11:15:14.251846+00:00","counted":false,"error_type":"Host.DispatcherFenced","target":"tachyon_serverless_application::services::invoke_async::dispatch"}
{"timestamp":"2026-09-17T11:15:14.123305Z","level":"INFO","message":"async dispatch: delivery handled","message_id":"inv_01m2qh7b7ae29r6yfbr1dpkrsn.g30","sequence":39,"delivery_count":1,"outcome":"Rescheduled { next_attempt_at: 2026-09-17T11:15:14.251846Z, counted: false }","target":"tachyon_serverless_application::services::invoke_async::dispatch"}
{"timestamp":"2026-09-17T11:15:14.329820Z","level":"INFO","message":"asynchronous run claimed","invocation_id":"inv_01m2qh7b7ae29r6yfbr1dpkrsn","attempt":1,"generation":31,"delivery_count":1,"target":"tachyon_serverless_application::services::invoke_async::dispatch"}
{"timestamp":"2026-09-17T11:15:14.330429Z","level":"INFO","message":"asynchronous invocation rescheduled","invocation_id":"inv_01m2qh7b7ae29r6yfbr1dpkrsn","next_attempt_at":"2026-09-17T11:15:14.874141+00:00","counted":false,"error_type":"Host.DispatcherFenced","target":"tachyon_serverless_application::services::invoke_async::dispatch"}
{"timestamp":"2026-09-17T11:15:14.335159Z","level":"INFO","message":"async dispatch: delivery handled","message_id":"inv_01m2qh7b7ae29r6yfbr1dpkrsn.g31","sequence":40,"delivery_count":1,"outcome":"Rescheduled { next_attempt_at: 2026-09-17T11:15:14.874141Z, counted: false }","target":"tachyon_serverless_application::services::invoke_async::dispatch"}
{"timestamp":"2026-09-17T11:15:14.946070Z","level":"INFO","message":"asynchronous run claimed","invocation_id":"inv_01m2qh7b7ae29r6yfbr1dpkrsn","attempt":1,"generation":32,"delivery_count":1,"target":"tachyon_serverless_application::services::invoke_async::dispatch"}
{"timestamp":"2026-09-17T11:15:14.946790Z","level":"INFO","message":"asynchronous invocation rescheduled","invocation_id":"inv_01m2qh7b7ae29r6yfbr1dpkrsn","next_attempt_at":"2026-09-17T11:15:15.404405+00:00","counted":false,"error_type":"Host.DispatcherFenced","target":"tachyon_serverless_application::services::invoke_async::dispatch"}
{"timestamp":"2026-09-17T11:15:14.951486Z","level":"INFO","message":"async dispatch: delivery handled","message_id":"inv_01m2qh7b7ae29r6yfbr1dpkrsn.g32","sequence":41,"delivery_count":1,"outcome":"Rescheduled { next_attempt_at: 2026-09-17T11:15:15.404405Z, counted: false }","target":"tachyon_serverless_application::services::invoke_async::dispatch"}
{"timestamp":"2026-09-17T11:15:15.458973Z","level":"INFO","message":"asynchronous run claimed","invocation_id":"inv_01m2qh7b7ae29r6yfbr1dpkrsn","attempt":1,"generation":33,"delivery_count":1,"target":"tachyon_serverless_application::services::invoke_async::dispatch"}
{"timestamp":"2026-09-17T11:15:15.464108Z","level":"INFO","message":"asynchronous invocation rescheduled","invocation_id":"inv_01m2qh7b7ae29r6yfbr1dpkrsn","next_attempt_at":"2026-09-17T11:15:15.760128+00:00","counted":false,"error_type":"Host.DispatcherFenced","target":"tachyon_serverless_application::services::invoke_async::dispatch"}
{"timestamp":"2026-09-17T11:15:15.468487Z","level":"INFO","message":"async dispatch: delivery handled","message_id":"inv_01m2qh7b7ae29r6yfbr1dpkrsn.g33","sequence":42,"delivery_count":1,"outcome":"Rescheduled { next_attempt_at: 2026-09-17T11:15:15.760128Z, counted: false }","target":"tachyon_serverless_application::services::invoke_async::dispatch"}
{"timestamp":"2026-09-17T11:15:15.642390Z","level":"INFO","message":"object retention pass","report":"GcReport { examined: 2, collected_expired: 0, collected_orphans: 0, kept_in_use: 0, kept_referenced: 2, incomplete_removed: 0, tombstones_purged: 0, failed: 0 }","target":"tachyon_serverless_gateway"}
{"timestamp":"2026-09-17T11:15:15.772218Z","level":"INFO","message":"asynchronous run claimed","invocation_id":"inv_01m2qh7b7ae29r6yfbr1dpkrsn","attempt":1,"generation":34,"delivery_count":1,"target":"tachyon_serverless_application::services::invoke_async::dispatch"}
{"timestamp":"2026-09-17T11:15:15.777437Z","level":"INFO","message":"asynchronous invocation rescheduled","invocation_id":"inv_01m2qh7b7ae29r6yfbr1dpkrsn","next_attempt_at":"2026-09-17T11:15:16.394406+00:00","counted":false,"error_type":"Host.DispatcherFenced","target":"tachyon_serverless_application::services::invoke_async::dispatch"}
{"timestamp":"2026-09-17T11:15:15.781686Z","level":"INFO","message":"async dispatch: delivery handled","message_id":"inv_01m2qh7b7ae29r6yfbr1dpkrsn.g34","sequence":43,"delivery_count":1,"outcome":"Rescheduled { next_attempt_at: 2026-09-17T11:15:16.394406Z, counted: false }","target":"tachyon_serverless_application::services::invoke_async::dispatch"}
{"timestamp":"2026-09-17T11:15:16.490705Z","level":"INFO","message":"asynchronous run claimed","invocation_id":"inv_01m2qh7b7ae29r6yfbr1dpkrsn","attempt":1,"generation":35,"delivery_count":1,"target":"tachyon_serverless_application::services::invoke_async::dispatch"}
{"timestamp":"2026-09-17T11:15:16.494252Z","level":"INFO","message":"asynchronous invocation rescheduled","invocation_id":"inv_01m2qh7b7ae29r6yfbr1dpkrsn","next_attempt_at":"2026-09-17T11:15:16.680962+00:00","counted":false,"error_type":"Host.DispatcherFenced","target":"tachyon_serverless_application::services::invoke_async::dispatch"}
{"timestamp":"2026-09-17T11:15:16.498232Z","level":"INFO","message":"async dispatch: delivery handled","message_id":"inv_01m2qh7b7ae29r6yfbr1dpkrsn.g35","sequence":44,"delivery_count":1,"outcome":"Rescheduled { next_attempt_at: 2026-09-17T11:15:16.680962Z, counted: false }","target":"tachyon_serverless_application::services::invoke_async::dispatch"}
{"timestamp":"2026-09-17T11:15:16.707852Z","level":"INFO","message":"asynchronous run claimed","invocation_id":"inv_01m2qh7b7ae29r6yfbr1dpkrsn","attempt":1,"generation":36,"delivery_count":1,"target":"tachyon_serverless_application::services::invoke_async::dispatch"}
{"timestamp":"2026-09-17T11:15:16.708489Z","level":"INFO","message":"asynchronous invocation rescheduled","invocation_id":"inv_01m2qh7b7ae29r6yfbr1dpkrsn","next_attempt_at":"2026-09-17T11:15:17.636092+00:00","counted":false,"error_type":"Host.DispatcherFenced","target":"tachyon_serverless_application::services::invoke_async::dispatch"}
{"timestamp":"2026-09-17T11:15:16.712943Z","level":"INFO","message":"async dispatch: delivery handled","message_id":"inv_01m2qh7b7ae29r6yfbr1dpkrsn.g36","sequence":45,"delivery_count":1,"outcome":"Rescheduled { next_attempt_at: 2026-09-17T11:15:17.636092Z, counted: false }","target":"tachyon_serverless_application::services::invoke_async::dispatch"}
{"timestamp":"2026-09-17T11:15:17.642508Z","level":"INFO","message":"object retention pass","report":"GcReport { examined: 2, collected_expired: 0, collected_orphans: 0, kept_in_use: 0, kept_referenced: 2, incomplete_removed: 0, tombstones_purged: 0, failed: 0 }","target":"tachyon_serverless_gateway"}
{"timestamp":"2026-09-17T11:15:17.733145Z","level":"INFO","message":"asynchronous run claimed","invocation_id":"inv_01m2qh7b7ae29r6yfbr1dpkrsn","attempt":1,"generation":37,"delivery_count":1,"target":"tachyon_serverless_application::services::invoke_async::dispatch"}
{"timestamp":"2026-09-17T11:15:17.733792Z","level":"INFO","message":"asynchronous invocation rescheduled","invocation_id":"inv_01m2qh7b7ae29r6yfbr1dpkrsn","next_attempt_at":"2026-09-17T11:15:17.940409+00:00","counted":false,"error_type":"Host.DispatcherFenced","target":"tachyon_serverless_application::services::invoke_async::dispatch"}
{"timestamp":"2026-09-17T11:15:17.738582Z","level":"INFO","message":"async dispatch: delivery handled","message_id":"inv_01m2qh7b7ae29r6yfbr1dpkrsn.g37","sequence":46,"delivery_count":1,"outcome":"Rescheduled { next_attempt_at: 2026-09-17T11:15:17.940409Z, counted: false }","target":"tachyon_serverless_application::services::invoke_async::dispatch"}
{"timestamp":"2026-09-17T11:15:18.042875Z","level":"INFO","message":"asynchronous run claimed","invocation_id":"inv_01m2qh7b7ae29r6yfbr1dpkrsn","attempt":1,"generation":38,"delivery_count":1,"target":"tachyon_serverless_application::services::invoke_async::dispatch"}
{"timestamp":"2026-09-17T11:15:18.048185Z","level":"INFO","message":"asynchronous invocation rescheduled","invocation_id":"inv_01m2qh7b7ae29r6yfbr1dpkrsn","next_attempt_at":"2026-09-17T11:15:18.898018+00:00","counted":false,"error_type":"Host.DispatcherFenced","target":"tachyon_serverless_application::services::invoke_async::dispatch"}
{"timestamp":"2026-09-17T11:15:18.052319Z","level":"INFO","message":"async dispatch: delivery handled","message_id":"inv_01m2qh7b7ae29r6yfbr1dpkrsn.g38","sequence":47,"delivery_count":1,"outcome":"Rescheduled { next_attempt_at: 2026-09-17T11:15:18.898018Z, counted: false }","target":"tachyon_serverless_application::services::invoke_async::dispatch"}
{"timestamp":"2026-09-17T11:15:18.964979Z","level":"INFO","message":"asynchronous run claimed","invocation_id":"inv_01m2qh7b7ae29r6yfbr1dpkrsn","attempt":1,"generation":39,"delivery_count":1,"target":"tachyon_serverless_application::services::invoke_async::dispatch"}
{"timestamp":"2026-09-17T11:15:18.968714Z","level":"INFO","message":"asynchronous invocation rescheduled","invocation_id":"inv_01m2qh7b7ae29r6yfbr1dpkrsn","next_attempt_at":"2026-09-17T11:15:19.800325+00:00","counted":false,"error_type":"Host.DispatcherFenced","target":"tachyon_serverless_application::services::invoke_async::dispatch"}
{"timestamp":"2026-09-17T11:15:18.973520Z","level":"INFO","message":"async dispatch: delivery handled","message_id":"inv_01m2qh7b7ae29r6yfbr1dpkrsn.g39","sequence":48,"delivery_count":1,"outcome":"Rescheduled { next_attempt_at: 2026-09-17T11:15:19.800325Z, counted: false }","target":"tachyon_serverless_application::services::invoke_async::dispatch"}
{"timestamp":"2026-09-17T11:15:19.642737Z","level":"INFO","message":"object retention pass","report":"GcReport { examined: 2, collected_expired: 0, collected_orphans: 0, kept_in_use: 0, kept_referenced: 2, incomplete_removed: 0, tombstones_purged: 0, failed: 0 }","target":"tachyon_serverless_gateway"}
{"timestamp":"2026-09-17T11:15:19.893252Z","level":"INFO","message":"asynchronous run claimed","invocation_id":"inv_01m2qh7b7ae29r6yfbr1dpkrsn","attempt":1,"generation":40,"delivery_count":1,"target":"tachyon_serverless_application::services::invoke_async::dispatch"}
{"timestamp":"2026-09-17T11:15:19.893890Z","level":"INFO","message":"asynchronous invocation rescheduled","invocation_id":"inv_01m2qh7b7ae29r6yfbr1dpkrsn","next_attempt_at":"2026-09-17T11:15:20.631556+00:00","counted":false,"error_type":"Host.DispatcherFenced","target":"tachyon_serverless_application::services::invoke_async::dispatch"}
{"timestamp":"2026-09-17T11:15:19.898816Z","level":"INFO","message":"async dispatch: delivery handled","message_id":"inv_01m2qh7b7ae29r6yfbr1dpkrsn.g40","sequence":49,"delivery_count":1,"outcome":"Rescheduled { next_attempt_at: 2026-09-17T11:15:20.631556Z, counted: false }","target":"tachyon_serverless_application::services::invoke_async::dispatch"}
{"timestamp":"2026-09-17T11:15:20.711100Z","level":"INFO","message":"asynchronous run claimed","invocation_id":"inv_01m2qh7b7ae29r6yfbr1dpkrsn","attempt":1,"generation":41,"delivery_count":1,"target":"tachyon_serverless_application::services::invoke_async::dispatch"}
{"timestamp":"2026-09-17T11:15:20.714877Z","level":"INFO","message":"asynchronous invocation rescheduled","invocation_id":"inv_01m2qh7b7ae29r6yfbr1dpkrsn","next_attempt_at":"2026-09-17T11:15:21.001557+00:00","counted":false,"error_type":"Host.DispatcherFenced","target":"tachyon_serverless_application::services::invoke_async::dispatch"}
{"timestamp":"2026-09-17T11:15:20.719619Z","level":"INFO","message":"async dispatch: delivery handled","message_id":"inv_01m2qh7b7ae29r6yfbr1dpkrsn.g41","sequence":50,"delivery_count":1,"outcome":"Rescheduled { next_attempt_at: 2026-09-17T11:15:21.001557Z, counted: false }","target":"tachyon_serverless_application::services::invoke_async::dispatch"}
{"timestamp":"2026-09-17T11:15:21.025188Z","level":"INFO","message":"asynchronous run claimed","invocation_id":"inv_01m2qh7b7ae29r6yfbr1dpkrsn","attempt":1,"generation":42,"delivery_count":1,"target":"tachyon_serverless_application::services::invoke_async::dispatch"}
{"timestamp":"2026-09-17T11:15:21.030398Z","level":"INFO","message":"asynchronous invocation rescheduled","invocation_id":"inv_01m2qh7b7ae29r6yfbr1dpkrsn","next_attempt_at":"2026-09-17T11:15:21.991342+00:00","counted":false,"error_type":"Host.DispatcherFenced","target":"tachyon_serverless_application::services::invoke_async::dispatch"}
{"timestamp":"2026-09-17T11:15:21.034463Z","level":"INFO","message":"async dispatch: delivery handled","message_id":"inv_01m2qh7b7ae29r6yfbr1dpkrsn.g42","sequence":51,"delivery_count":1,"outcome":"Rescheduled { next_attempt_at: 2026-09-17T11:15:21.991342Z, counted: false }","target":"tachyon_serverless_application::services::invoke_async::dispatch"}
{"timestamp":"2026-09-17T11:15:21.642361Z","level":"INFO","message":"object retention pass","report":"GcReport { examined: 2, collected_expired: 0, collected_orphans: 0, kept_in_use: 0, kept_referenced: 2, incomplete_removed: 0, tombstones_purged: 0, failed: 0 }","target":"tachyon_serverless_gateway"}
{"timestamp":"2026-09-17T11:15:22.054249Z","level":"INFO","message":"asynchronous run claimed","invocation_id":"inv_01m2qh7b7ae29r6yfbr1dpkrsn","attempt":1,"generation":43,"delivery_count":1,"target":"tachyon_serverless_application::services::invoke_async::dispatch"}
{"timestamp":"2026-09-17T11:15:22.054942Z","level":"INFO","message":"asynchronous invocation rescheduled","invocation_id":"inv_01m2qh7b7ae29r6yfbr1dpkrsn","next_attempt_at":"2026-09-17T11:15:22.829614+00:00","counted":false,"error_type":"Host.DispatcherFenced","target":"tachyon_serverless_application::services::invoke_async::dispatch"}
{"timestamp":"2026-09-17T11:15:22.059299Z","level":"INFO","message":"async dispatch: delivery handled","message_id":"inv_01m2qh7b7ae29r6yfbr1dpkrsn.g43","sequence":52,"delivery_count":1,"outcome":"Rescheduled { next_attempt_at: 2026-09-17T11:15:22.829614Z, counted: false }","target":"tachyon_serverless_application::services::invoke_async::dispatch"}
{"timestamp":"2026-09-17T11:15:22.871034Z","level":"INFO","message":"asynchronous run claimed","invocation_id":"inv_01m2qh7b7ae29r6yfbr1dpkrsn","attempt":1,"generation":44,"delivery_count":1,"target":"tachyon_serverless_application::services::invoke_async::dispatch"}
{"timestamp":"2026-09-17T11:15:22.876268Z","level":"INFO","message":"asynchronous invocation rescheduled","invocation_id":"inv_01m2qh7b7ae29r6yfbr1dpkrsn","next_attempt_at":"2026-09-17T11:15:23.519213+00:00","counted":false,"error_type":"Host.DispatcherFenced","target":"tachyon_serverless_application::services::invoke_async::dispatch"}
{"timestamp":"2026-09-17T11:15:22.880519Z","level":"INFO","message":"async dispatch: delivery handled","message_id":"inv_01m2qh7b7ae29r6yfbr1dpkrsn.g44","sequence":53,"delivery_count":1,"outcome":"Rescheduled { next_attempt_at: 2026-09-17T11:15:23.519213Z, counted: false }","target":"tachyon_serverless_application::services::invoke_async::dispatch"}
{"timestamp":"2026-09-17T11:15:23.594868Z","level":"INFO","message":"asynchronous run claimed","invocation_id":"inv_01m2qh7b7ae29r6yfbr1dpkrsn","attempt":1,"generation":45,"delivery_count":1,"target":"tachyon_serverless_application::services::invoke_async::dispatch"}
{"timestamp":"2026-09-17T11:15:23.595437Z","level":"INFO","message":"asynchronous invocation rescheduled","invocation_id":"inv_01m2qh7b7ae29r6yfbr1dpkrsn","next_attempt_at":"2026-09-17T11:15:24.395152+00:00","counted":false,"error_type":"Host.DispatcherFenced","target":"tachyon_serverless_application::services::invoke_async::dispatch"}
{"timestamp":"2026-09-17T11:15:23.600183Z","level":"INFO","message":"async dispatch: delivery handled","message_id":"inv_01m2qh7b7ae29r6yfbr1dpkrsn.g45","sequence":54,"delivery_count":1,"outcome":"Rescheduled { next_attempt_at: 2026-09-17T11:15:24.395152Z, counted: false }","target":"tachyon_serverless_application::services::invoke_async::dispatch"}
{"timestamp":"2026-09-17T11:15:23.642211Z","level":"INFO","message":"object retention pass","report":"GcReport { examined: 2, collected_expired: 0, collected_orphans: 0, kept_in_use: 0, kept_referenced: 2, incomplete_removed: 0, tombstones_purged: 0, failed: 0 }","target":"tachyon_serverless_gateway"}
{"timestamp":"2026-09-17T11:15:24.416371Z","level":"INFO","message":"asynchronous run claimed","invocation_id":"inv_01m2qh7b7ae29r6yfbr1dpkrsn","attempt":1,"generation":46,"delivery_count":1,"target":"tachyon_serverless_application::services::invoke_async::dispatch"}
{"timestamp":"2026-09-17T11:15:24.416935Z","level":"INFO","message":"asynchronous invocation rescheduled","invocation_id":"inv_01m2qh7b7ae29r6yfbr1dpkrsn","next_attempt_at":"2026-09-17T11:15:25.256585+00:00","counted":false,"error_type":"Host.DispatcherFenced","target":"tachyon_serverless_application::services::invoke_async::dispatch"}
{"timestamp":"2026-09-17T11:15:24.421750Z","level":"INFO","message":"async dispatch: delivery handled","message_id":"inv_01m2qh7b7ae29r6yfbr1dpkrsn.g46","sequence":55,"delivery_count":1,"outcome":"Rescheduled { next_attempt_at: 2026-09-17T11:15:25.256585Z, counted: false }","target":"tachyon_serverless_application::services::invoke_async::dispatch"}
{"timestamp":"2026-09-17T11:15:25.340715Z","level":"INFO","message":"asynchronous run claimed","invocation_id":"inv_01m2qh7b7ae29r6yfbr1dpkrsn","attempt":1,"generation":47,"delivery_count":1,"target":"tachyon_serverless_application::services::invoke_async::dispatch"}
{"timestamp":"2026-09-17T11:15:25.341354Z","level":"INFO","message":"asynchronous invocation rescheduled","invocation_id":"inv_01m2qh7b7ae29r6yfbr1dpkrsn","next_attempt_at":"2026-09-17T11:15:25.492036+00:00","counted":false,"error_type":"Host.DispatcherFenced","target":"tachyon_serverless_application::services::invoke_async::dispatch"}
{"timestamp":"2026-09-17T11:15:25.345914Z","level":"INFO","message":"async dispatch: delivery handled","message_id":"inv_01m2qh7b7ae29r6yfbr1dpkrsn.g47","sequence":56,"delivery_count":1,"outcome":"Rescheduled { next_attempt_at: 2026-09-17T11:15:25.492036Z, counted: false }","target":"tachyon_serverless_application::services::invoke_async::dispatch"}
{"timestamp":"2026-09-17T11:15:25.549002Z","level":"INFO","message":"asynchronous run claimed","invocation_id":"inv_01m2qh7b7ae29r6yfbr1dpkrsn","attempt":1,"generation":48,"delivery_count":1,"target":"tachyon_serverless_application::services::invoke_async::dispatch"}
{"timestamp":"2026-09-17T11:15:25.554150Z","level":"INFO","message":"asynchronous invocation rescheduled","invocation_id":"inv_01m2qh7b7ae29r6yfbr1dpkrsn","next_attempt_at":"2026-09-17T11:15:25.920171+00:00","counted":false,"error_type":"Host.DispatcherFenced","target":"tachyon_serverless_application::services::invoke_async::dispatch"}
{"timestamp":"2026-09-17T11:15:25.558610Z","level":"INFO","message":"async dispatch: delivery handled","message_id":"inv_01m2qh7b7ae29r6yfbr1dpkrsn.g48","sequence":57,"delivery_count":1,"outcome":"Rescheduled { next_attempt_at: 2026-09-17T11:15:25.920171Z, counted: false }","target":"tachyon_serverless_application::services::invoke_async::dispatch"}
{"timestamp":"2026-09-17T11:15:25.642462Z","level":"INFO","message":"object retention pass","report":"GcReport { examined: 2, collected_expired: 0, collected_orphans: 0, kept_in_use: 0, kept_referenced: 2, incomplete_removed: 0, tombstones_purged: 0, failed: 0 }","target":"tachyon_serverless_gateway"}
{"timestamp":"2026-09-17T11:15:25.965634Z","level":"INFO","message":"asynchronous run claimed","invocation_id":"inv_01m2qh7b7ae29r6yfbr1dpkrsn","attempt":1,"generation":49,"delivery_count":1,"target":"tachyon_serverless_application::services::invoke_async::dispatch"}
{"timestamp":"2026-09-17T11:15:25.971066Z","level":"INFO","message":"asynchronous invocation rescheduled","invocation_id":"inv_01m2qh7b7ae29r6yfbr1dpkrsn","next_attempt_at":"2026-09-17T11:15:26.579779+00:00","counted":false,"error_type":"Host.DispatcherFenced","target":"tachyon_serverless_application::services::invoke_async::dispatch"}
{"timestamp":"2026-09-17T11:15:25.975291Z","level":"INFO","message":"async dispatch: delivery handled","message_id":"inv_01m2qh7b7ae29r6yfbr1dpkrsn.g49","sequence":58,"delivery_count":1,"outcome":"Rescheduled { next_attempt_at: 2026-09-17T11:15:26.579779Z, counted: false }","target":"tachyon_serverless_application::services::invoke_async::dispatch"}
{"timestamp":"2026-09-17T11:15:26.687497Z","level":"INFO","message":"asynchronous run claimed","invocation_id":"inv_01m2qh7b7ae29r6yfbr1dpkrsn","attempt":1,"generation":50,"delivery_count":1,"target":"tachyon_serverless_application::services::invoke_async::dispatch"}
{"timestamp":"2026-09-17T11:15:26.692675Z","level":"INFO","message":"asynchronous invocation rescheduled","invocation_id":"inv_01m2qh7b7ae29r6yfbr1dpkrsn","next_attempt_at":"2026-09-17T11:15:26.829653+00:00","counted":false,"error_type":"Host.DispatcherFenced","target":"tachyon_serverless_application::services::invoke_async::dispatch"}
{"timestamp":"2026-09-17T11:15:26.697955Z","level":"INFO","message":"async dispatch: delivery handled","message_id":"inv_01m2qh7b7ae29r6yfbr1dpkrsn.g50","sequence":59,"delivery_count":1,"outcome":"Rescheduled { next_attempt_at: 2026-09-17T11:15:26.829653Z, counted: false }","target":"tachyon_serverless_application::services::invoke_async::dispatch"}
{"timestamp":"2026-09-17T11:15:26.900133Z","level":"INFO","message":"asynchronous run claimed","invocation_id":"inv_01m2qh7b7ae29r6yfbr1dpkrsn","attempt":1,"generation":51,"delivery_count":1,"target":"tachyon_serverless_application::services::invoke_async::dispatch"}
{"timestamp":"2026-09-17T11:15:26.900463Z","level":"INFO","message":"asynchronous invocation rescheduled","invocation_id":"inv_01m2qh7b7ae29r6yfbr1dpkrsn","next_attempt_at":"2026-09-17T11:15:27.306243+00:00","counted":false,"error_type":"Host.DispatcherFenced","target":"tachyon_serverless_application::services::invoke_async::dispatch"}
{"timestamp":"2026-09-17T11:15:26.907669Z","level":"INFO","message":"async dispatch: delivery handled","message_id":"inv_01m2qh7b7ae29r6yfbr1dpkrsn.g51","sequence":60,"delivery_count":1,"outcome":"Rescheduled { next_attempt_at: 2026-09-17T11:15:27.306243Z, counted: false }","target":"tachyon_serverless_application::services::invoke_async::dispatch"}
{"timestamp":"2026-09-17T11:15:27.311899Z","level":"INFO","message":"asynchronous run claimed","invocation_id":"inv_01m2qh7b7ae29r6yfbr1dpkrsn","attempt":1,"generation":52,"delivery_count":1,"target":"tachyon_serverless_application::services::invoke_async::dispatch"}
{"timestamp":"2026-09-17T11:15:27.317151Z","level":"INFO","message":"asynchronous invocation rescheduled","invocation_id":"inv_01m2qh7b7ae29r6yfbr1dpkrsn","next_attempt_at":"2026-09-17T11:15:28.096019+00:00","counted":false,"error_type":"Host.DispatcherFenced","target":"tachyon_serverless_application::services::invoke_async::dispatch"}
{"timestamp":"2026-09-17T11:15:27.317188Z","level":"INFO","message":"SIGTERM received","target":"tachyon_serverless_gateway"}
{"timestamp":"2026-09-17T11:15:27.317208Z","level":"INFO","message":"shutdown requested; cancelling in-flight invocations","target":"tachyon_serverless_gateway"}
{"timestamp":"2026-09-17T11:15:27.321275Z","level":"INFO","message":"async dispatch: delivery handled","message_id":"inv_01m2qh7b7ae29r6yfbr1dpkrsn.g52","sequence":61,"delivery_count":1,"outcome":"Rescheduled { next_attempt_at: 2026-09-17T11:15:28.096019Z, counted: false }","target":"tachyon_serverless_application::services::invoke_async::dispatch"}
{"timestamp":"2026-09-17T11:15:27.321458Z","level":"INFO","message":"final usage collection","report":"CollectReport { batches: 0, read: 0, inserted: 0, duplicates: 0, cursor_seq: 55 }","target":"tachyon_serverless_gateway"}
{"timestamp":"2026-09-17T11:15:27.322092Z","level":"INFO","message":"gateway stopped","target":"tachyon_serverless_gateway"}
{"timestamp":"2026-09-17T11:15:27.322169Z","level":"INFO","message":"event: closed","target":"async_nats"}

===== a start (failpoints: none) 11:15:27 =====
{"timestamp":"2026-09-17T11:15:27.435828Z","level":"INFO","message":"configuration loaded","config":"/private/var/folders/z7/khzdjrt95cg_fcmcnh4j1b5h0000gn/T/tsls-chaos.pwginy/gw-a.toml","target":"tachyon_serverless_gateway"}
{"timestamp":"2026-09-17T11:15:27.437754Z","level":"INFO","message":"connected successfully","server":"49847","max_payload":"1048576","target":"async_nats::connector"}
{"timestamp":"2026-09-17T11:15:27.437842Z","level":"INFO","message":"event: connected","target":"async_nats"}
{"timestamp":"2026-09-17T11:15:27.447578Z","level":"INFO","message":"JetStream queue connected and stream bootstrapped","url":"nats://127.0.0.1:49847","stream":"TACHYON_EVENTS","target":"tachyon_serverless_gateway::durable"}
{"timestamp":"2026-09-17T11:15:27.449660Z","level":"INFO","message":"state store opened","path":"/private/var/folders/z7/khzdjrt95cg_fcmcnh4j1b5h0000gn/T/tsls-chaos.pwginy/data/state.db","schema_version":8,"migrations_applied":"[]","imported_state_json":"None","settled_invocations":0,"settled_attempts":0,"settled_environments":0,"released_leases":0,"dropped_idempotency_keys":0,"purged_idempotency_keys":0,"outputs_purged":0,"target":"tachyon_serverless_application::app"}
{"timestamp":"2026-09-17T11:15:27.449975Z","level":"INFO","message":"dispatcher registered","dispatcher_id":"dsp_01m2qh88jseafk273c9zb390jc","instance":"chaos-a","pid":20648,"lease_ttl_seconds":6,"target":"tachyon_serverless_application::services::dispatcher"}
{"timestamp":"2026-09-17T11:15:27.450277Z","level":"WARN","message":"reclaimed the work of dispatchers that lost their lease","dispatcher_id":"dsp_01m2qh88jseafk273c9zb390jc","reclaimed_dispatchers":"[DispatcherId(dsp_01m2qh6qy1yrcwkwtgxn1jsmkn)]","leases":0,"invocations":0,"attempts":0,"fenced":0,"target":"tachyon_serverless_application::services::dispatcher"}
{"timestamp":"2026-09-17T11:15:27.451178Z","level":"INFO","message":"application bootstrapped","profile":"dev","provider":"process","dev_only":true,"environment_reuse":false,"reuse_verified":false,"reuse_reason":"[pool] enabled is false","reuse_disabled":"Some(Configuration)","idle_quiesce":"unsupported","idle_resume":"unsupported","data_dir":"/private/var/folders/z7/khzdjrt95cg_fcmcnh4j1b5h0000gn/T/tsls-chaos.pwginy/data","store":"sqlite","dispatcher_id":"dsp_01m2qh88jseafk273c9zb390jc","node":"local","node_region":"none","node_memory_mib":"None","max_concurrency":8,"queue":"nats","objects":"filesystem","invoke_async":true,"triggers":true,"target":"tachyon_serverless_application::app"}
{"timestamp":"2026-09-17T11:15:27.451448Z","level":"INFO","message":"startup reconcile finished","provider":"process","found":0,"adopted":0,"terminated":0,"disowned":0,"failed":0,"lost":0,"foreign":0,"reclaimed_dispatchers":0,"fenced_terminated":0,"fenced_pending":0,"target":"tachyon_serverless_application::services::reconcile"}
{"timestamp":"2026-09-17T11:15:27.451500Z","level":"INFO","message":"gateway listening","addr":"127.0.0.1:49852","profile":"dev","provider":"process","target":"tachyon_serverless_gateway"}
{"timestamp":"2026-09-17T11:15:27.452550Z","level":"INFO","message":"asynchronous dispatcher started","workers":2,"owner":"dsp_01m2qh88jseafk273c9zb390jc","target":"tachyon_serverless_gateway"}
{"timestamp":"2026-09-17T11:15:27.453165Z","level":"INFO","message":"late scheduled times skipped by the missed-run policy","trigger_id":"trg_01m2qh6twhkdhcme46pqztw3jz","skipped":15,"policy":"Skip","target":"tachyon_serverless_application::services::triggers"}
{"timestamp":"2026-09-17T11:15:27.458475Z","level":"INFO","message":"object retention pass","report":"GcReport { examined: 2, collected_expired: 0, collected_orphans: 0, kept_in_use: 0, kept_referenced: 2, incomplete_removed: 0, tombstones_purged: 0, failed: 0 }","target":"tachyon_serverless_gateway"}
{"timestamp":"2026-09-17T11:15:27.941992Z","level":"INFO","message":"bridge spawned","environment_id":"env_01m2qh88xg0rzbv286qvq5b3r3","pid":20677,"target":"tachyon_serverless_provider_process"}
{"timestamp":"2026-09-17T11:15:27.952774Z","level":"INFO","message":"invocation finished","invocation_id":"inv_01m2qh88xfyzj2vv7ny23e7fdj","status":"succeeded","handler_ms":0,"environment_boot_ms":4,"runtime_init_ms":5,"target":"tachyon_serverless_application::services::invoke"}
{"timestamp":"2026-09-17T11:15:27.954392Z","level":"INFO","message":"terminating bridge","environment_id":"env_01m2qh88xg0rzbv286qvq5b3r3","pid":20677,"reason":"Completed","graceful":true,"target":"tachyon_serverless_provider_process"}
{"timestamp":"2026-09-17T11:15:28.002627Z","level":"INFO","message":"asynchronous invocation accepted","invocation_id":"inv_01m2qh8941k72b0jxhjytsxrpg","tenant_id":"tn_01hzzzzzzzzzzzzzzzzzzzzzza","revision_id":"rev_01m2qh6snjf9za0yd8a4hfp0h5","input_bytes":180,"input_storage":"inline","target":"tachyon_serverless_application::services::invoke_async"}
{"timestamp":"2026-09-17T11:15:28.002668Z","level":"INFO","message":"cron trigger fired","trigger_id":"trg_01m2qh6twhkdhcme46pqztw3jz","scheduled_at":"2026-09-17T11:15:28Z","invocation_id":"inv_01m2qh8941k72b0jxhjytsxrpg","revision_id":"rev_01m2qh6snjf9za0yd8a4hfp0h5","replayed":false,"target":"tachyon_serverless_application::services::triggers"}
{"timestamp":"2026-09-17T11:15:28.013294Z","level":"INFO","message":"asynchronous run claimed","invocation_id":"inv_01m2qh8941k72b0jxhjytsxrpg","attempt":1,"generation":0,"delivery_count":1,"target":"tachyon_serverless_application::services::invoke_async::dispatch"}
{"timestamp":"2026-09-17T11:15:28.013860Z","level":"INFO","message":"asynchronous invocation accepted","invocation_id":"inv_01m2qh894drf4p2gfnwg4y8ady","tenant_id":"tn_01hzzzzzzzzzzzzzzzzzzzzzza","revision_id":"rev_01m2qh6rs2p25e3r7vwhgarnek","input_bytes":48,"input_storage":"inline","target":"tachyon_serverless_application::services::invoke_async"}
{"timestamp":"2026-09-17T11:15:28.019938Z","level":"INFO","message":"asynchronous run claimed","invocation_id":"inv_01m2qh894drf4p2gfnwg4y8ady","attempt":1,"generation":0,"delivery_count":1,"target":"tachyon_serverless_application::services::invoke_async::dispatch"}
{"timestamp":"2026-09-17T11:15:28.083605Z","level":"INFO","message":"asynchronous invocation accepted","invocation_id":"inv_01m2qh8964mkm57z1yc0jcv1t3","tenant_id":"tn_01hzzzzzzzzzzzzzzzzzzzzzza","revision_id":"rev_01m2qh6rs2p25e3r7vwhgarnek","input_bytes":4128,"input_storage":"object","target":"tachyon_serverless_application::services::invoke_async"}
{"timestamp":"2026-09-17T11:15:28.120227Z","level":"INFO","message":"asynchronous invocation accepted","invocation_id":"inv_01m2qh897qzp3121qaspdg1hrj","tenant_id":"tn_01hzzzzzzzzzzzzzzzzzzzzzza","revision_id":"rev_01m2qh6snjf9za0yd8a4hfp0h5","input_bytes":191,"input_storage":"inline","target":"tachyon_serverless_application::services::invoke_async"}
{"timestamp":"2026-09-17T11:15:28.120278Z","level":"INFO","message":"webhook trigger fired","trigger_id":"trg_01m2qh6tx25ve8yzxj66pmt0j6","event_id":"evt-post-w1","invocation_id":"inv_01m2qh897qzp3121qaspdg1hrj","revision_id":"rev_01m2qh6snjf9za0yd8a4hfp0h5","replayed":false,"target":"tachyon_serverless_application::services::triggers"}
{"timestamp":"2026-09-17T11:15:28.203418Z","level":"INFO","message":"bridge spawned","environment_id":"env_01m2qh894ecman5ygpkq3mnck5","pid":20751,"target":"tachyon_serverless_provider_process"}
{"timestamp":"2026-09-17T11:15:28.212634Z","level":"INFO","message":"bridge spawned","environment_id":"env_01m2qh894mzg5dq0gjz1xwrmy4","pid":20753,"target":"tachyon_serverless_provider_process"}
{"timestamp":"2026-09-17T11:15:28.216693Z","level":"INFO","message":"invocation finished","invocation_id":"inv_01m2qh8941k72b0jxhjytsxrpg","status":"succeeded (async run)","handler_ms":0,"environment_boot_ms":5,"runtime_init_ms":6,"target":"tachyon_serverless_application::services::invoke"}
{"timestamp":"2026-09-17T11:15:28.217781Z","level":"INFO","message":"terminating bridge","environment_id":"env_01m2qh894ecman5ygpkq3mnck5","pid":20751,"reason":"Completed","graceful":true,"target":"tachyon_serverless_provider_process"}
{"timestamp":"2026-09-17T11:15:28.221308Z","level":"INFO","message":"asynchronous invocation settled","invocation_id":"inv_01m2qh8941k72b0jxhjytsxrpg","status":"succeeded","target":"tachyon_serverless_application::services::invoke_async::dispatch"}
{"timestamp":"2026-09-17T11:15:28.226592Z","level":"INFO","message":"async dispatch: delivery handled","message_id":"inv_01m2qh8941k72b0jxhjytsxrpg","sequence":62,"delivery_count":1,"outcome":"Completed { status: \"succeeded\" }","target":"tachyon_serverless_application::services::invoke_async::dispatch"}
{"timestamp":"2026-09-17T11:15:28.232405Z","level":"INFO","message":"asynchronous run claimed","invocation_id":"inv_01m2qh8964mkm57z1yc0jcv1t3","attempt":1,"generation":0,"delivery_count":1,"target":"tachyon_serverless_application::services::invoke_async::dispatch"}
{"timestamp":"2026-09-17T11:15:28.233007Z","level":"INFO","message":"invocation finished","invocation_id":"inv_01m2qh894drf4p2gfnwg4y8ady","status":"succeeded (async run)","handler_ms":1,"environment_boot_ms":5,"runtime_init_ms":9,"target":"tachyon_serverless_application::services::invoke"}
{"timestamp":"2026-09-17T11:15:28.234575Z","level":"INFO","message":"terminating bridge","environment_id":"env_01m2qh894mzg5dq0gjz1xwrmy4","pid":20753,"reason":"Completed","graceful":true,"target":"tachyon_serverless_provider_process"}
{"timestamp":"2026-09-17T11:15:28.238415Z","level":"INFO","message":"asynchronous invocation settled","invocation_id":"inv_01m2qh894drf4p2gfnwg4y8ady","status":"succeeded","target":"tachyon_serverless_application::services::invoke_async::dispatch"}
{"timestamp":"2026-09-17T11:15:28.243416Z","level":"INFO","message":"async dispatch: delivery handled","message_id":"inv_01m2qh894drf4p2gfnwg4y8ady","sequence":63,"delivery_count":1,"outcome":"Completed { status: \"succeeded\" }","target":"tachyon_serverless_application::services::invoke_async::dispatch"}
{"timestamp":"2026-09-17T11:15:28.244172Z","level":"INFO","message":"asynchronous run claimed","invocation_id":"inv_01m2qh7b7ae29r6yfbr1dpkrsn","attempt":1,"generation":53,"delivery_count":1,"target":"tachyon_serverless_application::services::invoke_async::dispatch"}
{"timestamp":"2026-09-17T11:15:28.362788Z","level":"INFO","message":"bridge spawned","environment_id":"env_01m2qh898ft00rbamz95xffqbt","pid":20755,"target":"tachyon_serverless_provider_process"}
{"timestamp":"2026-09-17T11:15:28.378158Z","level":"INFO","message":"invocation finished","invocation_id":"inv_01m2qh898ep1xrmjz2r1cyn68m","status":"succeeded","handler_ms":0,"environment_boot_ms":5,"runtime_init_ms":7,"target":"tachyon_serverless_application::services::invoke"}
{"timestamp":"2026-09-17T11:15:28.379944Z","level":"INFO","message":"terminating bridge","environment_id":"env_01m2qh898ft00rbamz95xffqbt","pid":20755,"reason":"Completed","graceful":true,"target":"tachyon_serverless_provider_process"}
{"timestamp":"2026-09-17T11:15:28.464814Z","level":"INFO","message":"asynchronous invocation accepted","invocation_id":"inv_01m2qh89jfj16x9683a0ny3s3d","tenant_id":"tn_01hzzzzzzzzzzzzzzzzzzzzzza","revision_id":"rev_01m2qh6rs2p25e3r7vwhgarnek","input_bytes":48,"input_storage":"inline","target":"tachyon_serverless_application::services::invoke_async"}
{"timestamp":"2026-09-17T11:15:28.480385Z","level":"INFO","message":"bridge spawned","environment_id":"env_01m2qh89ba9hg2d3m7ndv9y4hf","pid":20784,"target":"tachyon_serverless_provider_process"}
{"timestamp":"2026-09-17T11:15:28.492638Z","level":"INFO","message":"bridge spawned","environment_id":"env_01m2qh89bm0edbecngr2svy3mk","pid":20790,"target":"tachyon_serverless_provider_process"}
{"timestamp":"2026-09-17T11:15:28.497131Z","level":"INFO","message":"invocation finished","invocation_id":"inv_01m2qh8964mkm57z1yc0jcv1t3","status":"succeeded (async run)","handler_ms":1,"environment_boot_ms":5,"runtime_init_ms":8,"target":"tachyon_serverless_application::services::invoke"}
{"timestamp":"2026-09-17T11:15:28.498367Z","level":"INFO","message":"terminating bridge","environment_id":"env_01m2qh89ba9hg2d3m7ndv9y4hf","pid":20784,"reason":"Completed","graceful":true,"target":"tachyon_serverless_provider_process"}
{"timestamp":"2026-09-17T11:15:28.502427Z","level":"INFO","message":"asynchronous invocation settled","invocation_id":"inv_01m2qh8964mkm57z1yc0jcv1t3","status":"succeeded","target":"tachyon_serverless_application::services::invoke_async::dispatch"}
{"timestamp":"2026-09-17T11:15:28.508243Z","level":"INFO","message":"async dispatch: delivery handled","message_id":"inv_01m2qh8964mkm57z1yc0jcv1t3","sequence":64,"delivery_count":1,"outcome":"Completed { status: \"succeeded\" }","target":"tachyon_serverless_application::services::invoke_async::dispatch"}
{"timestamp":"2026-09-17T11:15:28.510752Z","level":"INFO","message":"asynchronous run claimed","invocation_id":"inv_01m2qh897qzp3121qaspdg1hrj","attempt":1,"generation":0,"delivery_count":1,"target":"tachyon_serverless_application::services::invoke_async::dispatch"}
{"timestamp":"2026-09-17T11:15:28.511642Z","level":"INFO","message":"invocation finished","invocation_id":"inv_01m2qh7b7ae29r6yfbr1dpkrsn","status":"succeeded (async run)","handler_ms":1,"environment_boot_ms":5,"runtime_init_ms":10,"target":"tachyon_serverless_application::services::invoke"}
{"timestamp":"2026-09-17T11:15:28.512391Z","level":"INFO","message":"terminating bridge","environment_id":"env_01m2qh89bm0edbecngr2svy3mk","pid":20790,"reason":"Completed","graceful":true,"target":"tachyon_serverless_provider_process"}
{"timestamp":"2026-09-17T11:15:28.516656Z","level":"INFO","message":"asynchronous invocation settled","invocation_id":"inv_01m2qh7b7ae29r6yfbr1dpkrsn","status":"succeeded","target":"tachyon_serverless_application::services::invoke_async::dispatch"}
{"timestamp":"2026-09-17T11:15:28.522088Z","level":"INFO","message":"async dispatch: delivery handled","message_id":"inv_01m2qh7b7ae29r6yfbr1dpkrsn.g53","sequence":65,"delivery_count":1,"outcome":"Completed { status: \"succeeded\" }","target":"tachyon_serverless_application::services::invoke_async::dispatch"}
{"timestamp":"2026-09-17T11:15:28.522761Z","level":"INFO","message":"asynchronous run claimed","invocation_id":"inv_01m2qh89jfj16x9683a0ny3s3d","attempt":1,"generation":0,"delivery_count":1,"target":"tachyon_serverless_application::services::invoke_async::dispatch"}
{"timestamp":"2026-09-17T11:15:28.566135Z","level":"INFO","message":"asynchronous invocation accepted","invocation_id":"inv_01m2qh89n6h4h5ds8aj812k35y","tenant_id":"tn_01hzzzzzzzzzzzzzzzzzzzzzza","revision_id":"rev_01m2qh6rs2p25e3r7vwhgarnek","input_bytes":4128,"input_storage":"object","target":"tachyon_serverless_application::services::invoke_async"}
{"timestamp":"2026-09-17T11:15:28.618931Z","level":"INFO","message":"asynchronous invocation accepted","invocation_id":"inv_01m2qh89q97bx2r2z4sv5ezn0h","tenant_id":"tn_01hzzzzzzzzzzzzzzzzzzzzzza","revision_id":"rev_01m2qh6snjf9za0yd8a4hfp0h5","input_bytes":191,"input_storage":"inline","target":"tachyon_serverless_application::services::invoke_async"}
{"timestamp":"2026-09-17T11:15:28.618989Z","level":"INFO","message":"webhook trigger fired","trigger_id":"trg_01m2qh6tx25ve8yzxj66pmt0j6","event_id":"evt-post-w2","invocation_id":"inv_01m2qh89q97bx2r2z4sv5ezn0h","revision_id":"rev_01m2qh6snjf9za0yd8a4hfp0h5","replayed":false,"target":"tachyon_serverless_application::services::triggers"}
{"timestamp":"2026-09-17T11:15:28.805924Z","level":"INFO","message":"bridge spawned","environment_id":"env_01m2qh89kz3tbwqkp7a82tkvjm","pid":20832,"target":"tachyon_serverless_provider_process"}
{"timestamp":"2026-09-17T11:15:28.823521Z","level":"INFO","message":"invocation finished","invocation_id":"inv_01m2qh897qzp3121qaspdg1hrj","status":"succeeded (async run)","handler_ms":0,"environment_boot_ms":7,"runtime_init_ms":8,"target":"tachyon_serverless_application::services::invoke"}
{"timestamp":"2026-09-17T11:15:28.825369Z","level":"INFO","message":"terminating bridge","environment_id":"env_01m2qh89kz3tbwqkp7a82tkvjm","pid":20832,"reason":"Completed","graceful":true,"target":"tachyon_serverless_provider_process"}
{"timestamp":"2026-09-17T11:15:28.827936Z","level":"INFO","message":"bridge spawned","environment_id":"env_01m2qh89mb30g991hdmbtg4c2x","pid":20834,"target":"tachyon_serverless_provider_process"}
{"timestamp":"2026-09-17T11:15:28.829814Z","level":"INFO","message":"asynchronous invocation settled","invocation_id":"inv_01m2qh897qzp3121qaspdg1hrj","status":"succeeded","target":"tachyon_serverless_application::services::invoke_async::dispatch"}
{"timestamp":"2026-09-17T11:15:28.839135Z","level":"INFO","message":"async dispatch: delivery handled","message_id":"inv_01m2qh897qzp3121qaspdg1hrj","sequence":66,"delivery_count":1,"outcome":"Completed { status: \"succeeded\" }","target":"tachyon_serverless_application::services::invoke_async::dispatch"}
{"timestamp":"2026-09-17T11:15:28.839912Z","level":"INFO","message":"asynchronous run claimed","invocation_id":"inv_01m2qh89n6h4h5ds8aj812k35y","attempt":1,"generation":0,"delivery_count":1,"target":"tachyon_serverless_application::services::invoke_async::dispatch"}
{"timestamp":"2026-09-17T11:15:28.850170Z","level":"INFO","message":"invocation finished","invocation_id":"inv_01m2qh89jfj16x9683a0ny3s3d","status":"succeeded (async run)","handler_ms":1,"environment_boot_ms":6,"runtime_init_ms":13,"target":"tachyon_serverless_application::services::invoke"}
{"timestamp":"2026-09-17T11:15:28.852021Z","level":"INFO","message":"terminating bridge","environment_id":"env_01m2qh89mb30g991hdmbtg4c2x","pid":20834,"reason":"Completed","graceful":true,"target":"tachyon_serverless_provider_process"}
{"timestamp":"2026-09-17T11:15:28.856471Z","level":"INFO","message":"asynchronous invocation settled","invocation_id":"inv_01m2qh89jfj16x9683a0ny3s3d","status":"succeeded","target":"tachyon_serverless_application::services::invoke_async::dispatch"}
{"timestamp":"2026-09-17T11:15:28.861894Z","level":"INFO","message":"async dispatch: delivery handled","message_id":"inv_01m2qh89jfj16x9683a0ny3s3d","sequence":67,"delivery_count":1,"outcome":"Completed { status: \"succeeded\" }","target":"tachyon_serverless_application::services::invoke_async::dispatch"}
{"timestamp":"2026-09-17T11:15:28.862615Z","level":"INFO","message":"asynchronous run claimed","invocation_id":"inv_01m2qh89q97bx2r2z4sv5ezn0h","attempt":1,"generation":0,"delivery_count":1,"target":"tachyon_serverless_application::services::invoke_async::dispatch"}
{"timestamp":"2026-09-17T11:15:29.147304Z","level":"INFO","message":"bridge spawned","environment_id":"env_01m2qh89ya3dc613hs2yrh4njn","pid":20838,"target":"tachyon_serverless_provider_process"}
{"timestamp":"2026-09-17T11:15:29.158427Z","level":"INFO","message":"bridge spawned","environment_id":"env_01m2qh89yy85vfr6kzkpaq2s99","pid":20840,"target":"tachyon_serverless_provider_process"}
{"timestamp":"2026-09-17T11:15:29.167048Z","level":"INFO","message":"invocation finished","invocation_id":"inv_01m2qh89n6h4h5ds8aj812k35y","status":"succeeded (async run)","handler_ms":1,"environment_boot_ms":7,"runtime_init_ms":9,"target":"tachyon_serverless_application::services::invoke"}
{"timestamp":"2026-09-17T11:15:29.168969Z","level":"INFO","message":"terminating bridge","environment_id":"env_01m2qh89ya3dc613hs2yrh4njn","pid":20838,"reason":"Completed","graceful":true,"target":"tachyon_serverless_provider_process"}
{"timestamp":"2026-09-17T11:15:29.174402Z","level":"INFO","message":"asynchronous invocation settled","invocation_id":"inv_01m2qh89n6h4h5ds8aj812k35y","status":"succeeded","target":"tachyon_serverless_application::services::invoke_async::dispatch"}
{"timestamp":"2026-09-17T11:15:29.181643Z","level":"INFO","message":"async dispatch: delivery handled","message_id":"inv_01m2qh89n6h4h5ds8aj812k35y","sequence":68,"delivery_count":1,"outcome":"Completed { status: \"succeeded\" }","target":"tachyon_serverless_application::services::invoke_async::dispatch"}
{"timestamp":"2026-09-17T11:15:29.185918Z","level":"INFO","message":"invocation finished","invocation_id":"inv_01m2qh89q97bx2r2z4sv5ezn0h","status":"succeeded (async run)","handler_ms":3,"environment_boot_ms":7,"runtime_init_ms":9,"target":"tachyon_serverless_application::services::invoke"}
{"timestamp":"2026-09-17T11:15:29.187755Z","level":"INFO","message":"terminating bridge","environment_id":"env_01m2qh89yy85vfr6kzkpaq2s99","pid":20840,"reason":"Completed","graceful":true,"target":"tachyon_serverless_provider_process"}
{"timestamp":"2026-09-17T11:15:29.192520Z","level":"INFO","message":"asynchronous invocation settled","invocation_id":"inv_01m2qh89q97bx2r2z4sv5ezn0h","status":"succeeded","target":"tachyon_serverless_application::services::invoke_async::dispatch"}
{"timestamp":"2026-09-17T11:15:29.198933Z","level":"INFO","message":"async dispatch: delivery handled","message_id":"inv_01m2qh89q97bx2r2z4sv5ezn0h","sequence":69,"delivery_count":1,"outcome":"Completed { status: \"succeeded\" }","target":"tachyon_serverless_application::services::invoke_async::dispatch"}
{"timestamp":"2026-09-17T11:15:29.456942Z","level":"INFO","message":"object retention pass","report":"GcReport { examined: 2, collected_expired: 0, collected_orphans: 0, kept_in_use: 0, kept_referenced: 2, incomplete_removed: 0, tombstones_purged: 0, failed: 0 }","target":"tachyon_serverless_gateway"}
{"timestamp":"2026-09-17T11:15:30.004618Z","level":"INFO","message":"asynchronous invocation accepted","invocation_id":"inv_01m2qh8b2k5pkc85ev5tp7pg3x","tenant_id":"tn_01hzzzzzzzzzzzzzzzzzzzzzza","revision_id":"rev_01m2qh6snjf9za0yd8a4hfp0h5","input_bytes":180,"input_storage":"inline","target":"tachyon_serverless_application::services::invoke_async"}
{"timestamp":"2026-09-17T11:15:30.004741Z","level":"INFO","message":"cron trigger fired","trigger_id":"trg_01m2qh6twhkdhcme46pqztw3jz","scheduled_at":"2026-09-17T11:15:30Z","invocation_id":"inv_01m2qh8b2k5pkc85ev5tp7pg3x","revision_id":"rev_01m2qh6snjf9za0yd8a4hfp0h5","replayed":false,"target":"tachyon_serverless_application::services::triggers"}
{"timestamp":"2026-09-17T11:15:30.028098Z","level":"INFO","message":"asynchronous run claimed","invocation_id":"inv_01m2qh8b2k5pkc85ev5tp7pg3x","attempt":1,"generation":0,"delivery_count":1,"target":"tachyon_serverless_application::services::invoke_async::dispatch"}
{"timestamp":"2026-09-17T11:15:30.238936Z","level":"INFO","message":"bridge spawned","environment_id":"env_01m2qh8b3cgprp6089s2fzwkk7","pid":20843,"target":"tachyon_serverless_provider_process"}
{"timestamp":"2026-09-17T11:15:30.252825Z","level":"INFO","message":"invocation finished","invocation_id":"inv_01m2qh8b2k5pkc85ev5tp7pg3x","status":"succeeded (async run)","handler_ms":0,"environment_boot_ms":5,"runtime_init_ms":6,"target":"tachyon_serverless_application::services::invoke"}
{"timestamp":"2026-09-17T11:15:30.254569Z","level":"INFO","message":"terminating bridge","environment_id":"env_01m2qh8b3cgprp6089s2fzwkk7","pid":20843,"reason":"Completed","graceful":true,"target":"tachyon_serverless_provider_process"}
{"timestamp":"2026-09-17T11:15:30.257768Z","level":"INFO","message":"asynchronous invocation settled","invocation_id":"inv_01m2qh8b2k5pkc85ev5tp7pg3x","status":"succeeded","target":"tachyon_serverless_application::services::invoke_async::dispatch"}
{"timestamp":"2026-09-17T11:15:30.265183Z","level":"INFO","message":"async dispatch: delivery handled","message_id":"inv_01m2qh8b2k5pkc85ev5tp7pg3x","sequence":70,"delivery_count":1,"outcome":"Completed { status: \"succeeded\" }","target":"tachyon_serverless_application::services::invoke_async::dispatch"}
{"timestamp":"2026-09-17T11:15:31.457938Z","level":"INFO","message":"object retention pass","report":"GcReport { examined: 2, collected_expired: 0, collected_orphans: 0, kept_in_use: 0, kept_referenced: 2, incomplete_removed: 0, tombstones_purged: 0, failed: 0 }","target":"tachyon_serverless_gateway"}
{"timestamp":"2026-09-17T11:15:32.003793Z","level":"INFO","message":"asynchronous invocation accepted","invocation_id":"inv_01m2qh8d13bx0fe1ysnas86f5h","tenant_id":"tn_01hzzzzzzzzzzzzzzzzzzzzzza","revision_id":"rev_01m2qh6snjf9za0yd8a4hfp0h5","input_bytes":180,"input_storage":"inline","target":"tachyon_serverless_application::services::invoke_async"}
{"timestamp":"2026-09-17T11:15:32.003831Z","level":"INFO","message":"cron trigger fired","trigger_id":"trg_01m2qh6twhkdhcme46pqztw3jz","scheduled_at":"2026-09-17T11:15:32Z","invocation_id":"inv_01m2qh8d13bx0fe1ysnas86f5h","revision_id":"rev_01m2qh6snjf9za0yd8a4hfp0h5","replayed":false,"target":"tachyon_serverless_application::services::triggers"}
{"timestamp":"2026-09-17T11:15:32.010589Z","level":"INFO","message":"asynchronous run claimed","invocation_id":"inv_01m2qh8d13bx0fe1ysnas86f5h","attempt":1,"generation":0,"delivery_count":1,"target":"tachyon_serverless_application::services::invoke_async::dispatch"}
{"timestamp":"2026-09-17T11:15:32.150420Z","level":"INFO","message":"bridge spawned","environment_id":"env_01m2qh8d1av8kms2xaf1sj4yjh","pid":20847,"target":"tachyon_serverless_provider_process"}
{"timestamp":"2026-09-17T11:15:32.159883Z","level":"INFO","message":"invocation finished","invocation_id":"inv_01m2qh8d13bx0fe1ysnas86f5h","status":"succeeded (async run)","handler_ms":0,"environment_boot_ms":4,"runtime_init_ms":4,"target":"tachyon_serverless_application::services::invoke"}
{"timestamp":"2026-09-17T11:15:32.161412Z","level":"INFO","message":"terminating bridge","environment_id":"env_01m2qh8d1av8kms2xaf1sj4yjh","pid":20847,"reason":"Completed","graceful":true,"target":"tachyon_serverless_provider_process"}
{"timestamp":"2026-09-17T11:15:32.163628Z","level":"INFO","message":"asynchronous invocation settled","invocation_id":"inv_01m2qh8d13bx0fe1ysnas86f5h","status":"succeeded","target":"tachyon_serverless_application::services::invoke_async::dispatch"}
{"timestamp":"2026-09-17T11:15:32.169394Z","level":"INFO","message":"async dispatch: delivery handled","message_id":"inv_01m2qh8d13bx0fe1ysnas86f5h","sequence":71,"delivery_count":1,"outcome":"Completed { status: \"succeeded\" }","target":"tachyon_serverless_application::services::invoke_async::dispatch"}
{"timestamp":"2026-09-17T11:15:33.455026Z","level":"INFO","message":"object retention pass","report":"GcReport { examined: 2, collected_expired: 0, collected_orphans: 0, kept_in_use: 0, kept_referenced: 2, incomplete_removed: 0, tombstones_purged: 0, failed: 0 }","target":"tachyon_serverless_gateway"}
{"timestamp":"2026-09-17T11:15:33.706153Z","level":"INFO","message":"trigger updated","trigger_id":"trg_01m2qh6twhkdhcme46pqztw3jz","generation":2,"status":"disabled","next_fire_at":"None","rotated_secret":false,"target":"tachyon_serverless_application::services::triggers"}
{"timestamp":"2026-09-17T11:15:35.131351Z","level":"INFO","message":"SIGTERM received","target":"tachyon_serverless_gateway"}
{"timestamp":"2026-09-17T11:15:35.131407Z","level":"INFO","message":"shutdown requested; cancelling in-flight invocations","target":"tachyon_serverless_gateway"}
{"timestamp":"2026-09-17T11:15:35.131793Z","level":"INFO","message":"final usage collection","report":"CollectReport { batches: 0, read: 0, inserted: 0, duplicates: 0, cursor_seq: 115 }","target":"tachyon_serverless_gateway"}
{"timestamp":"2026-09-17T11:15:35.133840Z","level":"INFO","message":"gateway stopped","target":"tachyon_serverless_gateway"}
{"timestamp":"2026-09-17T11:15:35.133991Z","level":"INFO","message":"event: closed","target":"async_nats"}
