
===== a start (failpoints: none) 11:15:36 =====
{"timestamp":"2026-09-17T11:15:36.469634Z","level":"INFO","message":"configuration loaded","config":"/private/var/folders/z7/khzdjrt95cg_fcmcnh4j1b5h0000gn/T/tsls-chaos.oy6w6b/gw-a.toml","target":"tachyon_serverless_gateway"}
{"timestamp":"2026-09-17T11:15:36.472120Z","level":"INFO","message":"connected successfully","server":"50172","max_payload":"1048576","target":"async_nats::connector"}
{"timestamp":"2026-09-17T11:15:36.472261Z","level":"INFO","message":"event: connected","target":"async_nats"}
{"timestamp":"2026-09-17T11:15:36.488222Z","level":"INFO","message":"JetStream queue connected and stream bootstrapped","url":"nats://127.0.0.1:50172","stream":"TACHYON_EVENTS","target":"tachyon_serverless_gateway::durable"}
{"timestamp":"2026-09-17T11:15:36.499230Z","level":"INFO","message":"state store opened","path":"/private/var/folders/z7/khzdjrt95cg_fcmcnh4j1b5h0000gn/T/tsls-chaos.oy6w6b/data/state.db","schema_version":8,"migrations_applied":"[1, 2, 3, 4, 5, 6, 7, 8]","imported_state_json":"None","settled_invocations":0,"settled_attempts":0,"settled_environments":0,"released_leases":0,"dropped_idempotency_keys":0,"purged_idempotency_keys":0,"outputs_purged":0,"target":"tachyon_serverless_application::app"}
{"timestamp":"2026-09-17T11:15:36.499588Z","level":"INFO","message":"dispatcher registered","dispatcher_id":"dsp_01m2qh8hdkpxsh2rcpc89sfchf","instance":"chaos-a","pid":21229,"lease_ttl_seconds":6,"target":"tachyon_serverless_application::services::dispatcher"}
{"timestamp":"2026-09-17T11:15:36.503641Z","level":"INFO","message":"application bootstrapped","profile":"dev","provider":"process","dev_only":true,"environment_reuse":false,"reuse_verified":false,"reuse_reason":"[pool] enabled is false","reuse_disabled":"Some(Configuration)","idle_quiesce":"unsupported","idle_resume":"unsupported","data_dir":"/private/var/folders/z7/khzdjrt95cg_fcmcnh4j1b5h0000gn/T/tsls-chaos.oy6w6b/data","store":"sqlite","dispatcher_id":"dsp_01m2qh8hdkpxsh2rcpc89sfchf","node":"local","node_region":"none","node_memory_mib":"None","max_concurrency":8,"queue":"nats","objects":"filesystem","invoke_async":true,"triggers":true,"target":"tachyon_serverless_application::app"}
{"timestamp":"2026-09-17T11:15:36.503929Z","level":"INFO","message":"startup reconcile finished","provider":"process","found":0,"adopted":0,"terminated":0,"disowned":0,"failed":0,"lost":0,"foreign":0,"reclaimed_dispatchers":0,"fenced_terminated":0,"fenced_pending":0,"target":"tachyon_serverless_application::services::reconcile"}
{"timestamp":"2026-09-17T11:15:36.504013Z","level":"INFO","message":"gateway listening","addr":"127.0.0.1:50176","profile":"dev","provider":"process","target":"tachyon_serverless_gateway"}
{"timestamp":"2026-09-17T11:15:36.505816Z","level":"INFO","message":"asynchronous dispatcher started","workers":2,"owner":"dsp_01m2qh8hdkpxsh2rcpc89sfchf","target":"tachyon_serverless_gateway"}
{"timestamp":"2026-09-17T11:15:37.614803Z","level":"INFO","message":"revision ready","revision_id":"rev_01m2qh8j87293g9nxc2m8hxbw2","function_id":"fn_01m2qh8hp7e99nkr27jdsz6z3k","target":"tachyon_serverless_application::services::revision"}
{"timestamp":"2026-09-17T11:15:38.489847Z","level":"INFO","message":"revision ready","revision_id":"rev_01m2qh8k3vpjvsc9abx0g111yt","function_id":"fn_01m2qh8jk7vgmnxzxfhd4y0m6n","target":"tachyon_serverless_application::services::revision"}
{"timestamp":"2026-09-17T11:15:39.408205Z","level":"INFO","message":"revision ready","revision_id":"rev_01m2qh8m0fp47ednvdj0sn9tj1","function_id":"fn_01m2qh8kenxgmecdh1g3cg6pq8","target":"tachyon_serverless_application::services::revision"}
{"timestamp":"2026-09-17T11:15:39.496775Z","level":"INFO","message":"trigger created","trigger_id":"trg_01m2qh8mb89t09z4a5qhwdedrb","function_id":"fn_01m2qh8jk7vgmnxzxfhd4y0m6n","kind":"cron","enabled":true,"next_fire_at":"Some(2026-09-17T11:15:40Z)","target":"tachyon_serverless_application::services::triggers"}
{"timestamp":"2026-09-17T11:15:39.513166Z","level":"INFO","message":"trigger created","trigger_id":"trg_01m2qh8mbrbndcgj272xf2194v","function_id":"fn_01m2qh8jk7vgmnxzxfhd4y0m6n","kind":"webhook","enabled":true,"next_fire_at":"None","target":"tachyon_serverless_application::services::triggers"}
{"timestamp":"2026-09-17T11:15:39.776849Z","level":"INFO","message":"bridge spawned","environment_id":"env_01m2qh8mcqp9cbp6dz01gw57st","pid":21543,"target":"tachyon_serverless_provider_process"}
{"timestamp":"2026-09-17T11:15:40.004380Z","level":"INFO","message":"asynchronous invocation accepted","invocation_id":"inv_01m2qh8mv3raqsynab881dsdds","tenant_id":"tn_01hzzzzzzzzzzzzzzzzzzzzzza","revision_id":"rev_01m2qh8k3vpjvsc9abx0g111yt","input_bytes":180,"input_storage":"inline","target":"tachyon_serverless_application::services::invoke_async"}
{"timestamp":"2026-09-17T11:15:40.004432Z","level":"INFO","message":"cron trigger fired","trigger_id":"trg_01m2qh8mb89t09z4a5qhwdedrb","scheduled_at":"2026-09-17T11:15:40Z","invocation_id":"inv_01m2qh8mv3raqsynab881dsdds","revision_id":"rev_01m2qh8k3vpjvsc9abx0g111yt","replayed":false,"target":"tachyon_serverless_application::services::triggers"}
{"timestamp":"2026-09-17T11:15:40.018990Z","level":"INFO","message":"asynchronous run claimed","invocation_id":"inv_01m2qh8mv3raqsynab881dsdds","attempt":1,"generation":0,"delivery_count":1,"target":"tachyon_serverless_application::services::invoke_async::dispatch"}
{"timestamp":"2026-09-17T11:15:40.246169Z","level":"INFO","message":"bridge spawned","environment_id":"env_01m2qh8mvkrva2nn77j76k7p9q","pid":21545,"target":"tachyon_serverless_provider_process"}
{"timestamp":"2026-09-17T11:15:41.385943Z","level":"INFO","message":"invocation finished","invocation_id":"inv_01m2qh8mv3raqsynab881dsdds","status":"succeeded (async run)","handler_ms":1,"environment_boot_ms":5,"runtime_init_ms":1131,"target":"tachyon_serverless_application::services::invoke"}
{"timestamp":"2026-09-17T11:15:41.386445Z","level":"INFO","message":"invocation finished","invocation_id":"inv_01m2qh8mcp6zkck2st60mxtent","status":"succeeded","handler_ms":0,"environment_boot_ms":5,"runtime_init_ms":1602,"target":"tachyon_serverless_application::services::invoke"}
{"timestamp":"2026-09-17T11:15:41.387669Z","level":"INFO","message":"terminating bridge","environment_id":"env_01m2qh8mvkrva2nn77j76k7p9q","pid":21545,"reason":"Completed","graceful":true,"target":"tachyon_serverless_provider_process"}
{"timestamp":"2026-09-17T11:15:41.387699Z","level":"INFO","message":"terminating bridge","environment_id":"env_01m2qh8mcqp9cbp6dz01gw57st","pid":21543,"reason":"Completed","graceful":true,"target":"tachyon_serverless_provider_process"}
{"timestamp":"2026-09-17T11:15:41.391126Z","level":"INFO","message":"asynchronous invocation settled","invocation_id":"inv_01m2qh8mv3raqsynab881dsdds","status":"succeeded","target":"tachyon_serverless_application::services::invoke_async::dispatch"}
{"timestamp":"2026-09-17T11:15:41.398172Z","level":"INFO","message":"async dispatch: delivery handled","message_id":"inv_01m2qh8mv3raqsynab881dsdds","sequence":1,"delivery_count":1,"outcome":"Completed { status: \"succeeded\" }","target":"tachyon_serverless_application::services::invoke_async::dispatch"}
{"timestamp":"2026-09-17T11:15:41.452443Z","level":"INFO","message":"asynchronous invocation accepted","invocation_id":"inv_01m2qh8p8bek7d2g2bkf5sjyvx","tenant_id":"tn_01hzzzzzzzzzzzzzzzzzzzzzza","revision_id":"rev_01m2qh8j87293g9nxc2m8hxbw2","input_bytes":47,"input_storage":"inline","target":"tachyon_serverless_application::services::invoke_async"}
{"timestamp":"2026-09-17T11:15:41.457700Z","level":"INFO","message":"asynchronous run claimed","invocation_id":"inv_01m2qh8p8bek7d2g2bkf5sjyvx","attempt":1,"generation":0,"delivery_count":1,"target":"tachyon_serverless_application::services::invoke_async::dispatch"}
{"timestamp":"2026-09-17T11:15:41.528577Z","level":"INFO","message":"asynchronous invocation accepted","invocation_id":"inv_01m2qh8pa9x7jryhjrp379b2vn","tenant_id":"tn_01hzzzzzzzzzzzzzzzzzzzzzza","revision_id":"rev_01m2qh8j87293g9nxc2m8hxbw2","input_bytes":4127,"input_storage":"object","target":"tachyon_serverless_application::services::invoke_async"}
{"timestamp":"2026-09-17T11:15:41.533566Z","level":"INFO","message":"asynchronous run claimed","invocation_id":"inv_01m2qh8pa9x7jryhjrp379b2vn","attempt":1,"generation":0,"delivery_count":1,"target":"tachyon_serverless_application::services::invoke_async::dispatch"}
{"timestamp":"2026-09-17T11:15:41.566406Z","level":"INFO","message":"asynchronous invocation accepted","invocation_id":"inv_01m2qh8pbxwes92x9w79k1skrw","tenant_id":"tn_01hzzzzzzzzzzzzzzzzzzzzzza","revision_id":"rev_01m2qh8k3vpjvsc9abx0g111yt","input_bytes":189,"input_storage":"inline","target":"tachyon_serverless_application::services::invoke_async"}
{"timestamp":"2026-09-17T11:15:41.566464Z","level":"INFO","message":"webhook trigger fired","trigger_id":"trg_01m2qh8mbrbndcgj272xf2194v","event_id":"evt-pre-w1","invocation_id":"inv_01m2qh8pbxwes92x9w79k1skrw","revision_id":"rev_01m2qh8k3vpjvsc9abx0g111yt","replayed":false,"target":"tachyon_serverless_application::services::triggers"}
{"timestamp":"2026-09-17T11:15:41.679759Z","level":"INFO","message":"bridge spawned","environment_id":"env_01m2qh8p8hfjr2hh23tj1hs4ys","pid":21622,"target":"tachyon_serverless_provider_process"}
{"timestamp":"2026-09-17T11:15:41.776375Z","level":"INFO","message":"bridge spawned","environment_id":"env_01m2qh8paz7sgh86arfk2g0h7a","pid":21624,"target":"tachyon_serverless_provider_process"}
{"timestamp":"2026-09-17T11:15:41.833040Z","level":"INFO","message":"bridge spawned","environment_id":"env_01m2qh8pcndfjqbz3vqkgrmycr","pid":21626,"target":"tachyon_serverless_provider_process"}
{"timestamp":"2026-09-17T11:15:41.848625Z","level":"INFO","message":"invocation finished","invocation_id":"inv_01m2qh8pcn8t50zv6rfcymnpqe","status":"succeeded","handler_ms":0,"environment_boot_ms":6,"runtime_init_ms":7,"target":"tachyon_serverless_application::services::invoke"}
{"timestamp":"2026-09-17T11:15:41.850356Z","level":"INFO","message":"terminating bridge","environment_id":"env_01m2qh8pcndfjqbz3vqkgrmycr","pid":21626,"reason":"Completed","graceful":true,"target":"tachyon_serverless_provider_process"}
{"timestamp":"2026-09-17T11:15:41.931976Z","level":"INFO","message":"asynchronous invocation accepted","invocation_id":"inv_01m2qh8pqbwvmz5c1xhgx4jdaz","tenant_id":"tn_01hzzzzzzzzzzzzzzzzzzzzzza","revision_id":"rev_01m2qh8j87293g9nxc2m8hxbw2","input_bytes":47,"input_storage":"inline","target":"tachyon_serverless_application::services::invoke_async"}
{"timestamp":"2026-09-17T11:15:41.974132Z","level":"INFO","message":"invocation finished","invocation_id":"inv_01m2qh8pa9x7jryhjrp379b2vn","status":"succeeded (async run)","handler_ms":2,"environment_boot_ms":5,"runtime_init_ms":188,"target":"tachyon_serverless_application::services::invoke"}
{"timestamp":"2026-09-17T11:15:41.975021Z","level":"INFO","message":"invocation finished","invocation_id":"inv_01m2qh8p8bek7d2g2bkf5sjyvx","status":"succeeded (async run)","handler_ms":2,"environment_boot_ms":5,"runtime_init_ms":285,"target":"tachyon_serverless_application::services::invoke"}
{"timestamp":"2026-09-17T11:15:41.975455Z","level":"INFO","message":"terminating bridge","environment_id":"env_01m2qh8paz7sgh86arfk2g0h7a","pid":21624,"reason":"Completed","graceful":true,"target":"tachyon_serverless_provider_process"}
{"timestamp":"2026-09-17T11:15:41.976535Z","level":"INFO","message":"terminating bridge","environment_id":"env_01m2qh8p8hfjr2hh23tj1hs4ys","pid":21622,"reason":"Completed","graceful":true,"target":"tachyon_serverless_provider_process"}
{"timestamp":"2026-09-17T11:15:41.979954Z","level":"INFO","message":"asynchronous invocation settled","invocation_id":"inv_01m2qh8pa9x7jryhjrp379b2vn","status":"succeeded","target":"tachyon_serverless_application::services::invoke_async::dispatch"}
{"timestamp":"2026-09-17T11:15:41.984905Z","level":"INFO","message":"async dispatch: delivery handled","message_id":"inv_01m2qh8pa9x7jryhjrp379b2vn","sequence":3,"delivery_count":1,"outcome":"Completed { status: \"succeeded\" }","target":"tachyon_serverless_application::services::invoke_async::dispatch"}
{"timestamp":"2026-09-17T11:15:41.989030Z","level":"INFO","message":"asynchronous invocation settled","invocation_id":"inv_01m2qh8p8bek7d2g2bkf5sjyvx","status":"succeeded","target":"tachyon_serverless_application::services::invoke_async::dispatch"}
{"timestamp":"2026-09-17T11:15:41.989450Z","level":"INFO","message":"asynchronous run claimed","invocation_id":"inv_01m2qh8pbxwes92x9w79k1skrw","attempt":1,"generation":0,"delivery_count":1,"target":"tachyon_serverless_application::services::invoke_async::dispatch"}
{"timestamp":"2026-09-17T11:15:41.992815Z","level":"INFO","message":"async dispatch: delivery handled","message_id":"inv_01m2qh8p8bek7d2g2bkf5sjyvx","sequence":2,"delivery_count":1,"outcome":"Completed { status: \"succeeded\" }","target":"tachyon_serverless_application::services::invoke_async::dispatch"}
{"timestamp":"2026-09-17T11:15:41.993361Z","level":"INFO","message":"asynchronous run claimed","invocation_id":"inv_01m2qh8pqbwvmz5c1xhgx4jdaz","attempt":1,"generation":0,"delivery_count":1,"target":"tachyon_serverless_application::services::invoke_async::dispatch"}
{"timestamp":"2026-09-17T11:15:42.002881Z","level":"INFO","message":"asynchronous invocation accepted","invocation_id":"inv_01m2qh8pshd7f5qm8fs7vaj5ba","tenant_id":"tn_01hzzzzzzzzzzzzzzzzzzzzzza","revision_id":"rev_01m2qh8k3vpjvsc9abx0g111yt","input_bytes":180,"input_storage":"inline","target":"tachyon_serverless_application::services::invoke_async"}
{"timestamp":"2026-09-17T11:15:42.002929Z","level":"INFO","message":"cron trigger fired","trigger_id":"trg_01m2qh8mb89t09z4a5qhwdedrb","scheduled_at":"2026-09-17T11:15:42Z","invocation_id":"inv_01m2qh8pshd7f5qm8fs7vaj5ba","revision_id":"rev_01m2qh8k3vpjvsc9abx0g111yt","replayed":false,"target":"tachyon_serverless_application::services::triggers"}
{"timestamp":"2026-09-17T11:15:42.028633Z","level":"INFO","message":"asynchronous invocation accepted","invocation_id":"inv_01m2qh8psxszekcp7r5bw2z3f5","tenant_id":"tn_01hzzzzzzzzzzzzzzzzzzzzzza","revision_id":"rev_01m2qh8j87293g9nxc2m8hxbw2","input_bytes":4127,"input_storage":"object","target":"tachyon_serverless_application::services::invoke_async"}
{"timestamp":"2026-09-17T11:15:42.077375Z","level":"INFO","message":"asynchronous invocation accepted","invocation_id":"inv_01m2qh8pvw7jx6skj9qjdaavq7","tenant_id":"tn_01hzzzzzzzzzzzzzzzzzzzzzza","revision_id":"rev_01m2qh8k3vpjvsc9abx0g111yt","input_bytes":189,"input_storage":"inline","target":"tachyon_serverless_application::services::invoke_async"}
{"timestamp":"2026-09-17T11:15:42.077434Z","level":"INFO","message":"webhook trigger fired","trigger_id":"trg_01m2qh8mbrbndcgj272xf2194v","event_id":"evt-pre-w2","invocation_id":"inv_01m2qh8pvw7jx6skj9qjdaavq7","revision_id":"rev_01m2qh8k3vpjvsc9abx0g111yt","replayed":false,"target":"tachyon_serverless_application::services::triggers"}
{"timestamp":"2026-09-17T11:15:42.278735Z","level":"INFO","message":"bridge spawned","environment_id":"env_01m2qh8ps5k0m47x45zrzf9ftg","pid":21701,"target":"tachyon_serverless_provider_process"}
{"timestamp":"2026-09-17T11:15:42.287947Z","level":"INFO","message":"bridge spawned","environment_id":"env_01m2qh8ps9qb85frsnt4b9hqq3","pid":21703,"target":"tachyon_serverless_provider_process"}
{"timestamp":"2026-09-17T11:15:42.295555Z","level":"INFO","message":"invocation finished","invocation_id":"inv_01m2qh8pbxwes92x9w79k1skrw","status":"succeeded (async run)","handler_ms":0,"environment_boot_ms":6,"runtime_init_ms":8,"target":"tachyon_serverless_application::services::invoke"}
{"timestamp":"2026-09-17T11:15:42.296543Z","level":"INFO","message":"terminating bridge","environment_id":"env_01m2qh8ps5k0m47x45zrzf9ftg","pid":21701,"reason":"Completed","graceful":true,"target":"tachyon_serverless_provider_process"}
{"timestamp":"2026-09-17T11:15:42.300817Z","level":"INFO","message":"asynchronous invocation settled","invocation_id":"inv_01m2qh8pbxwes92x9w79k1skrw","status":"succeeded","target":"tachyon_serverless_application::services::invoke_async::dispatch"}
{"timestamp":"2026-09-17T11:15:42.310841Z","level":"INFO","message":"async dispatch: delivery handled","message_id":"inv_01m2qh8pbxwes92x9w79k1skrw","sequence":4,"delivery_count":1,"outcome":"Completed { status: \"succeeded\" }","target":"tachyon_serverless_application::services::invoke_async::dispatch"}
{"timestamp":"2026-09-17T11:15:42.311566Z","level":"INFO","message":"asynchronous run claimed","invocation_id":"inv_01m2qh8pshd7f5qm8fs7vaj5ba","attempt":1,"generation":0,"delivery_count":1,"target":"tachyon_serverless_application::services::invoke_async::dispatch"}
{"timestamp":"2026-09-17T11:15:42.312302Z","level":"INFO","message":"invocation finished","invocation_id":"inv_01m2qh8pqbwvmz5c1xhgx4jdaz","status":"succeeded (async run)","handler_ms":1,"environment_boot_ms":7,"runtime_init_ms":11,"target":"tachyon_serverless_application::services::invoke"}
{"timestamp":"2026-09-17T11:15:42.314027Z","level":"INFO","message":"terminating bridge","environment_id":"env_01m2qh8ps9qb85frsnt4b9hqq3","pid":21703,"reason":"Completed","graceful":true,"target":"tachyon_serverless_provider_process"}
{"timestamp":"2026-09-17T11:15:42.318461Z","level":"INFO","message":"asynchronous invocation settled","invocation_id":"inv_01m2qh8pqbwvmz5c1xhgx4jdaz","status":"succeeded","target":"tachyon_serverless_application::services::invoke_async::dispatch"}
{"timestamp":"2026-09-17T11:15:42.323691Z","level":"INFO","message":"async dispatch: delivery handled","message_id":"inv_01m2qh8pqbwvmz5c1xhgx4jdaz","sequence":5,"delivery_count":1,"outcome":"Completed { status: \"succeeded\" }","target":"tachyon_serverless_application::services::invoke_async::dispatch"}
{"timestamp":"2026-09-17T11:15:42.324364Z","level":"INFO","message":"asynchronous run claimed","invocation_id":"inv_01m2qh8psxszekcp7r5bw2z3f5","attempt":1,"generation":0,"delivery_count":1,"target":"tachyon_serverless_application::services::invoke_async::dispatch"}
{"timestamp":"2026-09-17T11:15:42.611092Z","level":"INFO","message":"bridge spawned","environment_id":"env_01m2qh8q38b9746ea2mdmj1jya","pid":21705,"target":"tachyon_serverless_provider_process"}
{"timestamp":"2026-09-17T11:15:42.628624Z","level":"INFO","message":"invocation finished","invocation_id":"inv_01m2qh8pshd7f5qm8fs7vaj5ba","status":"succeeded (async run)","handler_ms":0,"environment_boot_ms":7,"runtime_init_ms":8,"target":"tachyon_serverless_application::services::invoke"}
{"timestamp":"2026-09-17T11:15:42.629994Z","level":"INFO","message":"terminating bridge","environment_id":"env_01m2qh8q38b9746ea2mdmj1jya","pid":21705,"reason":"Completed","graceful":true,"target":"tachyon_serverless_provider_process"}
{"timestamp":"2026-09-17T11:15:42.630925Z","level":"INFO","message":"bridge spawned","environment_id":"env_01m2qh8q3qeyk7gswekvemdrg0","pid":21707,"target":"tachyon_serverless_provider_process"}
{"timestamp":"2026-09-17T11:15:42.634447Z","level":"INFO","message":"asynchronous invocation settled","invocation_id":"inv_01m2qh8pshd7f5qm8fs7vaj5ba","status":"succeeded","target":"tachyon_serverless_application::services::invoke_async::dispatch"}
{"timestamp":"2026-09-17T11:15:42.642256Z","level":"INFO","message":"async dispatch: delivery handled","message_id":"inv_01m2qh8pshd7f5qm8fs7vaj5ba","sequence":6,"delivery_count":1,"outcome":"Completed { status: \"succeeded\" }","target":"tachyon_serverless_application::services::invoke_async::dispatch"}
{"timestamp":"2026-09-17T11:15:42.648412Z","level":"INFO","message":"asynchronous run claimed","invocation_id":"inv_01m2qh8pvw7jx6skj9qjdaavq7","attempt":1,"generation":0,"delivery_count":1,"target":"tachyon_serverless_application::services::invoke_async::dispatch"}
{"timestamp":"2026-09-17T11:15:42.659225Z","level":"INFO","message":"invocation finished","invocation_id":"inv_01m2qh8psxszekcp7r5bw2z3f5","status":"succeeded (async run)","handler_ms":1,"environment_boot_ms":6,"runtime_init_ms":19,"target":"tachyon_serverless_application::services::invoke"}
{"timestamp":"2026-09-17T11:15:42.660956Z","level":"INFO","message":"terminating bridge","environment_id":"env_01m2qh8q3qeyk7gswekvemdrg0","pid":21707,"reason":"Completed","graceful":true,"target":"tachyon_serverless_provider_process"}
{"timestamp":"2026-09-17T11:15:42.665332Z","level":"INFO","message":"asynchronous invocation settled","invocation_id":"inv_01m2qh8psxszekcp7r5bw2z3f5","status":"succeeded","target":"tachyon_serverless_application::services::invoke_async::dispatch"}
{"timestamp":"2026-09-17T11:15:42.670629Z","level":"INFO","message":"async dispatch: delivery handled","message_id":"inv_01m2qh8psxszekcp7r5bw2z3f5","sequence":7,"delivery_count":1,"outcome":"Completed { status: \"succeeded\" }","target":"tachyon_serverless_application::services::invoke_async::dispatch"}
{"timestamp":"2026-09-17T11:15:42.911185Z","level":"INFO","message":"bridge spawned","environment_id":"env_01m2qh8qdr449fb3s691dd0tx9","pid":21709,"target":"tachyon_serverless_provider_process"}
{"timestamp":"2026-09-17T11:15:42.926432Z","level":"INFO","message":"invocation finished","invocation_id":"inv_01m2qh8pvw7jx6skj9qjdaavq7","status":"succeeded (async run)","handler_ms":0,"environment_boot_ms":6,"runtime_init_ms":7,"target":"tachyon_serverless_application::services::invoke"}
{"timestamp":"2026-09-17T11:15:42.928172Z","level":"INFO","message":"terminating bridge","environment_id":"env_01m2qh8qdr449fb3s691dd0tx9","pid":21709,"reason":"Completed","graceful":true,"target":"tachyon_serverless_provider_process"}
{"timestamp":"2026-09-17T11:15:42.931932Z","level":"INFO","message":"asynchronous invocation settled","invocation_id":"inv_01m2qh8pvw7jx6skj9qjdaavq7","status":"succeeded","target":"tachyon_serverless_application::services::invoke_async::dispatch"}
{"timestamp":"2026-09-17T11:15:42.938056Z","level":"INFO","message":"async dispatch: delivery handled","message_id":"inv_01m2qh8pvw7jx6skj9qjdaavq7","sequence":8,"delivery_count":1,"outcome":"Completed { status: \"succeeded\" }","target":"tachyon_serverless_application::services::invoke_async::dispatch"}
{"timestamp":"2026-09-17T11:15:44.001989Z","level":"INFO","message":"asynchronous invocation accepted","invocation_id":"inv_01m2qh8rr1e2yetkb7x0kjgxy9","tenant_id":"tn_01hzzzzzzzzzzzzzzzzzzzzzza","revision_id":"rev_01m2qh8k3vpjvsc9abx0g111yt","input_bytes":180,"input_storage":"inline","target":"tachyon_serverless_application::services::invoke_async"}
{"timestamp":"2026-09-17T11:15:44.002051Z","level":"INFO","message":"cron trigger fired","trigger_id":"trg_01m2qh8mb89t09z4a5qhwdedrb","scheduled_at":"2026-09-17T11:15:44Z","invocation_id":"inv_01m2qh8rr1e2yetkb7x0kjgxy9","revision_id":"rev_01m2qh8k3vpjvsc9abx0g111yt","replayed":false,"target":"tachyon_serverless_application::services::triggers"}
{"timestamp":"2026-09-17T11:15:44.007495Z","level":"INFO","message":"asynchronous run claimed","invocation_id":"inv_01m2qh8rr1e2yetkb7x0kjgxy9","attempt":1,"generation":0,"delivery_count":1,"target":"tachyon_serverless_application::services::invoke_async::dispatch"}
{"timestamp":"2026-09-17T11:15:44.209640Z","level":"INFO","message":"bridge spawned","environment_id":"env_01m2qh8rr7fg1j2vs932bc8wp7","pid":21717,"target":"tachyon_serverless_provider_process"}
{"timestamp":"2026-09-17T11:15:49.491639Z","level":"WARN","message":"environment update failed","error":"store: database is locked","environment_id":"env_01m2qh8rr7fg1j2vs932bc8wp7","target":"tachyon_serverless_application::services::invoke"}
{"timestamp":"2026-09-17T11:15:54.493094Z","level":"WARN","message":"dispatcher heartbeat failed","error":"store: the store connection stayed busy for 5 s (database locked?)","target":"tachyon_serverless_application::app"}
{"timestamp":"2026-09-17T11:15:54.493094Z","level":"WARN","message":"outbox: claiming failed","error":"store: the store connection stayed busy for 5 s (database locked?)","target":"tachyon_serverless_application::services::invoke_async::publisher"}
{"timestamp":"2026-09-17T11:15:54.493094Z","level":"WARN","message":"async dispatch: renewing the claim failed","invocation_id":"inv_01m2qh8rr1e2yetkb7x0kjgxy9","error":"store: the store connection stayed busy for 5 s (database locked?)","target":"tachyon_serverless_application::services::invoke_async::dispatch"}
{"timestamp":"2026-09-17T11:15:54.496780Z","level":"WARN","message":"environment update failed","error":"store: the store connection stayed busy for 5 s (database locked?)","environment_id":"env_01m2qh8rr7fg1j2vs932bc8wp7","target":"tachyon_serverless_application::services::invoke"}
{"timestamp":"2026-09-17T11:15:54.498456Z","level":"WARN","message":"async dispatch: the ledger failed; the message is redelivered","message_id":"inv_01m2qh8rr1e2yetkb7x0kjgxy9","error":"Host.StoreUnavailable: storage: the store connection stayed busy for 5 s (database locked?)","target":"tachyon_serverless_application::services::invoke_async::dispatch"}
{"timestamp":"2026-09-17T11:15:54.823965Z","level":"WARN","message":"cannot take the trigger scheduler lease","error":"store: database is locked","target":"tachyon_serverless_application::services::triggers"}
{"timestamp":"2026-09-17T11:15:56.228170Z","level":"ERROR","message":"dispatcher lease lost: refusing new invocations; in-flight completions will be refused if another dispatcher reclaimed them","dispatcher_id":"dsp_01m2qh8hdkpxsh2rcpc89sfchf","target":"tachyon_serverless_application::services::dispatcher"}
{"timestamp":"2026-09-17T11:15:56.228636Z","level":"INFO","message":"async reaper pass","report":"ReapReport { examined: 1, abandoned: 1, republished: 0, dead_lettered: 0, lost: 1, failed: 0 }","target":"tachyon_serverless_application::services::invoke_async::dispatch"}
{"timestamp":"2026-09-17T11:15:56.230038Z","level":"INFO","message":"object retention pass","report":"GcReport { examined: 2, collected_expired: 0, collected_orphans: 0, kept_in_use: 0, kept_referenced: 2, incomplete_removed: 0, tombstones_purged: 0, failed: 0 }","target":"tachyon_serverless_gateway"}
{"timestamp":"2026-09-17T11:15:56.238428Z","level":"INFO","message":"asynchronous invocation accepted","invocation_id":"inv_01m2qh94p6a2e01bdh6axm7tp3","tenant_id":"tn_01hzzzzzzzzzzzzzzzzzzzzzza","revision_id":"rev_01m2qh8j87293g9nxc2m8hxbw2","input_bytes":49,"input_storage":"inline","target":"tachyon_serverless_application::services::invoke_async"}
{"timestamp":"2026-09-17T11:15:56.238693Z","level":"INFO","message":"async dispatch: delivery handled","message_id":"inv_01m2qh8rr1e2yetkb7x0kjgxy9","sequence":9,"delivery_count":3,"outcome":"Skipped(\"claimed\")","target":"tachyon_serverless_application::services::invoke_async::dispatch"}
{"timestamp":"2026-09-17T11:15:56.239239Z","level":"INFO","message":"object retention pass","report":"GcReport { examined: 2, collected_expired: 0, collected_orphans: 0, kept_in_use: 0, kept_referenced: 2, incomplete_removed: 0, tombstones_purged: 0, failed: 0 }","target":"tachyon_serverless_gateway"}
{"timestamp":"2026-09-17T11:15:56.245432Z","level":"INFO","message":"invocation finished","invocation_id":"inv_01m2qh8rr1e2yetkb7x0kjgxy9","status":"succeeded (async run)","handler_ms":6,"environment_boot_ms":4,"runtime_init_ms":10283,"target":"tachyon_serverless_application::services::invoke"}
{"timestamp":"2026-09-17T11:15:56.246425Z","level":"INFO","message":"asynchronous run claimed","invocation_id":"inv_01m2qh94p6a2e01bdh6axm7tp3","attempt":1,"generation":0,"delivery_count":1,"target":"tachyon_serverless_application::services::invoke_async::dispatch"}
{"timestamp":"2026-09-17T11:15:56.246693Z","level":"INFO","message":"terminating bridge","environment_id":"env_01m2qh8rr7fg1j2vs932bc8wp7","pid":21717,"reason":"Completed","graceful":true,"target":"tachyon_serverless_provider_process"}
{"timestamp":"2026-09-17T11:15:56.246907Z","level":"INFO","message":"asynchronous invocation rescheduled","invocation_id":"inv_01m2qh94p6a2e01bdh6axm7tp3","next_attempt_at":"2026-09-17T11:15:56.346590+00:00","counted":false,"error_type":"Host.DispatcherFenced","target":"tachyon_serverless_application::services::invoke_async::dispatch"}
{"timestamp":"2026-09-17T11:15:56.254756Z","level":"INFO","message":"async dispatch: delivery handled","message_id":"inv_01m2qh94p6a2e01bdh6axm7tp3","sequence":10,"delivery_count":1,"outcome":"Rescheduled { next_attempt_at: 2026-09-17T11:15:56.346590Z, counted: false }","target":"tachyon_serverless_application::services::invoke_async::dispatch"}
{"timestamp":"2026-09-17T11:15:56.256423Z","level":"INFO","message":"asynchronous invocation settled","invocation_id":"inv_01m2qh8rr1e2yetkb7x0kjgxy9","status":"succeeded","target":"tachyon_serverless_application::services::invoke_async::dispatch"}
{"timestamp":"2026-09-17T11:15:56.256641Z","level":"INFO","message":"async dispatch: delivery handled","message_id":"inv_01m2qh8rr1e2yetkb7x0kjgxy9","sequence":9,"delivery_count":1,"outcome":"Completed { status: \"succeeded\" }","target":"tachyon_serverless_application::services::invoke_async::dispatch"}
{"timestamp":"2026-09-17T11:15:56.353212Z","level":"INFO","message":"asynchronous run claimed","invocation_id":"inv_01m2qh94p6a2e01bdh6axm7tp3","attempt":1,"generation":1,"delivery_count":1,"target":"tachyon_serverless_application::services::invoke_async::dispatch"}
{"timestamp":"2026-09-17T11:15:56.353654Z","level":"INFO","message":"asynchronous invocation rescheduled","invocation_id":"inv_01m2qh94p6a2e01bdh6axm7tp3","next_attempt_at":"2026-09-17T11:15:56.640378+00:00","counted":false,"error_type":"Host.DispatcherFenced","target":"tachyon_serverless_application::services::invoke_async::dispatch"}
{"timestamp":"2026-09-17T11:15:56.358692Z","level":"INFO","message":"async dispatch: delivery handled","message_id":"inv_01m2qh94p6a2e01bdh6axm7tp3.g1","sequence":11,"delivery_count":1,"outcome":"Rescheduled { next_attempt_at: 2026-09-17T11:15:56.640378Z, counted: false }","target":"tachyon_serverless_application::services::invoke_async::dispatch"}
{"timestamp":"2026-09-17T11:15:56.507268Z","level":"INFO","message":"object retention pass","report":"GcReport { examined: 2, collected_expired: 0, collected_orphans: 0, kept_in_use: 0, kept_referenced: 2, incomplete_removed: 0, tombstones_purged: 0, failed: 0 }","target":"tachyon_serverless_gateway"}
{"timestamp":"2026-09-17T11:15:56.662815Z","level":"INFO","message":"asynchronous run claimed","invocation_id":"inv_01m2qh94p6a2e01bdh6axm7tp3","attempt":1,"generation":2,"delivery_count":1,"target":"tachyon_serverless_application::services::invoke_async::dispatch"}
{"timestamp":"2026-09-17T11:15:56.667029Z","level":"INFO","message":"asynchronous invocation rescheduled","invocation_id":"inv_01m2qh94p6a2e01bdh6axm7tp3","next_attempt_at":"2026-09-17T11:15:56.856989+00:00","counted":false,"error_type":"Host.DispatcherFenced","target":"tachyon_serverless_application::services::invoke_async::dispatch"}
{"timestamp":"2026-09-17T11:15:56.670975Z","level":"INFO","message":"async dispatch: delivery handled","message_id":"inv_01m2qh94p6a2e01bdh6axm7tp3.g2","sequence":12,"delivery_count":1,"outcome":"Rescheduled { next_attempt_at: 2026-09-17T11:15:56.856989Z, counted: false }","target":"tachyon_serverless_application::services::invoke_async::dispatch"}
{"timestamp":"2026-09-17T11:15:56.874311Z","level":"INFO","message":"asynchronous run claimed","invocation_id":"inv_01m2qh94p6a2e01bdh6axm7tp3","attempt":1,"generation":3,"delivery_count":1,"target":"tachyon_serverless_application::services::invoke_async::dispatch"}
{"timestamp":"2026-09-17T11:15:56.879513Z","level":"INFO","message":"asynchronous invocation rescheduled","invocation_id":"inv_01m2qh94p6a2e01bdh6axm7tp3","next_attempt_at":"2026-09-17T11:15:56.974433+00:00","counted":false,"error_type":"Host.DispatcherFenced","target":"tachyon_serverless_application::services::invoke_async::dispatch"}
{"timestamp":"2026-09-17T11:15:56.883563Z","level":"INFO","message":"async dispatch: delivery handled","message_id":"inv_01m2qh94p6a2e01bdh6axm7tp3.g3","sequence":13,"delivery_count":1,"outcome":"Rescheduled { next_attempt_at: 2026-09-17T11:15:56.974433Z, counted: false }","target":"tachyon_serverless_application::services::invoke_async::dispatch"}
{"timestamp":"2026-09-17T11:15:56.990443Z","level":"INFO","message":"asynchronous run claimed","invocation_id":"inv_01m2qh94p6a2e01bdh6axm7tp3","attempt":1,"generation":4,"delivery_count":1,"target":"tachyon_serverless_application::services::invoke_async::dispatch"}
{"timestamp":"2026-09-17T11:15:56.990888Z","level":"INFO","message":"asynchronous invocation rescheduled","invocation_id":"inv_01m2qh94p6a2e01bdh6axm7tp3","next_attempt_at":"2026-09-17T11:15:57.102600+00:00","counted":false,"error_type":"Host.DispatcherFenced","target":"tachyon_serverless_application::services::invoke_async::dispatch"}
{"timestamp":"2026-09-17T11:15:56.994799Z","level":"INFO","message":"async dispatch: delivery handled","message_id":"inv_01m2qh94p6a2e01bdh6axm7tp3.g4","sequence":14,"delivery_count":1,"outcome":"Rescheduled { next_attempt_at: 2026-09-17T11:15:57.102600Z, counted: false }","target":"tachyon_serverless_application::services::invoke_async::dispatch"}
{"timestamp":"2026-09-17T11:15:57.197350Z","level":"INFO","message":"asynchronous run claimed","invocation_id":"inv_01m2qh94p6a2e01bdh6axm7tp3","attempt":1,"generation":5,"delivery_count":1,"target":"tachyon_serverless_application::services::invoke_async::dispatch"}
{"timestamp":"2026-09-17T11:15:57.197756Z","level":"INFO","message":"asynchronous invocation rescheduled","invocation_id":"inv_01m2qh94p6a2e01bdh6axm7tp3","next_attempt_at":"2026-09-17T11:15:57.356491+00:00","counted":false,"error_type":"Host.DispatcherFenced","target":"tachyon_serverless_application::services::invoke_async::dispatch"}
{"timestamp":"2026-09-17T11:15:57.202412Z","level":"INFO","message":"async dispatch: delivery handled","message_id":"inv_01m2qh94p6a2e01bdh6axm7tp3.g5","sequence":15,"delivery_count":1,"outcome":"Rescheduled { next_attempt_at: 2026-09-17T11:15:57.356491Z, counted: false }","target":"tachyon_serverless_application::services::invoke_async::dispatch"}
{"timestamp":"2026-09-17T11:15:57.406322Z","level":"INFO","message":"asynchronous run claimed","invocation_id":"inv_01m2qh94p6a2e01bdh6axm7tp3","attempt":1,"generation":6,"delivery_count":1,"target":"tachyon_serverless_application::services::invoke_async::dispatch"}
{"timestamp":"2026-09-17T11:15:57.406679Z","level":"INFO","message":"asynchronous invocation rescheduled","invocation_id":"inv_01m2qh94p6a2e01bdh6axm7tp3","next_attempt_at":"2026-09-17T11:15:57.609445+00:00","counted":false,"error_type":"Host.DispatcherFenced","target":"tachyon_serverless_application::services::invoke_async::dispatch"}
{"timestamp":"2026-09-17T11:15:57.411079Z","level":"INFO","message":"async dispatch: delivery handled","message_id":"inv_01m2qh94p6a2e01bdh6axm7tp3.g6","sequence":16,"delivery_count":1,"outcome":"Rescheduled { next_attempt_at: 2026-09-17T11:15:57.609445Z, counted: false }","target":"tachyon_serverless_application::services::invoke_async::dispatch"}
{"timestamp":"2026-09-17T11:15:57.715523Z","level":"INFO","message":"asynchronous run claimed","invocation_id":"inv_01m2qh94p6a2e01bdh6axm7tp3","attempt":1,"generation":7,"delivery_count":1,"target":"tachyon_serverless_application::services::invoke_async::dispatch"}
{"timestamp":"2026-09-17T11:15:57.720662Z","level":"INFO","message":"asynchronous invocation rescheduled","invocation_id":"inv_01m2qh94p6a2e01bdh6axm7tp3","next_attempt_at":"2026-09-17T11:15:58.266694+00:00","counted":false,"error_type":"Host.DispatcherFenced","target":"tachyon_serverless_application::services::invoke_async::dispatch"}
{"timestamp":"2026-09-17T11:15:57.724732Z","level":"INFO","message":"async dispatch: delivery handled","message_id":"inv_01m2qh94p6a2e01bdh6axm7tp3.g7","sequence":17,"delivery_count":1,"outcome":"Rescheduled { next_attempt_at: 2026-09-17T11:15:58.266694Z, counted: false }","target":"tachyon_serverless_application::services::invoke_async::dispatch"}
{"timestamp":"2026-09-17T11:15:58.333715Z","level":"INFO","message":"asynchronous run claimed","invocation_id":"inv_01m2qh94p6a2e01bdh6axm7tp3","attempt":1,"generation":8,"delivery_count":1,"target":"tachyon_serverless_application::services::invoke_async::dispatch"}
{"timestamp":"2026-09-17T11:15:58.338997Z","level":"INFO","message":"asynchronous invocation rescheduled","invocation_id":"inv_01m2qh94p6a2e01bdh6axm7tp3","next_attempt_at":"2026-09-17T11:15:59.123844+00:00","counted":false,"error_type":"Host.DispatcherFenced","target":"tachyon_serverless_application::services::invoke_async::dispatch"}
{"timestamp":"2026-09-17T11:15:58.343173Z","level":"INFO","message":"async dispatch: delivery handled","message_id":"inv_01m2qh94p6a2e01bdh6axm7tp3.g8","sequence":18,"delivery_count":1,"outcome":"Rescheduled { next_attempt_at: 2026-09-17T11:15:59.123844Z, counted: false }","target":"tachyon_serverless_application::services::invoke_async::dispatch"}
{"timestamp":"2026-09-17T11:15:58.507082Z","level":"INFO","message":"object retention pass","report":"GcReport { examined: 2, collected_expired: 0, collected_orphans: 0, kept_in_use: 0, kept_referenced: 2, incomplete_removed: 0, tombstones_purged: 0, failed: 0 }","target":"tachyon_serverless_gateway"}
{"timestamp":"2026-09-17T11:15:59.154311Z","level":"INFO","message":"asynchronous run claimed","invocation_id":"inv_01m2qh94p6a2e01bdh6axm7tp3","attempt":1,"generation":9,"delivery_count":1,"target":"tachyon_serverless_application::services::invoke_async::dispatch"}
{"timestamp":"2026-09-17T11:15:59.159645Z","level":"INFO","message":"asynchronous invocation rescheduled","invocation_id":"inv_01m2qh94p6a2e01bdh6axm7tp3","next_attempt_at":"2026-09-17T11:16:00.053504+00:00","counted":false,"error_type":"Host.DispatcherFenced","target":"tachyon_serverless_application::services::invoke_async::dispatch"}
{"timestamp":"2026-09-17T11:15:59.164242Z","level":"INFO","message":"async dispatch: delivery handled","message_id":"inv_01m2qh94p6a2e01bdh6axm7tp3.g9","sequence":19,"delivery_count":1,"outcome":"Rescheduled { next_attempt_at: 2026-09-17T11:16:00.053504Z, counted: false }","target":"tachyon_serverless_application::services::invoke_async::dispatch"}
{"timestamp":"2026-09-17T11:16:00.082920Z","level":"INFO","message":"asynchronous run claimed","invocation_id":"inv_01m2qh94p6a2e01bdh6axm7tp3","attempt":1,"generation":10,"delivery_count":1,"target":"tachyon_serverless_application::services::invoke_async::dispatch"}
{"timestamp":"2026-09-17T11:16:00.083532Z","level":"INFO","message":"asynchronous invocation rescheduled","invocation_id":"inv_01m2qh94p6a2e01bdh6axm7tp3","next_attempt_at":"2026-09-17T11:16:00.183263+00:00","counted":false,"error_type":"Host.DispatcherFenced","target":"tachyon_serverless_application::services::invoke_async::dispatch"}
{"timestamp":"2026-09-17T11:16:00.088186Z","level":"INFO","message":"async dispatch: delivery handled","message_id":"inv_01m2qh94p6a2e01bdh6axm7tp3.g10","sequence":20,"delivery_count":1,"outcome":"Rescheduled { next_attempt_at: 2026-09-17T11:16:00.183263Z, counted: false }","target":"tachyon_serverless_application::services::invoke_async::dispatch"}
{"timestamp":"2026-09-17T11:16:00.194422Z","level":"INFO","message":"asynchronous run claimed","invocation_id":"inv_01m2qh94p6a2e01bdh6axm7tp3","attempt":1,"generation":11,"delivery_count":1,"target":"tachyon_serverless_application::services::invoke_async::dispatch"}
{"timestamp":"2026-09-17T11:16:00.194799Z","level":"INFO","message":"asynchronous invocation rescheduled","invocation_id":"inv_01m2qh94p6a2e01bdh6axm7tp3","next_attempt_at":"2026-09-17T11:16:00.915553+00:00","counted":false,"error_type":"Host.DispatcherFenced","target":"tachyon_serverless_application::services::invoke_async::dispatch"}
{"timestamp":"2026-09-17T11:16:00.198767Z","level":"INFO","message":"async dispatch: delivery handled","message_id":"inv_01m2qh94p6a2e01bdh6axm7tp3.g11","sequence":21,"delivery_count":1,"outcome":"Rescheduled { next_attempt_at: 2026-09-17T11:16:00.915553Z, counted: false }","target":"tachyon_serverless_application::services::invoke_async::dispatch"}
{"timestamp":"2026-09-17T11:16:00.506915Z","level":"INFO","message":"object retention pass","report":"GcReport { examined: 2, collected_expired: 0, collected_orphans: 0, kept_in_use: 0, kept_referenced: 2, incomplete_removed: 0, tombstones_purged: 0, failed: 0 }","target":"tachyon_serverless_gateway"}
{"timestamp":"2026-09-17T11:16:01.011385Z","level":"INFO","message":"asynchronous run claimed","invocation_id":"inv_01m2qh94p6a2e01bdh6axm7tp3","attempt":1,"generation":12,"delivery_count":1,"target":"tachyon_serverless_application::services::invoke_async::dispatch"}
{"timestamp":"2026-09-17T11:16:01.016623Z","level":"INFO","message":"asynchronous invocation rescheduled","invocation_id":"inv_01m2qh94p6a2e01bdh6axm7tp3","next_attempt_at":"2026-09-17T11:16:01.261540+00:00","counted":false,"error_type":"Host.DispatcherFenced","target":"tachyon_serverless_application::services::invoke_async::dispatch"}
{"timestamp":"2026-09-17T11:16:01.020893Z","level":"INFO","message":"async dispatch: delivery handled","message_id":"inv_01m2qh94p6a2e01bdh6axm7tp3.g12","sequence":22,"delivery_count":1,"outcome":"Rescheduled { next_attempt_at: 2026-09-17T11:16:01.261540Z, counted: false }","target":"tachyon_serverless_application::services::invoke_async::dispatch"}
{"timestamp":"2026-09-17T11:16:01.324342Z","level":"INFO","message":"asynchronous run claimed","invocation_id":"inv_01m2qh94p6a2e01bdh6axm7tp3","attempt":1,"generation":13,"delivery_count":1,"target":"tachyon_serverless_application::services::invoke_async::dispatch"}
{"timestamp":"2026-09-17T11:16:01.329696Z","level":"INFO","message":"asynchronous invocation rescheduled","invocation_id":"inv_01m2qh94p6a2e01bdh6axm7tp3","next_attempt_at":"2026-09-17T11:16:01.471485+00:00","counted":false,"error_type":"Host.DispatcherFenced","target":"tachyon_serverless_application::services::invoke_async::dispatch"}
{"timestamp":"2026-09-17T11:16:01.333825Z","level":"INFO","message":"async dispatch: delivery handled","message_id":"inv_01m2qh94p6a2e01bdh6axm7tp3.g13","sequence":23,"delivery_count":1,"outcome":"Rescheduled { next_attempt_at: 2026-09-17T11:16:01.471485Z, counted: false }","target":"tachyon_serverless_application::services::invoke_async::dispatch"}
{"timestamp":"2026-09-17T11:16:01.539961Z","level":"INFO","message":"asynchronous run claimed","invocation_id":"inv_01m2qh94p6a2e01bdh6axm7tp3","attempt":1,"generation":14,"delivery_count":1,"target":"tachyon_serverless_application::services::invoke_async::dispatch"}
{"timestamp":"2026-09-17T11:16:01.540588Z","level":"INFO","message":"asynchronous invocation rescheduled","invocation_id":"inv_01m2qh94p6a2e01bdh6axm7tp3","next_attempt_at":"2026-09-17T11:16:02.191315+00:00","counted":false,"error_type":"Host.DispatcherFenced","target":"tachyon_serverless_application::services::invoke_async::dispatch"}
{"timestamp":"2026-09-17T11:16:01.545198Z","level":"INFO","message":"async dispatch: delivery handled","message_id":"inv_01m2qh94p6a2e01bdh6axm7tp3.g14","sequence":24,"delivery_count":1,"outcome":"Rescheduled { next_attempt_at: 2026-09-17T11:16:02.191315Z, counted: false }","target":"tachyon_serverless_application::services::invoke_async::dispatch"}
{"timestamp":"2026-09-17T11:16:02.254173Z","level":"INFO","message":"asynchronous run claimed","invocation_id":"inv_01m2qh94p6a2e01bdh6axm7tp3","attempt":1,"generation":15,"delivery_count":1,"target":"tachyon_serverless_application::services::invoke_async::dispatch"}
{"timestamp":"2026-09-17T11:16:02.259473Z","level":"INFO","message":"asynchronous invocation rescheduled","invocation_id":"inv_01m2qh94p6a2e01bdh6axm7tp3","next_attempt_at":"2026-09-17T11:16:02.629304+00:00","counted":false,"error_type":"Host.DispatcherFenced","target":"tachyon_serverless_application::services::invoke_async::dispatch"}
{"timestamp":"2026-09-17T11:16:02.263693Z","level":"INFO","message":"async dispatch: delivery handled","message_id":"inv_01m2qh94p6a2e01bdh6axm7tp3.g15","sequence":25,"delivery_count":1,"outcome":"Rescheduled { next_attempt_at: 2026-09-17T11:16:02.629304Z, counted: false }","target":"tachyon_serverless_application::services::invoke_async::dispatch"}
{"timestamp":"2026-09-17T11:16:02.507551Z","level":"INFO","message":"object retention pass","report":"GcReport { examined: 2, collected_expired: 0, collected_orphans: 0, kept_in_use: 0, kept_referenced: 2, incomplete_removed: 0, tombstones_purged: 0, failed: 0 }","target":"tachyon_serverless_gateway"}
{"timestamp":"2026-09-17T11:16:02.670017Z","level":"INFO","message":"asynchronous run claimed","invocation_id":"inv_01m2qh94p6a2e01bdh6axm7tp3","attempt":1,"generation":16,"delivery_count":1,"target":"tachyon_serverless_application::services::invoke_async::dispatch"}
{"timestamp":"2026-09-17T11:16:02.675279Z","level":"INFO","message":"asynchronous invocation rescheduled","invocation_id":"inv_01m2qh94p6a2e01bdh6axm7tp3","next_attempt_at":"2026-09-17T11:16:03.302181+00:00","counted":false,"error_type":"Host.DispatcherFenced","target":"tachyon_serverless_application::services::invoke_async::dispatch"}
{"timestamp":"2026-09-17T11:16:02.679589Z","level":"INFO","message":"async dispatch: delivery handled","message_id":"inv_01m2qh94p6a2e01bdh6axm7tp3.g16","sequence":26,"delivery_count":1,"outcome":"Rescheduled { next_attempt_at: 2026-09-17T11:16:03.302181Z, counted: false }","target":"tachyon_serverless_application::services::invoke_async::dispatch"}
{"timestamp":"2026-09-17T11:16:03.390348Z","level":"INFO","message":"asynchronous run claimed","invocation_id":"inv_01m2qh94p6a2e01bdh6axm7tp3","attempt":1,"generation":17,"delivery_count":1,"target":"tachyon_serverless_application::services::invoke_async::dispatch"}
{"timestamp":"2026-09-17T11:16:03.395696Z","level":"INFO","message":"asynchronous invocation rescheduled","invocation_id":"inv_01m2qh94p6a2e01bdh6axm7tp3","next_attempt_at":"2026-09-17T11:16:03.831487+00:00","counted":false,"error_type":"Host.DispatcherFenced","target":"tachyon_serverless_application::services::invoke_async::dispatch"}
{"timestamp":"2026-09-17T11:16:03.400010Z","level":"INFO","message":"async dispatch: delivery handled","message_id":"inv_01m2qh94p6a2e01bdh6axm7tp3.g17","sequence":27,"delivery_count":1,"outcome":"Rescheduled { next_attempt_at: 2026-09-17T11:16:03.831487Z, counted: false }","target":"tachyon_serverless_application::services::invoke_async::dispatch"}
{"timestamp":"2026-09-17T11:16:03.907010Z","level":"INFO","message":"asynchronous run claimed","invocation_id":"inv_01m2qh94p6a2e01bdh6axm7tp3","attempt":1,"generation":18,"delivery_count":1,"target":"tachyon_serverless_application::services::invoke_async::dispatch"}
{"timestamp":"2026-09-17T11:16:03.910767Z","level":"INFO","message":"asynchronous invocation rescheduled","invocation_id":"inv_01m2qh94p6a2e01bdh6axm7tp3","next_attempt_at":"2026-09-17T11:16:04.656486+00:00","counted":false,"error_type":"Host.DispatcherFenced","target":"tachyon_serverless_application::services::invoke_async::dispatch"}
{"timestamp":"2026-09-17T11:16:03.914611Z","level":"INFO","message":"async dispatch: delivery handled","message_id":"inv_01m2qh94p6a2e01bdh6axm7tp3.g18","sequence":28,"delivery_count":1,"outcome":"Rescheduled { next_attempt_at: 2026-09-17T11:16:04.656486Z, counted: false }","target":"tachyon_serverless_application::services::invoke_async::dispatch"}
{"timestamp":"2026-09-17T11:16:04.507167Z","level":"INFO","message":"object retention pass","report":"GcReport { examined: 2, collected_expired: 0, collected_orphans: 0, kept_in_use: 0, kept_referenced: 2, incomplete_removed: 0, tombstones_purged: 0, failed: 0 }","target":"tachyon_serverless_gateway"}
{"timestamp":"2026-09-17T11:16:04.724208Z","level":"INFO","message":"asynchronous run claimed","invocation_id":"inv_01m2qh94p6a2e01bdh6axm7tp3","attempt":1,"generation":19,"delivery_count":1,"target":"tachyon_serverless_application::services::invoke_async::dispatch"}
{"timestamp":"2026-09-17T11:16:04.729566Z","level":"INFO","message":"asynchronous invocation rescheduled","invocation_id":"inv_01m2qh94p6a2e01bdh6axm7tp3","next_attempt_at":"2026-09-17T11:16:05.384378+00:00","counted":false,"error_type":"Host.DispatcherFenced","target":"tachyon_serverless_application::services::invoke_async::dispatch"}
{"timestamp":"2026-09-17T11:16:04.733880Z","level":"INFO","message":"async dispatch: delivery handled","message_id":"inv_01m2qh94p6a2e01bdh6axm7tp3.g19","sequence":29,"delivery_count":1,"outcome":"Rescheduled { next_attempt_at: 2026-09-17T11:16:05.384378Z, counted: false }","target":"tachyon_serverless_application::services::invoke_async::dispatch"}
{"timestamp":"2026-09-17T11:16:05.450661Z","level":"INFO","message":"asynchronous run claimed","invocation_id":"inv_01m2qh94p6a2e01bdh6axm7tp3","attempt":1,"generation":20,"delivery_count":1,"target":"tachyon_serverless_application::services::invoke_async::dispatch"}
{"timestamp":"2026-09-17T11:16:05.451194Z","level":"INFO","message":"asynchronous invocation rescheduled","invocation_id":"inv_01m2qh94p6a2e01bdh6axm7tp3","next_attempt_at":"2026-09-17T11:16:06.367940+00:00","counted":false,"error_type":"Host.DispatcherFenced","target":"tachyon_serverless_application::services::invoke_async::dispatch"}
{"timestamp":"2026-09-17T11:16:05.456132Z","level":"INFO","message":"async dispatch: delivery handled","message_id":"inv_01m2qh94p6a2e01bdh6axm7tp3.g20","sequence":30,"delivery_count":1,"outcome":"Rescheduled { next_attempt_at: 2026-09-17T11:16:06.367940Z, counted: false }","target":"tachyon_serverless_application::services::invoke_async::dispatch"}
{"timestamp":"2026-09-17T11:16:06.469728Z","level":"INFO","message":"asynchronous run claimed","invocation_id":"inv_01m2qh94p6a2e01bdh6axm7tp3","attempt":1,"generation":21,"delivery_count":1,"target":"tachyon_serverless_application::services::invoke_async::dispatch"}
{"timestamp":"2026-09-17T11:16:06.473403Z","level":"INFO","message":"asynchronous invocation rescheduled","invocation_id":"inv_01m2qh94p6a2e01bdh6axm7tp3","next_attempt_at":"2026-09-17T11:16:06.668123+00:00","counted":false,"error_type":"Host.DispatcherFenced","target":"tachyon_serverless_application::services::invoke_async::dispatch"}
{"timestamp":"2026-09-17T11:16:06.477539Z","level":"INFO","message":"async dispatch: delivery handled","message_id":"inv_01m2qh94p6a2e01bdh6axm7tp3.g21","sequence":31,"delivery_count":1,"outcome":"Rescheduled { next_attempt_at: 2026-09-17T11:16:06.668123Z, counted: false }","target":"tachyon_serverless_application::services::invoke_async::dispatch"}
{"timestamp":"2026-09-17T11:16:06.507595Z","level":"INFO","message":"object retention pass","report":"GcReport { examined: 2, collected_expired: 0, collected_orphans: 0, kept_in_use: 0, kept_referenced: 2, incomplete_removed: 0, tombstones_purged: 0, failed: 0 }","target":"tachyon_serverless_gateway"}
{"timestamp":"2026-09-17T11:16:06.680875Z","level":"INFO","message":"asynchronous run claimed","invocation_id":"inv_01m2qh94p6a2e01bdh6axm7tp3","attempt":1,"generation":22,"delivery_count":1,"target":"tachyon_serverless_application::services::invoke_async::dispatch"}
{"timestamp":"2026-09-17T11:16:06.684702Z","level":"INFO","message":"asynchronous invocation rescheduled","invocation_id":"inv_01m2qh94p6a2e01bdh6axm7tp3","next_attempt_at":"2026-09-17T11:16:07.417435+00:00","counted":false,"error_type":"Host.DispatcherFenced","target":"tachyon_serverless_application::services::invoke_async::dispatch"}
{"timestamp":"2026-09-17T11:16:06.689628Z","level":"INFO","message":"async dispatch: delivery handled","message_id":"inv_01m2qh94p6a2e01bdh6axm7tp3.g22","sequence":32,"delivery_count":1,"outcome":"Rescheduled { next_attempt_at: 2026-09-17T11:16:07.417435Z, counted: false }","target":"tachyon_serverless_application::services::invoke_async::dispatch"}
{"timestamp":"2026-09-17T11:16:07.498953Z","level":"INFO","message":"asynchronous run claimed","invocation_id":"inv_01m2qh94p6a2e01bdh6axm7tp3","attempt":1,"generation":23,"delivery_count":1,"target":"tachyon_serverless_application::services::invoke_async::dispatch"}
{"timestamp":"2026-09-17T11:16:07.504487Z","level":"INFO","message":"asynchronous invocation rescheduled","invocation_id":"inv_01m2qh94p6a2e01bdh6axm7tp3","next_attempt_at":"2026-09-17T11:16:07.863092+00:00","counted":false,"error_type":"Host.DispatcherFenced","target":"tachyon_serverless_application::services::invoke_async::dispatch"}
{"timestamp":"2026-09-17T11:16:07.508777Z","level":"INFO","message":"async dispatch: delivery handled","message_id":"inv_01m2qh94p6a2e01bdh6axm7tp3.g23","sequence":33,"delivery_count":1,"outcome":"Rescheduled { next_attempt_at: 2026-09-17T11:16:07.863092Z, counted: false }","target":"tachyon_serverless_application::services::invoke_async::dispatch"}
{"timestamp":"2026-09-17T11:16:07.914474Z","level":"INFO","message":"asynchronous run claimed","invocation_id":"inv_01m2qh94p6a2e01bdh6axm7tp3","attempt":1,"generation":24,"delivery_count":1,"target":"tachyon_serverless_application::services::invoke_async::dispatch"}
{"timestamp":"2026-09-17T11:16:07.919869Z","level":"INFO","message":"asynchronous invocation rescheduled","invocation_id":"inv_01m2qh94p6a2e01bdh6axm7tp3","next_attempt_at":"2026-09-17T11:16:08.906635+00:00","counted":false,"error_type":"Host.DispatcherFenced","target":"tachyon_serverless_application::services::invoke_async::dispatch"}
{"timestamp":"2026-09-17T11:16:07.924141Z","level":"INFO","message":"async dispatch: delivery handled","message_id":"inv_01m2qh94p6a2e01bdh6axm7tp3.g24","sequence":34,"delivery_count":1,"outcome":"Rescheduled { next_attempt_at: 2026-09-17T11:16:08.906635Z, counted: false }","target":"tachyon_serverless_application::services::invoke_async::dispatch"}
{"timestamp":"2026-09-17T11:16:08.508061Z","level":"INFO","message":"object retention pass","report":"GcReport { examined: 2, collected_expired: 0, collected_orphans: 0, kept_in_use: 0, kept_referenced: 2, incomplete_removed: 0, tombstones_purged: 0, failed: 0 }","target":"tachyon_serverless_gateway"}
{"timestamp":"2026-09-17T11:16:08.940294Z","level":"INFO","message":"asynchronous run claimed","invocation_id":"inv_01m2qh94p6a2e01bdh6axm7tp3","attempt":1,"generation":25,"delivery_count":1,"target":"tachyon_serverless_application::services::invoke_async::dispatch"}
{"timestamp":"2026-09-17T11:16:08.945701Z","level":"INFO","message":"asynchronous invocation rescheduled","invocation_id":"inv_01m2qh94p6a2e01bdh6axm7tp3","next_attempt_at":"2026-09-17T11:16:09.448457+00:00","counted":false,"error_type":"Host.DispatcherFenced","target":"tachyon_serverless_application::services::invoke_async::dispatch"}
{"timestamp":"2026-09-17T11:16:08.950003Z","level":"INFO","message":"async dispatch: delivery handled","message_id":"inv_01m2qh94p6a2e01bdh6axm7tp3.g25","sequence":35,"delivery_count":1,"outcome":"Rescheduled { next_attempt_at: 2026-09-17T11:16:09.448457Z, counted: false }","target":"tachyon_serverless_application::services::invoke_async::dispatch"}
{"timestamp":"2026-09-17T11:16:09.456649Z","level":"INFO","message":"asynchronous run claimed","invocation_id":"inv_01m2qh94p6a2e01bdh6axm7tp3","attempt":1,"generation":26,"delivery_count":1,"target":"tachyon_serverless_application::services::invoke_async::dispatch"}
{"timestamp":"2026-09-17T11:16:09.462011Z","level":"INFO","message":"asynchronous invocation rescheduled","invocation_id":"inv_01m2qh94p6a2e01bdh6axm7tp3","next_attempt_at":"2026-09-17T11:16:10.417792+00:00","counted":false,"error_type":"Host.DispatcherFenced","target":"tachyon_serverless_application::services::invoke_async::dispatch"}
{"timestamp":"2026-09-17T11:16:09.466190Z","level":"INFO","message":"async dispatch: delivery handled","message_id":"inv_01m2qh94p6a2e01bdh6axm7tp3.g26","sequence":36,"delivery_count":1,"outcome":"Rescheduled { next_attempt_at: 2026-09-17T11:16:10.417792Z, counted: false }","target":"tachyon_serverless_application::services::invoke_async::dispatch"}
{"timestamp":"2026-09-17T11:16:10.480994Z","level":"INFO","message":"asynchronous run claimed","invocation_id":"inv_01m2qh94p6a2e01bdh6axm7tp3","attempt":1,"generation":27,"delivery_count":1,"target":"tachyon_serverless_application::services::invoke_async::dispatch"}
{"timestamp":"2026-09-17T11:16:10.486446Z","level":"INFO","message":"asynchronous invocation rescheduled","invocation_id":"inv_01m2qh94p6a2e01bdh6axm7tp3","next_attempt_at":"2026-09-17T11:16:11.199154+00:00","counted":false,"error_type":"Host.DispatcherFenced","target":"tachyon_serverless_application::services::invoke_async::dispatch"}
{"timestamp":"2026-09-17T11:16:10.490628Z","level":"INFO","message":"async dispatch: delivery handled","message_id":"inv_01m2qh94p6a2e01bdh6axm7tp3.g27","sequence":37,"delivery_count":1,"outcome":"Rescheduled { next_attempt_at: 2026-09-17T11:16:11.199154Z, counted: false }","target":"tachyon_serverless_application::services::invoke_async::dispatch"}
{"timestamp":"2026-09-17T11:16:10.507839Z","level":"INFO","message":"object retention pass","report":"GcReport { examined: 2, collected_expired: 0, collected_orphans: 0, kept_in_use: 0, kept_referenced: 2, incomplete_removed: 0, tombstones_purged: 0, failed: 0 }","target":"tachyon_serverless_gateway"}
{"timestamp":"2026-09-17T11:16:11.300017Z","level":"INFO","message":"asynchronous run claimed","invocation_id":"inv_01m2qh94p6a2e01bdh6axm7tp3","attempt":1,"generation":28,"delivery_count":1,"target":"tachyon_serverless_application::services::invoke_async::dispatch"}
{"timestamp":"2026-09-17T11:16:11.305298Z","level":"INFO","message":"asynchronous invocation rescheduled","invocation_id":"inv_01m2qh94p6a2e01bdh6axm7tp3","next_attempt_at":"2026-09-17T11:16:11.785185+00:00","counted":false,"error_type":"Host.DispatcherFenced","target":"tachyon_serverless_application::services::invoke_async::dispatch"}
{"timestamp":"2026-09-17T11:16:11.309658Z","level":"INFO","message":"async dispatch: delivery handled","message_id":"inv_01m2qh94p6a2e01bdh6axm7tp3.g28","sequence":38,"delivery_count":1,"outcome":"Rescheduled { next_attempt_at: 2026-09-17T11:16:11.785185Z, counted: false }","target":"tachyon_serverless_application::services::invoke_async::dispatch"}
{"timestamp":"2026-09-17T11:16:11.815056Z","level":"INFO","message":"asynchronous run claimed","invocation_id":"inv_01m2qh94p6a2e01bdh6axm7tp3","attempt":1,"generation":29,"delivery_count":1,"target":"tachyon_serverless_application::services::invoke_async::dispatch"}
{"timestamp":"2026-09-17T11:16:11.818696Z","level":"INFO","message":"asynchronous invocation rescheduled","invocation_id":"inv_01m2qh94p6a2e01bdh6axm7tp3","next_attempt_at":"2026-09-17T11:16:12.148415+00:00","counted":false,"error_type":"Host.DispatcherFenced","target":"tachyon_serverless_application::services::invoke_async::dispatch"}
{"timestamp":"2026-09-17T11:16:11.822546Z","level":"INFO","message":"async dispatch: delivery handled","message_id":"inv_01m2qh94p6a2e01bdh6axm7tp3.g29","sequence":39,"delivery_count":1,"outcome":"Rescheduled { next_attempt_at: 2026-09-17T11:16:12.148415Z, counted: false }","target":"tachyon_serverless_application::services::invoke_async::dispatch"}
{"timestamp":"2026-09-17T11:16:12.228078Z","level":"INFO","message":"asynchronous run claimed","invocation_id":"inv_01m2qh94p6a2e01bdh6axm7tp3","attempt":1,"generation":30,"delivery_count":1,"target":"tachyon_serverless_application::services::invoke_async::dispatch"}
{"timestamp":"2026-09-17T11:16:12.233395Z","level":"INFO","message":"asynchronous invocation rescheduled","invocation_id":"inv_01m2qh94p6a2e01bdh6axm7tp3","next_attempt_at":"2026-09-17T11:16:12.713202+00:00","counted":false,"error_type":"Host.DispatcherFenced","target":"tachyon_serverless_application::services::invoke_async::dispatch"}
{"timestamp":"2026-09-17T11:16:12.237700Z","level":"INFO","message":"async dispatch: delivery handled","message_id":"inv_01m2qh94p6a2e01bdh6axm7tp3.g30","sequence":40,"delivery_count":1,"outcome":"Rescheduled { next_attempt_at: 2026-09-17T11:16:12.713202Z, counted: false }","target":"tachyon_serverless_application::services::invoke_async::dispatch"}
{"timestamp":"2026-09-17T11:16:12.507172Z","level":"INFO","message":"object retention pass","report":"GcReport { examined: 2, collected_expired: 0, collected_orphans: 0, kept_in_use: 0, kept_referenced: 2, incomplete_removed: 0, tombstones_purged: 0, failed: 0 }","target":"tachyon_serverless_gateway"}
{"timestamp":"2026-09-17T11:16:12.744483Z","level":"INFO","message":"asynchronous run claimed","invocation_id":"inv_01m2qh94p6a2e01bdh6axm7tp3","attempt":1,"generation":31,"delivery_count":1,"target":"tachyon_serverless_application::services::invoke_async::dispatch"}
{"timestamp":"2026-09-17T11:16:12.749782Z","level":"INFO","message":"asynchronous invocation rescheduled","invocation_id":"inv_01m2qh94p6a2e01bdh6axm7tp3","next_attempt_at":"2026-09-17T11:16:13.650668+00:00","counted":false,"error_type":"Host.DispatcherFenced","target":"tachyon_serverless_application::services::invoke_async::dispatch"}
{"timestamp":"2026-09-17T11:16:12.754092Z","level":"INFO","message":"async dispatch: delivery handled","message_id":"inv_01m2qh94p6a2e01bdh6axm7tp3.g31","sequence":41,"delivery_count":1,"outcome":"Rescheduled { next_attempt_at: 2026-09-17T11:16:13.650668Z, counted: false }","target":"tachyon_serverless_application::services::invoke_async::dispatch"}
{"timestamp":"2026-09-17T11:16:13.666263Z","level":"INFO","message":"asynchronous run claimed","invocation_id":"inv_01m2qh94p6a2e01bdh6axm7tp3","attempt":1,"generation":32,"delivery_count":1,"target":"tachyon_serverless_application::services::invoke_async::dispatch"}
{"timestamp":"2026-09-17T11:16:13.671724Z","level":"INFO","message":"asynchronous invocation rescheduled","invocation_id":"inv_01m2qh94p6a2e01bdh6axm7tp3","next_attempt_at":"2026-09-17T11:16:14.036429+00:00","counted":false,"error_type":"Host.DispatcherFenced","target":"tachyon_serverless_application::services::invoke_async::dispatch"}
{"timestamp":"2026-09-17T11:16:13.675758Z","level":"INFO","message":"async dispatch: delivery handled","message_id":"inv_01m2qh94p6a2e01bdh6axm7tp3.g32","sequence":42,"delivery_count":1,"outcome":"Rescheduled { next_attempt_at: 2026-09-17T11:16:14.036429Z, counted: false }","target":"tachyon_serverless_application::services::invoke_async::dispatch"}
{"timestamp":"2026-09-17T11:16:14.081248Z","level":"INFO","message":"asynchronous run claimed","invocation_id":"inv_01m2qh94p6a2e01bdh6axm7tp3","attempt":1,"generation":33,"delivery_count":1,"target":"tachyon_serverless_application::services::invoke_async::dispatch"}
{"timestamp":"2026-09-17T11:16:14.086695Z","level":"INFO","message":"asynchronous invocation rescheduled","invocation_id":"inv_01m2qh94p6a2e01bdh6axm7tp3","next_attempt_at":"2026-09-17T11:16:14.218373+00:00","counted":false,"error_type":"Host.DispatcherFenced","target":"tachyon_serverless_application::services::invoke_async::dispatch"}
{"timestamp":"2026-09-17T11:16:14.090856Z","level":"INFO","message":"async dispatch: delivery handled","message_id":"inv_01m2qh94p6a2e01bdh6axm7tp3.g33","sequence":43,"delivery_count":1,"outcome":"Rescheduled { next_attempt_at: 2026-09-17T11:16:14.218373Z, counted: false }","target":"tachyon_serverless_application::services::invoke_async::dispatch"}
{"timestamp":"2026-09-17T11:16:14.294116Z","level":"INFO","message":"asynchronous run claimed","invocation_id":"inv_01m2qh94p6a2e01bdh6axm7tp3","attempt":1,"generation":34,"delivery_count":1,"target":"tachyon_serverless_application::services::invoke_async::dispatch"}
{"timestamp":"2026-09-17T11:16:14.299552Z","level":"INFO","message":"asynchronous invocation rescheduled","invocation_id":"inv_01m2qh94p6a2e01bdh6axm7tp3","next_attempt_at":"2026-09-17T11:16:14.443239+00:00","counted":false,"error_type":"Host.DispatcherFenced","target":"tachyon_serverless_application::services::invoke_async::dispatch"}
{"timestamp":"2026-09-17T11:16:14.303535Z","level":"INFO","message":"async dispatch: delivery handled","message_id":"inv_01m2qh94p6a2e01bdh6axm7tp3.g34","sequence":44,"delivery_count":1,"outcome":"Rescheduled { next_attempt_at: 2026-09-17T11:16:14.443239Z, counted: false }","target":"tachyon_serverless_application::services::invoke_async::dispatch"}
{"timestamp":"2026-09-17T11:16:14.507047Z","level":"INFO","message":"object retention pass","report":"GcReport { examined: 2, collected_expired: 0, collected_orphans: 0, kept_in_use: 0, kept_referenced: 2, incomplete_removed: 0, tombstones_purged: 0, failed: 0 }","target":"tachyon_serverless_gateway"}
{"timestamp":"2026-09-17T11:16:14.512985Z","level":"INFO","message":"asynchronous run claimed","invocation_id":"inv_01m2qh94p6a2e01bdh6axm7tp3","attempt":1,"generation":35,"delivery_count":1,"target":"tachyon_serverless_application::services::invoke_async::dispatch"}
{"timestamp":"2026-09-17T11:16:14.513605Z","level":"INFO","message":"asynchronous invocation rescheduled","invocation_id":"inv_01m2qh94p6a2e01bdh6axm7tp3","next_attempt_at":"2026-09-17T11:16:15.453308+00:00","counted":false,"error_type":"Host.DispatcherFenced","target":"tachyon_serverless_application::services::invoke_async::dispatch"}
{"timestamp":"2026-09-17T11:16:14.518052Z","level":"INFO","message":"async dispatch: delivery handled","message_id":"inv_01m2qh94p6a2e01bdh6axm7tp3.g35","sequence":45,"delivery_count":1,"outcome":"Rescheduled { next_attempt_at: 2026-09-17T11:16:15.453308Z, counted: false }","target":"tachyon_serverless_application::services::invoke_async::dispatch"}
{"timestamp":"2026-09-17T11:16:15.530183Z","level":"INFO","message":"asynchronous run claimed","invocation_id":"inv_01m2qh94p6a2e01bdh6axm7tp3","attempt":1,"generation":36,"delivery_count":1,"target":"tachyon_serverless_application::services::invoke_async::dispatch"}
{"timestamp":"2026-09-17T11:16:15.535631Z","level":"INFO","message":"asynchronous invocation rescheduled","invocation_id":"inv_01m2qh94p6a2e01bdh6axm7tp3","next_attempt_at":"2026-09-17T11:16:16.214351+00:00","counted":false,"error_type":"Host.DispatcherFenced","target":"tachyon_serverless_application::services::invoke_async::dispatch"}
{"timestamp":"2026-09-17T11:16:15.539878Z","level":"INFO","message":"async dispatch: delivery handled","message_id":"inv_01m2qh94p6a2e01bdh6axm7tp3.g36","sequence":46,"delivery_count":1,"outcome":"Rescheduled { next_attempt_at: 2026-09-17T11:16:16.214351Z, counted: false }","target":"tachyon_serverless_application::services::invoke_async::dispatch"}
{"timestamp":"2026-09-17T11:16:16.249424Z","level":"INFO","message":"asynchronous run claimed","invocation_id":"inv_01m2qh94p6a2e01bdh6axm7tp3","attempt":1,"generation":37,"delivery_count":1,"target":"tachyon_serverless_application::services::invoke_async::dispatch"}
{"timestamp":"2026-09-17T11:16:16.254737Z","level":"INFO","message":"asynchronous invocation rescheduled","invocation_id":"inv_01m2qh94p6a2e01bdh6axm7tp3","next_attempt_at":"2026-09-17T11:16:16.382572+00:00","counted":false,"error_type":"Host.DispatcherFenced","target":"tachyon_serverless_application::services::invoke_async::dispatch"}
{"timestamp":"2026-09-17T11:16:16.258844Z","level":"INFO","message":"async dispatch: delivery handled","message_id":"inv_01m2qh94p6a2e01bdh6axm7tp3.g37","sequence":47,"delivery_count":1,"outcome":"Rescheduled { next_attempt_at: 2026-09-17T11:16:16.382572Z, counted: false }","target":"tachyon_serverless_application::services::invoke_async::dispatch"}
{"timestamp":"2026-09-17T11:16:16.461646Z","level":"INFO","message":"asynchronous run claimed","invocation_id":"inv_01m2qh94p6a2e01bdh6axm7tp3","attempt":1,"generation":38,"delivery_count":1,"target":"tachyon_serverless_application::services::invoke_async::dispatch"}
{"timestamp":"2026-09-17T11:16:16.466993Z","level":"INFO","message":"asynchronous invocation rescheduled","invocation_id":"inv_01m2qh94p6a2e01bdh6axm7tp3","next_attempt_at":"2026-09-17T11:16:17.212783+00:00","counted":false,"error_type":"Host.DispatcherFenced","target":"tachyon_serverless_application::services::invoke_async::dispatch"}
{"timestamp":"2026-09-17T11:16:16.470967Z","level":"INFO","message":"async dispatch: delivery handled","message_id":"inv_01m2qh94p6a2e01bdh6axm7tp3.g38","sequence":48,"delivery_count":1,"outcome":"Rescheduled { next_attempt_at: 2026-09-17T11:16:17.212783Z, counted: false }","target":"tachyon_serverless_application::services::invoke_async::dispatch"}
{"timestamp":"2026-09-17T11:16:16.506783Z","level":"INFO","message":"object retention pass","report":"GcReport { examined: 2, collected_expired: 0, collected_orphans: 0, kept_in_use: 0, kept_referenced: 2, incomplete_removed: 0, tombstones_purged: 0, failed: 0 }","target":"tachyon_serverless_gateway"}
{"timestamp":"2026-09-17T11:16:17.283252Z","level":"INFO","message":"asynchronous run claimed","invocation_id":"inv_01m2qh94p6a2e01bdh6axm7tp3","attempt":1,"generation":39,"delivery_count":1,"target":"tachyon_serverless_application::services::invoke_async::dispatch"}
{"timestamp":"2026-09-17T11:16:17.288728Z","level":"INFO","message":"asynchronous invocation rescheduled","invocation_id":"inv_01m2qh94p6a2e01bdh6axm7tp3","next_attempt_at":"2026-09-17T11:16:17.638415+00:00","counted":false,"error_type":"Host.DispatcherFenced","target":"tachyon_serverless_application::services::invoke_async::dispatch"}
{"timestamp":"2026-09-17T11:16:17.292888Z","level":"INFO","message":"async dispatch: delivery handled","message_id":"inv_01m2qh94p6a2e01bdh6axm7tp3.g39","sequence":49,"delivery_count":1,"outcome":"Rescheduled { next_attempt_at: 2026-09-17T11:16:17.638415Z, counted: false }","target":"tachyon_serverless_application::services::invoke_async::dispatch"}
{"timestamp":"2026-09-17T11:16:17.698326Z","level":"INFO","message":"asynchronous run claimed","invocation_id":"inv_01m2qh94p6a2e01bdh6axm7tp3","attempt":1,"generation":40,"delivery_count":1,"target":"tachyon_serverless_application::services::invoke_async::dispatch"}
{"timestamp":"2026-09-17T11:16:17.703713Z","level":"INFO","message":"asynchronous invocation rescheduled","invocation_id":"inv_01m2qh94p6a2e01bdh6axm7tp3","next_attempt_at":"2026-09-17T11:16:18.344492+00:00","counted":false,"error_type":"Host.DispatcherFenced","target":"tachyon_serverless_application::services::invoke_async::dispatch"}
{"timestamp":"2026-09-17T11:16:17.707817Z","level":"INFO","message":"async dispatch: delivery handled","message_id":"inv_01m2qh94p6a2e01bdh6axm7tp3.g40","sequence":50,"delivery_count":1,"outcome":"Rescheduled { next_attempt_at: 2026-09-17T11:16:18.344492Z, counted: false }","target":"tachyon_serverless_application::services::invoke_async::dispatch"}
{"timestamp":"2026-09-17T11:16:18.416635Z","level":"INFO","message":"asynchronous run claimed","invocation_id":"inv_01m2qh94p6a2e01bdh6axm7tp3","attempt":1,"generation":41,"delivery_count":1,"target":"tachyon_serverless_application::services::invoke_async::dispatch"}
{"timestamp":"2026-09-17T11:16:18.421964Z","level":"INFO","message":"asynchronous invocation rescheduled","invocation_id":"inv_01m2qh94p6a2e01bdh6axm7tp3","next_attempt_at":"2026-09-17T11:16:18.643788+00:00","counted":false,"error_type":"Host.DispatcherFenced","target":"tachyon_serverless_application::services::invoke_async::dispatch"}
{"timestamp":"2026-09-17T11:16:18.426176Z","level":"INFO","message":"async dispatch: delivery handled","message_id":"inv_01m2qh94p6a2e01bdh6axm7tp3.g41","sequence":51,"delivery_count":1,"outcome":"Rescheduled { next_attempt_at: 2026-09-17T11:16:18.643788Z, counted: false }","target":"tachyon_serverless_application::services::invoke_async::dispatch"}
{"timestamp":"2026-09-17T11:16:18.508199Z","level":"INFO","message":"object retention pass","report":"GcReport { examined: 2, collected_expired: 0, collected_orphans: 0, kept_in_use: 0, kept_referenced: 2, incomplete_removed: 0, tombstones_purged: 0, failed: 0 }","target":"tachyon_serverless_gateway"}
{"timestamp":"2026-09-17T11:16:18.730519Z","level":"INFO","message":"asynchronous run claimed","invocation_id":"inv_01m2qh94p6a2e01bdh6axm7tp3","attempt":1,"generation":42,"delivery_count":1,"target":"tachyon_serverless_application::services::invoke_async::dispatch"}
{"timestamp":"2026-09-17T11:16:18.735907Z","level":"INFO","message":"asynchronous invocation rescheduled","invocation_id":"inv_01m2qh94p6a2e01bdh6axm7tp3","next_attempt_at":"2026-09-17T11:16:19.613692+00:00","counted":false,"error_type":"Host.DispatcherFenced","target":"tachyon_serverless_application::services::invoke_async::dispatch"}
{"timestamp":"2026-09-17T11:16:18.740025Z","level":"INFO","message":"async dispatch: delivery handled","message_id":"inv_01m2qh94p6a2e01bdh6axm7tp3.g42","sequence":52,"delivery_count":1,"outcome":"Rescheduled { next_attempt_at: 2026-09-17T11:16:19.613692Z, counted: false }","target":"tachyon_serverless_application::services::invoke_async::dispatch"}
{"timestamp":"2026-09-17T11:16:19.656729Z","level":"INFO","message":"asynchronous run claimed","invocation_id":"inv_01m2qh94p6a2e01bdh6axm7tp3","attempt":1,"generation":43,"delivery_count":1,"target":"tachyon_serverless_application::services::invoke_async::dispatch"}
{"timestamp":"2026-09-17T11:16:19.657208Z","level":"INFO","message":"asynchronous invocation rescheduled","invocation_id":"inv_01m2qh94p6a2e01bdh6axm7tp3","next_attempt_at":"2026-09-17T11:16:20.509904+00:00","counted":false,"error_type":"Host.DispatcherFenced","target":"tachyon_serverless_application::services::invoke_async::dispatch"}
{"timestamp":"2026-09-17T11:16:19.663014Z","level":"INFO","message":"async dispatch: delivery handled","message_id":"inv_01m2qh94p6a2e01bdh6axm7tp3.g43","sequence":53,"delivery_count":1,"outcome":"Rescheduled { next_attempt_at: 2026-09-17T11:16:20.509904Z, counted: false }","target":"tachyon_serverless_application::services::invoke_async::dispatch"}
{"timestamp":"2026-09-17T11:16:20.507931Z","level":"INFO","message":"object retention pass","report":"GcReport { examined: 2, collected_expired: 0, collected_orphans: 0, kept_in_use: 0, kept_referenced: 2, incomplete_removed: 0, tombstones_purged: 0, failed: 0 }","target":"tachyon_serverless_gateway"}
{"timestamp":"2026-09-17T11:16:20.575814Z","level":"INFO","message":"asynchronous run claimed","invocation_id":"inv_01m2qh94p6a2e01bdh6axm7tp3","attempt":1,"generation":44,"delivery_count":1,"target":"tachyon_serverless_application::services::invoke_async::dispatch"}
{"timestamp":"2026-09-17T11:16:20.581284Z","level":"INFO","message":"asynchronous invocation rescheduled","invocation_id":"inv_01m2qh94p6a2e01bdh6axm7tp3","next_attempt_at":"2026-09-17T11:16:20.871965+00:00","counted":false,"error_type":"Host.DispatcherFenced","target":"tachyon_serverless_application::services::invoke_async::dispatch"}
{"timestamp":"2026-09-17T11:16:20.585751Z","level":"INFO","message":"async dispatch: delivery handled","message_id":"inv_01m2qh94p6a2e01bdh6axm7tp3.g44","sequence":54,"delivery_count":1,"outcome":"Rescheduled { next_attempt_at: 2026-09-17T11:16:20.871965Z, counted: false }","target":"tachyon_serverless_application::services::invoke_async::dispatch"}
{"timestamp":"2026-09-17T11:16:20.891453Z","level":"INFO","message":"asynchronous run claimed","invocation_id":"inv_01m2qh94p6a2e01bdh6axm7tp3","attempt":1,"generation":45,"delivery_count":1,"target":"tachyon_serverless_application::services::invoke_async::dispatch"}
{"timestamp":"2026-09-17T11:16:20.896738Z","level":"INFO","message":"asynchronous invocation rescheduled","invocation_id":"inv_01m2qh94p6a2e01bdh6axm7tp3","next_attempt_at":"2026-09-17T11:16:21.094583+00:00","counted":false,"error_type":"Host.DispatcherFenced","target":"tachyon_serverless_application::services::invoke_async::dispatch"}
{"timestamp":"2026-09-17T11:16:20.901156Z","level":"INFO","message":"async dispatch: delivery handled","message_id":"inv_01m2qh94p6a2e01bdh6axm7tp3.g45","sequence":55,"delivery_count":1,"outcome":"Rescheduled { next_attempt_at: 2026-09-17T11:16:21.094583Z, counted: false }","target":"tachyon_serverless_application::services::invoke_async::dispatch"}
{"timestamp":"2026-09-17T11:16:21.104128Z","level":"INFO","message":"asynchronous run claimed","invocation_id":"inv_01m2qh94p6a2e01bdh6axm7tp3","attempt":1,"generation":46,"delivery_count":1,"target":"tachyon_serverless_application::services::invoke_async::dispatch"}
{"timestamp":"2026-09-17T11:16:21.109584Z","level":"INFO","message":"asynchronous invocation rescheduled","invocation_id":"inv_01m2qh94p6a2e01bdh6axm7tp3","next_attempt_at":"2026-09-17T11:16:21.548225+00:00","counted":false,"error_type":"Host.DispatcherFenced","target":"tachyon_serverless_application::services::invoke_async::dispatch"}
{"timestamp":"2026-09-17T11:16:21.113850Z","level":"INFO","message":"async dispatch: delivery handled","message_id":"inv_01m2qh94p6a2e01bdh6axm7tp3.g46","sequence":56,"delivery_count":1,"outcome":"Rescheduled { next_attempt_at: 2026-09-17T11:16:21.548225Z, counted: false }","target":"tachyon_serverless_application::services::invoke_async::dispatch"}
{"timestamp":"2026-09-17T11:16:21.620220Z","level":"INFO","message":"asynchronous run claimed","invocation_id":"inv_01m2qh94p6a2e01bdh6axm7tp3","attempt":1,"generation":47,"delivery_count":1,"target":"tachyon_serverless_application::services::invoke_async::dispatch"}
{"timestamp":"2026-09-17T11:16:21.625633Z","level":"INFO","message":"asynchronous invocation rescheduled","invocation_id":"inv_01m2qh94p6a2e01bdh6axm7tp3","next_attempt_at":"2026-09-17T11:16:21.815393+00:00","counted":false,"error_type":"Host.DispatcherFenced","target":"tachyon_serverless_application::services::invoke_async::dispatch"}
{"timestamp":"2026-09-17T11:16:21.630004Z","level":"INFO","message":"async dispatch: delivery handled","message_id":"inv_01m2qh94p6a2e01bdh6axm7tp3.g47","sequence":57,"delivery_count":1,"outcome":"Rescheduled { next_attempt_at: 2026-09-17T11:16:21.815393Z, counted: false }","target":"tachyon_serverless_application::services::invoke_async::dispatch"}
{"timestamp":"2026-09-17T11:16:21.832155Z","level":"INFO","message":"asynchronous run claimed","invocation_id":"inv_01m2qh94p6a2e01bdh6axm7tp3","attempt":1,"generation":48,"delivery_count":1,"target":"tachyon_serverless_application::services::invoke_async::dispatch"}
{"timestamp":"2026-09-17T11:16:21.837575Z","level":"INFO","message":"asynchronous invocation rescheduled","invocation_id":"inv_01m2qh94p6a2e01bdh6axm7tp3","next_attempt_at":"2026-09-17T11:16:22.594282+00:00","counted":false,"error_type":"Host.DispatcherFenced","target":"tachyon_serverless_application::services::invoke_async::dispatch"}
{"timestamp":"2026-09-17T11:16:21.841830Z","level":"INFO","message":"async dispatch: delivery handled","message_id":"inv_01m2qh94p6a2e01bdh6axm7tp3.g48","sequence":58,"delivery_count":1,"outcome":"Rescheduled { next_attempt_at: 2026-09-17T11:16:22.594282Z, counted: false }","target":"tachyon_serverless_application::services::invoke_async::dispatch"}
{"timestamp":"2026-09-17T11:16:22.508056Z","level":"INFO","message":"object retention pass","report":"GcReport { examined: 2, collected_expired: 0, collected_orphans: 0, kept_in_use: 0, kept_referenced: 2, incomplete_removed: 0, tombstones_purged: 0, failed: 0 }","target":"tachyon_serverless_gateway"}
{"timestamp":"2026-09-17T11:16:22.654843Z","level":"INFO","message":"asynchronous run claimed","invocation_id":"inv_01m2qh94p6a2e01bdh6axm7tp3","attempt":1,"generation":49,"delivery_count":1,"target":"tachyon_serverless_application::services::invoke_async::dispatch"}
{"timestamp":"2026-09-17T11:16:22.660268Z","level":"INFO","message":"asynchronous invocation rescheduled","invocation_id":"inv_01m2qh94p6a2e01bdh6axm7tp3","next_attempt_at":"2026-09-17T11:16:23.482003+00:00","counted":false,"error_type":"Host.DispatcherFenced","target":"tachyon_serverless_application::services::invoke_async::dispatch"}
{"timestamp":"2026-09-17T11:16:22.664643Z","level":"INFO","message":"async dispatch: delivery handled","message_id":"inv_01m2qh94p6a2e01bdh6axm7tp3.g49","sequence":59,"delivery_count":1,"outcome":"Rescheduled { next_attempt_at: 2026-09-17T11:16:23.482003Z, counted: false }","target":"tachyon_serverless_application::services::invoke_async::dispatch"}
{"timestamp":"2026-09-17T11:16:23.579053Z","level":"INFO","message":"asynchronous run claimed","invocation_id":"inv_01m2qh94p6a2e01bdh6axm7tp3","attempt":1,"generation":50,"delivery_count":1,"target":"tachyon_serverless_application::services::invoke_async::dispatch"}
{"timestamp":"2026-09-17T11:16:23.584231Z","level":"INFO","message":"asynchronous invocation rescheduled","invocation_id":"inv_01m2qh94p6a2e01bdh6axm7tp3","next_attempt_at":"2026-09-17T11:16:24.453216+00:00","counted":false,"error_type":"Host.DispatcherFenced","target":"tachyon_serverless_application::services::invoke_async::dispatch"}
{"timestamp":"2026-09-17T11:16:23.588971Z","level":"INFO","message":"async dispatch: delivery handled","message_id":"inv_01m2qh94p6a2e01bdh6axm7tp3.g50","sequence":60,"delivery_count":1,"outcome":"Rescheduled { next_attempt_at: 2026-09-17T11:16:24.453216Z, counted: false }","target":"tachyon_serverless_application::services::invoke_async::dispatch"}
{"timestamp":"2026-09-17T11:16:24.498361Z","level":"INFO","message":"asynchronous run claimed","invocation_id":"inv_01m2qh94p6a2e01bdh6axm7tp3","attempt":1,"generation":51,"delivery_count":1,"target":"tachyon_serverless_application::services::invoke_async::dispatch"}
{"timestamp":"2026-09-17T11:16:24.503564Z","level":"INFO","message":"asynchronous invocation rescheduled","invocation_id":"inv_01m2qh94p6a2e01bdh6axm7tp3","next_attempt_at":"2026-09-17T11:16:25.295484+00:00","counted":false,"error_type":"Host.DispatcherFenced","target":"tachyon_serverless_application::services::invoke_async::dispatch"}
{"timestamp":"2026-09-17T11:16:24.507845Z","level":"INFO","message":"async dispatch: delivery handled","message_id":"inv_01m2qh94p6a2e01bdh6axm7tp3.g51","sequence":61,"delivery_count":1,"outcome":"Rescheduled { next_attempt_at: 2026-09-17T11:16:25.295484Z, counted: false }","target":"tachyon_serverless_application::services::invoke_async::dispatch"}
{"timestamp":"2026-09-17T11:16:24.508006Z","level":"INFO","message":"object retention pass","report":"GcReport { examined: 2, collected_expired: 0, collected_orphans: 0, kept_in_use: 0, kept_referenced: 2, incomplete_removed: 0, tombstones_purged: 0, failed: 0 }","target":"tachyon_serverless_gateway"}
{"timestamp":"2026-09-17T11:16:25.316732Z","level":"INFO","message":"asynchronous run claimed","invocation_id":"inv_01m2qh94p6a2e01bdh6axm7tp3","attempt":1,"generation":52,"delivery_count":1,"target":"tachyon_serverless_application::services::invoke_async::dispatch"}
{"timestamp":"2026-09-17T11:16:25.321696Z","level":"INFO","message":"asynchronous invocation rescheduled","invocation_id":"inv_01m2qh94p6a2e01bdh6axm7tp3","next_attempt_at":"2026-09-17T11:16:25.883900+00:00","counted":false,"error_type":"Host.DispatcherFenced","target":"tachyon_serverless_application::services::invoke_async::dispatch"}
{"timestamp":"2026-09-17T11:16:25.326119Z","level":"INFO","message":"async dispatch: delivery handled","message_id":"inv_01m2qh94p6a2e01bdh6axm7tp3.g52","sequence":62,"delivery_count":1,"outcome":"Rescheduled { next_attempt_at: 2026-09-17T11:16:25.883900Z, counted: false }","target":"tachyon_serverless_application::services::invoke_async::dispatch"}
{"timestamp":"2026-09-17T11:16:25.935752Z","level":"INFO","message":"asynchronous run claimed","invocation_id":"inv_01m2qh94p6a2e01bdh6axm7tp3","attempt":1,"generation":53,"delivery_count":1,"target":"tachyon_serverless_application::services::invoke_async::dispatch"}
{"timestamp":"2026-09-17T11:16:25.940726Z","level":"INFO","message":"asynchronous invocation rescheduled","invocation_id":"inv_01m2qh94p6a2e01bdh6axm7tp3","next_attempt_at":"2026-09-17T11:16:26.559919+00:00","counted":false,"error_type":"Host.DispatcherFenced","target":"tachyon_serverless_application::services::invoke_async::dispatch"}
{"timestamp":"2026-09-17T11:16:25.945147Z","level":"INFO","message":"async dispatch: delivery handled","message_id":"inv_01m2qh94p6a2e01bdh6axm7tp3.g53","sequence":63,"delivery_count":1,"outcome":"Rescheduled { next_attempt_at: 2026-09-17T11:16:26.559919Z, counted: false }","target":"tachyon_serverless_application::services::invoke_async::dispatch"}
{"timestamp":"2026-09-17T11:16:26.163475Z","level":"INFO","message":"SIGTERM received","target":"tachyon_serverless_gateway"}
{"timestamp":"2026-09-17T11:16:26.163516Z","level":"INFO","message":"shutdown requested; cancelling in-flight invocations","target":"tachyon_serverless_gateway"}
{"timestamp":"2026-09-17T11:16:26.163749Z","level":"INFO","message":"final usage collection","report":"CollectReport { batches: 0, read: 0, inserted: 0, duplicates: 0, cursor_seq: 55 }","target":"tachyon_serverless_gateway"}
{"timestamp":"2026-09-17T11:16:26.164621Z","level":"INFO","message":"gateway stopped","target":"tachyon_serverless_gateway"}
{"timestamp":"2026-09-17T11:16:26.164835Z","level":"INFO","message":"event: closed","target":"async_nats"}

===== a start (failpoints: none) 11:16:26 =====
{"timestamp":"2026-09-17T11:16:26.294090Z","level":"INFO","message":"configuration loaded","config":"/private/var/folders/z7/khzdjrt95cg_fcmcnh4j1b5h0000gn/T/tsls-chaos.oy6w6b/gw-a.toml","target":"tachyon_serverless_gateway"}
{"timestamp":"2026-09-17T11:16:26.296195Z","level":"INFO","message":"connected successfully","server":"50172","max_payload":"1048576","target":"async_nats::connector"}
{"timestamp":"2026-09-17T11:16:26.296303Z","level":"INFO","message":"event: connected","target":"async_nats"}
{"timestamp":"2026-09-17T11:16:26.305273Z","level":"INFO","message":"JetStream queue connected and stream bootstrapped","url":"nats://127.0.0.1:50172","stream":"TACHYON_EVENTS","target":"tachyon_serverless_gateway::durable"}
{"timestamp":"2026-09-17T11:16:26.308639Z","level":"INFO","message":"state store opened","path":"/private/var/folders/z7/khzdjrt95cg_fcmcnh4j1b5h0000gn/T/tsls-chaos.oy6w6b/data/state.db","schema_version":8,"migrations_applied":"[]","imported_state_json":"None","settled_invocations":0,"settled_attempts":0,"settled_environments":0,"released_leases":0,"dropped_idempotency_keys":0,"purged_idempotency_keys":0,"outputs_purged":0,"target":"tachyon_serverless_application::app"}
{"timestamp":"2026-09-17T11:16:26.309097Z","level":"INFO","message":"dispatcher registered","dispatcher_id":"dsp_01m2qha224qnk2hr19rbdy9jcj","instance":"chaos-a","pid":23153,"lease_ttl_seconds":6,"target":"tachyon_serverless_application::services::dispatcher"}
{"timestamp":"2026-09-17T11:16:26.309514Z","level":"WARN","message":"reclaimed the work of dispatchers that lost their lease","dispatcher_id":"dsp_01m2qha224qnk2hr19rbdy9jcj","reclaimed_dispatchers":"[DispatcherId(dsp_01m2qh8hdkpxsh2rcpc89sfchf)]","leases":0,"invocations":0,"attempts":0,"fenced":0,"target":"tachyon_serverless_application::services::dispatcher"}
{"timestamp":"2026-09-17T11:16:26.310617Z","level":"INFO","message":"application bootstrapped","profile":"dev","provider":"process","dev_only":true,"environment_reuse":false,"reuse_verified":false,"reuse_reason":"[pool] enabled is false","reuse_disabled":"Some(Configuration)","idle_quiesce":"unsupported","idle_resume":"unsupported","data_dir":"/private/var/folders/z7/khzdjrt95cg_fcmcnh4j1b5h0000gn/T/tsls-chaos.oy6w6b/data","store":"sqlite","dispatcher_id":"dsp_01m2qha224qnk2hr19rbdy9jcj","node":"local","node_region":"none","node_memory_mib":"None","max_concurrency":8,"queue":"nats","objects":"filesystem","invoke_async":true,"triggers":true,"target":"tachyon_serverless_application::app"}
{"timestamp":"2026-09-17T11:16:26.310932Z","level":"INFO","message":"startup reconcile finished","provider":"process","found":0,"adopted":0,"terminated":0,"disowned":0,"failed":0,"lost":0,"foreign":0,"reclaimed_dispatchers":0,"fenced_terminated":0,"fenced_pending":0,"target":"tachyon_serverless_application::services::reconcile"}
{"timestamp":"2026-09-17T11:16:26.310992Z","level":"INFO","message":"gateway listening","addr":"127.0.0.1:50176","profile":"dev","provider":"process","target":"tachyon_serverless_gateway"}
{"timestamp":"2026-09-17T11:16:26.312303Z","level":"INFO","message":"asynchronous dispatcher started","workers":2,"owner":"dsp_01m2qha224qnk2hr19rbdy9jcj","target":"tachyon_serverless_gateway"}
{"timestamp":"2026-09-17T11:16:26.312748Z","level":"INFO","message":"late scheduled times skipped by the missed-run policy","trigger_id":"trg_01m2qh8mb89t09z4a5qhwdedrb","skipped":20,"policy":"Skip","target":"tachyon_serverless_application::services::triggers"}
{"timestamp":"2026-09-17T11:16:26.319754Z","level":"INFO","message":"object retention pass","report":"GcReport { examined: 2, collected_expired: 0, collected_orphans: 0, kept_in_use: 0, kept_referenced: 2, incomplete_removed: 0, tombstones_purged: 0, failed: 0 }","target":"tachyon_serverless_gateway"}
{"timestamp":"2026-09-17T11:16:26.324434Z","level":"INFO","message":"asynchronous invocation accepted","invocation_id":"inv_01m2qha22faqc3mjj36tcrfbj2","tenant_id":"tn_01hzzzzzzzzzzzzzzzzzzzzzza","revision_id":"rev_01m2qh8k3vpjvsc9abx0g111yt","input_bytes":180,"input_storage":"inline","target":"tachyon_serverless_application::services::invoke_async"}
{"timestamp":"2026-09-17T11:16:26.324467Z","level":"INFO","message":"cron trigger fired","trigger_id":"trg_01m2qh8mb89t09z4a5qhwdedrb","scheduled_at":"2026-09-17T11:16:26Z","invocation_id":"inv_01m2qha22faqc3mjj36tcrfbj2","revision_id":"rev_01m2qh8k3vpjvsc9abx0g111yt","replayed":false,"target":"tachyon_serverless_application::services::triggers"}
{"timestamp":"2026-09-17T11:16:26.333472Z","level":"INFO","message":"asynchronous run claimed","invocation_id":"inv_01m2qha22faqc3mjj36tcrfbj2","attempt":1,"generation":0,"delivery_count":1,"target":"tachyon_serverless_application::services::invoke_async::dispatch"}
{"timestamp":"2026-09-17T11:16:26.537973Z","level":"INFO","message":"bridge spawned","environment_id":"env_01m2qha22xfg2e57rj43jh2975","pid":23158,"target":"tachyon_serverless_provider_process"}
{"timestamp":"2026-09-17T11:16:26.551533Z","level":"INFO","message":"invocation finished","invocation_id":"inv_01m2qha22faqc3mjj36tcrfbj2","status":"succeeded (async run)","handler_ms":0,"environment_boot_ms":5,"runtime_init_ms":6,"target":"tachyon_serverless_application::services::invoke"}
{"timestamp":"2026-09-17T11:16:26.553249Z","level":"INFO","message":"terminating bridge","environment_id":"env_01m2qha22xfg2e57rj43jh2975","pid":23158,"reason":"Completed","graceful":true,"target":"tachyon_serverless_provider_process"}
{"timestamp":"2026-09-17T11:16:26.556690Z","level":"INFO","message":"asynchronous invocation settled","invocation_id":"inv_01m2qha22faqc3mjj36tcrfbj2","status":"succeeded","target":"tachyon_serverless_application::services::invoke_async::dispatch"}
{"timestamp":"2026-09-17T11:16:26.562659Z","level":"INFO","message":"async dispatch: delivery handled","message_id":"inv_01m2qha22faqc3mjj36tcrfbj2","sequence":64,"delivery_count":1,"outcome":"Completed { status: \"succeeded\" }","target":"tachyon_serverless_application::services::invoke_async::dispatch"}
{"timestamp":"2026-09-17T11:16:26.642750Z","level":"INFO","message":"asynchronous run claimed","invocation_id":"inv_01m2qh94p6a2e01bdh6axm7tp3","attempt":1,"generation":54,"delivery_count":1,"target":"tachyon_serverless_application::services::invoke_async::dispatch"}
{"timestamp":"2026-09-17T11:16:26.880724Z","level":"INFO","message":"bridge spawned","environment_id":"env_01m2qha2ck0wa77ytqrsq0b1nf","pid":23187,"target":"tachyon_serverless_provider_process"}
{"timestamp":"2026-09-17T11:16:26.896869Z","level":"INFO","message":"invocation finished","invocation_id":"inv_01m2qh94p6a2e01bdh6axm7tp3","status":"succeeded (async run)","handler_ms":1,"environment_boot_ms":6,"runtime_init_ms":7,"target":"tachyon_serverless_application::services::invoke"}
{"timestamp":"2026-09-17T11:16:26.898666Z","level":"INFO","message":"terminating bridge","environment_id":"env_01m2qha2ck0wa77ytqrsq0b1nf","pid":23187,"reason":"Completed","graceful":true,"target":"tachyon_serverless_provider_process"}
{"timestamp":"2026-09-17T11:16:26.902636Z","level":"INFO","message":"asynchronous invocation settled","invocation_id":"inv_01m2qh94p6a2e01bdh6axm7tp3","status":"succeeded","target":"tachyon_serverless_application::services::invoke_async::dispatch"}
{"timestamp":"2026-09-17T11:16:26.908375Z","level":"INFO","message":"async dispatch: delivery handled","message_id":"inv_01m2qh94p6a2e01bdh6axm7tp3.g54","sequence":65,"delivery_count":1,"outcome":"Completed { status: \"succeeded\" }","target":"tachyon_serverless_application::services::invoke_async::dispatch"}
{"timestamp":"2026-09-17T11:16:26.926695Z","level":"INFO","message":"bridge spawned","environment_id":"env_01m2qha2e2h8d926e5b155ttqq","pid":23189,"target":"tachyon_serverless_provider_process"}
{"timestamp":"2026-09-17T11:16:26.942119Z","level":"INFO","message":"invocation finished","invocation_id":"inv_01m2qha2e1asbb97514p92vyy4","status":"succeeded","handler_ms":0,"environment_boot_ms":6,"runtime_init_ms":7,"target":"tachyon_serverless_application::services::invoke"}
{"timestamp":"2026-09-17T11:16:26.943933Z","level":"INFO","message":"terminating bridge","environment_id":"env_01m2qha2e2h8d926e5b155ttqq","pid":23189,"reason":"Completed","graceful":true,"target":"tachyon_serverless_provider_process"}
{"timestamp":"2026-09-17T11:16:27.025658Z","level":"INFO","message":"asynchronous invocation accepted","invocation_id":"inv_01m2qha2rg5jy4fm79gfesk5gs","tenant_id":"tn_01hzzzzzzzzzzzzzzzzzzzzzza","revision_id":"rev_01m2qh8j87293g9nxc2m8hxbw2","input_bytes":48,"input_storage":"inline","target":"tachyon_serverless_application::services::invoke_async"}
{"timestamp":"2026-09-17T11:16:27.035551Z","level":"INFO","message":"asynchronous run claimed","invocation_id":"inv_01m2qha2rg5jy4fm79gfesk5gs","attempt":1,"generation":0,"delivery_count":1,"target":"tachyon_serverless_application::services::invoke_async::dispatch"}
{"timestamp":"2026-09-17T11:16:27.120222Z","level":"INFO","message":"asynchronous invocation accepted","invocation_id":"inv_01m2qha2tz0dwwwzrhpbyw7s90","tenant_id":"tn_01hzzzzzzzzzzzzzzzzzzzzzza","revision_id":"rev_01m2qh8j87293g9nxc2m8hxbw2","input_bytes":4128,"input_storage":"object","target":"tachyon_serverless_application::services::invoke_async"}
{"timestamp":"2026-09-17T11:16:27.126609Z","level":"INFO","message":"asynchronous run claimed","invocation_id":"inv_01m2qha2tz0dwwwzrhpbyw7s90","attempt":1,"generation":0,"delivery_count":1,"target":"tachyon_serverless_application::services::invoke_async::dispatch"}
{"timestamp":"2026-09-17T11:16:27.167164Z","level":"INFO","message":"asynchronous invocation accepted","invocation_id":"inv_01m2qha2wyjky4cf06wh7pbbte","tenant_id":"tn_01hzzzzzzzzzzzzzzzzzzzzzza","revision_id":"rev_01m2qh8k3vpjvsc9abx0g111yt","input_bytes":191,"input_storage":"inline","target":"tachyon_serverless_application::services::invoke_async"}
{"timestamp":"2026-09-17T11:16:27.167223Z","level":"INFO","message":"webhook trigger fired","trigger_id":"trg_01m2qh8mbrbndcgj272xf2194v","event_id":"evt-post-w1","invocation_id":"inv_01m2qha2wyjky4cf06wh7pbbte","revision_id":"rev_01m2qh8k3vpjvsc9abx0g111yt","replayed":false,"target":"tachyon_serverless_application::services::triggers"}
{"timestamp":"2026-09-17T11:16:27.317382Z","level":"INFO","message":"bridge spawned","environment_id":"env_01m2qha2rvznrj95mavfkw46q2","pid":23263,"target":"tachyon_serverless_provider_process"}
{"timestamp":"2026-09-17T11:16:27.335651Z","level":"INFO","message":"invocation finished","invocation_id":"inv_01m2qha2rg5jy4fm79gfesk5gs","status":"succeeded (async run)","handler_ms":1,"environment_boot_ms":7,"runtime_init_ms":8,"target":"tachyon_serverless_application::services::invoke"}
{"timestamp":"2026-09-17T11:16:27.337499Z","level":"INFO","message":"terminating bridge","environment_id":"env_01m2qha2rvznrj95mavfkw46q2","pid":23263,"reason":"Completed","graceful":true,"target":"tachyon_serverless_provider_process"}
{"timestamp":"2026-09-17T11:16:27.341794Z","level":"INFO","message":"asynchronous invocation settled","invocation_id":"inv_01m2qha2rg5jy4fm79gfesk5gs","status":"succeeded","target":"tachyon_serverless_application::services::invoke_async::dispatch"}
{"timestamp":"2026-09-17T11:16:27.347667Z","level":"INFO","message":"async dispatch: delivery handled","message_id":"inv_01m2qha2rg5jy4fm79gfesk5gs","sequence":66,"delivery_count":1,"outcome":"Completed { status: \"succeeded\" }","target":"tachyon_serverless_application::services::invoke_async::dispatch"}
{"timestamp":"2026-09-17T11:16:27.351623Z","level":"INFO","message":"asynchronous run claimed","invocation_id":"inv_01m2qha2wyjky4cf06wh7pbbte","attempt":1,"generation":0,"delivery_count":1,"target":"tachyon_serverless_application::services::invoke_async::dispatch"}
{"timestamp":"2026-09-17T11:16:27.425807Z","level":"INFO","message":"bridge spawned","environment_id":"env_01m2qha2vsc1j0tyf8xhz698sr","pid":23267,"target":"tachyon_serverless_provider_process"}
{"timestamp":"2026-09-17T11:16:27.443960Z","level":"INFO","message":"invocation finished","invocation_id":"inv_01m2qha2tz0dwwwzrhpbyw7s90","status":"succeeded (async run)","handler_ms":2,"environment_boot_ms":6,"runtime_init_ms":8,"target":"tachyon_serverless_application::services::invoke"}
{"timestamp":"2026-09-17T11:16:27.445670Z","level":"INFO","message":"terminating bridge","environment_id":"env_01m2qha2vsc1j0tyf8xhz698sr","pid":23267,"reason":"Completed","graceful":true,"target":"tachyon_serverless_provider_process"}
{"timestamp":"2026-09-17T11:16:27.449896Z","level":"INFO","message":"asynchronous invocation settled","invocation_id":"inv_01m2qha2tz0dwwwzrhpbyw7s90","status":"succeeded","target":"tachyon_serverless_application::services::invoke_async::dispatch"}
{"timestamp":"2026-09-17T11:16:27.454925Z","level":"INFO","message":"async dispatch: delivery handled","message_id":"inv_01m2qha2tz0dwwwzrhpbyw7s90","sequence":67,"delivery_count":1,"outcome":"Completed { status: \"succeeded\" }","target":"tachyon_serverless_application::services::invoke_async::dispatch"}
{"timestamp":"2026-09-17T11:16:27.491246Z","level":"INFO","message":"bridge spawned","environment_id":"env_01m2qha2xtcxgn4bk4vxmcp57k","pid":23269,"target":"tachyon_serverless_provider_process"}
{"timestamp":"2026-09-17T11:16:27.508429Z","level":"INFO","message":"invocation finished","invocation_id":"inv_01m2qha2xtc4n5sskz3121tj8q","status":"succeeded","handler_ms":0,"environment_boot_ms":7,"runtime_init_ms":8,"target":"tachyon_serverless_application::services::invoke"}
{"timestamp":"2026-09-17T11:16:27.510229Z","level":"INFO","message":"terminating bridge","environment_id":"env_01m2qha2xtcxgn4bk4vxmcp57k","pid":23269,"reason":"Completed","graceful":true,"target":"tachyon_serverless_provider_process"}
{"timestamp":"2026-09-17T11:16:27.610718Z","level":"INFO","message":"asynchronous invocation accepted","invocation_id":"inv_01m2qha3as3swtv50k8c76y3w4","tenant_id":"tn_01hzzzzzzzzzzzzzzzzzzzzzza","revision_id":"rev_01m2qh8j87293g9nxc2m8hxbw2","input_bytes":48,"input_storage":"inline","target":"tachyon_serverless_application::services::invoke_async"}
{"timestamp":"2026-09-17T11:16:27.617225Z","level":"INFO","message":"asynchronous run claimed","invocation_id":"inv_01m2qha3as3swtv50k8c76y3w4","attempt":1,"generation":0,"delivery_count":1,"target":"tachyon_serverless_application::services::invoke_async::dispatch"}
{"timestamp":"2026-09-17T11:16:27.662045Z","level":"INFO","message":"bridge spawned","environment_id":"env_01m2qha32q794czjf0gf7v9ngw","pid":23302,"target":"tachyon_serverless_provider_process"}
{"timestamp":"2026-09-17T11:16:27.687332Z","level":"INFO","message":"invocation finished","invocation_id":"inv_01m2qha2wyjky4cf06wh7pbbte","status":"succeeded (async run)","handler_ms":1,"environment_boot_ms":7,"runtime_init_ms":15,"target":"tachyon_serverless_application::services::invoke"}
{"timestamp":"2026-09-17T11:16:27.689361Z","level":"INFO","message":"terminating bridge","environment_id":"env_01m2qha32q794czjf0gf7v9ngw","pid":23302,"reason":"Completed","graceful":true,"target":"tachyon_serverless_provider_process"}
{"timestamp":"2026-09-17T11:16:27.694625Z","level":"INFO","message":"asynchronous invocation settled","invocation_id":"inv_01m2qha2wyjky4cf06wh7pbbte","status":"succeeded","target":"tachyon_serverless_application::services::invoke_async::dispatch"}
{"timestamp":"2026-09-17T11:16:27.699947Z","level":"INFO","message":"async dispatch: delivery handled","message_id":"inv_01m2qha2wyjky4cf06wh7pbbte","sequence":68,"delivery_count":1,"outcome":"Completed { status: \"succeeded\" }","target":"tachyon_serverless_application::services::invoke_async::dispatch"}
{"timestamp":"2026-09-17T11:16:27.730886Z","level":"INFO","message":"asynchronous invocation accepted","invocation_id":"inv_01m2qha3e2n5654p5ywnaevdn9","tenant_id":"tn_01hzzzzzzzzzzzzzzzzzzzzzza","revision_id":"rev_01m2qh8j87293g9nxc2m8hxbw2","input_bytes":4128,"input_storage":"object","target":"tachyon_serverless_application::services::invoke_async"}
{"timestamp":"2026-09-17T11:16:27.737385Z","level":"INFO","message":"asynchronous run claimed","invocation_id":"inv_01m2qha3e2n5654p5ywnaevdn9","attempt":1,"generation":0,"delivery_count":1,"target":"tachyon_serverless_application::services::invoke_async::dispatch"}
{"timestamp":"2026-09-17T11:16:27.792756Z","level":"INFO","message":"asynchronous invocation accepted","invocation_id":"inv_01m2qha3gf5dtehhw8g2r8b65e","tenant_id":"tn_01hzzzzzzzzzzzzzzzzzzzzzza","revision_id":"rev_01m2qh8k3vpjvsc9abx0g111yt","input_bytes":191,"input_storage":"inline","target":"tachyon_serverless_application::services::invoke_async"}
{"timestamp":"2026-09-17T11:16:27.792829Z","level":"INFO","message":"webhook trigger fired","trigger_id":"trg_01m2qh8mbrbndcgj272xf2194v","event_id":"evt-post-w2","invocation_id":"inv_01m2qha3gf5dtehhw8g2r8b65e","revision_id":"rev_01m2qh8k3vpjvsc9abx0g111yt","replayed":false,"target":"tachyon_serverless_application::services::triggers"}
{"timestamp":"2026-09-17T11:16:27.979521Z","level":"INFO","message":"bridge spawned","environment_id":"env_01m2qha3b1bxvknk80yewew9dp","pid":23345,"target":"tachyon_serverless_provider_process"}
{"timestamp":"2026-09-17T11:16:28.000586Z","level":"INFO","message":"invocation finished","invocation_id":"inv_01m2qha3as3swtv50k8c76y3w4","status":"succeeded (async run)","handler_ms":1,"environment_boot_ms":8,"runtime_init_ms":10,"target":"tachyon_serverless_application::services::invoke"}
{"timestamp":"2026-09-17T11:16:28.002956Z","level":"INFO","message":"asynchronous invocation accepted","invocation_id":"inv_01m2qha3q102q6pa59n1kw10ap","tenant_id":"tn_01hzzzzzzzzzzzzzzzzzzzzzza","revision_id":"rev_01m2qh8k3vpjvsc9abx0g111yt","input_bytes":180,"input_storage":"inline","target":"tachyon_serverless_application::services::invoke_async"}
{"timestamp":"2026-09-17T11:16:28.003014Z","level":"INFO","message":"cron trigger fired","trigger_id":"trg_01m2qh8mb89t09z4a5qhwdedrb","scheduled_at":"2026-09-17T11:16:28Z","invocation_id":"inv_01m2qha3q102q6pa59n1kw10ap","revision_id":"rev_01m2qh8k3vpjvsc9abx0g111yt","replayed":false,"target":"tachyon_serverless_application::services::triggers"}
{"timestamp":"2026-09-17T11:16:28.004059Z","level":"INFO","message":"terminating bridge","environment_id":"env_01m2qha3b1bxvknk80yewew9dp","pid":23345,"reason":"Completed","graceful":true,"target":"tachyon_serverless_provider_process"}
{"timestamp":"2026-09-17T11:16:28.014220Z","level":"INFO","message":"asynchronous invocation settled","invocation_id":"inv_01m2qha3as3swtv50k8c76y3w4","status":"succeeded","target":"tachyon_serverless_application::services::invoke_async::dispatch"}
{"timestamp":"2026-09-17T11:16:28.020122Z","level":"INFO","message":"async dispatch: delivery handled","message_id":"inv_01m2qha3as3swtv50k8c76y3w4","sequence":69,"delivery_count":1,"outcome":"Completed { status: \"succeeded\" }","target":"tachyon_serverless_application::services::invoke_async::dispatch"}
{"timestamp":"2026-09-17T11:16:28.023948Z","level":"INFO","message":"asynchronous run claimed","invocation_id":"inv_01m2qha3gf5dtehhw8g2r8b65e","attempt":1,"generation":0,"delivery_count":1,"target":"tachyon_serverless_application::services::invoke_async::dispatch"}
{"timestamp":"2026-09-17T11:16:28.103799Z","level":"INFO","message":"bridge spawned","environment_id":"env_01m2qha3ewwawnnv3c2tmkddm0","pid":23353,"target":"tachyon_serverless_provider_process"}
{"timestamp":"2026-09-17T11:16:28.126228Z","level":"INFO","message":"invocation finished","invocation_id":"inv_01m2qha3e2n5654p5ywnaevdn9","status":"succeeded (async run)","handler_ms":3,"environment_boot_ms":7,"runtime_init_ms":10,"target":"tachyon_serverless_application::services::invoke"}
{"timestamp":"2026-09-17T11:16:28.132196Z","level":"INFO","message":"terminating bridge","environment_id":"env_01m2qha3ewwawnnv3c2tmkddm0","pid":23353,"reason":"Completed","graceful":true,"target":"tachyon_serverless_provider_process"}
{"timestamp":"2026-09-17T11:16:28.138236Z","level":"INFO","message":"asynchronous invocation settled","invocation_id":"inv_01m2qha3e2n5654p5ywnaevdn9","status":"succeeded","target":"tachyon_serverless_application::services::invoke_async::dispatch"}
{"timestamp":"2026-09-17T11:16:28.143831Z","level":"INFO","message":"async dispatch: delivery handled","message_id":"inv_01m2qha3e2n5654p5ywnaevdn9","sequence":70,"delivery_count":1,"outcome":"Completed { status: \"succeeded\" }","target":"tachyon_serverless_application::services::invoke_async::dispatch"}
{"timestamp":"2026-09-17T11:16:28.144651Z","level":"INFO","message":"asynchronous run claimed","invocation_id":"inv_01m2qha3q102q6pa59n1kw10ap","attempt":1,"generation":0,"delivery_count":1,"target":"tachyon_serverless_application::services::invoke_async::dispatch"}
{"timestamp":"2026-09-17T11:16:28.317541Z","level":"INFO","message":"object retention pass","report":"GcReport { examined: 2, collected_expired: 0, collected_orphans: 0, kept_in_use: 0, kept_referenced: 2, incomplete_removed: 0, tombstones_purged: 0, failed: 0 }","target":"tachyon_serverless_gateway"}
{"timestamp":"2026-09-17T11:16:28.378660Z","level":"INFO","message":"bridge spawned","environment_id":"env_01m2qha3qrpv0bxfp5qbfx8g4c","pid":23357,"target":"tachyon_serverless_provider_process"}
{"timestamp":"2026-09-17T11:16:28.407649Z","level":"INFO","message":"invocation finished","invocation_id":"inv_01m2qha3gf5dtehhw8g2r8b65e","status":"succeeded (async run)","handler_ms":1,"environment_boot_ms":11,"runtime_init_ms":14,"target":"tachyon_serverless_application::services::invoke"}
{"timestamp":"2026-09-17T11:16:28.409678Z","level":"INFO","message":"terminating bridge","environment_id":"env_01m2qha3qrpv0bxfp5qbfx8g4c","pid":23357,"reason":"Completed","graceful":true,"target":"tachyon_serverless_provider_process"}
{"timestamp":"2026-09-17T11:16:28.416488Z","level":"INFO","message":"asynchronous invocation settled","invocation_id":"inv_01m2qha3gf5dtehhw8g2r8b65e","status":"succeeded","target":"tachyon_serverless_application::services::invoke_async::dispatch"}
{"timestamp":"2026-09-17T11:16:28.422539Z","level":"INFO","message":"async dispatch: delivery handled","message_id":"inv_01m2qha3gf5dtehhw8g2r8b65e","sequence":71,"delivery_count":1,"outcome":"Completed { status: \"succeeded\" }","target":"tachyon_serverless_application::services::invoke_async::dispatch"}
{"timestamp":"2026-09-17T11:16:28.501022Z","level":"INFO","message":"bridge spawned","environment_id":"env_01m2qha3vgq2xg6zw56a9xh4sn","pid":23359,"target":"tachyon_serverless_provider_process"}
{"timestamp":"2026-09-17T11:16:28.525990Z","level":"INFO","message":"invocation finished","invocation_id":"inv_01m2qha3q102q6pa59n1kw10ap","status":"succeeded (async run)","handler_ms":1,"environment_boot_ms":10,"runtime_init_ms":12,"target":"tachyon_serverless_application::services::invoke"}
{"timestamp":"2026-09-17T11:16:28.527956Z","level":"INFO","message":"terminating bridge","environment_id":"env_01m2qha3vgq2xg6zw56a9xh4sn","pid":23359,"reason":"Completed","graceful":true,"target":"tachyon_serverless_provider_process"}
{"timestamp":"2026-09-17T11:16:28.533702Z","level":"INFO","message":"asynchronous invocation settled","invocation_id":"inv_01m2qha3q102q6pa59n1kw10ap","status":"succeeded","target":"tachyon_serverless_application::services::invoke_async::dispatch"}
{"timestamp":"2026-09-17T11:16:28.539732Z","level":"INFO","message":"async dispatch: delivery handled","message_id":"inv_01m2qha3q102q6pa59n1kw10ap","sequence":72,"delivery_count":1,"outcome":"Completed { status: \"succeeded\" }","target":"tachyon_serverless_application::services::invoke_async::dispatch"}
{"timestamp":"2026-09-17T11:16:30.004010Z","level":"INFO","message":"asynchronous invocation accepted","invocation_id":"inv_01m2qha5nkqa26e2cpy057jet1","tenant_id":"tn_01hzzzzzzzzzzzzzzzzzzzzzza","revision_id":"rev_01m2qh8k3vpjvsc9abx0g111yt","input_bytes":180,"input_storage":"inline","target":"tachyon_serverless_application::services::invoke_async"}
{"timestamp":"2026-09-17T11:16:30.004072Z","level":"INFO","message":"cron trigger fired","trigger_id":"trg_01m2qh8mb89t09z4a5qhwdedrb","scheduled_at":"2026-09-17T11:16:30Z","invocation_id":"inv_01m2qha5nkqa26e2cpy057jet1","revision_id":"rev_01m2qh8k3vpjvsc9abx0g111yt","replayed":false,"target":"tachyon_serverless_application::services::triggers"}
{"timestamp":"2026-09-17T11:16:30.011535Z","level":"INFO","message":"asynchronous run claimed","invocation_id":"inv_01m2qha5nkqa26e2cpy057jet1","attempt":1,"generation":0,"delivery_count":1,"target":"tachyon_serverless_application::services::invoke_async::dispatch"}
{"timestamp":"2026-09-17T11:16:30.202882Z","level":"INFO","message":"bridge spawned","environment_id":"env_01m2qha5nvpnefx94000dxvfpb","pid":23363,"target":"tachyon_serverless_provider_process"}
{"timestamp":"2026-09-17T11:16:30.214795Z","level":"INFO","message":"invocation finished","invocation_id":"inv_01m2qha5nkqa26e2cpy057jet1","status":"succeeded (async run)","handler_ms":0,"environment_boot_ms":5,"runtime_init_ms":5,"target":"tachyon_serverless_application::services::invoke"}
{"timestamp":"2026-09-17T11:16:30.215714Z","level":"INFO","message":"terminating bridge","environment_id":"env_01m2qha5nvpnefx94000dxvfpb","pid":23363,"reason":"Completed","graceful":true,"target":"tachyon_serverless_provider_process"}
{"timestamp":"2026-09-17T11:16:30.218551Z","level":"INFO","message":"asynchronous invocation settled","invocation_id":"inv_01m2qha5nkqa26e2cpy057jet1","status":"succeeded","target":"tachyon_serverless_application::services::invoke_async::dispatch"}
{"timestamp":"2026-09-17T11:16:30.224505Z","level":"INFO","message":"async dispatch: delivery handled","message_id":"inv_01m2qha5nkqa26e2cpy057jet1","sequence":73,"delivery_count":1,"outcome":"Completed { status: \"succeeded\" }","target":"tachyon_serverless_application::services::invoke_async::dispatch"}
{"timestamp":"2026-09-17T11:16:30.314891Z","level":"INFO","message":"object retention pass","report":"GcReport { examined: 2, collected_expired: 0, collected_orphans: 0, kept_in_use: 0, kept_referenced: 2, incomplete_removed: 0, tombstones_purged: 0, failed: 0 }","target":"tachyon_serverless_gateway"}
{"timestamp":"2026-09-17T11:16:32.003027Z","level":"INFO","message":"asynchronous invocation accepted","invocation_id":"inv_01m2qha7m2ddp0js6130jtwd91","tenant_id":"tn_01hzzzzzzzzzzzzzzzzzzzzzza","revision_id":"rev_01m2qh8k3vpjvsc9abx0g111yt","input_bytes":180,"input_storage":"inline","target":"tachyon_serverless_application::services::invoke_async"}
{"timestamp":"2026-09-17T11:16:32.003077Z","level":"INFO","message":"cron trigger fired","trigger_id":"trg_01m2qh8mb89t09z4a5qhwdedrb","scheduled_at":"2026-09-17T11:16:32Z","invocation_id":"inv_01m2qha7m2ddp0js6130jtwd91","revision_id":"rev_01m2qh8k3vpjvsc9abx0g111yt","replayed":false,"target":"tachyon_serverless_application::services::triggers"}
{"timestamp":"2026-09-17T11:16:32.009625Z","level":"INFO","message":"asynchronous run claimed","invocation_id":"inv_01m2qha7m2ddp0js6130jtwd91","attempt":1,"generation":0,"delivery_count":1,"target":"tachyon_serverless_application::services::invoke_async::dispatch"}
{"timestamp":"2026-09-17T11:16:32.182202Z","level":"INFO","message":"bridge spawned","environment_id":"env_01m2qha7m9rpqggy75kwezdz5d","pid":23366,"target":"tachyon_serverless_provider_process"}
{"timestamp":"2026-09-17T11:16:32.193394Z","level":"INFO","message":"invocation finished","invocation_id":"inv_01m2qha7m2ddp0js6130jtwd91","status":"succeeded (async run)","handler_ms":0,"environment_boot_ms":4,"runtime_init_ms":5,"target":"tachyon_serverless_application::services::invoke"}
{"timestamp":"2026-09-17T11:16:32.194979Z","level":"INFO","message":"terminating bridge","environment_id":"env_01m2qha7m9rpqggy75kwezdz5d","pid":23366,"reason":"Completed","graceful":true,"target":"tachyon_serverless_provider_process"}
{"timestamp":"2026-09-17T11:16:32.197631Z","level":"INFO","message":"asynchronous invocation settled","invocation_id":"inv_01m2qha7m2ddp0js6130jtwd91","status":"succeeded","target":"tachyon_serverless_application::services::invoke_async::dispatch"}
{"timestamp":"2026-09-17T11:16:32.203420Z","level":"INFO","message":"async dispatch: delivery handled","message_id":"inv_01m2qha7m2ddp0js6130jtwd91","sequence":74,"delivery_count":1,"outcome":"Completed { status: \"succeeded\" }","target":"tachyon_serverless_application::services::invoke_async::dispatch"}
{"timestamp":"2026-09-17T11:16:32.315671Z","level":"INFO","message":"object retention pass","report":"GcReport { examined: 2, collected_expired: 0, collected_orphans: 0, kept_in_use: 0, kept_referenced: 2, incomplete_removed: 0, tombstones_purged: 0, failed: 0 }","target":"tachyon_serverless_gateway"}
{"timestamp":"2026-09-17T11:16:32.903373Z","level":"INFO","message":"trigger updated","trigger_id":"trg_01m2qh8mb89t09z4a5qhwdedrb","generation":2,"status":"disabled","next_fire_at":"None","rotated_secret":false,"target":"tachyon_serverless_application::services::triggers"}
{"timestamp":"2026-09-17T11:16:34.316725Z","level":"INFO","message":"object retention pass","report":"GcReport { examined: 4, collected_expired: 0, collected_orphans: 0, kept_in_use: 0, kept_referenced: 4, incomplete_removed: 0, tombstones_purged: 0, failed: 0 }","target":"tachyon_serverless_gateway"}
{"timestamp":"2026-09-17T11:16:34.346489Z","level":"INFO","message":"SIGTERM received","target":"tachyon_serverless_gateway"}
{"timestamp":"2026-09-17T11:16:34.346528Z","level":"INFO","message":"shutdown requested; cancelling in-flight invocations","target":"tachyon_serverless_gateway"}
{"timestamp":"2026-09-17T11:16:34.346836Z","level":"INFO","message":"final usage collection","report":"CollectReport { batches: 0, read: 0, inserted: 0, duplicates: 0, cursor_seq: 120 }","target":"tachyon_serverless_gateway"}
{"timestamp":"2026-09-17T11:16:34.348702Z","level":"INFO","message":"gateway stopped","target":"tachyon_serverless_gateway"}
{"timestamp":"2026-09-17T11:16:34.348833Z","level":"INFO","message":"event: closed","target":"async_nats"}
