
===== a start (failpoints: none) 04:11:28 =====
{"timestamp":"2026-09-18T04:11:28.544770Z","level":"INFO","message":"configuration loaded","config":"/home/takanorifukuyama.guest/w/tsls-chaos.PBSMj9/gw-a.toml","target":"tachyon_serverless_gateway"}
{"timestamp":"2026-09-18T04:11:28.547248Z","level":"INFO","message":"connected successfully","server":"42387","max_payload":"1048576","target":"async_nats::connector"}
{"timestamp":"2026-09-18T04:11:28.547370Z","level":"INFO","message":"event: connected","target":"async_nats"}
{"timestamp":"2026-09-18T04:11:28.552157Z","level":"INFO","message":"JetStream queue connected and stream bootstrapped","url":"nats://127.0.0.1:42387","stream":"TACHYON_EVENTS","target":"tachyon_serverless_gateway::durable"}
{"timestamp":"2026-09-18T04:11:28.561951Z","level":"INFO","message":"state store opened","path":"/home/takanorifukuyama.guest/w/tsls-chaos.PBSMj9/data/state.db","schema_version":8,"migrations_applied":"[1, 2, 3, 4, 5, 6, 7, 8]","imported_state_json":"None","settled_invocations":0,"settled_attempts":0,"settled_environments":0,"released_leases":0,"dropped_idempotency_keys":0,"purged_idempotency_keys":0,"outputs_purged":0,"target":"tachyon_serverless_application::app"}
{"timestamp":"2026-09-18T04:11:28.567693Z","level":"INFO","message":"log store opened","path":"/home/takanorifukuyama.guest/w/tsls-chaos.PBSMj9/data/logs/logs.db","healthy":true,"retention_seconds":604800,"max_total_bytes":1073741824,"target":"tachyon_serverless_application::app"}
{"timestamp":"2026-09-18T04:11:28.568164Z","level":"INFO","message":"dispatcher registered","dispatcher_id":"dsp_01m2sbcmxqt8rtpda7049a1dqs","instance":"chaos-a","pid":810939,"lease_ttl_seconds":6,"target":"tachyon_serverless_application::services::dispatcher"}
{"timestamp":"2026-09-18T04:11:28.577227Z","level":"INFO","message":"application bootstrapped","profile":"dev","provider":"process","dev_only":true,"environment_reuse":false,"reuse_verified":false,"reuse_reason":"[pool] enabled is false","reuse_disabled":"Some(Configuration)","idle_quiesce":"unsupported","idle_resume":"unsupported","data_dir":"/home/takanorifukuyama.guest/w/tsls-chaos.PBSMj9/data","store":"sqlite","dispatcher_id":"dsp_01m2sbcmxqt8rtpda7049a1dqs","node":"local","node_region":"none","node_memory_mib":"None","max_concurrency":8,"queue":"nats","objects":"filesystem","invoke_async":true,"triggers":true,"target":"tachyon_serverless_application::app"}
{"timestamp":"2026-09-18T04:11:28.577394Z","level":"INFO","message":"startup reconcile finished","provider":"process","found":0,"adopted":0,"terminated":0,"disowned":0,"failed":0,"lost":0,"foreign":0,"reclaimed_dispatchers":0,"fenced_terminated":0,"fenced_pending":0,"target":"tachyon_serverless_application::services::reconcile"}
{"timestamp":"2026-09-18T04:11:28.577474Z","level":"INFO","message":"gateway listening","addr":"127.0.0.1:58053","profile":"dev","provider":"process","target":"tachyon_serverless_gateway"}
{"timestamp":"2026-09-18T04:11:28.578504Z","level":"INFO","message":"asynchronous dispatcher started","workers":2,"owner":"dsp_01m2sbcmxqt8rtpda7049a1dqs","target":"tachyon_serverless_gateway"}
{"timestamp":"2026-09-18T04:11:32.489099Z","level":"INFO","message":"revision ready","revision_id":"rev_01m2sbcqjrcp56816zatpkjjkw","function_id":"fn_01m2sbcn6jewsdnzzchezg01ka","target":"tachyon_serverless_application::services::revision"}
{"timestamp":"2026-09-18T04:11:36.077619Z","level":"INFO","message":"revision ready","revision_id":"rev_01m2sbcv3s7qxv11xck3d7jh5m","function_id":"fn_01m2sbcrsjpp15h0en3nwn4nsj","target":"tachyon_serverless_application::services::revision"}
{"timestamp":"2026-09-18T04:11:39.737895Z","level":"INFO","message":"revision ready","revision_id":"rev_01m2sbcynk585d00kw136z0hee","function_id":"fn_01m2sbcwaxvn4cyzgbz8nrzney","target":"tachyon_serverless_application::services::revision"}
{"timestamp":"2026-09-18T04:11:39.790621Z","level":"INFO","message":"trigger created","trigger_id":"trg_01m2sbczwdbgs0jss6jjk8czqy","function_id":"fn_01m2sbcrsjpp15h0en3nwn4nsj","kind":"cron","enabled":true,"next_fire_at":"Some(2026-09-18T04:11:40Z)","target":"tachyon_serverless_application::services::triggers"}
{"timestamp":"2026-09-18T04:11:39.795649Z","level":"INFO","message":"trigger created","trigger_id":"trg_01m2sbczwkhxj4k769hmzrq08s","function_id":"fn_01m2sbcrsjpp15h0en3nwn4nsj","kind":"webhook","enabled":true,"next_fire_at":"None","target":"tachyon_serverless_application::services::triggers"}
{"timestamp":"2026-09-18T04:11:40.003694Z","level":"INFO","message":"asynchronous invocation accepted","invocation_id":"inv_01m2sbd032v5ytahyman9tdmpe","tenant_id":"tn_01hzzzzzzzzzzzzzzzzzzzzzza","revision_id":"rev_01m2sbcv3s7qxv11xck3d7jh5m","input_bytes":180,"input_storage":"inline","target":"tachyon_serverless_application::services::invoke_async"}
{"timestamp":"2026-09-18T04:11:40.003735Z","level":"INFO","message":"cron trigger fired","trigger_id":"trg_01m2sbczwdbgs0jss6jjk8czqy","scheduled_at":"2026-09-18T04:11:40Z","invocation_id":"inv_01m2sbd032v5ytahyman9tdmpe","revision_id":"rev_01m2sbcv3s7qxv11xck3d7jh5m","replayed":false,"target":"tachyon_serverless_application::services::triggers"}
{"timestamp":"2026-09-18T04:11:40.006967Z","level":"INFO","message":"asynchronous run claimed","invocation_id":"inv_01m2sbd032v5ytahyman9tdmpe","attempt":1,"generation":0,"delivery_count":1,"target":"tachyon_serverless_application::services::invoke_async::dispatch"}
{"timestamp":"2026-09-18T04:11:40.988438Z","level":"INFO","message":"bridge spawned","environment_id":"env_01m2sbczwy4yk423nmyxdcj1bx","pid":811608,"target":"tachyon_serverless_provider_process"}
{"timestamp":"2026-09-18T04:11:41.014169Z","level":"INFO","message":"invocation finished","invocation_id":"inv_01m2sbczwx88hw69vhf4djp71x","status":"succeeded","handler_ms":1,"environment_boot_ms":2,"runtime_init_ms":11,"target":"tachyon_serverless_application::services::invoke"}
{"timestamp":"2026-09-18T04:11:41.016100Z","level":"INFO","message":"terminating bridge","environment_id":"env_01m2sbczwy4yk423nmyxdcj1bx","pid":811608,"reason":"Completed","graceful":true,"target":"tachyon_serverless_provider_process"}
{"timestamp":"2026-09-18T04:11:41.041230Z","level":"INFO","message":"asynchronous invocation accepted","invocation_id":"inv_01m2sbd13gy5tpvy82s336886p","tenant_id":"tn_01hzzzzzzzzzzzzzzzzzzzzzza","revision_id":"rev_01m2sbcqjrcp56816zatpkjjkw","input_bytes":47,"input_storage":"inline","target":"tachyon_serverless_application::services::invoke_async"}
{"timestamp":"2026-09-18T04:11:41.044864Z","level":"INFO","message":"asynchronous run claimed","invocation_id":"inv_01m2sbd13gy5tpvy82s336886p","attempt":1,"generation":0,"delivery_count":1,"target":"tachyon_serverless_application::services::invoke_async::dispatch"}
{"timestamp":"2026-09-18T04:11:41.067675Z","level":"INFO","message":"asynchronous invocation accepted","invocation_id":"inv_01m2sbd148nyb3yq5he2ygqzgz","tenant_id":"tn_01hzzzzzzzzzzzzzzzzzzzzzza","revision_id":"rev_01m2sbcqjrcp56816zatpkjjkw","input_bytes":4127,"input_storage":"object","target":"tachyon_serverless_application::services::invoke_async"}
{"timestamp":"2026-09-18T04:11:41.084165Z","level":"INFO","message":"asynchronous invocation accepted","invocation_id":"inv_01m2sbd14vtstxg1mw6fw22psj","tenant_id":"tn_01hzzzzzzzzzzzzzzzzzzzzzza","revision_id":"rev_01m2sbcv3s7qxv11xck3d7jh5m","input_bytes":189,"input_storage":"inline","target":"tachyon_serverless_application::services::invoke_async"}
{"timestamp":"2026-09-18T04:11:41.084207Z","level":"INFO","message":"webhook trigger fired","trigger_id":"trg_01m2sbczwkhxj4k769hmzrq08s","event_id":"evt-pre-w1","invocation_id":"inv_01m2sbd14vtstxg1mw6fw22psj","revision_id":"rev_01m2sbcv3s7qxv11xck3d7jh5m","replayed":false,"target":"tachyon_serverless_application::services::triggers"}
{"timestamp":"2026-09-18T04:11:41.191308Z","level":"INFO","message":"bridge spawned","environment_id":"env_01m2sbd037ekqnjnsejxpjya6j","pid":811685,"target":"tachyon_serverless_provider_process"}
{"timestamp":"2026-09-18T04:11:41.233874Z","level":"INFO","message":"invocation finished","invocation_id":"inv_01m2sbd032v5ytahyman9tdmpe","status":"succeeded (async run)","handler_ms":9,"environment_boot_ms":1,"runtime_init_ms":15,"target":"tachyon_serverless_application::services::invoke"}
{"timestamp":"2026-09-18T04:11:41.235799Z","level":"INFO","message":"terminating bridge","environment_id":"env_01m2sbd037ekqnjnsejxpjya6j","pid":811685,"reason":"Completed","graceful":true,"target":"tachyon_serverless_provider_process"}
{"timestamp":"2026-09-18T04:11:41.240161Z","level":"INFO","message":"asynchronous invocation settled","invocation_id":"inv_01m2sbd032v5ytahyman9tdmpe","status":"succeeded","target":"tachyon_serverless_application::services::invoke_async::dispatch"}
{"timestamp":"2026-09-18T04:11:41.240903Z","level":"INFO","message":"async dispatch: delivery handled","message_id":"inv_01m2sbd032v5ytahyman9tdmpe","sequence":1,"delivery_count":1,"outcome":"Completed { status: \"succeeded\" }","target":"tachyon_serverless_application::services::invoke_async::dispatch"}
{"timestamp":"2026-09-18T04:11:41.241756Z","level":"INFO","message":"asynchronous run claimed","invocation_id":"inv_01m2sbd148nyb3yq5he2ygqzgz","attempt":1,"generation":0,"delivery_count":1,"target":"tachyon_serverless_application::services::invoke_async::dispatch"}
{"timestamp":"2026-09-18T04:11:42.005071Z","level":"INFO","message":"asynchronous invocation accepted","invocation_id":"inv_01m2sbd21kng36f91hyj5mwn2m","tenant_id":"tn_01hzzzzzzzzzzzzzzzzzzzzzza","revision_id":"rev_01m2sbcv3s7qxv11xck3d7jh5m","input_bytes":180,"input_storage":"inline","target":"tachyon_serverless_application::services::invoke_async"}
{"timestamp":"2026-09-18T04:11:42.005135Z","level":"INFO","message":"cron trigger fired","trigger_id":"trg_01m2sbczwdbgs0jss6jjk8czqy","scheduled_at":"2026-09-18T04:11:42Z","invocation_id":"inv_01m2sbd21kng36f91hyj5mwn2m","revision_id":"rev_01m2sbcv3s7qxv11xck3d7jh5m","replayed":false,"target":"tachyon_serverless_application::services::triggers"}
{"timestamp":"2026-09-18T04:11:42.273534Z","level":"INFO","message":"bridge spawned","environment_id":"env_01m2sbd13nxmes5px107khpv1m","pid":811695,"target":"tachyon_serverless_provider_process"}
{"timestamp":"2026-09-18T04:11:42.286172Z","level":"INFO","message":"bridge spawned","environment_id":"env_01m2sbd1559x2k28m3344xdf9e","pid":811705,"target":"tachyon_serverless_provider_process"}
{"timestamp":"2026-09-18T04:11:42.315666Z","level":"INFO","message":"invocation finished","invocation_id":"inv_01m2sbd13gy5tpvy82s336886p","status":"succeeded (async run)","handler_ms":9,"environment_boot_ms":3,"runtime_init_ms":9,"target":"tachyon_serverless_application::services::invoke"}
{"timestamp":"2026-09-18T04:11:42.316459Z","level":"INFO","message":"invocation finished","invocation_id":"inv_01m2sbd154r6j2x9sbzejchk1w","status":"succeeded","handler_ms":3,"environment_boot_ms":0,"runtime_init_ms":16,"target":"tachyon_serverless_application::services::invoke"}
{"timestamp":"2026-09-18T04:11:42.317779Z","level":"INFO","message":"terminating bridge","environment_id":"env_01m2sbd1559x2k28m3344xdf9e","pid":811705,"reason":"Completed","graceful":true,"target":"tachyon_serverless_provider_process"}
{"timestamp":"2026-09-18T04:11:42.317880Z","level":"INFO","message":"terminating bridge","environment_id":"env_01m2sbd13nxmes5px107khpv1m","pid":811695,"reason":"Completed","graceful":true,"target":"tachyon_serverless_provider_process"}
{"timestamp":"2026-09-18T04:11:42.321578Z","level":"INFO","message":"asynchronous invocation settled","invocation_id":"inv_01m2sbd13gy5tpvy82s336886p","status":"succeeded","target":"tachyon_serverless_application::services::invoke_async::dispatch"}
{"timestamp":"2026-09-18T04:11:42.322357Z","level":"INFO","message":"async dispatch: delivery handled","message_id":"inv_01m2sbd13gy5tpvy82s336886p","sequence":2,"delivery_count":1,"outcome":"Completed { status: \"succeeded\" }","target":"tachyon_serverless_application::services::invoke_async::dispatch"}
{"timestamp":"2026-09-18T04:11:42.323590Z","level":"INFO","message":"asynchronous run claimed","invocation_id":"inv_01m2sbd14vtstxg1mw6fw22psj","attempt":1,"generation":0,"delivery_count":1,"target":"tachyon_serverless_application::services::invoke_async::dispatch"}
{"timestamp":"2026-09-18T04:11:42.348409Z","level":"INFO","message":"asynchronous invocation accepted","invocation_id":"inv_01m2sbd2c9am8yr8wmfkx4g5mx","tenant_id":"tn_01hzzzzzzzzzzzzzzzzzzzzzza","revision_id":"rev_01m2sbcqjrcp56816zatpkjjkw","input_bytes":47,"input_storage":"inline","target":"tachyon_serverless_application::services::invoke_async"}
{"timestamp":"2026-09-18T04:11:42.372417Z","level":"INFO","message":"asynchronous invocation accepted","invocation_id":"inv_01m2sbd2d194wcgf806jhhyr0y","tenant_id":"tn_01hzzzzzzzzzzzzzzzzzzzzzza","revision_id":"rev_01m2sbcqjrcp56816zatpkjjkw","input_bytes":4127,"input_storage":"object","target":"tachyon_serverless_application::services::invoke_async"}
{"timestamp":"2026-09-18T04:11:42.389079Z","level":"INFO","message":"asynchronous invocation accepted","invocation_id":"inv_01m2sbd2dm4mkvgtz7mm0a5695","tenant_id":"tn_01hzzzzzzzzzzzzzzzzzzzzzza","revision_id":"rev_01m2sbcv3s7qxv11xck3d7jh5m","input_bytes":189,"input_storage":"inline","target":"tachyon_serverless_application::services::invoke_async"}
{"timestamp":"2026-09-18T04:11:42.389113Z","level":"INFO","message":"webhook trigger fired","trigger_id":"trg_01m2sbczwkhxj4k769hmzrq08s","event_id":"evt-pre-w2","invocation_id":"inv_01m2sbd2dm4mkvgtz7mm0a5695","revision_id":"rev_01m2sbcv3s7qxv11xck3d7jh5m","replayed":false,"target":"tachyon_serverless_application::services::triggers"}
{"timestamp":"2026-09-18T04:11:42.473879Z","level":"INFO","message":"bridge spawned","environment_id":"env_01m2sbd19vm0f6gzk5agv0s3p0","pid":811782,"target":"tachyon_serverless_provider_process"}
{"timestamp":"2026-09-18T04:11:42.531774Z","level":"INFO","message":"invocation finished","invocation_id":"inv_01m2sbd148nyb3yq5he2ygqzgz","status":"succeeded (async run)","handler_ms":7,"environment_boot_ms":2,"runtime_init_ms":26,"target":"tachyon_serverless_application::services::invoke"}
{"timestamp":"2026-09-18T04:11:42.534172Z","level":"INFO","message":"terminating bridge","environment_id":"env_01m2sbd19vm0f6gzk5agv0s3p0","pid":811782,"reason":"Completed","graceful":true,"target":"tachyon_serverless_provider_process"}
{"timestamp":"2026-09-18T04:11:42.539269Z","level":"INFO","message":"asynchronous invocation settled","invocation_id":"inv_01m2sbd148nyb3yq5he2ygqzgz","status":"succeeded","target":"tachyon_serverless_application::services::invoke_async::dispatch"}
{"timestamp":"2026-09-18T04:11:42.540068Z","level":"INFO","message":"async dispatch: delivery handled","message_id":"inv_01m2sbd148nyb3yq5he2ygqzgz","sequence":3,"delivery_count":1,"outcome":"Completed { status: \"succeeded\" }","target":"tachyon_serverless_application::services::invoke_async::dispatch"}
{"timestamp":"2026-09-18T04:11:42.541012Z","level":"INFO","message":"asynchronous run claimed","invocation_id":"inv_01m2sbd21kng36f91hyj5mwn2m","attempt":1,"generation":0,"delivery_count":1,"target":"tachyon_serverless_application::services::invoke_async::dispatch"}
{"timestamp":"2026-09-18T04:11:43.513874Z","level":"INFO","message":"bridge spawned","environment_id":"env_01m2sbd2bkvs8d8hx3w4vnhv0w","pid":811792,"target":"tachyon_serverless_provider_process"}
{"timestamp":"2026-09-18T04:11:43.557950Z","level":"INFO","message":"invocation finished","invocation_id":"inv_01m2sbd14vtstxg1mw6fw22psj","status":"succeeded (async run)","handler_ms":4,"environment_boot_ms":1,"runtime_init_ms":9,"target":"tachyon_serverless_application::services::invoke"}
{"timestamp":"2026-09-18T04:11:43.559876Z","level":"INFO","message":"terminating bridge","environment_id":"env_01m2sbd2bkvs8d8hx3w4vnhv0w","pid":811792,"reason":"Completed","graceful":true,"target":"tachyon_serverless_provider_process"}
{"timestamp":"2026-09-18T04:11:43.562931Z","level":"INFO","message":"asynchronous invocation settled","invocation_id":"inv_01m2sbd14vtstxg1mw6fw22psj","status":"succeeded","target":"tachyon_serverless_application::services::invoke_async::dispatch"}
{"timestamp":"2026-09-18T04:11:43.563614Z","level":"INFO","message":"async dispatch: delivery handled","message_id":"inv_01m2sbd14vtstxg1mw6fw22psj","sequence":4,"delivery_count":1,"outcome":"Completed { status: \"succeeded\" }","target":"tachyon_serverless_application::services::invoke_async::dispatch"}
{"timestamp":"2026-09-18T04:11:43.564469Z","level":"INFO","message":"asynchronous run claimed","invocation_id":"inv_01m2sbd2c9am8yr8wmfkx4g5mx","attempt":1,"generation":0,"delivery_count":1,"target":"tachyon_serverless_application::services::invoke_async::dispatch"}
{"timestamp":"2026-09-18T04:11:43.588801Z","level":"INFO","message":"bridge spawned","environment_id":"env_01m2sbd2dxmfp49q9bn80a7fs6","pid":811802,"target":"tachyon_serverless_provider_process"}
{"timestamp":"2026-09-18T04:11:43.629260Z","level":"INFO","message":"invocation finished","invocation_id":"inv_01m2sbd2dw58fhve0r4xr2n66e","status":"succeeded","handler_ms":10,"environment_boot_ms":1,"runtime_init_ms":8,"target":"tachyon_serverless_application::services::invoke"}
{"timestamp":"2026-09-18T04:11:43.634871Z","level":"INFO","message":"terminating bridge","environment_id":"env_01m2sbd2dxmfp49q9bn80a7fs6","pid":811802,"reason":"Completed","graceful":true,"target":"tachyon_serverless_provider_process"}
{"timestamp":"2026-09-18T04:11:43.661878Z","level":"INFO","message":"asynchronous invocation accepted","invocation_id":"inv_01m2sbd3ncrva7vpp7bdvmp0we","tenant_id":"tn_01hzzzzzzzzzzzzzzzzzzzzzza","revision_id":"rev_01m2sbcqjrcp56816zatpkjjkw","input_bytes":47,"input_storage":"inline","target":"tachyon_serverless_application::services::invoke_async"}
{"timestamp":"2026-09-18T04:11:43.688581Z","level":"INFO","message":"asynchronous invocation accepted","invocation_id":"inv_01m2sbd3p43resw7js5w0nke76","tenant_id":"tn_01hzzzzzzzzzzzzzzzzzzzzzza","revision_id":"rev_01m2sbcqjrcp56816zatpkjjkw","input_bytes":4127,"input_storage":"object","target":"tachyon_serverless_application::services::invoke_async"}
{"timestamp":"2026-09-18T04:11:43.705101Z","level":"INFO","message":"asynchronous invocation accepted","invocation_id":"inv_01m2sbd3pr3nncxvchz4nxfhge","tenant_id":"tn_01hzzzzzzzzzzzzzzzzzzzzzza","revision_id":"rev_01m2sbcv3s7qxv11xck3d7jh5m","input_bytes":189,"input_storage":"inline","target":"tachyon_serverless_application::services::invoke_async"}
{"timestamp":"2026-09-18T04:11:43.705136Z","level":"INFO","message":"webhook trigger fired","trigger_id":"trg_01m2sbczwkhxj4k769hmzrq08s","event_id":"evt-pre-w3","invocation_id":"inv_01m2sbd3pr3nncxvchz4nxfhge","revision_id":"rev_01m2sbcv3s7qxv11xck3d7jh5m","replayed":false,"target":"tachyon_serverless_application::services::triggers"}
{"timestamp":"2026-09-18T04:11:43.716579Z","level":"INFO","message":"trigger updated","trigger_id":"trg_01m2sbczwdbgs0jss6jjk8czqy","generation":2,"status":"disabled","next_fire_at":"None","rotated_secret":false,"target":"tachyon_serverless_application::services::triggers"}
{"timestamp":"2026-09-18T04:11:43.718437Z","level":"INFO","message":"SIGTERM received","target":"tachyon_serverless_gateway"}
{"timestamp":"2026-09-18T04:11:43.718450Z","level":"INFO","message":"shutdown requested; cancelling in-flight invocations","target":"tachyon_serverless_gateway"}
{"timestamp":"2026-09-18T04:11:43.718463Z","level":"INFO","message":"cancelling in-flight invocations for shutdown","count":2,"target":"tachyon_serverless_application::services::invoke"}
{"timestamp":"2026-09-18T04:11:43.731968Z","level":"INFO","message":"asynchronous invocation rescheduled","invocation_id":"inv_01m2sbd21kng36f91hyj5mwn2m","next_attempt_at":"2026-09-18T04:11:43.859456948+00:00","counted":false,"error_type":"Host.GatewayShutdown","target":"tachyon_serverless_application::services::invoke_async::dispatch"}
{"timestamp":"2026-09-18T04:11:43.732544Z","level":"INFO","message":"async dispatch: delivery handled","message_id":"inv_01m2sbd21kng36f91hyj5mwn2m","sequence":5,"delivery_count":1,"outcome":"Rescheduled { next_attempt_at: 2026-09-18T04:11:43.859456948Z, counted: false }","target":"tachyon_serverless_application::services::invoke_async::dispatch"}
{"timestamp":"2026-09-18T04:11:44.768406Z","level":"INFO","message":"asynchronous invocation rescheduled","invocation_id":"inv_01m2sbd2c9am8yr8wmfkx4g5mx","next_attempt_at":"2026-09-18T04:11:44.867597295+00:00","counted":false,"error_type":"Host.GatewayShutdown","target":"tachyon_serverless_application::services::invoke_async::dispatch"}
{"timestamp":"2026-09-18T04:11:44.769258Z","level":"INFO","message":"async dispatch: delivery handled","message_id":"inv_01m2sbd2c9am8yr8wmfkx4g5mx","sequence":6,"delivery_count":1,"outcome":"Rescheduled { next_attempt_at: 2026-09-18T04:11:44.867597295Z, counted: false }","target":"tachyon_serverless_application::services::invoke_async::dispatch"}
{"timestamp":"2026-09-18T04:11:44.770650Z","level":"INFO","message":"final usage collection","report":"CollectReport { batches: 1, read: 1, inserted: 1, duplicates: 0, cursor_seq: 37 }","target":"tachyon_serverless_gateway"}
{"timestamp":"2026-09-18T04:11:44.772744Z","level":"INFO","message":"gateway stopped","target":"tachyon_serverless_gateway"}
{"timestamp":"2026-09-18T04:11:44.772858Z","level":"INFO","message":"event: closed","target":"async_nats"}

===== a start (failpoints: accept.after_object_put=kill) 04:11:44 =====
{"timestamp":"2026-09-18T04:11:44.842580Z","level":"INFO","message":"configuration loaded","config":"/home/takanorifukuyama.guest/w/tsls-chaos.PBSMj9/gw-a.toml","target":"tachyon_serverless_gateway"}
{"timestamp":"2026-09-18T04:11:44.844486Z","level":"INFO","message":"connected successfully","server":"42387","max_payload":"1048576","target":"async_nats::connector"}
{"timestamp":"2026-09-18T04:11:44.844571Z","level":"INFO","message":"event: connected","target":"async_nats"}
{"timestamp":"2026-09-18T04:11:44.848048Z","level":"INFO","message":"JetStream queue connected and stream bootstrapped","url":"nats://127.0.0.1:42387","stream":"TACHYON_EVENTS","target":"tachyon_serverless_gateway::durable"}
{"timestamp":"2026-09-18T04:11:44.849185Z","level":"INFO","message":"state store opened","path":"/home/takanorifukuyama.guest/w/tsls-chaos.PBSMj9/data/state.db","schema_version":8,"migrations_applied":"[]","imported_state_json":"None","settled_invocations":0,"settled_attempts":0,"settled_environments":0,"released_leases":0,"dropped_idempotency_keys":0,"purged_idempotency_keys":0,"outputs_purged":0,"target":"tachyon_serverless_application::app"}
{"timestamp":"2026-09-18T04:11:44.850502Z","level":"INFO","message":"log store opened","path":"/home/takanorifukuyama.guest/w/tsls-chaos.PBSMj9/data/logs/logs.db","healthy":true,"retention_seconds":604800,"max_total_bytes":1073741824,"target":"tachyon_serverless_application::app"}
{"timestamp":"2026-09-18T04:11:44.851244Z","level":"INFO","message":"dispatcher registered","dispatcher_id":"dsp_01m2sbd4tjaqg22v8g49msyhem","instance":"chaos-a","pid":811909,"lease_ttl_seconds":6,"target":"tachyon_serverless_application::services::dispatcher"}
{"timestamp":"2026-09-18T04:11:44.851782Z","level":"WARN","message":"reclaimed the work of dispatchers that lost their lease","dispatcher_id":"dsp_01m2sbd4tjaqg22v8g49msyhem","reclaimed_dispatchers":"[DispatcherId(dsp_01m2sbcmxqt8rtpda7049a1dqs)]","leases":0,"invocations":0,"attempts":0,"fenced":0,"target":"tachyon_serverless_application::services::dispatcher"}
{"timestamp":"2026-09-18T04:11:44.852551Z","level":"WARN","message":"failpoint armed from TSLS_FAILPOINTS","name":"accept.after_object_put","action":"Kill","count":"None","target":"tachyon_serverless_application::failpoints"}
{"timestamp":"2026-09-18T04:11:44.852599Z","level":"INFO","message":"application bootstrapped","profile":"dev","provider":"process","dev_only":true,"environment_reuse":false,"reuse_verified":false,"reuse_reason":"[pool] enabled is false","reuse_disabled":"Some(Configuration)","idle_quiesce":"unsupported","idle_resume":"unsupported","data_dir":"/home/takanorifukuyama.guest/w/tsls-chaos.PBSMj9/data","store":"sqlite","dispatcher_id":"dsp_01m2sbd4tjaqg22v8g49msyhem","node":"local","node_region":"none","node_memory_mib":"None","max_concurrency":8,"queue":"nats","objects":"filesystem","invoke_async":true,"triggers":true,"target":"tachyon_serverless_application::app"}
{"timestamp":"2026-09-18T04:11:44.852845Z","level":"INFO","message":"startup reconcile finished","provider":"process","found":0,"adopted":0,"terminated":0,"disowned":0,"failed":0,"lost":0,"foreign":0,"reclaimed_dispatchers":0,"fenced_terminated":0,"fenced_pending":0,"target":"tachyon_serverless_application::services::reconcile"}
{"timestamp":"2026-09-18T04:11:44.852899Z","level":"INFO","message":"gateway listening","addr":"127.0.0.1:58053","profile":"dev","provider":"process","target":"tachyon_serverless_gateway"}
{"timestamp":"2026-09-18T04:11:44.853944Z","level":"INFO","message":"asynchronous dispatcher started","workers":2,"owner":"dsp_01m2sbd4tjaqg22v8g49msyhem","target":"tachyon_serverless_gateway"}
{"timestamp":"2026-09-18T04:11:44.858421Z","level":"INFO","message":"asynchronous run claimed","invocation_id":"inv_01m2sbd2d194wcgf806jhhyr0y","attempt":1,"generation":0,"delivery_count":1,"target":"tachyon_serverless_application::services::invoke_async::dispatch"}
{"timestamp":"2026-09-18T04:11:44.859933Z","level":"INFO","message":"asynchronous run claimed","invocation_id":"inv_01m2sbd2dm4mkvgtz7mm0a5695","attempt":1,"generation":0,"delivery_count":1,"target":"tachyon_serverless_application::services::invoke_async::dispatch"}
{"timestamp":"2026-09-18T04:11:45.116398Z","level":"ERROR","message":"failpoint fired: SIGKILL","name":"accept.after_object_put","target":"tachyon_serverless_application::failpoints"}

===== a start (failpoints: none) 04:11:45 =====
{"timestamp":"2026-09-18T04:11:45.127441Z","level":"INFO","message":"configuration loaded","config":"/home/takanorifukuyama.guest/w/tsls-chaos.PBSMj9/gw-a.toml","target":"tachyon_serverless_gateway"}
{"timestamp":"2026-09-18T04:11:45.129238Z","level":"INFO","message":"connected successfully","server":"42387","max_payload":"1048576","target":"async_nats::connector"}
{"timestamp":"2026-09-18T04:11:45.129369Z","level":"INFO","message":"event: connected","target":"async_nats"}
{"timestamp":"2026-09-18T04:11:45.131751Z","level":"INFO","message":"JetStream queue connected and stream bootstrapped","url":"nats://127.0.0.1:42387","stream":"TACHYON_EVENTS","target":"tachyon_serverless_gateway::durable"}
{"timestamp":"2026-09-18T04:11:45.132950Z","level":"INFO","message":"state store opened","path":"/home/takanorifukuyama.guest/w/tsls-chaos.PBSMj9/data/state.db","schema_version":8,"migrations_applied":"[]","imported_state_json":"None","settled_invocations":0,"settled_attempts":0,"settled_environments":0,"released_leases":0,"dropped_idempotency_keys":0,"purged_idempotency_keys":0,"outputs_purged":0,"target":"tachyon_serverless_application::app"}
{"timestamp":"2026-09-18T04:11:45.133839Z","level":"INFO","message":"log store opened","path":"/home/takanorifukuyama.guest/w/tsls-chaos.PBSMj9/data/logs/logs.db","healthy":true,"retention_seconds":604800,"max_total_bytes":1073741824,"target":"tachyon_serverless_application::app"}
{"timestamp":"2026-09-18T04:11:45.134422Z","level":"INFO","message":"dispatcher registered","dispatcher_id":"dsp_01m2sbd53ds31k8hmw2zt877w4","instance":"chaos-a","pid":811942,"lease_ttl_seconds":6,"target":"tachyon_serverless_application::services::dispatcher"}
{"timestamp":"2026-09-18T04:11:45.135353Z","level":"WARN","message":"reclaimed the work of dispatchers that lost their lease","dispatcher_id":"dsp_01m2sbd53ds31k8hmw2zt877w4","reclaimed_dispatchers":"[DispatcherId(dsp_01m2sbd4tjaqg22v8g49msyhem)]","leases":0,"invocations":0,"attempts":0,"fenced":2,"target":"tachyon_serverless_application::services::dispatcher"}
{"timestamp":"2026-09-18T04:11:45.136079Z","level":"INFO","message":"application bootstrapped","profile":"dev","provider":"process","dev_only":true,"environment_reuse":false,"reuse_verified":false,"reuse_reason":"[pool] enabled is false","reuse_disabled":"Some(Configuration)","idle_quiesce":"unsupported","idle_resume":"unsupported","data_dir":"/home/takanorifukuyama.guest/w/tsls-chaos.PBSMj9/data","store":"sqlite","dispatcher_id":"dsp_01m2sbd53ds31k8hmw2zt877w4","node":"local","node_region":"none","node_memory_mib":"None","max_concurrency":8,"queue":"nats","objects":"filesystem","invoke_async":true,"triggers":true,"target":"tachyon_serverless_application::app"}
{"timestamp":"2026-09-18T04:11:45.136392Z","level":"INFO","message":"environment stop metered by a path that did not drive it","environment_id":"env_01m2sbd4twathb85esevfbac2f","stopped_by":"reclaim","cgroup_cpu_usec":"unknown","lifetime_ms":"Some(276)","target":"tachyon_serverless_application::services::stopped"}
{"timestamp":"2026-09-18T04:11:45.137768Z","level":"INFO","message":"fenced environment terminated and settled","environment_id":"env_01m2sbd4twathb85esevfbac2f","owner":"Some(DispatcherId(dsp_01m2sbd4tjaqg22v8g49msyhem))","was_running":false,"target":"tachyon_serverless_application::services::reconcile"}
{"timestamp":"2026-09-18T04:11:45.137829Z","level":"INFO","message":"environment stop metered by a path that did not drive it","environment_id":"env_01m2sbd4twbgbceb43ved1zw8s","stopped_by":"reclaim","cgroup_cpu_usec":"unknown","lifetime_ms":"Some(277)","target":"tachyon_serverless_application::services::stopped"}
{"timestamp":"2026-09-18T04:11:45.138823Z","level":"INFO","message":"fenced environment terminated and settled","environment_id":"env_01m2sbd4twbgbceb43ved1zw8s","owner":"Some(DispatcherId(dsp_01m2sbd4tjaqg22v8g49msyhem))","was_running":false,"target":"tachyon_serverless_application::services::reconcile"}
{"timestamp":"2026-09-18T04:11:45.138924Z","level":"INFO","message":"startup reconcile finished","provider":"process","found":0,"adopted":0,"terminated":0,"disowned":0,"failed":0,"lost":0,"foreign":0,"reclaimed_dispatchers":0,"fenced_terminated":2,"fenced_pending":0,"target":"tachyon_serverless_application::services::reconcile"}
{"timestamp":"2026-09-18T04:11:45.138973Z","level":"INFO","message":"gateway listening","addr":"127.0.0.1:58053","profile":"dev","provider":"process","target":"tachyon_serverless_gateway"}
{"timestamp":"2026-09-18T04:11:45.140011Z","level":"INFO","message":"asynchronous dispatcher started","workers":2,"owner":"dsp_01m2sbd53ds31k8hmw2zt877w4","target":"tachyon_serverless_gateway"}
{"timestamp":"2026-09-18T04:11:45.143311Z","level":"INFO","message":"asynchronous run claimed","invocation_id":"inv_01m2sbd3p43resw7js5w0nke76","attempt":1,"generation":0,"delivery_count":1,"target":"tachyon_serverless_application::services::invoke_async::dispatch"}
{"timestamp":"2026-09-18T04:11:45.143930Z","level":"INFO","message":"asynchronous run claimed","invocation_id":"inv_01m2sbd3ncrva7vpp7bdvmp0we","attempt":1,"generation":0,"delivery_count":1,"target":"tachyon_serverless_application::services::invoke_async::dispatch"}
{"timestamp":"2026-09-18T04:11:45.391855Z","level":"INFO","message":"trigger updated","trigger_id":"trg_01m2sbczwdbgs0jss6jjk8czqy","generation":3,"status":"enabled","next_fire_at":"Some(2026-09-18T04:11:46Z)","rotated_secret":false,"target":"tachyon_serverless_application::services::triggers"}
{"timestamp":"2026-09-18T04:11:46.003787Z","level":"INFO","message":"asynchronous invocation accepted","invocation_id":"inv_01m2sbd5yj5c143g9ga2r2h6pf","tenant_id":"tn_01hzzzzzzzzzzzzzzzzzzzzzza","revision_id":"rev_01m2sbcv3s7qxv11xck3d7jh5m","input_bytes":180,"input_storage":"inline","target":"tachyon_serverless_application::services::invoke_async"}
{"timestamp":"2026-09-18T04:11:46.003853Z","level":"INFO","message":"cron trigger fired","trigger_id":"trg_01m2sbczwdbgs0jss6jjk8czqy","scheduled_at":"2026-09-18T04:11:46Z","invocation_id":"inv_01m2sbd5yj5c143g9ga2r2h6pf","revision_id":"rev_01m2sbcv3s7qxv11xck3d7jh5m","replayed":false,"target":"tachyon_serverless_application::services::triggers"}
{"timestamp":"2026-09-18T04:11:46.353860Z","level":"INFO","message":"bridge spawned","environment_id":"env_01m2sbd53rya57akq12kkkjtsz","pid":811968,"target":"tachyon_serverless_provider_process"}
{"timestamp":"2026-09-18T04:11:46.379605Z","level":"INFO","message":"bridge spawned","environment_id":"env_01m2sbd53s74vvmctat910tjzc","pid":811978,"target":"tachyon_serverless_provider_process"}
{"timestamp":"2026-09-18T04:11:46.385230Z","level":"INFO","message":"invocation finished","invocation_id":"inv_01m2sbd3ncrva7vpp7bdvmp0we","status":"succeeded (async run)","handler_ms":4,"environment_boot_ms":1,"runtime_init_ms":6,"target":"tachyon_serverless_application::services::invoke"}
{"timestamp":"2026-09-18T04:11:46.387477Z","level":"INFO","message":"terminating bridge","environment_id":"env_01m2sbd53rya57akq12kkkjtsz","pid":811968,"reason":"Completed","graceful":true,"target":"tachyon_serverless_provider_process"}
{"timestamp":"2026-09-18T04:11:46.402703Z","level":"INFO","message":"invocation finished","invocation_id":"inv_01m2sbd3p43resw7js5w0nke76","status":"succeeded (async run)","handler_ms":9,"environment_boot_ms":1,"runtime_init_ms":5,"target":"tachyon_serverless_application::services::invoke"}
{"timestamp":"2026-09-18T04:11:46.403557Z","level":"INFO","message":"asynchronous invocation settled","invocation_id":"inv_01m2sbd3ncrva7vpp7bdvmp0we","status":"succeeded","target":"tachyon_serverless_application::services::invoke_async::dispatch"}
{"timestamp":"2026-09-18T04:11:46.404183Z","level":"INFO","message":"terminating bridge","environment_id":"env_01m2sbd53s74vvmctat910tjzc","pid":811978,"reason":"Completed","graceful":true,"target":"tachyon_serverless_provider_process"}
{"timestamp":"2026-09-18T04:11:46.404218Z","level":"INFO","message":"async dispatch: delivery handled","message_id":"inv_01m2sbd3ncrva7vpp7bdvmp0we","sequence":9,"delivery_count":1,"outcome":"Completed { status: \"succeeded\" }","target":"tachyon_serverless_application::services::invoke_async::dispatch"}
{"timestamp":"2026-09-18T04:11:46.405051Z","level":"INFO","message":"asynchronous run claimed","invocation_id":"inv_01m2sbd3pr3nncxvchz4nxfhge","attempt":1,"generation":0,"delivery_count":1,"target":"tachyon_serverless_application::services::invoke_async::dispatch"}
{"timestamp":"2026-09-18T04:11:46.408345Z","level":"INFO","message":"asynchronous invocation settled","invocation_id":"inv_01m2sbd3p43resw7js5w0nke76","status":"succeeded","target":"tachyon_serverless_application::services::invoke_async::dispatch"}
{"timestamp":"2026-09-18T04:11:46.409343Z","level":"INFO","message":"async dispatch: delivery handled","message_id":"inv_01m2sbd3p43resw7js5w0nke76","sequence":10,"delivery_count":1,"outcome":"Completed { status: \"succeeded\" }","target":"tachyon_serverless_application::services::invoke_async::dispatch"}
{"timestamp":"2026-09-18T04:11:46.410070Z","level":"INFO","message":"asynchronous run claimed","invocation_id":"inv_01m2sbd21kng36f91hyj5mwn2m","attempt":1,"generation":1,"delivery_count":1,"target":"tachyon_serverless_application::services::invoke_async::dispatch"}
{"timestamp":"2026-09-18T04:11:47.589917Z","level":"INFO","message":"bridge spawned","environment_id":"env_01m2sbd6b5jqxvs940kqsf1wd6","pid":811988,"target":"tachyon_serverless_provider_process"}
{"timestamp":"2026-09-18T04:11:47.594680Z","level":"INFO","message":"bridge spawned","environment_id":"env_01m2sbd6backp8q0pqn0mws4fz","pid":811994,"target":"tachyon_serverless_provider_process"}
{"timestamp":"2026-09-18T04:11:47.632155Z","level":"INFO","message":"invocation finished","invocation_id":"inv_01m2sbd3pr3nncxvchz4nxfhge","status":"succeeded (async run)","handler_ms":6,"environment_boot_ms":1,"runtime_init_ms":21,"target":"tachyon_serverless_application::services::invoke"}
{"timestamp":"2026-09-18T04:11:47.633138Z","level":"INFO","message":"invocation finished","invocation_id":"inv_01m2sbd21kng36f91hyj5mwn2m","status":"succeeded (async run)","handler_ms":0,"environment_boot_ms":1,"runtime_init_ms":23,"target":"tachyon_serverless_application::services::invoke"}
{"timestamp":"2026-09-18T04:11:47.634188Z","level":"INFO","message":"terminating bridge","environment_id":"env_01m2sbd6b5jqxvs940kqsf1wd6","pid":811988,"reason":"Completed","graceful":true,"target":"tachyon_serverless_provider_process"}
{"timestamp":"2026-09-18T04:11:47.634800Z","level":"INFO","message":"terminating bridge","environment_id":"env_01m2sbd6backp8q0pqn0mws4fz","pid":811994,"reason":"Completed","graceful":true,"target":"tachyon_serverless_provider_process"}
{"timestamp":"2026-09-18T04:11:47.637544Z","level":"INFO","message":"asynchronous invocation settled","invocation_id":"inv_01m2sbd3pr3nncxvchz4nxfhge","status":"succeeded","target":"tachyon_serverless_application::services::invoke_async::dispatch"}
{"timestamp":"2026-09-18T04:11:47.638135Z","level":"INFO","message":"async dispatch: delivery handled","message_id":"inv_01m2sbd3pr3nncxvchz4nxfhge","sequence":11,"delivery_count":1,"outcome":"Completed { status: \"succeeded\" }","target":"tachyon_serverless_application::services::invoke_async::dispatch"}
{"timestamp":"2026-09-18T04:11:47.639010Z","level":"INFO","message":"asynchronous run claimed","invocation_id":"inv_01m2sbd2c9am8yr8wmfkx4g5mx","attempt":1,"generation":1,"delivery_count":1,"target":"tachyon_serverless_application::services::invoke_async::dispatch"}
{"timestamp":"2026-09-18T04:11:47.640763Z","level":"INFO","message":"asynchronous invocation settled","invocation_id":"inv_01m2sbd21kng36f91hyj5mwn2m","status":"succeeded","target":"tachyon_serverless_application::services::invoke_async::dispatch"}
{"timestamp":"2026-09-18T04:11:47.641379Z","level":"INFO","message":"async dispatch: delivery handled","message_id":"inv_01m2sbd21kng36f91hyj5mwn2m.g1","sequence":12,"delivery_count":1,"outcome":"Completed { status: \"succeeded\" }","target":"tachyon_serverless_application::services::invoke_async::dispatch"}
{"timestamp":"2026-09-18T04:11:47.645224Z","level":"INFO","message":"asynchronous run claimed","invocation_id":"inv_01m2sbd5yj5c143g9ga2r2h6pf","attempt":1,"generation":0,"delivery_count":1,"target":"tachyon_serverless_application::services::invoke_async::dispatch"}
{"timestamp":"2026-09-18T04:11:48.003050Z","level":"INFO","message":"asynchronous invocation accepted","invocation_id":"inv_01m2sbd7x1h7gtbv3478gx3kyz","tenant_id":"tn_01hzzzzzzzzzzzzzzzzzzzzzza","revision_id":"rev_01m2sbcv3s7qxv11xck3d7jh5m","input_bytes":180,"input_storage":"inline","target":"tachyon_serverless_application::services::invoke_async"}
{"timestamp":"2026-09-18T04:11:48.003099Z","level":"INFO","message":"cron trigger fired","trigger_id":"trg_01m2sbczwdbgs0jss6jjk8czqy","scheduled_at":"2026-09-18T04:11:48Z","invocation_id":"inv_01m2sbd7x1h7gtbv3478gx3kyz","revision_id":"rev_01m2sbcv3s7qxv11xck3d7jh5m","replayed":false,"target":"tachyon_serverless_application::services::triggers"}
{"timestamp":"2026-09-18T04:11:48.763164Z","level":"INFO","message":"bridge spawned","environment_id":"env_01m2sbd7hr6dapjnr132w33c1b","pid":812029,"target":"tachyon_serverless_provider_process"}
{"timestamp":"2026-09-18T04:11:48.776834Z","level":"INFO","message":"bridge spawned","environment_id":"env_01m2sbd7hx6y2vv4w4gxv43m3y","pid":812039,"target":"tachyon_serverless_provider_process"}
{"timestamp":"2026-09-18T04:11:48.821456Z","level":"INFO","message":"invocation finished","invocation_id":"inv_01m2sbd2c9am8yr8wmfkx4g5mx","status":"succeeded (async run)","handler_ms":6,"environment_boot_ms":1,"runtime_init_ms":13,"target":"tachyon_serverless_application::services::invoke"}
{"timestamp":"2026-09-18T04:11:48.832148Z","level":"INFO","message":"terminating bridge","environment_id":"env_01m2sbd7hr6dapjnr132w33c1b","pid":812029,"reason":"Completed","graceful":true,"target":"tachyon_serverless_provider_process"}
{"timestamp":"2026-09-18T04:11:48.833302Z","level":"INFO","message":"invocation finished","invocation_id":"inv_01m2sbd5yj5c143g9ga2r2h6pf","status":"succeeded (async run)","handler_ms":1,"environment_boot_ms":1,"runtime_init_ms":34,"target":"tachyon_serverless_application::services::invoke"}
{"timestamp":"2026-09-18T04:11:48.836487Z","level":"INFO","message":"asynchronous invocation settled","invocation_id":"inv_01m2sbd2c9am8yr8wmfkx4g5mx","status":"succeeded","target":"tachyon_serverless_application::services::invoke_async::dispatch"}
{"timestamp":"2026-09-18T04:11:48.836627Z","level":"INFO","message":"terminating bridge","environment_id":"env_01m2sbd7hx6y2vv4w4gxv43m3y","pid":812039,"reason":"Completed","graceful":true,"target":"tachyon_serverless_provider_process"}
{"timestamp":"2026-09-18T04:11:48.840086Z","level":"INFO","message":"asynchronous invocation settled","invocation_id":"inv_01m2sbd5yj5c143g9ga2r2h6pf","status":"succeeded","target":"tachyon_serverless_application::services::invoke_async::dispatch"}
{"timestamp":"2026-09-18T04:11:48.840320Z","level":"INFO","message":"async dispatch: delivery handled","message_id":"inv_01m2sbd2c9am8yr8wmfkx4g5mx.g1","sequence":13,"delivery_count":1,"outcome":"Completed { status: \"succeeded\" }","target":"tachyon_serverless_application::services::invoke_async::dispatch"}
{"timestamp":"2026-09-18T04:11:48.840762Z","level":"INFO","message":"async dispatch: delivery handled","message_id":"inv_01m2sbd5yj5c143g9ga2r2h6pf","sequence":14,"delivery_count":1,"outcome":"Completed { status: \"succeeded\" }","target":"tachyon_serverless_application::services::invoke_async::dispatch"}
{"timestamp":"2026-09-18T04:11:48.841510Z","level":"INFO","message":"asynchronous run claimed","invocation_id":"inv_01m2sbd7x1h7gtbv3478gx3kyz","attempt":1,"generation":0,"delivery_count":1,"target":"tachyon_serverless_application::services::invoke_async::dispatch"}
{"timestamp":"2026-09-18T04:11:48.856703Z","level":"INFO","message":"async dispatch: delivery handled","message_id":"inv_01m2sbd2d194wcgf806jhhyr0y","sequence":7,"delivery_count":2,"outcome":"Skipped(\"claimed\")","target":"tachyon_serverless_application::services::invoke_async::dispatch"}
{"timestamp":"2026-09-18T04:11:48.858262Z","level":"INFO","message":"asynchronous run claimed","invocation_id":"inv_01m2sbd2dm4mkvgtz7mm0a5695","attempt":2,"generation":0,"delivery_count":2,"target":"tachyon_serverless_application::services::invoke_async::dispatch"}
{"timestamp":"2026-09-18T04:11:49.047180Z","level":"INFO","message":"asynchronous invocation rescheduled","invocation_id":"inv_01m2sbd2d194wcgf806jhhyr0y","next_attempt_at":"2026-09-18T04:11:49.171963845+00:00","counted":true,"error_type":"Host.AsyncRunAbandoned","target":"tachyon_serverless_application::services::invoke_async::dispatch"}
{"timestamp":"2026-09-18T04:11:49.047239Z","level":"INFO","message":"async reaper pass","report":"ReapReport { examined: 1, abandoned: 1, republished: 0, dead_lettered: 0, lost: 0, failed: 0 }","target":"tachyon_serverless_application::services::invoke_async::dispatch"}
{"timestamp":"2026-09-18T04:11:49.531309Z","level":"INFO","message":"bridge spawned","environment_id":"env_01m2sbd86dm3shxeyh23tkrhwg","pid":812073,"target":"tachyon_serverless_provider_process"}
{"timestamp":"2026-09-18T04:11:49.567882Z","level":"INFO","message":"bridge spawned","environment_id":"env_01m2sbd86fc51zyrsn3k1qkk27","pid":812083,"target":"tachyon_serverless_provider_process"}
{"timestamp":"2026-09-18T04:11:50.006175Z","level":"INFO","message":"asynchronous invocation accepted","invocation_id":"inv_01m2sbd9vkybrgkz1c570qjf3d","tenant_id":"tn_01hzzzzzzzzzzzzzzzzzzzzzza","revision_id":"rev_01m2sbcv3s7qxv11xck3d7jh5m","input_bytes":180,"input_storage":"inline","target":"tachyon_serverless_application::services::invoke_async"}
{"timestamp":"2026-09-18T04:11:50.006213Z","level":"INFO","message":"cron trigger fired","trigger_id":"trg_01m2sbczwdbgs0jss6jjk8czqy","scheduled_at":"2026-09-18T04:11:50Z","invocation_id":"inv_01m2sbd9vkybrgkz1c570qjf3d","revision_id":"rev_01m2sbcv3s7qxv11xck3d7jh5m","replayed":false,"target":"tachyon_serverless_application::services::triggers"}
{"timestamp":"2026-09-18T04:11:50.066177Z","level":"INFO","message":"bridge spawned","environment_id":"env_01m2sbd8q9mh9cwabsc24vkm7s","pid":812102,"target":"tachyon_serverless_provider_process"}
{"timestamp":"2026-09-18T04:11:50.092128Z","level":"INFO","message":"invocation finished","invocation_id":"inv_01m2sbd7x1h7gtbv3478gx3kyz","status":"succeeded (async run)","handler_ms":2,"environment_boot_ms":1,"runtime_init_ms":9,"target":"tachyon_serverless_application::services::invoke"}
{"timestamp":"2026-09-18T04:11:50.094226Z","level":"INFO","message":"terminating bridge","environment_id":"env_01m2sbd8q9mh9cwabsc24vkm7s","pid":812102,"reason":"Completed","graceful":true,"target":"tachyon_serverless_provider_process"}
{"timestamp":"2026-09-18T04:11:50.100230Z","level":"INFO","message":"asynchronous invocation settled","invocation_id":"inv_01m2sbd7x1h7gtbv3478gx3kyz","status":"succeeded","target":"tachyon_serverless_application::services::invoke_async::dispatch"}
{"timestamp":"2026-09-18T04:11:50.100849Z","level":"INFO","message":"async dispatch: delivery handled","message_id":"inv_01m2sbd7x1h7gtbv3478gx3kyz","sequence":15,"delivery_count":1,"outcome":"Completed { status: \"succeeded\" }","target":"tachyon_serverless_application::services::invoke_async::dispatch"}
{"timestamp":"2026-09-18T04:11:50.102186Z","level":"INFO","message":"asynchronous run claimed","invocation_id":"inv_01m2sbd2d194wcgf806jhhyr0y","attempt":2,"generation":1,"delivery_count":1,"target":"tachyon_serverless_application::services::invoke_async::dispatch"}
{"timestamp":"2026-09-18T04:11:50.105299Z","level":"INFO","message":"bridge spawned","environment_id":"env_01m2sbd8qt1cp4tttswcjdxdhq","pid":812112,"target":"tachyon_serverless_provider_process"}
{"timestamp":"2026-09-18T04:11:50.154124Z","level":"INFO","message":"invocation finished","invocation_id":"inv_01m2sbd2dm4mkvgtz7mm0a5695","status":"succeeded (async run)","handler_ms":2,"environment_boot_ms":2,"runtime_init_ms":23,"target":"tachyon_serverless_application::services::invoke"}
{"timestamp":"2026-09-18T04:11:50.157741Z","level":"INFO","message":"terminating bridge","environment_id":"env_01m2sbd8qt1cp4tttswcjdxdhq","pid":812112,"reason":"Completed","graceful":true,"target":"tachyon_serverless_provider_process"}
{"timestamp":"2026-09-18T04:11:50.161414Z","level":"INFO","message":"asynchronous invocation settled","invocation_id":"inv_01m2sbd2dm4mkvgtz7mm0a5695","status":"succeeded","target":"tachyon_serverless_application::services::invoke_async::dispatch"}
{"timestamp":"2026-09-18T04:11:50.161946Z","level":"INFO","message":"async dispatch: delivery handled","message_id":"inv_01m2sbd2dm4mkvgtz7mm0a5695","sequence":8,"delivery_count":2,"outcome":"Completed { status: \"succeeded\" }","target":"tachyon_serverless_application::services::invoke_async::dispatch"}
{"timestamp":"2026-09-18T04:11:50.162604Z","level":"INFO","message":"asynchronous run claimed","invocation_id":"inv_01m2sbd9vkybrgkz1c570qjf3d","attempt":1,"generation":0,"delivery_count":1,"target":"tachyon_serverless_application::services::invoke_async::dispatch"}
{"timestamp":"2026-09-18T04:11:50.766102Z","level":"INFO","message":"asynchronous invocation accepted","invocation_id":"inv_01m2sbdak1sfbj3jkmptfnz6tb","tenant_id":"tn_01hzzzzzzzzzzzzzzzzzzzzzza","revision_id":"rev_01m2sbcqjrcp56816zatpkjjkw","input_bytes":4127,"input_storage":"object","target":"tachyon_serverless_application::services::invoke_async"}
{"timestamp":"2026-09-18T04:11:50.856158Z","level":"INFO","message":"asynchronous invocation accepted","invocation_id":"inv_01m2sbdannwk6derxyj5fbn9nn","tenant_id":"tn_01hzzzzzzzzzzzzzzzzzzzzzza","revision_id":"rev_01m2sbcqjrcp56816zatpkjjkw","input_bytes":4127,"input_storage":"object","target":"tachyon_serverless_application::services::invoke_async"}
{"timestamp":"2026-09-18T04:11:50.955156Z","level":"INFO","message":"asynchronous invocation accepted","invocation_id":"inv_01m2sbdars1c6zxy1d9n3jm9ws","tenant_id":"tn_01hzzzzzzzzzzzzzzzzzzzzzza","revision_id":"rev_01m2sbcqjrcp56816zatpkjjkw","input_bytes":4127,"input_storage":"object","target":"tachyon_serverless_application::services::invoke_async"}
{"timestamp":"2026-09-18T04:11:51.403551Z","level":"INFO","message":"bridge spawned","environment_id":"env_01m2sbd9yqq9x5qws59fb0akz8","pid":812176,"target":"tachyon_serverless_provider_process"}
{"timestamp":"2026-09-18T04:11:51.430875Z","level":"INFO","message":"invocation finished","invocation_id":"inv_01m2sbd2d194wcgf806jhhyr0y","status":"succeeded (async run)","handler_ms":5,"environment_boot_ms":3,"runtime_init_ms":11,"target":"tachyon_serverless_application::services::invoke"}
{"timestamp":"2026-09-18T04:11:51.432851Z","level":"INFO","message":"bridge spawned","environment_id":"env_01m2sbda0jr4646dcj4v74d96c","pid":812186,"target":"tachyon_serverless_provider_process"}
{"timestamp":"2026-09-18T04:11:51.435212Z","level":"INFO","message":"terminating bridge","environment_id":"env_01m2sbd9yqq9x5qws59fb0akz8","pid":812176,"reason":"Completed","graceful":true,"target":"tachyon_serverless_provider_process"}
{"timestamp":"2026-09-18T04:11:51.450335Z","level":"INFO","message":"asynchronous invocation settled","invocation_id":"inv_01m2sbd2d194wcgf806jhhyr0y","status":"succeeded","target":"tachyon_serverless_application::services::invoke_async::dispatch"}
{"timestamp":"2026-09-18T04:11:51.453031Z","level":"INFO","message":"invocation finished","invocation_id":"inv_01m2sbd9vkybrgkz1c570qjf3d","status":"succeeded (async run)","handler_ms":0,"environment_boot_ms":3,"runtime_init_ms":16,"target":"tachyon_serverless_application::services::invoke"}
{"timestamp":"2026-09-18T04:11:51.455024Z","level":"INFO","message":"terminating bridge","environment_id":"env_01m2sbda0jr4646dcj4v74d96c","pid":812186,"reason":"Completed","graceful":true,"target":"tachyon_serverless_provider_process"}
{"timestamp":"2026-09-18T04:11:51.459322Z","level":"INFO","message":"asynchronous invocation settled","invocation_id":"inv_01m2sbd9vkybrgkz1c570qjf3d","status":"succeeded","target":"tachyon_serverless_application::services::invoke_async::dispatch"}
{"timestamp":"2026-09-18T04:11:52.002338Z","level":"INFO","message":"asynchronous invocation accepted","invocation_id":"inv_01m2sbdbt13cjg0xedz7s9r32f","tenant_id":"tn_01hzzzzzzzzzzzzzzzzzzzzzza","revision_id":"rev_01m2sbcv3s7qxv11xck3d7jh5m","input_bytes":180,"input_storage":"inline","target":"tachyon_serverless_application::services::invoke_async"}
{"timestamp":"2026-09-18T04:11:52.002370Z","level":"INFO","message":"cron trigger fired","trigger_id":"trg_01m2sbczwdbgs0jss6jjk8czqy","scheduled_at":"2026-09-18T04:11:52Z","invocation_id":"inv_01m2sbdbt13cjg0xedz7s9r32f","revision_id":"rev_01m2sbcv3s7qxv11xck3d7jh5m","replayed":false,"target":"tachyon_serverless_application::services::triggers"}
{"timestamp":"2026-09-18T04:11:52.772229Z","level":"WARN","message":"outbox: publish failed","event":"inv_01m2sbdak1sfbj3jkmptfnz6tb","attempts":1,"code":"unavailable","error":"queue unavailable: publish: timed out: didn't receive ack in time","target":"tachyon_serverless_application::services::invoke_async::publisher"}
{"timestamp":"2026-09-18T04:11:53.451798Z","level":"WARN","message":"async dispatch: ack failed; the redelivery settles on the ledger","message_id":"inv_01m2sbd2d194wcgf806jhhyr0y.g1","error":"queue unavailable: ack not confirmed: request timed out: deadline has elapsed","target":"tachyon_serverless_application::services::invoke_async::dispatch"}
{"timestamp":"2026-09-18T04:11:53.451859Z","level":"INFO","message":"async dispatch: delivery handled","message_id":"inv_01m2sbd2d194wcgf806jhhyr0y.g1","sequence":16,"delivery_count":1,"outcome":"Completed { status: \"succeeded\" }","target":"tachyon_serverless_application::services::invoke_async::dispatch"}
{"timestamp":"2026-09-18T04:11:53.461143Z","level":"WARN","message":"async dispatch: ack failed; the redelivery settles on the ledger","message_id":"inv_01m2sbd9vkybrgkz1c570qjf3d","error":"queue unavailable: ack not confirmed: request timed out: deadline has elapsed","target":"tachyon_serverless_application::services::invoke_async::dispatch"}
{"timestamp":"2026-09-18T04:11:53.461167Z","level":"INFO","message":"async dispatch: delivery handled","message_id":"inv_01m2sbd9vkybrgkz1c570qjf3d","sequence":17,"delivery_count":1,"outcome":"Completed { status: \"succeeded\" }","target":"tachyon_serverless_application::services::invoke_async::dispatch"}
{"timestamp":"2026-09-18T04:11:54.003253Z","level":"INFO","message":"asynchronous invocation accepted","invocation_id":"inv_01m2sbddrjzj0d85hc8vnb7xrw","tenant_id":"tn_01hzzzzzzzzzzzzzzzzzzzzzza","revision_id":"rev_01m2sbcv3s7qxv11xck3d7jh5m","input_bytes":180,"input_storage":"inline","target":"tachyon_serverless_application::services::invoke_async"}
{"timestamp":"2026-09-18T04:11:54.003292Z","level":"INFO","message":"cron trigger fired","trigger_id":"trg_01m2sbczwdbgs0jss6jjk8czqy","scheduled_at":"2026-09-18T04:11:54Z","invocation_id":"inv_01m2sbddrjzj0d85hc8vnb7xrw","revision_id":"rev_01m2sbcv3s7qxv11xck3d7jh5m","replayed":false,"target":"tachyon_serverless_application::services::triggers"}

===== a start (failpoints: none) 04:11:54 =====
{"timestamp":"2026-09-18T04:11:54.229766Z","level":"INFO","message":"configuration loaded","config":"/home/takanorifukuyama.guest/w/tsls-chaos.PBSMj9/gw-a.toml","target":"tachyon_serverless_gateway"}
{"timestamp":"2026-09-18T04:11:54.231672Z","level":"INFO","message":"connected successfully","server":"42387","max_payload":"1048576","target":"async_nats::connector"}
{"timestamp":"2026-09-18T04:11:54.231878Z","level":"INFO","message":"event: connected","target":"async_nats"}
{"timestamp":"2026-09-18T04:11:54.234668Z","level":"INFO","message":"JetStream queue connected and stream bootstrapped","url":"nats://127.0.0.1:42387","stream":"TACHYON_EVENTS","target":"tachyon_serverless_gateway::durable"}
{"timestamp":"2026-09-18T04:11:54.236700Z","level":"INFO","message":"state store opened","path":"/home/takanorifukuyama.guest/w/tsls-chaos.PBSMj9/data/state.db","schema_version":8,"migrations_applied":"[]","imported_state_json":"None","settled_invocations":0,"settled_attempts":0,"settled_environments":0,"released_leases":0,"dropped_idempotency_keys":0,"purged_idempotency_keys":0,"outputs_purged":0,"target":"tachyon_serverless_application::app"}
{"timestamp":"2026-09-18T04:11:54.237763Z","level":"INFO","message":"log store opened","path":"/home/takanorifukuyama.guest/w/tsls-chaos.PBSMj9/data/logs/logs.db","healthy":true,"retention_seconds":604800,"max_total_bytes":1073741824,"target":"tachyon_serverless_application::app"}
{"timestamp":"2026-09-18T04:11:54.238233Z","level":"INFO","message":"dispatcher registered","dispatcher_id":"dsp_01m2sbddzxmqahdhx7nxt9szzg","instance":"chaos-a","pid":812313,"lease_ttl_seconds":6,"target":"tachyon_serverless_application::services::dispatcher"}
{"timestamp":"2026-09-18T04:11:54.239925Z","level":"WARN","message":"reclaimed the work of dispatchers that lost their lease","dispatcher_id":"dsp_01m2sbddzxmqahdhx7nxt9szzg","reclaimed_dispatchers":"[DispatcherId(dsp_01m2sbd53ds31k8hmw2zt877w4)]","leases":2,"invocations":2,"attempts":2,"fenced":2,"target":"tachyon_serverless_application::services::dispatcher"}
{"timestamp":"2026-09-18T04:11:54.241592Z","level":"INFO","message":"application bootstrapped","profile":"dev","provider":"process","dev_only":true,"environment_reuse":false,"reuse_verified":false,"reuse_reason":"[pool] enabled is false","reuse_disabled":"Some(Configuration)","idle_quiesce":"unsupported","idle_resume":"unsupported","data_dir":"/home/takanorifukuyama.guest/w/tsls-chaos.PBSMj9/data","store":"sqlite","dispatcher_id":"dsp_01m2sbddzxmqahdhx7nxt9szzg","node":"local","node_region":"none","node_memory_mib":"None","max_concurrency":8,"queue":"nats","objects":"filesystem","invoke_async":true,"triggers":true,"target":"tachyon_serverless_application::app"}
{"timestamp":"2026-09-18T04:11:54.242062Z","level":"INFO","message":"environment stop metered by a path that did not drive it","environment_id":"env_01m2sbd86dm3shxeyh23tkrhwg","stopped_by":"reclaim","cgroup_cpu_usec":"unknown","lifetime_ms":"Some(5940)","target":"tachyon_serverless_application::services::stopped"}
{"timestamp":"2026-09-18T04:11:54.243085Z","level":"INFO","message":"fenced environment terminated and settled","environment_id":"env_01m2sbd86dm3shxeyh23tkrhwg","owner":"Some(DispatcherId(dsp_01m2sbd53ds31k8hmw2zt877w4))","was_running":false,"target":"tachyon_serverless_application::services::reconcile"}
{"timestamp":"2026-09-18T04:11:54.243191Z","level":"INFO","message":"environment stop metered by a path that did not drive it","environment_id":"env_01m2sbd86fc51zyrsn3k1qkk27","stopped_by":"reclaim","cgroup_cpu_usec":"unknown","lifetime_ms":"Some(5939)","target":"tachyon_serverless_application::services::stopped"}
{"timestamp":"2026-09-18T04:11:54.244054Z","level":"INFO","message":"fenced environment terminated and settled","environment_id":"env_01m2sbd86fc51zyrsn3k1qkk27","owner":"Some(DispatcherId(dsp_01m2sbd53ds31k8hmw2zt877w4))","was_running":false,"target":"tachyon_serverless_application::services::reconcile"}
{"timestamp":"2026-09-18T04:11:54.244175Z","level":"INFO","message":"startup reconcile finished","provider":"process","found":0,"adopted":0,"terminated":0,"disowned":0,"failed":0,"lost":0,"foreign":0,"reclaimed_dispatchers":0,"fenced_terminated":2,"fenced_pending":0,"target":"tachyon_serverless_application::services::reconcile"}
{"timestamp":"2026-09-18T04:11:54.244228Z","level":"INFO","message":"gateway listening","addr":"127.0.0.1:58053","profile":"dev","provider":"process","target":"tachyon_serverless_gateway"}
{"timestamp":"2026-09-18T04:11:54.245254Z","level":"INFO","message":"asynchronous dispatcher started","workers":2,"owner":"dsp_01m2sbddzxmqahdhx7nxt9szzg","target":"tachyon_serverless_gateway"}
{"timestamp":"2026-09-18T04:11:54.267391Z","level":"INFO","message":"asynchronous run claimed","invocation_id":"inv_01m2sbdannwk6derxyj5fbn9nn","attempt":1,"generation":0,"delivery_count":1,"target":"tachyon_serverless_application::services::invoke_async::dispatch"}
{"timestamp":"2026-09-18T04:11:54.271556Z","level":"INFO","message":"asynchronous run claimed","invocation_id":"inv_01m2sbdak1sfbj3jkmptfnz6tb","attempt":1,"generation":0,"delivery_count":1,"target":"tachyon_serverless_application::services::invoke_async::dispatch"}
{"timestamp":"2026-09-18T04:11:54.283330Z","level":"INFO","message":"outbox: re-published events the broker already had, or whose claim moved on","duplicates":1,"lost_claims":0,"marked":2,"target":"tachyon_serverless_application::services::invoke_async::publisher"}
{"timestamp":"2026-09-18T04:11:55.510020Z","level":"INFO","message":"bridge spawned","environment_id":"env_01m2sbde1q8b2z11p6pjrket5r","pid":812431,"target":"tachyon_serverless_provider_process"}
{"timestamp":"2026-09-18T04:11:55.510228Z","level":"INFO","message":"bridge spawned","environment_id":"env_01m2sbde1bagfyysfqq7nkyw9h","pid":812432,"target":"tachyon_serverless_provider_process"}
{"timestamp":"2026-09-18T04:11:55.547670Z","level":"INFO","message":"invocation finished","invocation_id":"inv_01m2sbdak1sfbj3jkmptfnz6tb","status":"succeeded (async run)","handler_ms":12,"environment_boot_ms":1,"runtime_init_ms":4,"target":"tachyon_serverless_application::services::invoke"}
{"timestamp":"2026-09-18T04:11:55.553417Z","level":"INFO","message":"invocation finished","invocation_id":"inv_01m2sbdannwk6derxyj5fbn9nn","status":"succeeded (async run)","handler_ms":12,"environment_boot_ms":1,"runtime_init_ms":4,"target":"tachyon_serverless_application::services::invoke"}
{"timestamp":"2026-09-18T04:11:55.555235Z","level":"INFO","message":"terminating bridge","environment_id":"env_01m2sbde1bagfyysfqq7nkyw9h","pid":812432,"reason":"Completed","graceful":true,"target":"tachyon_serverless_provider_process"}
{"timestamp":"2026-09-18T04:11:55.555236Z","level":"INFO","message":"terminating bridge","environment_id":"env_01m2sbde1q8b2z11p6pjrket5r","pid":812431,"reason":"Completed","graceful":true,"target":"tachyon_serverless_provider_process"}
{"timestamp":"2026-09-18T04:11:55.558465Z","level":"INFO","message":"asynchronous invocation settled","invocation_id":"inv_01m2sbdannwk6derxyj5fbn9nn","status":"succeeded","target":"tachyon_serverless_application::services::invoke_async::dispatch"}
{"timestamp":"2026-09-18T04:11:55.559296Z","level":"INFO","message":"async dispatch: delivery handled","message_id":"inv_01m2sbdannwk6derxyj5fbn9nn","sequence":19,"delivery_count":1,"outcome":"Completed { status: \"succeeded\" }","target":"tachyon_serverless_application::services::invoke_async::dispatch"}
{"timestamp":"2026-09-18T04:11:55.560426Z","level":"INFO","message":"asynchronous run claimed","invocation_id":"inv_01m2sbddrjzj0d85hc8vnb7xrw","attempt":1,"generation":0,"delivery_count":1,"target":"tachyon_serverless_application::services::invoke_async::dispatch"}
{"timestamp":"2026-09-18T04:11:55.561181Z","level":"INFO","message":"asynchronous invocation settled","invocation_id":"inv_01m2sbdak1sfbj3jkmptfnz6tb","status":"succeeded","target":"tachyon_serverless_application::services::invoke_async::dispatch"}
{"timestamp":"2026-09-18T04:11:55.561732Z","level":"INFO","message":"async dispatch: delivery handled","message_id":"inv_01m2sbdak1sfbj3jkmptfnz6tb","sequence":18,"delivery_count":1,"outcome":"Completed { status: \"succeeded\" }","target":"tachyon_serverless_application::services::invoke_async::dispatch"}
{"timestamp":"2026-09-18T04:11:55.810525Z","level":"INFO","message":"asynchronous run claimed","invocation_id":"inv_01m2sbdars1c6zxy1d9n3jm9ws","attempt":1,"generation":0,"delivery_count":1,"target":"tachyon_serverless_application::services::invoke_async::dispatch"}
{"timestamp":"2026-09-18T04:11:56.003316Z","level":"INFO","message":"asynchronous invocation accepted","invocation_id":"inv_01m2sbdfq209y8gcdyxxszajs5","tenant_id":"tn_01hzzzzzzzzzzzzzzzzzzzzzza","revision_id":"rev_01m2sbcv3s7qxv11xck3d7jh5m","input_bytes":180,"input_storage":"inline","target":"tachyon_serverless_application::services::invoke_async"}
{"timestamp":"2026-09-18T04:11:56.003356Z","level":"INFO","message":"cron trigger fired","trigger_id":"trg_01m2sbczwdbgs0jss6jjk8czqy","scheduled_at":"2026-09-18T04:11:56Z","invocation_id":"inv_01m2sbdfq209y8gcdyxxszajs5","revision_id":"rev_01m2sbcv3s7qxv11xck3d7jh5m","replayed":false,"target":"tachyon_serverless_application::services::triggers"}
{"timestamp":"2026-09-18T04:11:56.750180Z","level":"INFO","message":"bridge spawned","environment_id":"env_01m2sbdf99ha7fj3wx998n6fr0","pid":812627,"target":"tachyon_serverless_provider_process"}
{"timestamp":"2026-09-18T04:11:56.771928Z","level":"INFO","message":"invocation finished","invocation_id":"inv_01m2sbddrjzj0d85hc8vnb7xrw","status":"succeeded (async run)","handler_ms":4,"environment_boot_ms":1,"runtime_init_ms":4,"target":"tachyon_serverless_application::services::invoke"}
{"timestamp":"2026-09-18T04:11:56.773916Z","level":"INFO","message":"terminating bridge","environment_id":"env_01m2sbdf99ha7fj3wx998n6fr0","pid":812627,"reason":"Completed","graceful":true,"target":"tachyon_serverless_provider_process"}
{"timestamp":"2026-09-18T04:11:56.777172Z","level":"INFO","message":"asynchronous invocation settled","invocation_id":"inv_01m2sbddrjzj0d85hc8vnb7xrw","status":"succeeded","target":"tachyon_serverless_application::services::invoke_async::dispatch"}
{"timestamp":"2026-09-18T04:11:56.777811Z","level":"INFO","message":"async dispatch: delivery handled","message_id":"inv_01m2sbddrjzj0d85hc8vnb7xrw","sequence":20,"delivery_count":1,"outcome":"Completed { status: \"succeeded\" }","target":"tachyon_serverless_application::services::invoke_async::dispatch"}
{"timestamp":"2026-09-18T04:11:56.778556Z","level":"INFO","message":"asynchronous run claimed","invocation_id":"inv_01m2sbdbt13cjg0xedz7s9r32f","attempt":1,"generation":0,"delivery_count":1,"target":"tachyon_serverless_application::services::invoke_async::dispatch"}
{"timestamp":"2026-09-18T04:11:57.033540Z","level":"INFO","message":"bridge spawned","environment_id":"env_01m2sbdfh4g64rf3vfz4yzqghx","pid":812680,"target":"tachyon_serverless_provider_process"}
{"timestamp":"2026-09-18T04:11:57.066089Z","level":"INFO","message":"invocation finished","invocation_id":"inv_01m2sbdars1c6zxy1d9n3jm9ws","status":"succeeded (async run)","handler_ms":5,"environment_boot_ms":1,"runtime_init_ms":8,"target":"tachyon_serverless_application::services::invoke"}
{"timestamp":"2026-09-18T04:11:57.071526Z","level":"INFO","message":"terminating bridge","environment_id":"env_01m2sbdfh4g64rf3vfz4yzqghx","pid":812680,"reason":"Completed","graceful":true,"target":"tachyon_serverless_provider_process"}
{"timestamp":"2026-09-18T04:11:57.079262Z","level":"INFO","message":"asynchronous invocation settled","invocation_id":"inv_01m2sbdars1c6zxy1d9n3jm9ws","status":"succeeded","target":"tachyon_serverless_application::services::invoke_async::dispatch"}
{"timestamp":"2026-09-18T04:11:57.080037Z","level":"INFO","message":"async dispatch: delivery handled","message_id":"inv_01m2sbdars1c6zxy1d9n3jm9ws","sequence":21,"delivery_count":1,"outcome":"Completed { status: \"succeeded\" }","target":"tachyon_serverless_application::services::invoke_async::dispatch"}
{"timestamp":"2026-09-18T04:11:57.080801Z","level":"INFO","message":"asynchronous run claimed","invocation_id":"inv_01m2sbdfq209y8gcdyxxszajs5","attempt":1,"generation":0,"delivery_count":1,"target":"tachyon_serverless_application::services::invoke_async::dispatch"}
{"timestamp":"2026-09-18T04:11:57.965866Z","level":"INFO","message":"bridge spawned","environment_id":"env_01m2sbdgfabsh2jfs9d600en5g","pid":812819,"target":"tachyon_serverless_provider_process"}
{"timestamp":"2026-09-18T04:11:58.012803Z","level":"INFO","message":"invocation finished","invocation_id":"inv_01m2sbdbt13cjg0xedz7s9r32f","status":"succeeded (async run)","handler_ms":6,"environment_boot_ms":3,"runtime_init_ms":15,"target":"tachyon_serverless_application::services::invoke"}
{"timestamp":"2026-09-18T04:11:58.014004Z","level":"INFO","message":"asynchronous invocation accepted","invocation_id":"inv_01m2sbdhnxk0nv0tzqhccqw9t8","tenant_id":"tn_01hzzzzzzzzzzzzzzzzzzzzzza","revision_id":"rev_01m2sbcv3s7qxv11xck3d7jh5m","input_bytes":180,"input_storage":"inline","target":"tachyon_serverless_application::services::invoke_async"}
{"timestamp":"2026-09-18T04:11:58.014031Z","level":"INFO","message":"cron trigger fired","trigger_id":"trg_01m2sbczwdbgs0jss6jjk8czqy","scheduled_at":"2026-09-18T04:11:58Z","invocation_id":"inv_01m2sbdhnxk0nv0tzqhccqw9t8","revision_id":"rev_01m2sbcv3s7qxv11xck3d7jh5m","replayed":false,"target":"tachyon_serverless_application::services::triggers"}
{"timestamp":"2026-09-18T04:11:58.015330Z","level":"INFO","message":"terminating bridge","environment_id":"env_01m2sbdgfabsh2jfs9d600en5g","pid":812819,"reason":"Completed","graceful":true,"target":"tachyon_serverless_provider_process"}
{"timestamp":"2026-09-18T04:11:58.021948Z","level":"INFO","message":"asynchronous invocation settled","invocation_id":"inv_01m2sbdbt13cjg0xedz7s9r32f","status":"succeeded","target":"tachyon_serverless_application::services::invoke_async::dispatch"}
{"timestamp":"2026-09-18T04:11:58.023384Z","level":"INFO","message":"async dispatch: delivery handled","message_id":"inv_01m2sbdbt13cjg0xedz7s9r32f","sequence":22,"delivery_count":1,"outcome":"Completed { status: \"succeeded\" }","target":"tachyon_serverless_application::services::invoke_async::dispatch"}
{"timestamp":"2026-09-18T04:11:58.024557Z","level":"INFO","message":"asynchronous run claimed","invocation_id":"inv_01m2sbdhnxk0nv0tzqhccqw9t8","attempt":1,"generation":0,"delivery_count":1,"target":"tachyon_serverless_application::services::invoke_async::dispatch"}
{"timestamp":"2026-09-18T04:11:58.268437Z","level":"INFO","message":"bridge spawned","environment_id":"env_01m2sbdgrrdvce7f2va429vhnt","pid":812872,"target":"tachyon_serverless_provider_process"}
{"timestamp":"2026-09-18T04:11:58.311715Z","level":"INFO","message":"invocation finished","invocation_id":"inv_01m2sbdfq209y8gcdyxxszajs5","status":"succeeded (async run)","handler_ms":6,"environment_boot_ms":2,"runtime_init_ms":16,"target":"tachyon_serverless_application::services::invoke"}
{"timestamp":"2026-09-18T04:11:58.313632Z","level":"INFO","message":"terminating bridge","environment_id":"env_01m2sbdgrrdvce7f2va429vhnt","pid":812872,"reason":"Completed","graceful":true,"target":"tachyon_serverless_provider_process"}
{"timestamp":"2026-09-18T04:11:58.317970Z","level":"INFO","message":"asynchronous invocation settled","invocation_id":"inv_01m2sbdfq209y8gcdyxxszajs5","status":"succeeded","target":"tachyon_serverless_application::services::invoke_async::dispatch"}
{"timestamp":"2026-09-18T04:11:58.318857Z","level":"INFO","message":"async dispatch: delivery handled","message_id":"inv_01m2sbdfq209y8gcdyxxszajs5","sequence":23,"delivery_count":1,"outcome":"Completed { status: \"succeeded\" }","target":"tachyon_serverless_application::services::invoke_async::dispatch"}
{"timestamp":"2026-09-18T04:11:59.201599Z","level":"INFO","message":"bridge spawned","environment_id":"env_01m2sbdhp82qtzsc0v3m53mn12","pid":813033,"target":"tachyon_serverless_provider_process"}
{"timestamp":"2026-09-18T04:11:59.249410Z","level":"INFO","message":"invocation finished","invocation_id":"inv_01m2sbdhnxk0nv0tzqhccqw9t8","status":"succeeded (async run)","handler_ms":6,"environment_boot_ms":1,"runtime_init_ms":17,"target":"tachyon_serverless_application::services::invoke"}
{"timestamp":"2026-09-18T04:11:59.251385Z","level":"INFO","message":"terminating bridge","environment_id":"env_01m2sbdhp82qtzsc0v3m53mn12","pid":813033,"reason":"Completed","graceful":true,"target":"tachyon_serverless_provider_process"}
{"timestamp":"2026-09-18T04:11:59.254562Z","level":"INFO","message":"asynchronous invocation settled","invocation_id":"inv_01m2sbdhnxk0nv0tzqhccqw9t8","status":"succeeded","target":"tachyon_serverless_application::services::invoke_async::dispatch"}
{"timestamp":"2026-09-18T04:11:59.255594Z","level":"INFO","message":"async dispatch: delivery handled","message_id":"inv_01m2sbdhnxk0nv0tzqhccqw9t8","sequence":24,"delivery_count":1,"outcome":"Completed { status: \"succeeded\" }","target":"tachyon_serverless_application::services::invoke_async::dispatch"}
{"timestamp":"2026-09-18T04:12:00.006036Z","level":"INFO","message":"asynchronous invocation accepted","invocation_id":"inv_01m2sbdkm424960ndt5g5se9xq","tenant_id":"tn_01hzzzzzzzzzzzzzzzzzzzzzza","revision_id":"rev_01m2sbcv3s7qxv11xck3d7jh5m","input_bytes":180,"input_storage":"inline","target":"tachyon_serverless_application::services::invoke_async"}
{"timestamp":"2026-09-18T04:12:00.006088Z","level":"INFO","message":"cron trigger fired","trigger_id":"trg_01m2sbczwdbgs0jss6jjk8czqy","scheduled_at":"2026-09-18T04:12:00Z","invocation_id":"inv_01m2sbdkm424960ndt5g5se9xq","revision_id":"rev_01m2sbcv3s7qxv11xck3d7jh5m","replayed":false,"target":"tachyon_serverless_application::services::triggers"}
{"timestamp":"2026-09-18T04:12:00.009809Z","level":"INFO","message":"asynchronous run claimed","invocation_id":"inv_01m2sbdkm424960ndt5g5se9xq","attempt":1,"generation":0,"delivery_count":1,"target":"tachyon_serverless_application::services::invoke_async::dispatch"}
{"timestamp":"2026-09-18T04:12:01.186235Z","level":"INFO","message":"bridge spawned","environment_id":"env_01m2sbdkma34d3xvsr13q9pakn","pid":813325,"target":"tachyon_serverless_provider_process"}
{"timestamp":"2026-09-18T04:12:01.225312Z","level":"INFO","message":"invocation finished","invocation_id":"inv_01m2sbdkm424960ndt5g5se9xq","status":"succeeded (async run)","handler_ms":5,"environment_boot_ms":1,"runtime_init_ms":15,"target":"tachyon_serverless_application::services::invoke"}
{"timestamp":"2026-09-18T04:12:01.231228Z","level":"INFO","message":"terminating bridge","environment_id":"env_01m2sbdkma34d3xvsr13q9pakn","pid":813325,"reason":"Completed","graceful":true,"target":"tachyon_serverless_provider_process"}
{"timestamp":"2026-09-18T04:12:01.237248Z","level":"INFO","message":"asynchronous invocation settled","invocation_id":"inv_01m2sbdkm424960ndt5g5se9xq","status":"succeeded","target":"tachyon_serverless_application::services::invoke_async::dispatch"}
{"timestamp":"2026-09-18T04:12:01.238292Z","level":"INFO","message":"async dispatch: delivery handled","message_id":"inv_01m2sbdkm424960ndt5g5se9xq","sequence":25,"delivery_count":1,"outcome":"Completed { status: \"succeeded\" }","target":"tachyon_serverless_application::services::invoke_async::dispatch"}
{"timestamp":"2026-09-18T04:12:02.013453Z","level":"INFO","message":"asynchronous invocation accepted","invocation_id":"inv_01m2sbdnjrm45asy7xmy89r8f3","tenant_id":"tn_01hzzzzzzzzzzzzzzzzzzzzzza","revision_id":"rev_01m2sbcv3s7qxv11xck3d7jh5m","input_bytes":180,"input_storage":"inline","target":"tachyon_serverless_application::services::invoke_async"}
{"timestamp":"2026-09-18T04:12:02.013685Z","level":"INFO","message":"cron trigger fired","trigger_id":"trg_01m2sbczwdbgs0jss6jjk8czqy","scheduled_at":"2026-09-18T04:12:02Z","invocation_id":"inv_01m2sbdnjrm45asy7xmy89r8f3","revision_id":"rev_01m2sbcv3s7qxv11xck3d7jh5m","replayed":false,"target":"tachyon_serverless_application::services::triggers"}
{"timestamp":"2026-09-18T04:12:02.024022Z","level":"INFO","message":"asynchronous run claimed","invocation_id":"inv_01m2sbdnjrm45asy7xmy89r8f3","attempt":1,"generation":0,"delivery_count":1,"target":"tachyon_serverless_application::services::invoke_async::dispatch"}
{"timestamp":"2026-09-18T04:12:03.222344Z","level":"INFO","message":"bridge spawned","environment_id":"env_01m2sbdnk86b2ygfc5p8yrydwd","pid":813593,"target":"tachyon_serverless_provider_process"}
{"timestamp":"2026-09-18T04:12:03.245476Z","level":"INFO","message":"invocation finished","invocation_id":"inv_01m2sbdnjrm45asy7xmy89r8f3","status":"succeeded (async run)","handler_ms":6,"environment_boot_ms":1,"runtime_init_ms":3,"target":"tachyon_serverless_application::services::invoke"}
{"timestamp":"2026-09-18T04:12:03.247063Z","level":"INFO","message":"terminating bridge","environment_id":"env_01m2sbdnk86b2ygfc5p8yrydwd","pid":813593,"reason":"Completed","graceful":true,"target":"tachyon_serverless_provider_process"}
{"timestamp":"2026-09-18T04:12:03.254587Z","level":"INFO","message":"asynchronous invocation settled","invocation_id":"inv_01m2sbdnjrm45asy7xmy89r8f3","status":"succeeded","target":"tachyon_serverless_application::services::invoke_async::dispatch"}
{"timestamp":"2026-09-18T04:12:03.256687Z","level":"INFO","message":"async dispatch: delivery handled","message_id":"inv_01m2sbdnjrm45asy7xmy89r8f3","sequence":26,"delivery_count":1,"outcome":"Completed { status: \"succeeded\" }","target":"tachyon_serverless_application::services::invoke_async::dispatch"}
{"timestamp":"2026-09-18T04:12:04.004603Z","level":"INFO","message":"asynchronous invocation accepted","invocation_id":"inv_01m2sbdqh3ghv2kvnm1tmc6wms","tenant_id":"tn_01hzzzzzzzzzzzzzzzzzzzzzza","revision_id":"rev_01m2sbcv3s7qxv11xck3d7jh5m","input_bytes":180,"input_storage":"inline","target":"tachyon_serverless_application::services::invoke_async"}
{"timestamp":"2026-09-18T04:12:04.004645Z","level":"INFO","message":"cron trigger fired","trigger_id":"trg_01m2sbczwdbgs0jss6jjk8czqy","scheduled_at":"2026-09-18T04:12:04Z","invocation_id":"inv_01m2sbdqh3ghv2kvnm1tmc6wms","revision_id":"rev_01m2sbcv3s7qxv11xck3d7jh5m","replayed":false,"target":"tachyon_serverless_application::services::triggers"}
{"timestamp":"2026-09-18T04:12:04.007520Z","level":"INFO","message":"asynchronous run claimed","invocation_id":"inv_01m2sbdqh3ghv2kvnm1tmc6wms","attempt":1,"generation":0,"delivery_count":1,"target":"tachyon_serverless_application::services::invoke_async::dispatch"}
{"timestamp":"2026-09-18T04:12:05.176614Z","level":"INFO","message":"bridge spawned","environment_id":"env_01m2sbdqh7q0xrw2m04c3wztmx","pid":813906,"target":"tachyon_serverless_provider_process"}
{"timestamp":"2026-09-18T04:12:05.213858Z","level":"INFO","message":"invocation finished","invocation_id":"inv_01m2sbdqh3ghv2kvnm1tmc6wms","status":"succeeded (async run)","handler_ms":4,"environment_boot_ms":1,"runtime_init_ms":15,"target":"tachyon_serverless_application::services::invoke"}
{"timestamp":"2026-09-18T04:12:05.222427Z","level":"INFO","message":"terminating bridge","environment_id":"env_01m2sbdqh7q0xrw2m04c3wztmx","pid":813906,"reason":"Completed","graceful":true,"target":"tachyon_serverless_provider_process"}
{"timestamp":"2026-09-18T04:12:05.227641Z","level":"INFO","message":"asynchronous invocation settled","invocation_id":"inv_01m2sbdqh3ghv2kvnm1tmc6wms","status":"succeeded","target":"tachyon_serverless_application::services::invoke_async::dispatch"}
{"timestamp":"2026-09-18T04:12:05.228557Z","level":"INFO","message":"async dispatch: delivery handled","message_id":"inv_01m2sbdqh3ghv2kvnm1tmc6wms","sequence":27,"delivery_count":1,"outcome":"Completed { status: \"succeeded\" }","target":"tachyon_serverless_application::services::invoke_async::dispatch"}
{"timestamp":"2026-09-18T04:12:06.005676Z","level":"INFO","message":"asynchronous invocation accepted","invocation_id":"inv_01m2sbdsfk97etmzwb1ysw7es3","tenant_id":"tn_01hzzzzzzzzzzzzzzzzzzzzzza","revision_id":"rev_01m2sbcv3s7qxv11xck3d7jh5m","input_bytes":180,"input_storage":"inline","target":"tachyon_serverless_application::services::invoke_async"}
{"timestamp":"2026-09-18T04:12:06.005784Z","level":"INFO","message":"cron trigger fired","trigger_id":"trg_01m2sbczwdbgs0jss6jjk8czqy","scheduled_at":"2026-09-18T04:12:06Z","invocation_id":"inv_01m2sbdsfk97etmzwb1ysw7es3","revision_id":"rev_01m2sbcv3s7qxv11xck3d7jh5m","replayed":false,"target":"tachyon_serverless_application::services::triggers"}
{"timestamp":"2026-09-18T04:12:06.013053Z","level":"INFO","message":"asynchronous run claimed","invocation_id":"inv_01m2sbdsfk97etmzwb1ysw7es3","attempt":1,"generation":0,"delivery_count":1,"target":"tachyon_serverless_application::services::invoke_async::dispatch"}
{"timestamp":"2026-09-18T04:12:07.198989Z","level":"INFO","message":"bridge spawned","environment_id":"env_01m2sbdsfx0b5gfq66ft6qmn40","pid":814175,"target":"tachyon_serverless_provider_process"}
{"timestamp":"2026-09-18T04:12:07.235378Z","level":"INFO","message":"invocation finished","invocation_id":"inv_01m2sbdsfk97etmzwb1ysw7es3","status":"succeeded (async run)","handler_ms":8,"environment_boot_ms":1,"runtime_init_ms":16,"target":"tachyon_serverless_application::services::invoke"}
{"timestamp":"2026-09-18T04:12:07.240326Z","level":"INFO","message":"terminating bridge","environment_id":"env_01m2sbdsfx0b5gfq66ft6qmn40","pid":814175,"reason":"Completed","graceful":true,"target":"tachyon_serverless_provider_process"}
{"timestamp":"2026-09-18T04:12:07.243643Z","level":"INFO","message":"asynchronous invocation settled","invocation_id":"inv_01m2sbdsfk97etmzwb1ysw7es3","status":"succeeded","target":"tachyon_serverless_application::services::invoke_async::dispatch"}
{"timestamp":"2026-09-18T04:12:07.244873Z","level":"INFO","message":"async dispatch: delivery handled","message_id":"inv_01m2sbdsfk97etmzwb1ysw7es3","sequence":28,"delivery_count":1,"outcome":"Completed { status: \"succeeded\" }","target":"tachyon_serverless_application::services::invoke_async::dispatch"}
{"timestamp":"2026-09-18T04:12:08.004463Z","level":"INFO","message":"asynchronous invocation accepted","invocation_id":"inv_01m2sbdve39hfe69xeeabe91np","tenant_id":"tn_01hzzzzzzzzzzzzzzzzzzzzzza","revision_id":"rev_01m2sbcv3s7qxv11xck3d7jh5m","input_bytes":180,"input_storage":"inline","target":"tachyon_serverless_application::services::invoke_async"}
{"timestamp":"2026-09-18T04:12:08.004518Z","level":"INFO","message":"cron trigger fired","trigger_id":"trg_01m2sbczwdbgs0jss6jjk8czqy","scheduled_at":"2026-09-18T04:12:08Z","invocation_id":"inv_01m2sbdve39hfe69xeeabe91np","revision_id":"rev_01m2sbcv3s7qxv11xck3d7jh5m","replayed":false,"target":"tachyon_serverless_application::services::triggers"}
{"timestamp":"2026-09-18T04:12:08.008805Z","level":"INFO","message":"asynchronous run claimed","invocation_id":"inv_01m2sbdve39hfe69xeeabe91np","attempt":1,"generation":0,"delivery_count":1,"target":"tachyon_serverless_application::services::invoke_async::dispatch"}
{"timestamp":"2026-09-18T04:12:09.182496Z","level":"INFO","message":"bridge spawned","environment_id":"env_01m2sbdve9vemphn736mqgpy7z","pid":814451,"target":"tachyon_serverless_provider_process"}
{"timestamp":"2026-09-18T04:12:09.205656Z","level":"INFO","message":"invocation finished","invocation_id":"inv_01m2sbdve39hfe69xeeabe91np","status":"succeeded (async run)","handler_ms":4,"environment_boot_ms":1,"runtime_init_ms":5,"target":"tachyon_serverless_application::services::invoke"}
{"timestamp":"2026-09-18T04:12:09.207621Z","level":"INFO","message":"terminating bridge","environment_id":"env_01m2sbdve9vemphn736mqgpy7z","pid":814451,"reason":"Completed","graceful":true,"target":"tachyon_serverless_provider_process"}
{"timestamp":"2026-09-18T04:12:09.211390Z","level":"INFO","message":"asynchronous invocation settled","invocation_id":"inv_01m2sbdve39hfe69xeeabe91np","status":"succeeded","target":"tachyon_serverless_application::services::invoke_async::dispatch"}
{"timestamp":"2026-09-18T04:12:09.212216Z","level":"INFO","message":"async dispatch: delivery handled","message_id":"inv_01m2sbdve39hfe69xeeabe91np","sequence":29,"delivery_count":1,"outcome":"Completed { status: \"succeeded\" }","target":"tachyon_serverless_application::services::invoke_async::dispatch"}
{"timestamp":"2026-09-18T04:12:10.015129Z","level":"INFO","message":"asynchronous invocation accepted","invocation_id":"inv_01m2sbdxcx99h54qewczv1twv2","tenant_id":"tn_01hzzzzzzzzzzzzzzzzzzzzzza","revision_id":"rev_01m2sbcv3s7qxv11xck3d7jh5m","input_bytes":180,"input_storage":"inline","target":"tachyon_serverless_application::services::invoke_async"}
{"timestamp":"2026-09-18T04:12:10.015207Z","level":"INFO","message":"cron trigger fired","trigger_id":"trg_01m2sbczwdbgs0jss6jjk8czqy","scheduled_at":"2026-09-18T04:12:10Z","invocation_id":"inv_01m2sbdxcx99h54qewczv1twv2","revision_id":"rev_01m2sbcv3s7qxv11xck3d7jh5m","replayed":false,"target":"tachyon_serverless_application::services::triggers"}
{"timestamp":"2026-09-18T04:12:10.020249Z","level":"INFO","message":"asynchronous run claimed","invocation_id":"inv_01m2sbdxcx99h54qewczv1twv2","attempt":1,"generation":0,"delivery_count":1,"target":"tachyon_serverless_application::services::invoke_async::dispatch"}
{"timestamp":"2026-09-18T04:12:11.196403Z","level":"INFO","message":"bridge spawned","environment_id":"env_01m2sbdxd40amse639hj41f6ee","pid":814757,"target":"tachyon_serverless_provider_process"}
{"timestamp":"2026-09-18T04:12:11.234247Z","level":"INFO","message":"invocation finished","invocation_id":"inv_01m2sbdxcx99h54qewczv1twv2","status":"succeeded (async run)","handler_ms":9,"environment_boot_ms":1,"runtime_init_ms":11,"target":"tachyon_serverless_application::services::invoke"}
{"timestamp":"2026-09-18T04:12:11.239498Z","level":"INFO","message":"terminating bridge","environment_id":"env_01m2sbdxd40amse639hj41f6ee","pid":814757,"reason":"Completed","graceful":true,"target":"tachyon_serverless_provider_process"}
{"timestamp":"2026-09-18T04:12:11.242848Z","level":"INFO","message":"asynchronous invocation settled","invocation_id":"inv_01m2sbdxcx99h54qewczv1twv2","status":"succeeded","target":"tachyon_serverless_application::services::invoke_async::dispatch"}
{"timestamp":"2026-09-18T04:12:11.243716Z","level":"INFO","message":"async dispatch: delivery handled","message_id":"inv_01m2sbdxcx99h54qewczv1twv2","sequence":30,"delivery_count":1,"outcome":"Completed { status: \"succeeded\" }","target":"tachyon_serverless_application::services::invoke_async::dispatch"}
{"timestamp":"2026-09-18T04:12:12.016276Z","level":"INFO","message":"asynchronous invocation accepted","invocation_id":"inv_01m2sbdzbb12424k6yymrsmahy","tenant_id":"tn_01hzzzzzzzzzzzzzzzzzzzzzza","revision_id":"rev_01m2sbcv3s7qxv11xck3d7jh5m","input_bytes":180,"input_storage":"inline","target":"tachyon_serverless_application::services::invoke_async"}
{"timestamp":"2026-09-18T04:12:12.016459Z","level":"INFO","message":"cron trigger fired","trigger_id":"trg_01m2sbczwdbgs0jss6jjk8czqy","scheduled_at":"2026-09-18T04:12:12Z","invocation_id":"inv_01m2sbdzbb12424k6yymrsmahy","revision_id":"rev_01m2sbcv3s7qxv11xck3d7jh5m","replayed":false,"target":"tachyon_serverless_application::services::triggers"}
{"timestamp":"2026-09-18T04:12:12.027288Z","level":"INFO","message":"asynchronous run claimed","invocation_id":"inv_01m2sbdzbb12424k6yymrsmahy","attempt":1,"generation":0,"delivery_count":1,"target":"tachyon_serverless_application::services::invoke_async::dispatch"}
{"timestamp":"2026-09-18T04:12:13.223263Z","level":"INFO","message":"bridge spawned","environment_id":"env_01m2sbdzbw3mmaqpbgv1s7a6s5","pid":815025,"target":"tachyon_serverless_provider_process"}
{"timestamp":"2026-09-18T04:12:13.271142Z","level":"INFO","message":"invocation finished","invocation_id":"inv_01m2sbdzbb12424k6yymrsmahy","status":"succeeded (async run)","handler_ms":4,"environment_boot_ms":1,"runtime_init_ms":21,"target":"tachyon_serverless_application::services::invoke"}
{"timestamp":"2026-09-18T04:12:13.271869Z","level":"INFO","message":"terminating bridge","environment_id":"env_01m2sbdzbw3mmaqpbgv1s7a6s5","pid":815025,"reason":"Completed","graceful":true,"target":"tachyon_serverless_provider_process"}
{"timestamp":"2026-09-18T04:12:13.275705Z","level":"INFO","message":"asynchronous invocation settled","invocation_id":"inv_01m2sbdzbb12424k6yymrsmahy","status":"succeeded","target":"tachyon_serverless_application::services::invoke_async::dispatch"}
{"timestamp":"2026-09-18T04:12:13.276981Z","level":"INFO","message":"async dispatch: delivery handled","message_id":"inv_01m2sbdzbb12424k6yymrsmahy","sequence":31,"delivery_count":1,"outcome":"Completed { status: \"succeeded\" }","target":"tachyon_serverless_application::services::invoke_async::dispatch"}
{"timestamp":"2026-09-18T04:12:14.003991Z","level":"INFO","message":"asynchronous invocation accepted","invocation_id":"inv_01m2sbe19jszpkaf7rcqcdg507","tenant_id":"tn_01hzzzzzzzzzzzzzzzzzzzzzza","revision_id":"rev_01m2sbcv3s7qxv11xck3d7jh5m","input_bytes":180,"input_storage":"inline","target":"tachyon_serverless_application::services::invoke_async"}
{"timestamp":"2026-09-18T04:12:14.004034Z","level":"INFO","message":"cron trigger fired","trigger_id":"trg_01m2sbczwdbgs0jss6jjk8czqy","scheduled_at":"2026-09-18T04:12:14Z","invocation_id":"inv_01m2sbe19jszpkaf7rcqcdg507","revision_id":"rev_01m2sbcv3s7qxv11xck3d7jh5m","replayed":false,"target":"tachyon_serverless_application::services::triggers"}
{"timestamp":"2026-09-18T04:12:14.006478Z","level":"INFO","message":"asynchronous run claimed","invocation_id":"inv_01m2sbe19jszpkaf7rcqcdg507","attempt":1,"generation":0,"delivery_count":1,"target":"tachyon_serverless_application::services::invoke_async::dispatch"}
{"timestamp":"2026-09-18T04:12:15.175000Z","level":"INFO","message":"bridge spawned","environment_id":"env_01m2sbe19pxyab5bg2hr9yb43r","pid":815339,"target":"tachyon_serverless_provider_process"}
{"timestamp":"2026-09-18T04:12:15.197042Z","level":"INFO","message":"invocation finished","invocation_id":"inv_01m2sbe19jszpkaf7rcqcdg507","status":"succeeded (async run)","handler_ms":4,"environment_boot_ms":1,"runtime_init_ms":3,"target":"tachyon_serverless_application::services::invoke"}
{"timestamp":"2026-09-18T04:12:15.199197Z","level":"INFO","message":"terminating bridge","environment_id":"env_01m2sbe19pxyab5bg2hr9yb43r","pid":815339,"reason":"Completed","graceful":true,"target":"tachyon_serverless_provider_process"}
{"timestamp":"2026-09-18T04:12:15.202499Z","level":"INFO","message":"asynchronous invocation settled","invocation_id":"inv_01m2sbe19jszpkaf7rcqcdg507","status":"succeeded","target":"tachyon_serverless_application::services::invoke_async::dispatch"}
{"timestamp":"2026-09-18T04:12:15.203468Z","level":"INFO","message":"async dispatch: delivery handled","message_id":"inv_01m2sbe19jszpkaf7rcqcdg507","sequence":32,"delivery_count":1,"outcome":"Completed { status: \"succeeded\" }","target":"tachyon_serverless_application::services::invoke_async::dispatch"}
{"timestamp":"2026-09-18T04:12:16.007037Z","level":"INFO","message":"asynchronous invocation accepted","invocation_id":"inv_01m2sbe384af0jysmq1q6aw1c4","tenant_id":"tn_01hzzzzzzzzzzzzzzzzzzzzzza","revision_id":"rev_01m2sbcv3s7qxv11xck3d7jh5m","input_bytes":180,"input_storage":"inline","target":"tachyon_serverless_application::services::invoke_async"}
{"timestamp":"2026-09-18T04:12:16.007165Z","level":"INFO","message":"cron trigger fired","trigger_id":"trg_01m2sbczwdbgs0jss6jjk8czqy","scheduled_at":"2026-09-18T04:12:16Z","invocation_id":"inv_01m2sbe384af0jysmq1q6aw1c4","revision_id":"rev_01m2sbcv3s7qxv11xck3d7jh5m","replayed":false,"target":"tachyon_serverless_application::services::triggers"}
{"timestamp":"2026-09-18T04:12:16.015062Z","level":"INFO","message":"asynchronous run claimed","invocation_id":"inv_01m2sbe384af0jysmq1q6aw1c4","attempt":1,"generation":0,"delivery_count":1,"target":"tachyon_serverless_application::services::invoke_async::dispatch"}
{"timestamp":"2026-09-18T04:12:17.203917Z","level":"INFO","message":"bridge spawned","environment_id":"env_01m2sbe38fmzza71gwbp0j3t9r","pid":815607,"target":"tachyon_serverless_provider_process"}
{"timestamp":"2026-09-18T04:12:17.244826Z","level":"INFO","message":"invocation finished","invocation_id":"inv_01m2sbe384af0jysmq1q6aw1c4","status":"succeeded (async run)","handler_ms":4,"environment_boot_ms":1,"runtime_init_ms":17,"target":"tachyon_serverless_application::services::invoke"}
{"timestamp":"2026-09-18T04:12:17.252442Z","level":"INFO","message":"terminating bridge","environment_id":"env_01m2sbe38fmzza71gwbp0j3t9r","pid":815607,"reason":"Completed","graceful":true,"target":"tachyon_serverless_provider_process"}
{"timestamp":"2026-09-18T04:12:17.256379Z","level":"INFO","message":"asynchronous invocation settled","invocation_id":"inv_01m2sbe384af0jysmq1q6aw1c4","status":"succeeded","target":"tachyon_serverless_application::services::invoke_async::dispatch"}
{"timestamp":"2026-09-18T04:12:17.257248Z","level":"INFO","message":"async dispatch: delivery handled","message_id":"inv_01m2sbe384af0jysmq1q6aw1c4","sequence":33,"delivery_count":1,"outcome":"Completed { status: \"succeeded\" }","target":"tachyon_serverless_application::services::invoke_async::dispatch"}
{"timestamp":"2026-09-18T04:12:18.003263Z","level":"INFO","message":"asynchronous invocation accepted","invocation_id":"inv_01m2sbe56j0hxexsp0bn1gfvdv","tenant_id":"tn_01hzzzzzzzzzzzzzzzzzzzzzza","revision_id":"rev_01m2sbcv3s7qxv11xck3d7jh5m","input_bytes":180,"input_storage":"inline","target":"tachyon_serverless_application::services::invoke_async"}
{"timestamp":"2026-09-18T04:12:18.003309Z","level":"INFO","message":"cron trigger fired","trigger_id":"trg_01m2sbczwdbgs0jss6jjk8czqy","scheduled_at":"2026-09-18T04:12:18Z","invocation_id":"inv_01m2sbe56j0hxexsp0bn1gfvdv","revision_id":"rev_01m2sbcv3s7qxv11xck3d7jh5m","replayed":false,"target":"tachyon_serverless_application::services::triggers"}
{"timestamp":"2026-09-18T04:12:18.006898Z","level":"INFO","message":"asynchronous run claimed","invocation_id":"inv_01m2sbe56j0hxexsp0bn1gfvdv","attempt":1,"generation":0,"delivery_count":1,"target":"tachyon_serverless_application::services::invoke_async::dispatch"}
{"timestamp":"2026-09-18T04:12:19.177262Z","level":"INFO","message":"bridge spawned","environment_id":"env_01m2sbe56q96v0dfv1348e6d80","pid":815894,"target":"tachyon_serverless_provider_process"}
{"timestamp":"2026-09-18T04:12:19.217140Z","level":"INFO","message":"invocation finished","invocation_id":"inv_01m2sbe56j0hxexsp0bn1gfvdv","status":"succeeded (async run)","handler_ms":8,"environment_boot_ms":1,"runtime_init_ms":12,"target":"tachyon_serverless_application::services::invoke"}
{"timestamp":"2026-09-18T04:12:19.223344Z","level":"INFO","message":"terminating bridge","environment_id":"env_01m2sbe56q96v0dfv1348e6d80","pid":815894,"reason":"Completed","graceful":true,"target":"tachyon_serverless_provider_process"}
{"timestamp":"2026-09-18T04:12:19.226913Z","level":"INFO","message":"asynchronous invocation settled","invocation_id":"inv_01m2sbe56j0hxexsp0bn1gfvdv","status":"succeeded","target":"tachyon_serverless_application::services::invoke_async::dispatch"}
{"timestamp":"2026-09-18T04:12:19.227817Z","level":"INFO","message":"async dispatch: delivery handled","message_id":"inv_01m2sbe56j0hxexsp0bn1gfvdv","sequence":34,"delivery_count":1,"outcome":"Completed { status: \"succeeded\" }","target":"tachyon_serverless_application::services::invoke_async::dispatch"}
{"timestamp":"2026-09-18T04:12:20.012054Z","level":"INFO","message":"asynchronous invocation accepted","invocation_id":"inv_01m2sbe75a1a1c5hcqkv20ryxf","tenant_id":"tn_01hzzzzzzzzzzzzzzzzzzzzzza","revision_id":"rev_01m2sbcv3s7qxv11xck3d7jh5m","input_bytes":180,"input_storage":"inline","target":"tachyon_serverless_application::services::invoke_async"}
{"timestamp":"2026-09-18T04:12:20.012139Z","level":"INFO","message":"cron trigger fired","trigger_id":"trg_01m2sbczwdbgs0jss6jjk8czqy","scheduled_at":"2026-09-18T04:12:20Z","invocation_id":"inv_01m2sbe75a1a1c5hcqkv20ryxf","revision_id":"rev_01m2sbcv3s7qxv11xck3d7jh5m","replayed":false,"target":"tachyon_serverless_application::services::triggers"}
{"timestamp":"2026-09-18T04:12:20.017557Z","level":"INFO","message":"asynchronous run claimed","invocation_id":"inv_01m2sbe75a1a1c5hcqkv20ryxf","attempt":1,"generation":0,"delivery_count":1,"target":"tachyon_serverless_application::services::invoke_async::dispatch"}
{"timestamp":"2026-09-18T04:12:21.201431Z","level":"INFO","message":"bridge spawned","environment_id":"env_01m2sbe75hywjv5xqnkbae10te","pid":816189,"target":"tachyon_serverless_provider_process"}
{"timestamp":"2026-09-18T04:12:21.225217Z","level":"INFO","message":"invocation finished","invocation_id":"inv_01m2sbe75a1a1c5hcqkv20ryxf","status":"succeeded (async run)","handler_ms":4,"environment_boot_ms":1,"runtime_init_ms":3,"target":"tachyon_serverless_application::services::invoke"}
{"timestamp":"2026-09-18T04:12:21.226955Z","level":"INFO","message":"terminating bridge","environment_id":"env_01m2sbe75hywjv5xqnkbae10te","pid":816189,"reason":"Completed","graceful":true,"target":"tachyon_serverless_provider_process"}
{"timestamp":"2026-09-18T04:12:21.230463Z","level":"INFO","message":"asynchronous invocation settled","invocation_id":"inv_01m2sbe75a1a1c5hcqkv20ryxf","status":"succeeded","target":"tachyon_serverless_application::services::invoke_async::dispatch"}
{"timestamp":"2026-09-18T04:12:21.231361Z","level":"INFO","message":"async dispatch: delivery handled","message_id":"inv_01m2sbe75a1a1c5hcqkv20ryxf","sequence":35,"delivery_count":1,"outcome":"Completed { status: \"succeeded\" }","target":"tachyon_serverless_application::services::invoke_async::dispatch"}
{"timestamp":"2026-09-18T04:12:22.009302Z","level":"INFO","message":"asynchronous invocation accepted","invocation_id":"inv_01m2sbe93mt6nytkd5mbkstrcd","tenant_id":"tn_01hzzzzzzzzzzzzzzzzzzzzzza","revision_id":"rev_01m2sbcv3s7qxv11xck3d7jh5m","input_bytes":180,"input_storage":"inline","target":"tachyon_serverless_application::services::invoke_async"}
{"timestamp":"2026-09-18T04:12:22.009419Z","level":"INFO","message":"cron trigger fired","trigger_id":"trg_01m2sbczwdbgs0jss6jjk8czqy","scheduled_at":"2026-09-18T04:12:22Z","invocation_id":"inv_01m2sbe93mt6nytkd5mbkstrcd","revision_id":"rev_01m2sbcv3s7qxv11xck3d7jh5m","replayed":false,"target":"tachyon_serverless_application::services::triggers"}
{"timestamp":"2026-09-18T04:12:22.017009Z","level":"INFO","message":"asynchronous run claimed","invocation_id":"inv_01m2sbe93mt6nytkd5mbkstrcd","attempt":1,"generation":0,"delivery_count":1,"target":"tachyon_serverless_application::services::invoke_async::dispatch"}
{"timestamp":"2026-09-18T04:12:23.211345Z","level":"INFO","message":"bridge spawned","environment_id":"env_01m2sbe941kccwr7nppzsegbwy","pid":816457,"target":"tachyon_serverless_provider_process"}
{"timestamp":"2026-09-18T04:12:23.259292Z","level":"INFO","message":"invocation finished","invocation_id":"inv_01m2sbe93mt6nytkd5mbkstrcd","status":"succeeded (async run)","handler_ms":13,"environment_boot_ms":1,"runtime_init_ms":15,"target":"tachyon_serverless_application::services::invoke"}
{"timestamp":"2026-09-18T04:12:23.261279Z","level":"INFO","message":"terminating bridge","environment_id":"env_01m2sbe941kccwr7nppzsegbwy","pid":816457,"reason":"Completed","graceful":true,"target":"tachyon_serverless_provider_process"}
{"timestamp":"2026-09-18T04:12:23.269445Z","level":"INFO","message":"asynchronous invocation settled","invocation_id":"inv_01m2sbe93mt6nytkd5mbkstrcd","status":"succeeded","target":"tachyon_serverless_application::services::invoke_async::dispatch"}
{"timestamp":"2026-09-18T04:12:23.270620Z","level":"INFO","message":"async dispatch: delivery handled","message_id":"inv_01m2sbe93mt6nytkd5mbkstrcd","sequence":36,"delivery_count":1,"outcome":"Completed { status: \"succeeded\" }","target":"tachyon_serverless_application::services::invoke_async::dispatch"}
{"timestamp":"2026-09-18T04:12:24.006327Z","level":"INFO","message":"asynchronous invocation accepted","invocation_id":"inv_01m2sbeb25wh6wm169hebkan6f","tenant_id":"tn_01hzzzzzzzzzzzzzzzzzzzzzza","revision_id":"rev_01m2sbcv3s7qxv11xck3d7jh5m","input_bytes":180,"input_storage":"inline","target":"tachyon_serverless_application::services::invoke_async"}
{"timestamp":"2026-09-18T04:12:24.006373Z","level":"INFO","message":"cron trigger fired","trigger_id":"trg_01m2sbczwdbgs0jss6jjk8czqy","scheduled_at":"2026-09-18T04:12:24Z","invocation_id":"inv_01m2sbeb25wh6wm169hebkan6f","revision_id":"rev_01m2sbcv3s7qxv11xck3d7jh5m","replayed":false,"target":"tachyon_serverless_application::services::triggers"}
{"timestamp":"2026-09-18T04:12:24.009650Z","level":"INFO","message":"asynchronous run claimed","invocation_id":"inv_01m2sbeb25wh6wm169hebkan6f","attempt":1,"generation":0,"delivery_count":1,"target":"tachyon_serverless_application::services::invoke_async::dispatch"}
{"timestamp":"2026-09-18T04:12:25.178400Z","level":"INFO","message":"bridge spawned","environment_id":"env_01m2sbeb29qjg74j60jp133gpb","pid":816771,"target":"tachyon_serverless_provider_process"}
{"timestamp":"2026-09-18T04:12:25.214404Z","level":"INFO","message":"invocation finished","invocation_id":"inv_01m2sbeb25wh6wm169hebkan6f","status":"succeeded (async run)","handler_ms":4,"environment_boot_ms":1,"runtime_init_ms":13,"target":"tachyon_serverless_application::services::invoke"}
{"timestamp":"2026-09-18T04:12:25.220953Z","level":"INFO","message":"terminating bridge","environment_id":"env_01m2sbeb29qjg74j60jp133gpb","pid":816771,"reason":"Completed","graceful":true,"target":"tachyon_serverless_provider_process"}
{"timestamp":"2026-09-18T04:12:25.229006Z","level":"INFO","message":"asynchronous invocation settled","invocation_id":"inv_01m2sbeb25wh6wm169hebkan6f","status":"succeeded","target":"tachyon_serverless_application::services::invoke_async::dispatch"}
{"timestamp":"2026-09-18T04:12:25.229824Z","level":"INFO","message":"async dispatch: delivery handled","message_id":"inv_01m2sbeb25wh6wm169hebkan6f","sequence":37,"delivery_count":1,"outcome":"Completed { status: \"succeeded\" }","target":"tachyon_serverless_application::services::invoke_async::dispatch"}
{"timestamp":"2026-09-18T04:12:26.008369Z","level":"INFO","message":"asynchronous invocation accepted","invocation_id":"inv_01m2sbed0ncwz596c9fjd69qcs","tenant_id":"tn_01hzzzzzzzzzzzzzzzzzzzzzza","revision_id":"rev_01m2sbcv3s7qxv11xck3d7jh5m","input_bytes":180,"input_storage":"inline","target":"tachyon_serverless_application::services::invoke_async"}
{"timestamp":"2026-09-18T04:12:26.008528Z","level":"INFO","message":"cron trigger fired","trigger_id":"trg_01m2sbczwdbgs0jss6jjk8czqy","scheduled_at":"2026-09-18T04:12:26Z","invocation_id":"inv_01m2sbed0ncwz596c9fjd69qcs","revision_id":"rev_01m2sbcv3s7qxv11xck3d7jh5m","replayed":false,"target":"tachyon_serverless_application::services::triggers"}
{"timestamp":"2026-09-18T04:12:26.016392Z","level":"INFO","message":"asynchronous run claimed","invocation_id":"inv_01m2sbed0ncwz596c9fjd69qcs","attempt":1,"generation":0,"delivery_count":1,"target":"tachyon_serverless_application::services::invoke_async::dispatch"}
{"timestamp":"2026-09-18T04:12:26.247101Z","level":"INFO","message":"object retention pass","report":"GcReport { examined: 1, collected_expired: 0, collected_orphans: 0, kept_in_use: 0, kept_referenced: 1, incomplete_removed: 0, tombstones_purged: 0, failed: 0 }","target":"tachyon_serverless_gateway"}
{"timestamp":"2026-09-18T04:12:27.208163Z","level":"INFO","message":"bridge spawned","environment_id":"env_01m2sbed1153k8h7ndp7wjq4mn","pid":817039,"target":"tachyon_serverless_provider_process"}
{"timestamp":"2026-09-18T04:12:27.231692Z","level":"INFO","message":"invocation finished","invocation_id":"inv_01m2sbed0ncwz596c9fjd69qcs","status":"succeeded (async run)","handler_ms":6,"environment_boot_ms":1,"runtime_init_ms":3,"target":"tachyon_serverless_application::services::invoke"}
{"timestamp":"2026-09-18T04:12:27.233507Z","level":"INFO","message":"terminating bridge","environment_id":"env_01m2sbed1153k8h7ndp7wjq4mn","pid":817039,"reason":"Completed","graceful":true,"target":"tachyon_serverless_provider_process"}
{"timestamp":"2026-09-18T04:12:27.236508Z","level":"INFO","message":"asynchronous invocation settled","invocation_id":"inv_01m2sbed0ncwz596c9fjd69qcs","status":"succeeded","target":"tachyon_serverless_application::services::invoke_async::dispatch"}
{"timestamp":"2026-09-18T04:12:27.237268Z","level":"INFO","message":"async dispatch: delivery handled","message_id":"inv_01m2sbed0ncwz596c9fjd69qcs","sequence":38,"delivery_count":1,"outcome":"Completed { status: \"succeeded\" }","target":"tachyon_serverless_application::services::invoke_async::dispatch"}
{"timestamp":"2026-09-18T04:12:28.004177Z","level":"INFO","message":"asynchronous invocation accepted","invocation_id":"inv_01m2sbeez225p7b6bws75pz0eg","tenant_id":"tn_01hzzzzzzzzzzzzzzzzzzzzzza","revision_id":"rev_01m2sbcv3s7qxv11xck3d7jh5m","input_bytes":180,"input_storage":"inline","target":"tachyon_serverless_application::services::invoke_async"}
{"timestamp":"2026-09-18T04:12:28.004242Z","level":"INFO","message":"cron trigger fired","trigger_id":"trg_01m2sbczwdbgs0jss6jjk8czqy","scheduled_at":"2026-09-18T04:12:28Z","invocation_id":"inv_01m2sbeez225p7b6bws75pz0eg","revision_id":"rev_01m2sbcv3s7qxv11xck3d7jh5m","replayed":false,"target":"tachyon_serverless_application::services::triggers"}
{"timestamp":"2026-09-18T04:12:28.008685Z","level":"INFO","message":"asynchronous run claimed","invocation_id":"inv_01m2sbeez225p7b6bws75pz0eg","attempt":1,"generation":0,"delivery_count":1,"target":"tachyon_serverless_application::services::invoke_async::dispatch"}
{"timestamp":"2026-09-18T04:12:28.146992Z","level":"INFO","message":"object retention pass","report":"GcReport { examined: 2, collected_expired: 0, collected_orphans: 0, kept_in_use: 0, kept_referenced: 2, incomplete_removed: 0, tombstones_purged: 0, failed: 0 }","target":"tachyon_serverless_gateway"}
{"timestamp":"2026-09-18T04:12:29.188034Z","level":"INFO","message":"bridge spawned","environment_id":"env_01m2sbeez86ys3mhvc50wzmy2v","pid":817350,"target":"tachyon_serverless_provider_process"}
{"timestamp":"2026-09-18T04:12:29.210069Z","level":"INFO","message":"invocation finished","invocation_id":"inv_01m2sbeez225p7b6bws75pz0eg","status":"succeeded (async run)","handler_ms":1,"environment_boot_ms":1,"runtime_init_ms":3,"target":"tachyon_serverless_application::services::invoke"}
{"timestamp":"2026-09-18T04:12:29.211931Z","level":"INFO","message":"terminating bridge","environment_id":"env_01m2sbeez86ys3mhvc50wzmy2v","pid":817350,"reason":"Completed","graceful":true,"target":"tachyon_serverless_provider_process"}
{"timestamp":"2026-09-18T04:12:29.215480Z","level":"INFO","message":"asynchronous invocation settled","invocation_id":"inv_01m2sbeez225p7b6bws75pz0eg","status":"succeeded","target":"tachyon_serverless_application::services::invoke_async::dispatch"}
{"timestamp":"2026-09-18T04:12:29.216300Z","level":"INFO","message":"async dispatch: delivery handled","message_id":"inv_01m2sbeez225p7b6bws75pz0eg","sequence":39,"delivery_count":1,"outcome":"Completed { status: \"succeeded\" }","target":"tachyon_serverless_application::services::invoke_async::dispatch"}
{"timestamp":"2026-09-18T04:12:30.014704Z","level":"INFO","message":"asynchronous invocation accepted","invocation_id":"inv_01m2sbegxr296x8eyj8xh2kb32","tenant_id":"tn_01hzzzzzzzzzzzzzzzzzzzzzza","revision_id":"rev_01m2sbcv3s7qxv11xck3d7jh5m","input_bytes":180,"input_storage":"inline","target":"tachyon_serverless_application::services::invoke_async"}
{"timestamp":"2026-09-18T04:12:30.014914Z","level":"INFO","message":"cron trigger fired","trigger_id":"trg_01m2sbczwdbgs0jss6jjk8czqy","scheduled_at":"2026-09-18T04:12:30Z","invocation_id":"inv_01m2sbegxr296x8eyj8xh2kb32","revision_id":"rev_01m2sbcv3s7qxv11xck3d7jh5m","replayed":false,"target":"tachyon_serverless_application::services::triggers"}
{"timestamp":"2026-09-18T04:12:30.026989Z","level":"INFO","message":"asynchronous run claimed","invocation_id":"inv_01m2sbegxr296x8eyj8xh2kb32","attempt":1,"generation":0,"delivery_count":1,"target":"tachyon_serverless_application::services::invoke_async::dispatch"}
{"timestamp":"2026-09-18T04:12:30.147960Z","level":"INFO","message":"object retention pass","report":"GcReport { examined: 4, collected_expired: 0, collected_orphans: 1, kept_in_use: 0, kept_referenced: 3, incomplete_removed: 0, tombstones_purged: 0, failed: 0 }","target":"tachyon_serverless_gateway"}
{"timestamp":"2026-09-18T04:12:31.235620Z","level":"INFO","message":"bridge spawned","environment_id":"env_01m2sbegyb1e4h24sdazp2t27z","pid":817711,"target":"tachyon_serverless_provider_process"}
{"timestamp":"2026-09-18T04:12:31.278727Z","level":"INFO","message":"invocation finished","invocation_id":"inv_01m2sbegxr296x8eyj8xh2kb32","status":"succeeded (async run)","handler_ms":9,"environment_boot_ms":1,"runtime_init_ms":14,"target":"tachyon_serverless_application::services::invoke"}
{"timestamp":"2026-09-18T04:12:31.283780Z","level":"INFO","message":"terminating bridge","environment_id":"env_01m2sbegyb1e4h24sdazp2t27z","pid":817711,"reason":"Completed","graceful":true,"target":"tachyon_serverless_provider_process"}
{"timestamp":"2026-09-18T04:12:31.287476Z","level":"INFO","message":"asynchronous invocation settled","invocation_id":"inv_01m2sbegxr296x8eyj8xh2kb32","status":"succeeded","target":"tachyon_serverless_application::services::invoke_async::dispatch"}
{"timestamp":"2026-09-18T04:12:31.288553Z","level":"INFO","message":"async dispatch: delivery handled","message_id":"inv_01m2sbegxr296x8eyj8xh2kb32","sequence":40,"delivery_count":1,"outcome":"Completed { status: \"succeeded\" }","target":"tachyon_serverless_application::services::invoke_async::dispatch"}
{"timestamp":"2026-09-18T04:12:31.800025Z","level":"INFO","message":"bridge spawned","environment_id":"env_01m2sbehh1r5jpzs5bvpm4tq7r","pid":817721,"target":"tachyon_serverless_provider_process"}
{"timestamp":"2026-09-18T04:12:31.836647Z","level":"INFO","message":"invocation finished","invocation_id":"inv_01m2sbehh0w0e6j3y06jys5xt6","status":"succeeded","handler_ms":9,"environment_boot_ms":1,"runtime_init_ms":13,"target":"tachyon_serverless_application::services::invoke"}
{"timestamp":"2026-09-18T04:12:31.846107Z","level":"INFO","message":"terminating bridge","environment_id":"env_01m2sbehh1r5jpzs5bvpm4tq7r","pid":817721,"reason":"Completed","graceful":true,"target":"tachyon_serverless_provider_process"}
{"timestamp":"2026-09-18T04:12:31.871432Z","level":"INFO","message":"asynchronous invocation accepted","invocation_id":"inv_01m2sbejqy7pr6yt74f8vk9tyw","tenant_id":"tn_01hzzzzzzzzzzzzzzzzzzzzzza","revision_id":"rev_01m2sbcqjrcp56816zatpkjjkw","input_bytes":48,"input_storage":"inline","target":"tachyon_serverless_application::services::invoke_async"}
{"timestamp":"2026-09-18T04:12:31.874388Z","level":"INFO","message":"asynchronous run claimed","invocation_id":"inv_01m2sbejqy7pr6yt74f8vk9tyw","attempt":1,"generation":0,"delivery_count":1,"target":"tachyon_serverless_application::services::invoke_async::dispatch"}
{"timestamp":"2026-09-18T04:12:31.896900Z","level":"INFO","message":"asynchronous invocation accepted","invocation_id":"inv_01m2sbejrnzc2dks5npn805saq","tenant_id":"tn_01hzzzzzzzzzzzzzzzzzzzzzza","revision_id":"rev_01m2sbcqjrcp56816zatpkjjkw","input_bytes":4128,"input_storage":"object","target":"tachyon_serverless_application::services::invoke_async"}
{"timestamp":"2026-09-18T04:12:31.900177Z","level":"INFO","message":"asynchronous run claimed","invocation_id":"inv_01m2sbejrnzc2dks5npn805saq","attempt":1,"generation":0,"delivery_count":1,"target":"tachyon_serverless_application::services::invoke_async::dispatch"}
{"timestamp":"2026-09-18T04:12:31.913957Z","level":"INFO","message":"asynchronous invocation accepted","invocation_id":"inv_01m2sbejs9wt4es2grhz4f5dht","tenant_id":"tn_01hzzzzzzzzzzzzzzzzzzzzzza","revision_id":"rev_01m2sbcv3s7qxv11xck3d7jh5m","input_bytes":191,"input_storage":"inline","target":"tachyon_serverless_application::services::invoke_async"}
{"timestamp":"2026-09-18T04:12:31.913997Z","level":"INFO","message":"webhook trigger fired","trigger_id":"trg_01m2sbczwkhxj4k769hmzrq08s","event_id":"evt-post-w1","invocation_id":"inv_01m2sbejs9wt4es2grhz4f5dht","revision_id":"rev_01m2sbcv3s7qxv11xck3d7jh5m","replayed":false,"target":"tachyon_serverless_application::services::triggers"}
{"timestamp":"2026-09-18T04:12:31.924005Z","level":"INFO","message":"trigger updated","trigger_id":"trg_01m2sbczwdbgs0jss6jjk8czqy","generation":4,"status":"disabled","next_fire_at":"None","rotated_secret":false,"target":"tachyon_serverless_application::services::triggers"}
{"timestamp":"2026-09-18T04:12:32.146733Z","level":"INFO","message":"object retention pass","report":"GcReport { examined: 3, collected_expired: 0, collected_orphans: 0, kept_in_use: 0, kept_referenced: 3, incomplete_removed: 0, tombstones_purged: 0, failed: 0 }","target":"tachyon_serverless_gateway"}
{"timestamp":"2026-09-18T04:12:33.090463Z","level":"INFO","message":"bridge spawned","environment_id":"env_01m2sbejr2svd9khc9kr17a9jd","pid":817882,"target":"tachyon_serverless_provider_process"}
{"timestamp":"2026-09-18T04:12:33.111193Z","level":"INFO","message":"invocation finished","invocation_id":"inv_01m2sbejqy7pr6yt74f8vk9tyw","status":"succeeded (async run)","handler_ms":7,"environment_boot_ms":1,"runtime_init_ms":3,"target":"tachyon_serverless_application::services::invoke"}
{"timestamp":"2026-09-18T04:12:33.113109Z","level":"INFO","message":"terminating bridge","environment_id":"env_01m2sbejr2svd9khc9kr17a9jd","pid":817882,"reason":"Completed","graceful":true,"target":"tachyon_serverless_provider_process"}
{"timestamp":"2026-09-18T04:12:33.116275Z","level":"INFO","message":"asynchronous invocation settled","invocation_id":"inv_01m2sbejqy7pr6yt74f8vk9tyw","status":"succeeded","target":"tachyon_serverless_application::services::invoke_async::dispatch"}
{"timestamp":"2026-09-18T04:12:33.116612Z","level":"INFO","message":"bridge spawned","environment_id":"env_01m2sbejrx1w76agpdmn8tv2ag","pid":817892,"target":"tachyon_serverless_provider_process"}
{"timestamp":"2026-09-18T04:12:33.117157Z","level":"INFO","message":"async dispatch: delivery handled","message_id":"inv_01m2sbejqy7pr6yt74f8vk9tyw","sequence":41,"delivery_count":1,"outcome":"Completed { status: \"succeeded\" }","target":"tachyon_serverless_application::services::invoke_async::dispatch"}
{"timestamp":"2026-09-18T04:12:33.118546Z","level":"INFO","message":"asynchronous run claimed","invocation_id":"inv_01m2sbejs9wt4es2grhz4f5dht","attempt":1,"generation":0,"delivery_count":1,"target":"tachyon_serverless_application::services::invoke_async::dispatch"}
{"timestamp":"2026-09-18T04:12:33.166389Z","level":"INFO","message":"invocation finished","invocation_id":"inv_01m2sbejrnzc2dks5npn805saq","status":"succeeded (async run)","handler_ms":11,"environment_boot_ms":1,"runtime_init_ms":10,"target":"tachyon_serverless_application::services::invoke"}
{"timestamp":"2026-09-18T04:12:33.168709Z","level":"INFO","message":"terminating bridge","environment_id":"env_01m2sbejrx1w76agpdmn8tv2ag","pid":817892,"reason":"Completed","graceful":true,"target":"tachyon_serverless_provider_process"}
{"timestamp":"2026-09-18T04:12:33.171812Z","level":"INFO","message":"asynchronous invocation settled","invocation_id":"inv_01m2sbejrnzc2dks5npn805saq","status":"succeeded","target":"tachyon_serverless_application::services::invoke_async::dispatch"}
{"timestamp":"2026-09-18T04:12:33.172297Z","level":"INFO","message":"async dispatch: delivery handled","message_id":"inv_01m2sbejrnzc2dks5npn805saq","sequence":42,"delivery_count":1,"outcome":"Completed { status: \"succeeded\" }","target":"tachyon_serverless_application::services::invoke_async::dispatch"}
{"timestamp":"2026-09-18T04:12:34.146171Z","level":"INFO","message":"object retention pass","report":"GcReport { examined: 3, collected_expired: 0, collected_orphans: 0, kept_in_use: 0, kept_referenced: 3, incomplete_removed: 0, tombstones_purged: 0, failed: 0 }","target":"tachyon_serverless_gateway"}
{"timestamp":"2026-09-18T04:12:34.312356Z","level":"INFO","message":"bridge spawned","environment_id":"env_01m2sbekz6t0chf4fh7zqtpp1x","pid":817945,"target":"tachyon_serverless_provider_process"}
{"timestamp":"2026-09-18T04:12:34.357394Z","level":"INFO","message":"invocation finished","invocation_id":"inv_01m2sbejs9wt4es2grhz4f5dht","status":"succeeded (async run)","handler_ms":9,"environment_boot_ms":1,"runtime_init_ms":20,"target":"tachyon_serverless_application::services::invoke"}
{"timestamp":"2026-09-18T04:12:34.364674Z","level":"INFO","message":"terminating bridge","environment_id":"env_01m2sbekz6t0chf4fh7zqtpp1x","pid":817945,"reason":"Completed","graceful":true,"target":"tachyon_serverless_provider_process"}
{"timestamp":"2026-09-18T04:12:34.367663Z","level":"INFO","message":"asynchronous invocation settled","invocation_id":"inv_01m2sbejs9wt4es2grhz4f5dht","status":"succeeded","target":"tachyon_serverless_application::services::invoke_async::dispatch"}
{"timestamp":"2026-09-18T04:12:34.368556Z","level":"INFO","message":"async dispatch: delivery handled","message_id":"inv_01m2sbejs9wt4es2grhz4f5dht","sequence":43,"delivery_count":1,"outcome":"Completed { status: \"succeeded\" }","target":"tachyon_serverless_application::services::invoke_async::dispatch"}
{"timestamp":"2026-09-18T04:12:35.009219Z","level":"INFO","message":"SIGTERM received","target":"tachyon_serverless_gateway"}
{"timestamp":"2026-09-18T04:12:35.009249Z","level":"INFO","message":"shutdown requested; cancelling in-flight invocations","target":"tachyon_serverless_gateway"}
{"timestamp":"2026-09-18T04:12:35.009541Z","level":"INFO","message":"final usage collection","report":"CollectReport { batches: 0, read: 0, inserted: 0, duplicates: 0, cursor_seq: 230 }","target":"tachyon_serverless_gateway"}
{"timestamp":"2026-09-18T04:12:35.012184Z","level":"INFO","message":"gateway stopped","target":"tachyon_serverless_gateway"}
{"timestamp":"2026-09-18T04:12:35.012321Z","level":"INFO","message":"event: closed","target":"async_nats"}
