{"timestamp":"2026-09-18T01:51:39.860509Z","level":"INFO","message":"SIGTERM received","target":"tachyon_serverless_gateway"}
{"timestamp":"2026-09-18T01:51:39.860547Z","level":"INFO","message":"shutdown requested; cancelling in-flight invocations","target":"tachyon_serverless_gateway"}
{"timestamp":"2026-09-18T01:51:39.860566Z","level":"INFO","message":"cancelling in-flight invocations for shutdown","count":2,"target":"tachyon_serverless_application::services::invoke"}
{"timestamp":"2026-09-18T01:51:40.003008Z","level":"WARN","message":"cron fire deferred","trigger_id":"trg_01m2s3cfjz6kqqa7z67zbj81ad","scheduled_at":"2026-09-18T01:51:40Z","error":"provider unavailable: gateway is shutting down","target":"tachyon_serverless_application::services::triggers"}
{"timestamp":"2026-09-18T01:51:40.007265Z","level":"WARN","message":"cron fire deferred","trigger_id":"trg_01m2s3cfjz6kqqa7z67zbj81ad","scheduled_at":"2026-09-18T01:51:40Z","error":"provider unavailable: gateway is shutting down","target":"tachyon_serverless_application::services::triggers"}
{"timestamp":"2026-09-18T01:51:40.011881Z","level":"WARN","message":"cron fire deferred","trigger_id":"trg_01m2s3cfjz6kqqa7z67zbj81ad","scheduled_at":"2026-09-18T01:51:40Z","error":"provider unavailable: gateway is shutting down","target":"tachyon_serverless_application::services::triggers"}
{"timestamp":"2026-09-18T01:51:40.018830Z","level":"WARN","message":"cron fire deferred","trigger_id":"trg_01m2s3cfjz6kqqa7z67zbj81ad","scheduled_at":"2026-09-18T01:51:40Z","error":"provider unavailable: gateway is shutting down","target":"tachyon_serverless_application::services::triggers"}
{"timestamp":"2026-09-18T01:51:40.022087Z","level":"WARN","message":"cron fire deferred","trigger_id":"trg_01m2s3cfjz6kqqa7z67zbj81ad","scheduled_at":"2026-09-18T01:51:40Z","error":"provider unavailable: gateway is shutting down","target":"tachyon_serverless_application::services::triggers"}
{"timestamp":"2026-09-18T01:51:40.025138Z","level":"WARN","message":"cron fire deferred","trigger_id":"trg_01m2s3cfjz6kqqa7z67zbj81ad","scheduled_at":"2026-09-18T01:51:40Z","error":"provider unavailable: gateway is shutting down","target":"tachyon_serverless_application::services::triggers"}
{"timestamp":"2026-09-18T01:51:40.028392Z","level":"WARN","message":"cron fire deferred","trigger_id":"trg_01m2s3cfjz6kqqa7z67zbj81ad","scheduled_at":"2026-09-18T01:51:40Z","error":"provider unavailable: gateway is shutting down","target":"tachyon_serverless_application::services::triggers"}
{"timestamp":"2026-09-18T01:51:40.031251Z","level":"WARN","message":"cron fire deferred","trigger_id":"trg_01m2s3cfjz6kqqa7z67zbj81ad","scheduled_at":"2026-09-18T01:51:40Z","error":"provider unavailable: gateway is shutting down","target":"tachyon_serverless_application::services::triggers"}
{"timestamp":"2026-09-18T01:51:40.034859Z","level":"WARN","message":"cron fire deferred","trigger_id":"trg_01m2s3cfjz6kqqa7z67zbj81ad","scheduled_at":"2026-09-18T01:51:40Z","error":"provider unavailable: gateway is shutting down","target":"tachyon_serverless_application::services::triggers"}
{"timestamp":"2026-09-18T01:51:40.037718Z","level":"WARN","message":"cron fire deferred","trigger_id":"trg_01m2s3cfjz6kqqa7z67zbj81ad","scheduled_at":"2026-09-18T01:51:40Z","error":"provider unavailable: gateway is shutting down","target":"tachyon_serverless_application::services::triggers"}
{"timestamp":"2026-09-18T01:51:40.039787Z","level":"WARN","message":"cron fire deferred","trigger_id":"trg_01m2s3cfjz6kqqa7z67zbj81ad","scheduled_at":"2026-09-18T01:51:40Z","error":"provider unavailable: gateway is shutting down","target":"tachyon_serverless_application::services::triggers"}
{"timestamp":"2026-09-18T01:51:40.042243Z","level":"WARN","message":"cron fire deferred","trigger_id":"trg_01m2s3cfjz6kqqa7z67zbj81ad","scheduled_at":"2026-09-18T01:51:40Z","error":"provider unavailable: gateway is shutting down","target":"tachyon_serverless_application::services::triggers"}
{"timestamp":"2026-09-18T01:51:40.045098Z","level":"WARN","message":"cron fire deferred","trigger_id":"trg_01m2s3cfjz6kqqa7z67zbj81ad","scheduled_at":"2026-09-18T01:51:40Z","error":"provider unavailable: gateway is shutting down","target":"tachyon_serverless_application::services::triggers"}
{"timestamp":"2026-09-18T01:51:40.047443Z","level":"INFO","message":"draining revision: new work goes elsewhere (or is refused), running work completes","revision_id":"rev_01m2s3ahp4s3qktprr237cvxnb","reason":"alias_switch","target":"tachyon_serverless_application::services::scaling"}
{"timestamp":"2026-09-18T01:51:40.047478Z","level":"WARN","message":"cron fire deferred","trigger_id":"trg_01m2s3cfjz6kqqa7z67zbj81ad","scheduled_at":"2026-09-18T01:51:40Z","error":"provider unavailable: gateway is shutting down","target":"tachyon_serverless_application::services::triggers"}
{"timestamp":"2026-09-18T01:51:40.053279Z","level":"WARN","message":"cron fire deferred","trigger_id":"trg_01m2s3cfjz6kqqa7z67zbj81ad","scheduled_at":"2026-09-18T01:51:40Z","error":"provider unavailable: gateway is shutting down","target":"tachyon_serverless_application::services::triggers"}
{"timestamp":"2026-09-18T01:51:40.055888Z","level":"WARN","message":"cron fire deferred","trigger_id":"trg_01m2s3cfjz6kqqa7z67zbj81ad","scheduled_at":"2026-09-18T01:51:40Z","error":"provider unavailable: gateway is shutting down","target":"tachyon_serverless_application::services::triggers"}
{"timestamp":"2026-09-18T01:51:40.058516Z","level":"WARN","message":"cron fire deferred","trigger_id":"trg_01m2s3cfjz6kqqa7z67zbj81ad","scheduled_at":"2026-09-18T01:51:40Z","error":"provider unavailable: gateway is shutting down","target":"tachyon_serverless_application::services::triggers"}
{"timestamp":"2026-09-18T01:51:40.062452Z","level":"WARN","message":"cron fire deferred","trigger_id":"trg_01m2s3cfjz6kqqa7z67zbj81ad","scheduled_at":"2026-09-18T01:51:40Z","error":"provider unavailable: gateway is shutting down","target":"tachyon_serverless_application::services::triggers"}
{"timestamp":"2026-09-18T01:51:40.065391Z","level":"WARN","message":"cron fire deferred","trigger_id":"trg_01m2s3cfjz6kqqa7z67zbj81ad","scheduled_at":"2026-09-18T01:51:40Z","error":"provider unavailable: gateway is shutting down","target":"tachyon_serverless_application::services::triggers"}
{"timestamp":"2026-09-18T01:51:40.068022Z","level":"WARN","message":"cron fire deferred","trigger_id":"trg_01m2s3cfjz6kqqa7z67zbj81ad","scheduled_at":"2026-09-18T01:51:40Z","error":"provider unavailable: gateway is shutting down","target":"tachyon_serverless_application::services::triggers"}
{"timestamp":"2026-09-18T01:51:40.070780Z","level":"WARN","message":"cron fire deferred","trigger_id":"trg_01m2s3cfjz6kqqa7z67zbj81ad","scheduled_at":"2026-09-18T01:51:40Z","error":"provider unavailable: gateway is shutting down","target":"tachyon_serverless_application::services::triggers"}
{"timestamp":"2026-09-18T01:51:40.073473Z","level":"WARN","message":"cron fire deferred","trigger_id":"trg_01m2s3cfjz6kqqa7z67zbj81ad","scheduled_at":"2026-09-18T01:51:40Z","error":"provider unavailable: gateway is shutting down","target":"tachyon_serverless_application::services::triggers"}
{"timestamp":"2026-09-18T01:51:40.076085Z","level":"WARN","message":"cron fire deferred","trigger_id":"trg_01m2s3cfjz6kqqa7z67zbj81ad","scheduled_at":"2026-09-18T01:51:40Z","error":"provider unavailable: gateway is shutting down","target":"tachyon_serverless_application::services::triggers"}
{"timestamp":"2026-09-18T01:51:40.078625Z","level":"WARN","message":"cron fire deferred","trigger_id":"trg_01m2s3cfjz6kqqa7z67zbj81ad","scheduled_at":"2026-09-18T01:51:40Z","error":"provider unavailable: gateway is shutting down","target":"tachyon_serverless_application::services::triggers"}
{"timestamp":"2026-09-18T01:51:40.080837Z","level":"WARN","message":"cron fire deferred","trigger_id":"trg_01m2s3cfjz6kqqa7z67zbj81ad","scheduled_at":"2026-09-18T01:51:40Z","error":"provider unavailable: gateway is shutting down","target":"tachyon_serverless_application::services::triggers"}
{"timestamp":"2026-09-18T01:51:40.083087Z","level":"WARN","message":"cron fire deferred","trigger_id":"trg_01m2s3cfjz6kqqa7z67zbj81ad","scheduled_at":"2026-09-18T01:51:40Z","error":"provider unavailable: gateway is shutting down","target":"tachyon_serverless_application::services::triggers"}
{"timestamp":"2026-09-18T01:51:40.089694Z","level":"WARN","message":"cron fire deferred","trigger_id":"trg_01m2s3cfjz6kqqa7z67zbj81ad","scheduled_at":"2026-09-18T01:51:40Z","error":"provider unavailable: gateway is shutting down","target":"tachyon_serverless_application::services::triggers"}
{"timestamp":"2026-09-18T01:51:40.092550Z","level":"WARN","message":"cron fire deferred","trigger_id":"trg_01m2s3cfjz6kqqa7z67zbj81ad","scheduled_at":"2026-09-18T01:51:40Z","error":"provider unavailable: gateway is shutting down","target":"tachyon_serverless_application::services::triggers"}
{"timestamp":"2026-09-18T01:51:40.094734Z","level":"WARN","message":"cron fire deferred","trigger_id":"trg_01m2s3cfjz6kqqa7z67zbj81ad","scheduled_at":"2026-09-18T01:51:40Z","error":"provider unavailable: gateway is shutting down","target":"tachyon_serverless_application::services::triggers"}
{"timestamp":"2026-09-18T01:51:40.096826Z","level":"WARN","message":"cron fire deferred","trigger_id":"trg_01m2s3cfjz6kqqa7z67zbj81ad","scheduled_at":"2026-09-18T01:51:40Z","error":"provider unavailable: gateway is shutting down","target":"tachyon_serverless_application::services::triggers"}
{"timestamp":"2026-09-18T01:51:40.098855Z","level":"WARN","message":"cron fire deferred","trigger_id":"trg_01m2s3cfjz6kqqa7z67zbj81ad","scheduled_at":"2026-09-18T01:51:40Z","error":"provider unavailable: gateway is shutting down","target":"tachyon_serverless_application::services::triggers"}
{"timestamp":"2026-09-18T01:51:40.101974Z","level":"WARN","message":"cron fire deferred","trigger_id":"trg_01m2s3cfjz6kqqa7z67zbj81ad","scheduled_at":"2026-09-18T01:51:40Z","error":"provider unavailable: gateway is shutting down","target":"tachyon_serverless_application::services::triggers"}
{"timestamp":"2026-09-18T01:51:40.105355Z","level":"WARN","message":"cron fire deferred","trigger_id":"trg_01m2s3cfjz6kqqa7z67zbj81ad","scheduled_at":"2026-09-18T01:51:40Z","error":"provider unavailable: gateway is shutting down","target":"tachyon_serverless_application::services::triggers"}
{"timestamp":"2026-09-18T01:51:40.108097Z","level":"WARN","message":"cron fire deferred","trigger_id":"trg_01m2s3cfjz6kqqa7z67zbj81ad","scheduled_at":"2026-09-18T01:51:40Z","error":"provider unavailable: gateway is shutting down","target":"tachyon_serverless_application::services::triggers"}
{"timestamp":"2026-09-18T01:51:40.110709Z","level":"WARN","message":"cron fire deferred","trigger_id":"trg_01m2s3cfjz6kqqa7z67zbj81ad","scheduled_at":"2026-09-18T01:51:40Z","error":"provider unavailable: gateway is shutting down","target":"tachyon_serverless_application::services::triggers"}
{"timestamp":"2026-09-18T01:51:40.112797Z","level":"WARN","message":"cron fire deferred","trigger_id":"trg_01m2s3cfjz6kqqa7z67zbj81ad","scheduled_at":"2026-09-18T01:51:40Z","error":"provider unavailable: gateway is shutting down","target":"tachyon_serverless_application::services::triggers"}
{"timestamp":"2026-09-18T01:51:40.114988Z","level":"WARN","message":"cron fire deferred","trigger_id":"trg_01m2s3cfjz6kqqa7z67zbj81ad","scheduled_at":"2026-09-18T01:51:40Z","error":"provider unavailable: gateway is shutting down","target":"tachyon_serverless_application::services::triggers"}
{"timestamp":"2026-09-18T01:51:40.118364Z","level":"WARN","message":"cron fire deferred","trigger_id":"trg_01m2s3cfjz6kqqa7z67zbj81ad","scheduled_at":"2026-09-18T01:51:40Z","error":"provider unavailable: gateway is shutting down","target":"tachyon_serverless_application::services::triggers"}
{"timestamp":"2026-09-18T01:51:40.121714Z","level":"WARN","message":"cron fire deferred","trigger_id":"trg_01m2s3cfjz6kqqa7z67zbj81ad","scheduled_at":"2026-09-18T01:51:40Z","error":"provider unavailable: gateway is shutting down","target":"tachyon_serverless_application::services::triggers"}
{"timestamp":"2026-09-18T01:51:40.126971Z","level":"WARN","message":"cron fire deferred","trigger_id":"trg_01m2s3cfjz6kqqa7z67zbj81ad","scheduled_at":"2026-09-18T01:51:40Z","error":"provider unavailable: gateway is shutting down","target":"tachyon_serverless_application::services::triggers"}
{"timestamp":"2026-09-18T01:51:40.130240Z","level":"WARN","message":"cron fire deferred","trigger_id":"trg_01m2s3cfjz6kqqa7z67zbj81ad","scheduled_at":"2026-09-18T01:51:40Z","error":"provider unavailable: gateway is shutting down","target":"tachyon_serverless_application::services::triggers"}
{"timestamp":"2026-09-18T01:51:40.132975Z","level":"WARN","message":"cron fire deferred","trigger_id":"trg_01m2s3cfjz6kqqa7z67zbj81ad","scheduled_at":"2026-09-18T01:51:40Z","error":"provider unavailable: gateway is shutting down","target":"tachyon_serverless_application::services::triggers"}
{"timestamp":"2026-09-18T01:51:40.136439Z","level":"WARN","message":"cron fire deferred","trigger_id":"trg_01m2s3cfjz6kqqa7z67zbj81ad","scheduled_at":"2026-09-18T01:51:40Z","error":"provider unavailable: gateway is shutting down","target":"tachyon_serverless_application::services::triggers"}
{"timestamp":"2026-09-18T01:51:40.139079Z","level":"WARN","message":"cron fire deferred","trigger_id":"trg_01m2s3cfjz6kqqa7z67zbj81ad","scheduled_at":"2026-09-18T01:51:40Z","error":"provider unavailable: gateway is shutting down","target":"tachyon_serverless_application::services::triggers"}
{"timestamp":"2026-09-18T01:51:40.141458Z","level":"WARN","message":"cron fire deferred","trigger_id":"trg_01m2s3cfjz6kqqa7z67zbj81ad","scheduled_at":"2026-09-18T01:51:40Z","error":"provider unavailable: gateway is shutting down","target":"tachyon_serverless_application::services::triggers"}
{"timestamp":"2026-09-18T01:51:40.144777Z","level":"WARN","message":"cron fire deferred","trigger_id":"trg_01m2s3cfjz6kqqa7z67zbj81ad","scheduled_at":"2026-09-18T01:51:40Z","error":"provider unavailable: gateway is shutting down","target":"tachyon_serverless_application::services::triggers"}
{"timestamp":"2026-09-18T01:51:40.147266Z","level":"WARN","message":"cron fire deferred","trigger_id":"trg_01m2s3cfjz6kqqa7z67zbj81ad","scheduled_at":"2026-09-18T01:51:40Z","error":"provider unavailable: gateway is shutting down","target":"tachyon_serverless_application::services::triggers"}
{"timestamp":"2026-09-18T01:51:40.150653Z","level":"WARN","message":"cron fire deferred","trigger_id":"trg_01m2s3cfjz6kqqa7z67zbj81ad","scheduled_at":"2026-09-18T01:51:40Z","error":"provider unavailable: gateway is shutting down","target":"tachyon_serverless_application::services::triggers"}
{"timestamp":"2026-09-18T01:51:40.154367Z","level":"WARN","message":"cron fire deferred","trigger_id":"trg_01m2s3cfjz6kqqa7z67zbj81ad","scheduled_at":"2026-09-18T01:51:40Z","error":"provider unavailable: gateway is shutting down","target":"tachyon_serverless_application::services::triggers"}
{"timestamp":"2026-09-18T01:51:40.157441Z","level":"WARN","message":"cron fire deferred","trigger_id":"trg_01m2s3cfjz6kqqa7z67zbj81ad","scheduled_at":"2026-09-18T01:51:40Z","error":"provider unavailable: gateway is shutting down","target":"tachyon_serverless_application::services::triggers"}
{"timestamp":"2026-09-18T01:51:40.160129Z","level":"WARN","message":"cron fire deferred","trigger_id":"trg_01m2s3cfjz6kqqa7z67zbj81ad","scheduled_at":"2026-09-18T01:51:40Z","error":"provider unavailable: gateway is shutting down","target":"tachyon_serverless_application::services::triggers"}
{"timestamp":"2026-09-18T01:51:40.162822Z","level":"WARN","message":"cron fire deferred","trigger_id":"trg_01m2s3cfjz6kqqa7z67zbj81ad","scheduled_at":"2026-09-18T01:51:40Z","error":"provider unavailable: gateway is shutting down","target":"tachyon_serverless_application::services::triggers"}
{"timestamp":"2026-09-18T01:51:40.165073Z","level":"WARN","message":"cron fire deferred","trigger_id":"trg_01m2s3cfjz6kqqa7z67zbj81ad","scheduled_at":"2026-09-18T01:51:40Z","error":"provider unavailable: gateway is shutting down","target":"tachyon_serverless_application::services::triggers"}
{"timestamp":"2026-09-18T01:51:40.168310Z","level":"WARN","message":"cron fire deferred","trigger_id":"trg_01m2s3cfjz6kqqa7z67zbj81ad","scheduled_at":"2026-09-18T01:51:40Z","error":"provider unavailable: gateway is shutting down","target":"tachyon_serverless_application::services::triggers"}
{"timestamp":"2026-09-18T01:51:40.170961Z","level":"WARN","message":"cron fire deferred","trigger_id":"trg_01m2s3cfjz6kqqa7z67zbj81ad","scheduled_at":"2026-09-18T01:51:40Z","error":"provider unavailable: gateway is shutting down","target":"tachyon_serverless_application::services::triggers"}
{"timestamp":"2026-09-18T01:51:40.173834Z","level":"WARN","message":"cron fire deferred","trigger_id":"trg_01m2s3cfjz6kqqa7z67zbj81ad","scheduled_at":"2026-09-18T01:51:40Z","error":"provider unavailable: gateway is shutting down","target":"tachyon_serverless_application::services::triggers"}
{"timestamp":"2026-09-18T01:51:40.175778Z","level":"WARN","message":"cron fire deferred","trigger_id":"trg_01m2s3cfjz6kqqa7z67zbj81ad","scheduled_at":"2026-09-18T01:51:40Z","error":"provider unavailable: gateway is shutting down","target":"tachyon_serverless_application::services::triggers"}
{"timestamp":"2026-09-18T01:51:40.177855Z","level":"WARN","message":"cron fire deferred","trigger_id":"trg_01m2s3cfjz6kqqa7z67zbj81ad","scheduled_at":"2026-09-18T01:51:40Z","error":"provider unavailable: gateway is shutting down","target":"tachyon_serverless_application::services::triggers"}
{"timestamp":"2026-09-18T01:51:40.180254Z","level":"WARN","message":"cron fire deferred","trigger_id":"trg_01m2s3cfjz6kqqa7z67zbj81ad","scheduled_at":"2026-09-18T01:51:40Z","error":"provider unavailable: gateway is shutting down","target":"tachyon_serverless_application::services::triggers"}
{"timestamp":"2026-09-18T01:51:40.182955Z","level":"WARN","message":"cron fire deferred","trigger_id":"trg_01m2s3cfjz6kqqa7z67zbj81ad","scheduled_at":"2026-09-18T01:51:40Z","error":"provider unavailable: gateway is shutting down","target":"tachyon_serverless_application::services::triggers"}
{"timestamp":"2026-09-18T01:51:40.188379Z","level":"WARN","message":"cron fire deferred","trigger_id":"trg_01m2s3cfjz6kqqa7z67zbj81ad","scheduled_at":"2026-09-18T01:51:40Z","error":"provider unavailable: gateway is shutting down","target":"tachyon_serverless_application::services::triggers"}
{"timestamp":"2026-09-18T01:51:40.191856Z","level":"WARN","message":"cron fire deferred","trigger_id":"trg_01m2s3cfjz6kqqa7z67zbj81ad","scheduled_at":"2026-09-18T01:51:40Z","error":"provider unavailable: gateway is shutting down","target":"tachyon_serverless_application::services::triggers"}
{"timestamp":"2026-09-18T01:51:40.193993Z","level":"WARN","message":"cron fire deferred","trigger_id":"trg_01m2s3cfjz6kqqa7z67zbj81ad","scheduled_at":"2026-09-18T01:51:40Z","error":"provider unavailable: gateway is shutting down","target":"tachyon_serverless_application::services::triggers"}
{"timestamp":"2026-09-18T01:51:40.196539Z","level":"WARN","message":"cron fire deferred","trigger_id":"trg_01m2s3cfjz6kqqa7z67zbj81ad","scheduled_at":"2026-09-18T01:51:40Z","error":"provider unavailable: gateway is shutting down","target":"tachyon_serverless_application::services::triggers"}
{"timestamp":"2026-09-18T01:51:40.198909Z","level":"WARN","message":"cron fire deferred","trigger_id":"trg_01m2s3cfjz6kqqa7z67zbj81ad","scheduled_at":"2026-09-18T01:51:40Z","error":"provider unavailable: gateway is shutting down","target":"tachyon_serverless_application::services::triggers"}
{"timestamp":"2026-09-18T01:51:40.201722Z","level":"WARN","message":"cron fire deferred","trigger_id":"trg_01m2s3cfjz6kqqa7z67zbj81ad","scheduled_at":"2026-09-18T01:51:40Z","error":"provider unavailable: gateway is shutting down","target":"tachyon_serverless_application::services::triggers"}
{"timestamp":"2026-09-18T01:51:40.204549Z","level":"WARN","message":"cron fire deferred","trigger_id":"trg_01m2s3cfjz6kqqa7z67zbj81ad","scheduled_at":"2026-09-18T01:51:40Z","error":"provider unavailable: gateway is shutting down","target":"tachyon_serverless_application::services::triggers"}
{"timestamp":"2026-09-18T01:51:40.208560Z","level":"WARN","message":"cron fire deferred","trigger_id":"trg_01m2s3cfjz6kqqa7z67zbj81ad","scheduled_at":"2026-09-18T01:51:40Z","error":"provider unavailable: gateway is shutting down","target":"tachyon_serverless_application::services::triggers"}
{"timestamp":"2026-09-18T01:51:40.211785Z","level":"WARN","message":"cron fire deferred","trigger_id":"trg_01m2s3cfjz6kqqa7z67zbj81ad","scheduled_at":"2026-09-18T01:51:40Z","error":"provider unavailable: gateway is shutting down","target":"tachyon_serverless_application::services::triggers"}
{"timestamp":"2026-09-18T01:51:40.214679Z","level":"WARN","message":"cron fire deferred","trigger_id":"trg_01m2s3cfjz6kqqa7z67zbj81ad","scheduled_at":"2026-09-18T01:51:40Z","error":"provider unavailable: gateway is shutting down","target":"tachyon_serverless_application::services::triggers"}
{"timestamp":"2026-09-18T01:51:40.217457Z","level":"WARN","message":"cron fire deferred","trigger_id":"trg_01m2s3cfjz6kqqa7z67zbj81ad","scheduled_at":"2026-09-18T01:51:40Z","error":"provider unavailable: gateway is shutting down","target":"tachyon_serverless_application::services::triggers"}
{"timestamp":"2026-09-18T01:51:40.220898Z","level":"WARN","message":"cron fire deferred","trigger_id":"trg_01m2s3cfjz6kqqa7z67zbj81ad","scheduled_at":"2026-09-18T01:51:40Z","error":"provider unavailable: gateway is shutting down","target":"tachyon_serverless_application::services::triggers"}
{"timestamp":"2026-09-18T01:51:40.223538Z","level":"WARN","message":"cron fire deferred","trigger_id":"trg_01m2s3cfjz6kqqa7z67zbj81ad","scheduled_at":"2026-09-18T01:51:40Z","error":"provider unavailable: gateway is shutting down","target":"tachyon_serverless_application::services::triggers"}
{"timestamp":"2026-09-18T01:51:40.225844Z","level":"WARN","message":"cron fire deferred","trigger_id":"trg_01m2s3cfjz6kqqa7z67zbj81ad","scheduled_at":"2026-09-18T01:51:40Z","error":"provider unavailable: gateway is shutting down","target":"tachyon_serverless_application::services::triggers"}
{"timestamp":"2026-09-18T01:51:40.228285Z","level":"WARN","message":"cron fire deferred","trigger_id":"trg_01m2s3cfjz6kqqa7z67zbj81ad","scheduled_at":"2026-09-18T01:51:40Z","error":"provider unavailable: gateway is shutting down","target":"tachyon_serverless_application::services::triggers"}
{"timestamp":"2026-09-18T01:51:40.232258Z","level":"WARN","message":"cron fire deferred","trigger_id":"trg_01m2s3cfjz6kqqa7z67zbj81ad","scheduled_at":"2026-09-18T01:51:40Z","error":"provider unavailable: gateway is shutting down","target":"tachyon_serverless_application::services::triggers"}
{"timestamp":"2026-09-18T01:51:40.235332Z","level":"WARN","message":"cron fire deferred","trigger_id":"trg_01m2s3cfjz6kqqa7z67zbj81ad","scheduled_at":"2026-09-18T01:51:40Z","error":"provider unavailable: gateway is shutting down","target":"tachyon_serverless_application::services::triggers"}
{"timestamp":"2026-09-18T01:51:40.238232Z","level":"WARN","message":"cron fire deferred","trigger_id":"trg_01m2s3cfjz6kqqa7z67zbj81ad","scheduled_at":"2026-09-18T01:51:40Z","error":"provider unavailable: gateway is shutting down","target":"tachyon_serverless_application::services::triggers"}
{"timestamp":"2026-09-18T01:51:40.240558Z","level":"WARN","message":"cron fire deferred","trigger_id":"trg_01m2s3cfjz6kqqa7z67zbj81ad","scheduled_at":"2026-09-18T01:51:40Z","error":"provider unavailable: gateway is shutting down","target":"tachyon_serverless_application::services::triggers"}
{"timestamp":"2026-09-18T01:51:40.242983Z","level":"WARN","message":"cron fire deferred","trigger_id":"trg_01m2s3cfjz6kqqa7z67zbj81ad","scheduled_at":"2026-09-18T01:51:40Z","error":"provider unavailable: gateway is shutting down","target":"tachyon_serverless_application::services::triggers"}
{"timestamp":"2026-09-18T01:51:40.245400Z","level":"WARN","message":"cron fire deferred","trigger_id":"trg_01m2s3cfjz6kqqa7z67zbj81ad","scheduled_at":"2026-09-18T01:51:40Z","error":"provider unavailable: gateway is shutting down","target":"tachyon_serverless_application::services::triggers"}
{"timestamp":"2026-09-18T01:51:40.247863Z","level":"WARN","message":"cron fire deferred","trigger_id":"trg_01m2s3cfjz6kqqa7z67zbj81ad","scheduled_at":"2026-09-18T01:51:40Z","error":"provider unavailable: gateway is shutting down","target":"tachyon_serverless_application::services::triggers"}
{"timestamp":"2026-09-18T01:51:40.249850Z","level":"WARN","message":"cron fire deferred","trigger_id":"trg_01m2s3cfjz6kqqa7z67zbj81ad","scheduled_at":"2026-09-18T01:51:40Z","error":"provider unavailable: gateway is shutting down","target":"tachyon_serverless_application::services::triggers"}
{"timestamp":"2026-09-18T01:51:40.252225Z","level":"WARN","message":"cron fire deferred","trigger_id":"trg_01m2s3cfjz6kqqa7z67zbj81ad","scheduled_at":"2026-09-18T01:51:40Z","error":"provider unavailable: gateway is shutting down","target":"tachyon_serverless_application::services::triggers"}
{"timestamp":"2026-09-18T01:51:40.254698Z","level":"WARN","message":"cron fire deferred","trigger_id":"trg_01m2s3cfjz6kqqa7z67zbj81ad","scheduled_at":"2026-09-18T01:51:40Z","error":"provider unavailable: gateway is shutting down","target":"tachyon_serverless_application::services::triggers"}
{"timestamp":"2026-09-18T01:51:40.256670Z","level":"WARN","message":"cron fire deferred","trigger_id":"trg_01m2s3cfjz6kqqa7z67zbj81ad","scheduled_at":"2026-09-18T01:51:40Z","error":"provider unavailable: gateway is shutting down","target":"tachyon_serverless_application::services::triggers"}
{"timestamp":"2026-09-18T01:51:40.258810Z","level":"WARN","message":"cron fire deferred","trigger_id":"trg_01m2s3cfjz6kqqa7z67zbj81ad","scheduled_at":"2026-09-18T01:51:40Z","error":"provider unavailable: gateway is shutting down","target":"tachyon_serverless_application::services::triggers"}
{"timestamp":"2026-09-18T01:51:40.260873Z","level":"WARN","message":"cron fire deferred","trigger_id":"trg_01m2s3cfjz6kqqa7z67zbj81ad","scheduled_at":"2026-09-18T01:51:40Z","error":"provider unavailable: gateway is shutting down","target":"tachyon_serverless_application::services::triggers"}
{"timestamp":"2026-09-18T01:51:40.263433Z","level":"WARN","message":"cron fire deferred","trigger_id":"trg_01m2s3cfjz6kqqa7z67zbj81ad","scheduled_at":"2026-09-18T01:51:40Z","error":"provider unavailable: gateway is shutting down","target":"tachyon_serverless_application::services::triggers"}
{"timestamp":"2026-09-18T01:51:40.265846Z","level":"WARN","message":"cron fire deferred","trigger_id":"trg_01m2s3cfjz6kqqa7z67zbj81ad","scheduled_at":"2026-09-18T01:51:40Z","error":"provider unavailable: gateway is shutting down","target":"tachyon_serverless_application::services::triggers"}
{"timestamp":"2026-09-18T01:51:40.268337Z","level":"WARN","message":"cron fire deferred","trigger_id":"trg_01m2s3cfjz6kqqa7z67zbj81ad","scheduled_at":"2026-09-18T01:51:40Z","error":"provider unavailable: gateway is shutting down","target":"tachyon_serverless_application::services::triggers"}
{"timestamp":"2026-09-18T01:51:40.271338Z","level":"WARN","message":"cron fire deferred","trigger_id":"trg_01m2s3cfjz6kqqa7z67zbj81ad","scheduled_at":"2026-09-18T01:51:40Z","error":"provider unavailable: gateway is shutting down","target":"tachyon_serverless_application::services::triggers"}
{"timestamp":"2026-09-18T01:51:40.273834Z","level":"WARN","message":"cron fire deferred","trigger_id":"trg_01m2s3cfjz6kqqa7z67zbj81ad","scheduled_at":"2026-09-18T01:51:40Z","error":"provider unavailable: gateway is shutting down","target":"tachyon_serverless_application::services::triggers"}
{"timestamp":"2026-09-18T01:51:40.275855Z","level":"WARN","message":"cron fire deferred","trigger_id":"trg_01m2s3cfjz6kqqa7z67zbj81ad","scheduled_at":"2026-09-18T01:51:40Z","error":"provider unavailable: gateway is shutting down","target":"tachyon_serverless_application::services::triggers"}
{"timestamp":"2026-09-18T01:51:40.277885Z","level":"WARN","message":"cron fire deferred","trigger_id":"trg_01m2s3cfjz6kqqa7z67zbj81ad","scheduled_at":"2026-09-18T01:51:40Z","error":"provider unavailable: gateway is shutting down","target":"tachyon_serverless_application::services::triggers"}
{"timestamp":"2026-09-18T01:51:40.280458Z","level":"WARN","message":"cron fire deferred","trigger_id":"trg_01m2s3cfjz6kqqa7z67zbj81ad","scheduled_at":"2026-09-18T01:51:40Z","error":"provider unavailable: gateway is shutting down","target":"tachyon_serverless_application::services::triggers"}
{"timestamp":"2026-09-18T01:51:40.283568Z","level":"WARN","message":"cron fire deferred","trigger_id":"trg_01m2s3cfjz6kqqa7z67zbj81ad","scheduled_at":"2026-09-18T01:51:40Z","error":"provider unavailable: gateway is shutting down","target":"tachyon_serverless_application::services::triggers"}
{"timestamp":"2026-09-18T01:51:40.288681Z","level":"WARN","message":"cron fire deferred","trigger_id":"trg_01m2s3cfjz6kqqa7z67zbj81ad","scheduled_at":"2026-09-18T01:51:40Z","error":"provider unavailable: gateway is shutting down","target":"tachyon_serverless_application::services::triggers"}
{"timestamp":"2026-09-18T01:51:40.291715Z","level":"WARN","message":"cron fire deferred","trigger_id":"trg_01m2s3cfjz6kqqa7z67zbj81ad","scheduled_at":"2026-09-18T01:51:40Z","error":"provider unavailable: gateway is shutting down","target":"tachyon_serverless_application::services::triggers"}
{"timestamp":"2026-09-18T01:51:40.294275Z","level":"WARN","message":"cron fire deferred","trigger_id":"trg_01m2s3cfjz6kqqa7z67zbj81ad","scheduled_at":"2026-09-18T01:51:40Z","error":"provider unavailable: gateway is shutting down","target":"tachyon_serverless_application::services::triggers"}
{"timestamp":"2026-09-18T01:51:40.296856Z","level":"WARN","message":"cron fire deferred","trigger_id":"trg_01m2s3cfjz6kqqa7z67zbj81ad","scheduled_at":"2026-09-18T01:51:40Z","error":"provider unavailable: gateway is shutting down","target":"tachyon_serverless_application::services::triggers"}
{"timestamp":"2026-09-18T01:51:40.299258Z","level":"WARN","message":"cron fire deferred","trigger_id":"trg_01m2s3cfjz6kqqa7z67zbj81ad","scheduled_at":"2026-09-18T01:51:40Z","error":"provider unavailable: gateway is shutting down","target":"tachyon_serverless_application::services::triggers"}
{"timestamp":"2026-09-18T01:51:40.302361Z","level":"WARN","message":"cron fire deferred","trigger_id":"trg_01m2s3cfjz6kqqa7z67zbj81ad","scheduled_at":"2026-09-18T01:51:40Z","error":"provider unavailable: gateway is shutting down","target":"tachyon_serverless_application::services::triggers"}
{"timestamp":"2026-09-18T01:51:40.304863Z","level":"WARN","message":"cron fire deferred","trigger_id":"trg_01m2s3cfjz6kqqa7z67zbj81ad","scheduled_at":"2026-09-18T01:51:40Z","error":"provider unavailable: gateway is shutting down","target":"tachyon_serverless_application::services::triggers"}
{"timestamp":"2026-09-18T01:51:40.308151Z","level":"WARN","message":"cron fire deferred","trigger_id":"trg_01m2s3cfjz6kqqa7z67zbj81ad","scheduled_at":"2026-09-18T01:51:40Z","error":"provider unavailable: gateway is shutting down","target":"tachyon_serverless_application::services::triggers"}
{"timestamp":"2026-09-18T01:51:40.310617Z","level":"WARN","message":"cron fire deferred","trigger_id":"trg_01m2s3cfjz6kqqa7z67zbj81ad","scheduled_at":"2026-09-18T01:51:40Z","error":"provider unavailable: gateway is shutting down","target":"tachyon_serverless_application::services::triggers"}
{"timestamp":"2026-09-18T01:51:40.312836Z","level":"WARN","message":"cron fire deferred","trigger_id":"trg_01m2s3cfjz6kqqa7z67zbj81ad","scheduled_at":"2026-09-18T01:51:40Z","error":"provider unavailable: gateway is shutting down","target":"tachyon_serverless_application::services::triggers"}
{"timestamp":"2026-09-18T01:51:40.314826Z","level":"WARN","message":"cron fire deferred","trigger_id":"trg_01m2s3cfjz6kqqa7z67zbj81ad","scheduled_at":"2026-09-18T01:51:40Z","error":"provider unavailable: gateway is shutting down","target":"tachyon_serverless_application::services::triggers"}
{"timestamp":"2026-09-18T01:51:40.317187Z","level":"WARN","message":"cron fire deferred","trigger_id":"trg_01m2s3cfjz6kqqa7z67zbj81ad","scheduled_at":"2026-09-18T01:51:40Z","error":"provider unavailable: gateway is shutting down","target":"tachyon_serverless_application::services::triggers"}
{"timestamp":"2026-09-18T01:51:40.320687Z","level":"WARN","message":"cron fire deferred","trigger_id":"trg_01m2s3cfjz6kqqa7z67zbj81ad","scheduled_at":"2026-09-18T01:51:40Z","error":"provider unavailable: gateway is shutting down","target":"tachyon_serverless_application::services::triggers"}
{"timestamp":"2026-09-18T01:51:40.324072Z","level":"WARN","message":"cron fire deferred","trigger_id":"trg_01m2s3cfjz6kqqa7z67zbj81ad","scheduled_at":"2026-09-18T01:51:40Z","error":"provider unavailable: gateway is shutting down","target":"tachyon_serverless_application::services::triggers"}
{"timestamp":"2026-09-18T01:51:40.326717Z","level":"WARN","message":"cron fire deferred","trigger_id":"trg_01m2s3cfjz6kqqa7z67zbj81ad","scheduled_at":"2026-09-18T01:51:40Z","error":"provider unavailable: gateway is shutting down","target":"tachyon_serverless_application::services::triggers"}
{"timestamp":"2026-09-18T01:51:40.328851Z","level":"WARN","message":"cron fire deferred","trigger_id":"trg_01m2s3cfjz6kqqa7z67zbj81ad","scheduled_at":"2026-09-18T01:51:40Z","error":"provider unavailable: gateway is shutting down","target":"tachyon_serverless_application::services::triggers"}
{"timestamp":"2026-09-18T01:51:40.333438Z","level":"WARN","message":"cron fire deferred","trigger_id":"trg_01m2s3cfjz6kqqa7z67zbj81ad","scheduled_at":"2026-09-18T01:51:40Z","error":"provider unavailable: gateway is shutting down","target":"tachyon_serverless_application::services::triggers"}
{"timestamp":"2026-09-18T01:51:40.336244Z","level":"WARN","message":"cron fire deferred","trigger_id":"trg_01m2s3cfjz6kqqa7z67zbj81ad","scheduled_at":"2026-09-18T01:51:40Z","error":"provider unavailable: gateway is shutting down","target":"tachyon_serverless_application::services::triggers"}
{"timestamp":"2026-09-18T01:51:40.338505Z","level":"WARN","message":"cron fire deferred","trigger_id":"trg_01m2s3cfjz6kqqa7z67zbj81ad","scheduled_at":"2026-09-18T01:51:40Z","error":"provider unavailable: gateway is shutting down","target":"tachyon_serverless_application::services::triggers"}
{"timestamp":"2026-09-18T01:51:40.340656Z","level":"WARN","message":"cron fire deferred","trigger_id":"trg_01m2s3cfjz6kqqa7z67zbj81ad","scheduled_at":"2026-09-18T01:51:40Z","error":"provider unavailable: gateway is shutting down","target":"tachyon_serverless_application::services::triggers"}
{"timestamp":"2026-09-18T01:51:40.344785Z","level":"WARN","message":"cron fire deferred","trigger_id":"trg_01m2s3cfjz6kqqa7z67zbj81ad","scheduled_at":"2026-09-18T01:51:40Z","error":"provider unavailable: gateway is shutting down","target":"tachyon_serverless_application::services::triggers"}
{"timestamp":"2026-09-18T01:51:40.347739Z","level":"WARN","message":"cron fire deferred","trigger_id":"trg_01m2s3cfjz6kqqa7z67zbj81ad","scheduled_at":"2026-09-18T01:51:40Z","error":"provider unavailable: gateway is shutting down","target":"tachyon_serverless_application::services::triggers"}
{"timestamp":"2026-09-18T01:51:40.350325Z","level":"WARN","message":"cron fire deferred","trigger_id":"trg_01m2s3cfjz6kqqa7z67zbj81ad","scheduled_at":"2026-09-18T01:51:40Z","error":"provider unavailable: gateway is shutting down","target":"tachyon_serverless_application::services::triggers"}
{"timestamp":"2026-09-18T01:51:40.353614Z","level":"WARN","message":"cron fire deferred","trigger_id":"trg_01m2s3cfjz6kqqa7z67zbj81ad","scheduled_at":"2026-09-18T01:51:40Z","error":"provider unavailable: gateway is shutting down","target":"tachyon_serverless_application::services::triggers"}
{"timestamp":"2026-09-18T01:51:40.357046Z","level":"WARN","message":"cron fire deferred","trigger_id":"trg_01m2s3cfjz6kqqa7z67zbj81ad","scheduled_at":"2026-09-18T01:51:40Z","error":"provider unavailable: gateway is shutting down","target":"tachyon_serverless_application::services::triggers"}
{"timestamp":"2026-09-18T01:51:40.360068Z","level":"WARN","message":"cron fire deferred","trigger_id":"trg_01m2s3cfjz6kqqa7z67zbj81ad","scheduled_at":"2026-09-18T01:51:40Z","error":"provider unavailable: gateway is shutting down","target":"tachyon_serverless_application::services::triggers"}
{"timestamp":"2026-09-18T01:51:40.362765Z","level":"WARN","message":"cron fire deferred","trigger_id":"trg_01m2s3cfjz6kqqa7z67zbj81ad","scheduled_at":"2026-09-18T01:51:40Z","error":"provider unavailable: gateway is shutting down","target":"tachyon_serverless_application::services::triggers"}
{"timestamp":"2026-09-18T01:51:40.365001Z","level":"WARN","message":"cron fire deferred","trigger_id":"trg_01m2s3cfjz6kqqa7z67zbj81ad","scheduled_at":"2026-09-18T01:51:40Z","error":"provider unavailable: gateway is shutting down","target":"tachyon_serverless_application::services::triggers"}
{"timestamp":"2026-09-18T01:51:40.367945Z","level":"WARN","message":"cron fire deferred","trigger_id":"trg_01m2s3cfjz6kqqa7z67zbj81ad","scheduled_at":"2026-09-18T01:51:40Z","error":"provider unavailable: gateway is shutting down","target":"tachyon_serverless_application::services::triggers"}
{"timestamp":"2026-09-18T01:51:40.370517Z","level":"WARN","message":"cron fire deferred","trigger_id":"trg_01m2s3cfjz6kqqa7z67zbj81ad","scheduled_at":"2026-09-18T01:51:40Z","error":"provider unavailable: gateway is shutting down","target":"tachyon_serverless_application::services::triggers"}
{"timestamp":"2026-09-18T01:51:40.373870Z","level":"WARN","message":"cron fire deferred","trigger_id":"trg_01m2s3cfjz6kqqa7z67zbj81ad","scheduled_at":"2026-09-18T01:51:40Z","error":"provider unavailable: gateway is shutting down","target":"tachyon_serverless_application::services::triggers"}
{"timestamp":"2026-09-18T01:51:40.377574Z","level":"WARN","message":"cron fire deferred","trigger_id":"trg_01m2s3cfjz6kqqa7z67zbj81ad","scheduled_at":"2026-09-18T01:51:40Z","error":"provider unavailable: gateway is shutting down","target":"tachyon_serverless_application::services::triggers"}
{"timestamp":"2026-09-18T01:51:40.380525Z","level":"WARN","message":"cron fire deferred","trigger_id":"trg_01m2s3cfjz6kqqa7z67zbj81ad","scheduled_at":"2026-09-18T01:51:40Z","error":"provider unavailable: gateway is shutting down","target":"tachyon_serverless_application::services::triggers"}
{"timestamp":"2026-09-18T01:51:40.383331Z","level":"WARN","message":"cron fire deferred","trigger_id":"trg_01m2s3cfjz6kqqa7z67zbj81ad","scheduled_at":"2026-09-18T01:51:40Z","error":"provider unavailable: gateway is shutting down","target":"tachyon_serverless_application::services::triggers"}
{"timestamp":"2026-09-18T01:51:40.388451Z","level":"WARN","message":"cron fire deferred","trigger_id":"trg_01m2s3cfjz6kqqa7z67zbj81ad","scheduled_at":"2026-09-18T01:51:40Z","error":"provider unavailable: gateway is shutting down","target":"tachyon_serverless_application::services::triggers"}
{"timestamp":"2026-09-18T01:51:40.391221Z","level":"WARN","message":"cron fire deferred","trigger_id":"trg_01m2s3cfjz6kqqa7z67zbj81ad","scheduled_at":"2026-09-18T01:51:40Z","error":"provider unavailable: gateway is shutting down","target":"tachyon_serverless_application::services::triggers"}
{"timestamp":"2026-09-18T01:51:40.393731Z","level":"WARN","message":"cron fire deferred","trigger_id":"trg_01m2s3cfjz6kqqa7z67zbj81ad","scheduled_at":"2026-09-18T01:51:40Z","error":"provider unavailable: gateway is shutting down","target":"tachyon_serverless_application::services::triggers"}
{"timestamp":"2026-09-18T01:51:40.395876Z","level":"WARN","message":"cron fire deferred","trigger_id":"trg_01m2s3cfjz6kqqa7z67zbj81ad","scheduled_at":"2026-09-18T01:51:40Z","error":"provider unavailable: gateway is shutting down","target":"tachyon_serverless_application::services::triggers"}
{"timestamp":"2026-09-18T01:51:40.398467Z","level":"WARN","message":"cron fire deferred","trigger_id":"trg_01m2s3cfjz6kqqa7z67zbj81ad","scheduled_at":"2026-09-18T01:51:40Z","error":"provider unavailable: gateway is shutting down","target":"tachyon_serverless_application::services::triggers"}
{"timestamp":"2026-09-18T01:51:40.402512Z","level":"WARN","message":"cron fire deferred","trigger_id":"trg_01m2s3cfjz6kqqa7z67zbj81ad","scheduled_at":"2026-09-18T01:51:40Z","error":"provider unavailable: gateway is shutting down","target":"tachyon_serverless_application::services::triggers"}
{"timestamp":"2026-09-18T01:51:40.405569Z","level":"WARN","message":"cron fire deferred","trigger_id":"trg_01m2s3cfjz6kqqa7z67zbj81ad","scheduled_at":"2026-09-18T01:51:40Z","error":"provider unavailable: gateway is shutting down","target":"tachyon_serverless_application::services::triggers"}
{"timestamp":"2026-09-18T01:51:40.408296Z","level":"WARN","message":"cron fire deferred","trigger_id":"trg_01m2s3cfjz6kqqa7z67zbj81ad","scheduled_at":"2026-09-18T01:51:40Z","error":"provider unavailable: gateway is shutting down","target":"tachyon_serverless_application::services::triggers"}
{"timestamp":"2026-09-18T01:51:40.411016Z","level":"WARN","message":"cron fire deferred","trigger_id":"trg_01m2s3cfjz6kqqa7z67zbj81ad","scheduled_at":"2026-09-18T01:51:40Z","error":"provider unavailable: gateway is shutting down","target":"tachyon_serverless_application::services::triggers"}
{"timestamp":"2026-09-18T01:51:40.414160Z","level":"WARN","message":"cron fire deferred","trigger_id":"trg_01m2s3cfjz6kqqa7z67zbj81ad","scheduled_at":"2026-09-18T01:51:40Z","error":"provider unavailable: gateway is shutting down","target":"tachyon_serverless_application::services::triggers"}
{"timestamp":"2026-09-18T01:51:40.416658Z","level":"WARN","message":"cron fire deferred","trigger_id":"trg_01m2s3cfjz6kqqa7z67zbj81ad","scheduled_at":"2026-09-18T01:51:40Z","error":"provider unavailable: gateway is shutting down","target":"tachyon_serverless_application::services::triggers"}
{"timestamp":"2026-09-18T01:51:40.419057Z","level":"WARN","message":"cron fire deferred","trigger_id":"trg_01m2s3cfjz6kqqa7z67zbj81ad","scheduled_at":"2026-09-18T01:51:40Z","error":"provider unavailable: gateway is shutting down","target":"tachyon_serverless_application::services::triggers"}
{"timestamp":"2026-09-18T01:51:40.422386Z","level":"WARN","message":"cron fire deferred","trigger_id":"trg_01m2s3cfjz6kqqa7z67zbj81ad","scheduled_at":"2026-09-18T01:51:40Z","error":"provider unavailable: gateway is shutting down","target":"tachyon_serverless_application::services::triggers"}
{"timestamp":"2026-09-18T01:51:40.426005Z","level":"WARN","message":"cron fire deferred","trigger_id":"trg_01m2s3cfjz6kqqa7z67zbj81ad","scheduled_at":"2026-09-18T01:51:40Z","error":"provider unavailable: gateway is shutting down","target":"tachyon_serverless_application::services::triggers"}
{"timestamp":"2026-09-18T01:51:40.431657Z","level":"WARN","message":"cron fire deferred","trigger_id":"trg_01m2s3cfjz6kqqa7z67zbj81ad","scheduled_at":"2026-09-18T01:51:40Z","error":"provider unavailable: gateway is shutting down","target":"tachyon_serverless_application::services::triggers"}
{"timestamp":"2026-09-18T01:51:40.434328Z","level":"WARN","message":"cron fire deferred","trigger_id":"trg_01m2s3cfjz6kqqa7z67zbj81ad","scheduled_at":"2026-09-18T01:51:40Z","error":"provider unavailable: gateway is shutting down","target":"tachyon_serverless_application::services::triggers"}
{"timestamp":"2026-09-18T01:51:40.437506Z","level":"WARN","message":"cron fire deferred","trigger_id":"trg_01m2s3cfjz6kqqa7z67zbj81ad","scheduled_at":"2026-09-18T01:51:40Z","error":"provider unavailable: gateway is shutting down","target":"tachyon_serverless_application::services::triggers"}
{"timestamp":"2026-09-18T01:51:40.439727Z","level":"WARN","message":"cron fire deferred","trigger_id":"trg_01m2s3cfjz6kqqa7z67zbj81ad","scheduled_at":"2026-09-18T01:51:40Z","error":"provider unavailable: gateway is shutting down","target":"tachyon_serverless_application::services::triggers"}
{"timestamp":"2026-09-18T01:51:40.441818Z","level":"WARN","message":"cron fire deferred","trigger_id":"trg_01m2s3cfjz6kqqa7z67zbj81ad","scheduled_at":"2026-09-18T01:51:40Z","error":"provider unavailable: gateway is shutting down","target":"tachyon_serverless_application::services::triggers"}
{"timestamp":"2026-09-18T01:51:40.443779Z","level":"WARN","message":"cron fire deferred","trigger_id":"trg_01m2s3cfjz6kqqa7z67zbj81ad","scheduled_at":"2026-09-18T01:51:40Z","error":"provider unavailable: gateway is shutting down","target":"tachyon_serverless_application::services::triggers"}
{"timestamp":"2026-09-18T01:51:40.446129Z","level":"WARN","message":"cron fire deferred","trigger_id":"trg_01m2s3cfjz6kqqa7z67zbj81ad","scheduled_at":"2026-09-18T01:51:40Z","error":"provider unavailable: gateway is shutting down","target":"tachyon_serverless_application::services::triggers"}
{"timestamp":"2026-09-18T01:51:40.448837Z","level":"WARN","message":"cron fire deferred","trigger_id":"trg_01m2s3cfjz6kqqa7z67zbj81ad","scheduled_at":"2026-09-18T01:51:40Z","error":"provider unavailable: gateway is shutting down","target":"tachyon_serverless_application::services::triggers"}
{"timestamp":"2026-09-18T01:51:40.451450Z","level":"WARN","message":"cron fire deferred","trigger_id":"trg_01m2s3cfjz6kqqa7z67zbj81ad","scheduled_at":"2026-09-18T01:51:40Z","error":"provider unavailable: gateway is shutting down","target":"tachyon_serverless_application::services::triggers"}
{"timestamp":"2026-09-18T01:51:40.455888Z","level":"WARN","message":"cron fire deferred","trigger_id":"trg_01m2s3cfjz6kqqa7z67zbj81ad","scheduled_at":"2026-09-18T01:51:40Z","error":"provider unavailable: gateway is shutting down","target":"tachyon_serverless_application::services::triggers"}
{"timestamp":"2026-09-18T01:51:40.458402Z","level":"WARN","message":"cron fire deferred","trigger_id":"trg_01m2s3cfjz6kqqa7z67zbj81ad","scheduled_at":"2026-09-18T01:51:40Z","error":"provider unavailable: gateway is shutting down","target":"tachyon_serverless_application::services::triggers"}
{"timestamp":"2026-09-18T01:51:40.460849Z","level":"WARN","message":"cron fire deferred","trigger_id":"trg_01m2s3cfjz6kqqa7z67zbj81ad","scheduled_at":"2026-09-18T01:51:40Z","error":"provider unavailable: gateway is shutting down","target":"tachyon_serverless_application::services::triggers"}
{"timestamp":"2026-09-18T01:51:40.462806Z","level":"WARN","message":"cron fire deferred","trigger_id":"trg_01m2s3cfjz6kqqa7z67zbj81ad","scheduled_at":"2026-09-18T01:51:40Z","error":"provider unavailable: gateway is shutting down","target":"tachyon_serverless_application::services::triggers"}
{"timestamp":"2026-09-18T01:51:40.464800Z","level":"WARN","message":"cron fire deferred","trigger_id":"trg_01m2s3cfjz6kqqa7z67zbj81ad","scheduled_at":"2026-09-18T01:51:40Z","error":"provider unavailable: gateway is shutting down","target":"tachyon_serverless_application::services::triggers"}
{"timestamp":"2026-09-18T01:51:40.466957Z","level":"WARN","message":"cron fire deferred","trigger_id":"trg_01m2s3cfjz6kqqa7z67zbj81ad","scheduled_at":"2026-09-18T01:51:40Z","error":"provider unavailable: gateway is shutting down","target":"tachyon_serverless_application::services::triggers"}
{"timestamp":"2026-09-18T01:51:40.469795Z","level":"WARN","message":"cron fire deferred","trigger_id":"trg_01m2s3cfjz6kqqa7z67zbj81ad","scheduled_at":"2026-09-18T01:51:40Z","error":"provider unavailable: gateway is shutting down","target":"tachyon_serverless_application::services::triggers"}
{"timestamp":"2026-09-18T01:51:40.472330Z","level":"WARN","message":"cron fire deferred","trigger_id":"trg_01m2s3cfjz6kqqa7z67zbj81ad","scheduled_at":"2026-09-18T01:51:40Z","error":"provider unavailable: gateway is shutting down","target":"tachyon_serverless_application::services::triggers"}
{"timestamp":"2026-09-18T01:51:40.474746Z","level":"WARN","message":"cron fire deferred","trigger_id":"trg_01m2s3cfjz6kqqa7z67zbj81ad","scheduled_at":"2026-09-18T01:51:40Z","error":"provider unavailable: gateway is shutting down","target":"tachyon_serverless_application::services::triggers"}
{"timestamp":"2026-09-18T01:51:40.477092Z","level":"WARN","message":"cron fire deferred","trigger_id":"trg_01m2s3cfjz6kqqa7z67zbj81ad","scheduled_at":"2026-09-18T01:51:40Z","error":"provider unavailable: gateway is shutting down","target":"tachyon_serverless_application::services::triggers"}
{"timestamp":"2026-09-18T01:51:40.479621Z","level":"WARN","message":"cron fire deferred","trigger_id":"trg_01m2s3cfjz6kqqa7z67zbj81ad","scheduled_at":"2026-09-18T01:51:40Z","error":"provider unavailable: gateway is shutting down","target":"tachyon_serverless_application::services::triggers"}
{"timestamp":"2026-09-18T01:51:40.482384Z","level":"WARN","message":"cron fire deferred","trigger_id":"trg_01m2s3cfjz6kqqa7z67zbj81ad","scheduled_at":"2026-09-18T01:51:40Z","error":"provider unavailable: gateway is shutting down","target":"tachyon_serverless_application::services::triggers"}
{"timestamp":"2026-09-18T01:51:40.485371Z","level":"WARN","message":"cron fire deferred","trigger_id":"trg_01m2s3cfjz6kqqa7z67zbj81ad","scheduled_at":"2026-09-18T01:51:40Z","error":"provider unavailable: gateway is shutting down","target":"tachyon_serverless_application::services::triggers"}
{"timestamp":"2026-09-18T01:51:40.488920Z","level":"WARN","message":"cron fire deferred","trigger_id":"trg_01m2s3cfjz6kqqa7z67zbj81ad","scheduled_at":"2026-09-18T01:51:40Z","error":"provider unavailable: gateway is shutting down","target":"tachyon_serverless_application::services::triggers"}
{"timestamp":"2026-09-18T01:51:40.491671Z","level":"WARN","message":"cron fire deferred","trigger_id":"trg_01m2s3cfjz6kqqa7z67zbj81ad","scheduled_at":"2026-09-18T01:51:40Z","error":"provider unavailable: gateway is shutting down","target":"tachyon_serverless_application::services::triggers"}
{"timestamp":"2026-09-18T01:51:40.493812Z","level":"WARN","message":"cron fire deferred","trigger_id":"trg_01m2s3cfjz6kqqa7z67zbj81ad","scheduled_at":"2026-09-18T01:51:40Z","error":"provider unavailable: gateway is shutting down","target":"tachyon_serverless_application::services::triggers"}
{"timestamp":"2026-09-18T01:51:40.495842Z","level":"WARN","message":"cron fire deferred","trigger_id":"trg_01m2s3cfjz6kqqa7z67zbj81ad","scheduled_at":"2026-09-18T01:51:40Z","error":"provider unavailable: gateway is shutting down","target":"tachyon_serverless_application::services::triggers"}
{"timestamp":"2026-09-18T01:51:40.497840Z","level":"WARN","message":"cron fire deferred","trigger_id":"trg_01m2s3cfjz6kqqa7z67zbj81ad","scheduled_at":"2026-09-18T01:51:40Z","error":"provider unavailable: gateway is shutting down","target":"tachyon_serverless_application::services::triggers"}
{"timestamp":"2026-09-18T01:51:40.499808Z","level":"WARN","message":"cron fire deferred","trigger_id":"trg_01m2s3cfjz6kqqa7z67zbj81ad","scheduled_at":"2026-09-18T01:51:40Z","error":"provider unavailable: gateway is shutting down","target":"tachyon_serverless_application::services::triggers"}
{"timestamp":"2026-09-18T01:51:40.502271Z","level":"WARN","message":"cron fire deferred","trigger_id":"trg_01m2s3cfjz6kqqa7z67zbj81ad","scheduled_at":"2026-09-18T01:51:40Z","error":"provider unavailable: gateway is shutting down","target":"tachyon_serverless_application::services::triggers"}
{"timestamp":"2026-09-18T01:51:40.504905Z","level":"WARN","message":"cron fire deferred","trigger_id":"trg_01m2s3cfjz6kqqa7z67zbj81ad","scheduled_at":"2026-09-18T01:51:40Z","error":"provider unavailable: gateway is shutting down","target":"tachyon_serverless_application::services::triggers"}
{"timestamp":"2026-09-18T01:51:40.508252Z","level":"WARN","message":"cron fire deferred","trigger_id":"trg_01m2s3cfjz6kqqa7z67zbj81ad","scheduled_at":"2026-09-18T01:51:40Z","error":"provider unavailable: gateway is shutting down","target":"tachyon_serverless_application::services::triggers"}
{"timestamp":"2026-09-18T01:51:40.510709Z","level":"WARN","message":"cron fire deferred","trigger_id":"trg_01m2s3cfjz6kqqa7z67zbj81ad","scheduled_at":"2026-09-18T01:51:40Z","error":"provider unavailable: gateway is shutting down","target":"tachyon_serverless_application::services::triggers"}
{"timestamp":"2026-09-18T01:51:40.512830Z","level":"WARN","message":"cron fire deferred","trigger_id":"trg_01m2s3cfjz6kqqa7z67zbj81ad","scheduled_at":"2026-09-18T01:51:40Z","error":"provider unavailable: gateway is shutting down","target":"tachyon_serverless_application::services::triggers"}
{"timestamp":"2026-09-18T01:51:40.515289Z","level":"WARN","message":"cron fire deferred","trigger_id":"trg_01m2s3cfjz6kqqa7z67zbj81ad","scheduled_at":"2026-09-18T01:51:40Z","error":"provider unavailable: gateway is shutting down","target":"tachyon_serverless_application::services::triggers"}
{"timestamp":"2026-09-18T01:51:40.518314Z","level":"WARN","message":"cron fire deferred","trigger_id":"trg_01m2s3cfjz6kqqa7z67zbj81ad","scheduled_at":"2026-09-18T01:51:40Z","error":"provider unavailable: gateway is shutting down","target":"tachyon_serverless_application::services::triggers"}
{"timestamp":"2026-09-18T01:51:40.520771Z","level":"WARN","message":"cron fire deferred","trigger_id":"trg_01m2s3cfjz6kqqa7z67zbj81ad","scheduled_at":"2026-09-18T01:51:40Z","error":"provider unavailable: gateway is shutting down","target":"tachyon_serverless_application::services::triggers"}
{"timestamp":"2026-09-18T01:51:40.523002Z","level":"WARN","message":"cron fire deferred","trigger_id":"trg_01m2s3cfjz6kqqa7z67zbj81ad","scheduled_at":"2026-09-18T01:51:40Z","error":"provider unavailable: gateway is shutting down","target":"tachyon_serverless_application::services::triggers"}
{"timestamp":"2026-09-18T01:51:40.525849Z","level":"WARN","message":"cron fire deferred","trigger_id":"trg_01m2s3cfjz6kqqa7z67zbj81ad","scheduled_at":"2026-09-18T01:51:40Z","error":"provider unavailable: gateway is shutting down","target":"tachyon_serverless_application::services::triggers"}
{"timestamp":"2026-09-18T01:51:40.528504Z","level":"WARN","message":"cron fire deferred","trigger_id":"trg_01m2s3cfjz6kqqa7z67zbj81ad","scheduled_at":"2026-09-18T01:51:40Z","error":"provider unavailable: gateway is shutting down","target":"tachyon_serverless_application::services::triggers"}
{"timestamp":"2026-09-18T01:51:40.531370Z","level":"WARN","message":"cron fire deferred","trigger_id":"trg_01m2s3cfjz6kqqa7z67zbj81ad","scheduled_at":"2026-09-18T01:51:40Z","error":"provider unavailable: gateway is shutting down","target":"tachyon_serverless_application::services::triggers"}
{"timestamp":"2026-09-18T01:51:40.533582Z","level":"WARN","message":"cron fire deferred","trigger_id":"trg_01m2s3cfjz6kqqa7z67zbj81ad","scheduled_at":"2026-09-18T01:51:40Z","error":"provider unavailable: gateway is shutting down","target":"tachyon_serverless_application::services::triggers"}
{"timestamp":"2026-09-18T01:51:40.535737Z","level":"WARN","message":"cron fire deferred","trigger_id":"trg_01m2s3cfjz6kqqa7z67zbj81ad","scheduled_at":"2026-09-18T01:51:40Z","error":"provider unavailable: gateway is shutting down","target":"tachyon_serverless_application::services::triggers"}
{"timestamp":"2026-09-18T01:51:40.538198Z","level":"WARN","message":"cron fire deferred","trigger_id":"trg_01m2s3cfjz6kqqa7z67zbj81ad","scheduled_at":"2026-09-18T01:51:40Z","error":"provider unavailable: gateway is shutting down","target":"tachyon_serverless_application::services::triggers"}
{"timestamp":"2026-09-18T01:51:40.540497Z","level":"WARN","message":"cron fire deferred","trigger_id":"trg_01m2s3cfjz6kqqa7z67zbj81ad","scheduled_at":"2026-09-18T01:51:40Z","error":"provider unavailable: gateway is shutting down","target":"tachyon_serverless_application::services::triggers"}
{"timestamp":"2026-09-18T01:51:40.543432Z","level":"WARN","message":"cron fire deferred","trigger_id":"trg_01m2s3cfjz6kqqa7z67zbj81ad","scheduled_at":"2026-09-18T01:51:40Z","error":"provider unavailable: gateway is shutting down","target":"tachyon_serverless_application::services::triggers"}
{"timestamp":"2026-09-18T01:51:40.545820Z","level":"WARN","message":"cron fire deferred","trigger_id":"trg_01m2s3cfjz6kqqa7z67zbj81ad","scheduled_at":"2026-09-18T01:51:40Z","error":"provider unavailable: gateway is shutting down","target":"tachyon_serverless_application::services::triggers"}
{"timestamp":"2026-09-18T01:51:40.547998Z","level":"WARN","message":"cron fire deferred","trigger_id":"trg_01m2s3cfjz6kqqa7z67zbj81ad","scheduled_at":"2026-09-18T01:51:40Z","error":"provider unavailable: gateway is shutting down","target":"tachyon_serverless_application::services::triggers"}
{"timestamp":"2026-09-18T01:51:40.550846Z","level":"WARN","message":"cron fire deferred","trigger_id":"trg_01m2s3cfjz6kqqa7z67zbj81ad","scheduled_at":"2026-09-18T01:51:40Z","error":"provider unavailable: gateway is shutting down","target":"tachyon_serverless_application::services::triggers"}
{"timestamp":"2026-09-18T01:51:40.553242Z","level":"WARN","message":"cron fire deferred","trigger_id":"trg_01m2s3cfjz6kqqa7z67zbj81ad","scheduled_at":"2026-09-18T01:51:40Z","error":"provider unavailable: gateway is shutting down","target":"tachyon_serverless_application::services::triggers"}
{"timestamp":"2026-09-18T01:51:40.555871Z","level":"WARN","message":"cron fire deferred","trigger_id":"trg_01m2s3cfjz6kqqa7z67zbj81ad","scheduled_at":"2026-09-18T01:51:40Z","error":"provider unavailable: gateway is shutting down","target":"tachyon_serverless_application::services::triggers"}
{"timestamp":"2026-09-18T01:51:40.558417Z","level":"WARN","message":"cron fire deferred","trigger_id":"trg_01m2s3cfjz6kqqa7z67zbj81ad","scheduled_at":"2026-09-18T01:51:40Z","error":"provider unavailable: gateway is shutting down","target":"tachyon_serverless_application::services::triggers"}
{"timestamp":"2026-09-18T01:51:40.562271Z","level":"WARN","message":"cron fire deferred","trigger_id":"trg_01m2s3cfjz6kqqa7z67zbj81ad","scheduled_at":"2026-09-18T01:51:40Z","error":"provider unavailable: gateway is shutting down","target":"tachyon_serverless_application::services::triggers"}
{"timestamp":"2026-09-18T01:51:40.564804Z","level":"WARN","message":"cron fire deferred","trigger_id":"trg_01m2s3cfjz6kqqa7z67zbj81ad","scheduled_at":"2026-09-18T01:51:40Z","error":"provider unavailable: gateway is shutting down","target":"tachyon_serverless_application::services::triggers"}
{"timestamp":"2026-09-18T01:51:40.567510Z","level":"WARN","message":"cron fire deferred","trigger_id":"trg_01m2s3cfjz6kqqa7z67zbj81ad","scheduled_at":"2026-09-18T01:51:40Z","error":"provider unavailable: gateway is shutting down","target":"tachyon_serverless_application::services::triggers"}
{"timestamp":"2026-09-18T01:51:40.569888Z","level":"WARN","message":"cron fire deferred","trigger_id":"trg_01m2s3cfjz6kqqa7z67zbj81ad","scheduled_at":"2026-09-18T01:51:40Z","error":"provider unavailable: gateway is shutting down","target":"tachyon_serverless_application::services::triggers"}
{"timestamp":"2026-09-18T01:51:40.572761Z","level":"WARN","message":"cron fire deferred","trigger_id":"trg_01m2s3cfjz6kqqa7z67zbj81ad","scheduled_at":"2026-09-18T01:51:40Z","error":"provider unavailable: gateway is shutting down","target":"tachyon_serverless_application::services::triggers"}
{"timestamp":"2026-09-18T01:51:40.575125Z","level":"WARN","message":"cron fire deferred","trigger_id":"trg_01m2s3cfjz6kqqa7z67zbj81ad","scheduled_at":"2026-09-18T01:51:40Z","error":"provider unavailable: gateway is shutting down","target":"tachyon_serverless_application::services::triggers"}
{"timestamp":"2026-09-18T01:51:40.578661Z","level":"WARN","message":"cron fire deferred","trigger_id":"trg_01m2s3cfjz6kqqa7z67zbj81ad","scheduled_at":"2026-09-18T01:51:40Z","error":"provider unavailable: gateway is shutting down","target":"tachyon_serverless_application::services::triggers"}
{"timestamp":"2026-09-18T01:51:40.580365Z","level":"WARN","message":"cron fire deferred","trigger_id":"trg_01m2s3cfjz6kqqa7z67zbj81ad","scheduled_at":"2026-09-18T01:51:40Z","error":"provider unavailable: gateway is shutting down","target":"tachyon_serverless_application::services::triggers"}
{"timestamp":"2026-09-18T01:51:40.582682Z","level":"WARN","message":"cron fire deferred","trigger_id":"trg_01m2s3cfjz6kqqa7z67zbj81ad","scheduled_at":"2026-09-18T01:51:40Z","error":"provider unavailable: gateway is shutting down","target":"tachyon_serverless_application::services::triggers"}
{"timestamp":"2026-09-18T01:51:40.585119Z","level":"WARN","message":"cron fire deferred","trigger_id":"trg_01m2s3cfjz6kqqa7z67zbj81ad","scheduled_at":"2026-09-18T01:51:40Z","error":"provider unavailable: gateway is shutting down","target":"tachyon_serverless_application::services::triggers"}
{"timestamp":"2026-09-18T01:51:40.593146Z","level":"WARN","message":"cron fire deferred","trigger_id":"trg_01m2s3cfjz6kqqa7z67zbj81ad","scheduled_at":"2026-09-18T01:51:40Z","error":"provider unavailable: gateway is shutting down","target":"tachyon_serverless_application::services::triggers"}
{"timestamp":"2026-09-18T01:51:40.596469Z","level":"WARN","message":"cron fire deferred","trigger_id":"trg_01m2s3cfjz6kqqa7z67zbj81ad","scheduled_at":"2026-09-18T01:51:40Z","error":"provider unavailable: gateway is shutting down","target":"tachyon_serverless_application::services::triggers"}
{"timestamp":"2026-09-18T01:51:40.599284Z","level":"WARN","message":"cron fire deferred","trigger_id":"trg_01m2s3cfjz6kqqa7z67zbj81ad","scheduled_at":"2026-09-18T01:51:40Z","error":"provider unavailable: gateway is shutting down","target":"tachyon_serverless_application::services::triggers"}
{"timestamp":"2026-09-18T01:51:40.602376Z","level":"WARN","message":"cron fire deferred","trigger_id":"trg_01m2s3cfjz6kqqa7z67zbj81ad","scheduled_at":"2026-09-18T01:51:40Z","error":"provider unavailable: gateway is shutting down","target":"tachyon_serverless_application::services::triggers"}
{"timestamp":"2026-09-18T01:51:40.605566Z","level":"WARN","message":"cron fire deferred","trigger_id":"trg_01m2s3cfjz6kqqa7z67zbj81ad","scheduled_at":"2026-09-18T01:51:40Z","error":"provider unavailable: gateway is shutting down","target":"tachyon_serverless_application::services::triggers"}
{"timestamp":"2026-09-18T01:51:40.607819Z","level":"WARN","message":"cron fire deferred","trigger_id":"trg_01m2s3cfjz6kqqa7z67zbj81ad","scheduled_at":"2026-09-18T01:51:40Z","error":"provider unavailable: gateway is shutting down","target":"tachyon_serverless_application::services::triggers"}
{"timestamp":"2026-09-18T01:51:40.610186Z","level":"WARN","message":"cron fire deferred","trigger_id":"trg_01m2s3cfjz6kqqa7z67zbj81ad","scheduled_at":"2026-09-18T01:51:40Z","error":"provider unavailable: gateway is shutting down","target":"tachyon_serverless_application::services::triggers"}
{"timestamp":"2026-09-18T01:51:40.612503Z","level":"WARN","message":"cron fire deferred","trigger_id":"trg_01m2s3cfjz6kqqa7z67zbj81ad","scheduled_at":"2026-09-18T01:51:40Z","error":"provider unavailable: gateway is shutting down","target":"tachyon_serverless_application::services::triggers"}
{"timestamp":"2026-09-18T01:51:40.614806Z","level":"WARN","message":"cron fire deferred","trigger_id":"trg_01m2s3cfjz6kqqa7z67zbj81ad","scheduled_at":"2026-09-18T01:51:40Z","error":"provider unavailable: gateway is shutting down","target":"tachyon_serverless_application::services::triggers"}
{"timestamp":"2026-09-18T01:51:40.617016Z","level":"WARN","message":"cron fire deferred","trigger_id":"trg_01m2s3cfjz6kqqa7z67zbj81ad","scheduled_at":"2026-09-18T01:51:40Z","error":"provider unavailable: gateway is shutting down","target":"tachyon_serverless_application::services::triggers"}
{"timestamp":"2026-09-18T01:51:40.620711Z","level":"WARN","message":"cron fire deferred","trigger_id":"trg_01m2s3cfjz6kqqa7z67zbj81ad","scheduled_at":"2026-09-18T01:51:40Z","error":"provider unavailable: gateway is shutting down","target":"tachyon_serverless_application::services::triggers"}
{"timestamp":"2026-09-18T01:51:40.623255Z","level":"WARN","message":"cron fire deferred","trigger_id":"trg_01m2s3cfjz6kqqa7z67zbj81ad","scheduled_at":"2026-09-18T01:51:40Z","error":"provider unavailable: gateway is shutting down","target":"tachyon_serverless_application::services::triggers"}
{"timestamp":"2026-09-18T01:51:40.625805Z","level":"WARN","message":"cron fire deferred","trigger_id":"trg_01m2s3cfjz6kqqa7z67zbj81ad","scheduled_at":"2026-09-18T01:51:40Z","error":"provider unavailable: gateway is shutting down","target":"tachyon_serverless_application::services::triggers"}
{"timestamp":"2026-09-18T01:51:40.627978Z","level":"WARN","message":"cron fire deferred","trigger_id":"trg_01m2s3cfjz6kqqa7z67zbj81ad","scheduled_at":"2026-09-18T01:51:40Z","error":"provider unavailable: gateway is shutting down","target":"tachyon_serverless_application::services::triggers"}
{"timestamp":"2026-09-18T01:51:40.630901Z","level":"WARN","message":"cron fire deferred","trigger_id":"trg_01m2s3cfjz6kqqa7z67zbj81ad","scheduled_at":"2026-09-18T01:51:40Z","error":"provider unavailable: gateway is shutting down","target":"tachyon_serverless_application::services::triggers"}
{"timestamp":"2026-09-18T01:51:40.633454Z","level":"WARN","message":"cron fire deferred","trigger_id":"trg_01m2s3cfjz6kqqa7z67zbj81ad","scheduled_at":"2026-09-18T01:51:40Z","error":"provider unavailable: gateway is shutting down","target":"tachyon_serverless_application::services::triggers"}
{"timestamp":"2026-09-18T01:51:40.636776Z","level":"WARN","message":"cron fire deferred","trigger_id":"trg_01m2s3cfjz6kqqa7z67zbj81ad","scheduled_at":"2026-09-18T01:51:40Z","error":"provider unavailable: gateway is shutting down","target":"tachyon_serverless_application::services::triggers"}
{"timestamp":"2026-09-18T01:51:40.639454Z","level":"WARN","message":"cron fire deferred","trigger_id":"trg_01m2s3cfjz6kqqa7z67zbj81ad","scheduled_at":"2026-09-18T01:51:40Z","error":"provider unavailable: gateway is shutting down","target":"tachyon_serverless_application::services::triggers"}
{"timestamp":"2026-09-18T01:51:40.642716Z","level":"WARN","message":"cron fire deferred","trigger_id":"trg_01m2s3cfjz6kqqa7z67zbj81ad","scheduled_at":"2026-09-18T01:51:40Z","error":"provider unavailable: gateway is shutting down","target":"tachyon_serverless_application::services::triggers"}
{"timestamp":"2026-09-18T01:51:40.645392Z","level":"WARN","message":"cron fire deferred","trigger_id":"trg_01m2s3cfjz6kqqa7z67zbj81ad","scheduled_at":"2026-09-18T01:51:40Z","error":"provider unavailable: gateway is shutting down","target":"tachyon_serverless_application::services::triggers"}
{"timestamp":"2026-09-18T01:51:40.647753Z","level":"WARN","message":"cron fire deferred","trigger_id":"trg_01m2s3cfjz6kqqa7z67zbj81ad","scheduled_at":"2026-09-18T01:51:40Z","error":"provider unavailable: gateway is shutting down","target":"tachyon_serverless_application::services::triggers"}
{"timestamp":"2026-09-18T01:51:40.649764Z","level":"WARN","message":"cron fire deferred","trigger_id":"trg_01m2s3cfjz6kqqa7z67zbj81ad","scheduled_at":"2026-09-18T01:51:40Z","error":"provider unavailable: gateway is shutting down","target":"tachyon_serverless_application::services::triggers"}
{"timestamp":"2026-09-18T01:51:40.652303Z","level":"WARN","message":"cron fire deferred","trigger_id":"trg_01m2s3cfjz6kqqa7z67zbj81ad","scheduled_at":"2026-09-18T01:51:40Z","error":"provider unavailable: gateway is shutting down","target":"tachyon_serverless_application::services::triggers"}
{"timestamp":"2026-09-18T01:51:40.654568Z","level":"WARN","message":"cron fire deferred","trigger_id":"trg_01m2s3cfjz6kqqa7z67zbj81ad","scheduled_at":"2026-09-18T01:51:40Z","error":"provider unavailable: gateway is shutting down","target":"tachyon_serverless_application::services::triggers"}
{"timestamp":"2026-09-18T01:51:40.657603Z","level":"WARN","message":"cron fire deferred","trigger_id":"trg_01m2s3cfjz6kqqa7z67zbj81ad","scheduled_at":"2026-09-18T01:51:40Z","error":"provider unavailable: gateway is shutting down","target":"tachyon_serverless_application::services::triggers"}
{"timestamp":"2026-09-18T01:51:40.659637Z","level":"WARN","message":"cron fire deferred","trigger_id":"trg_01m2s3cfjz6kqqa7z67zbj81ad","scheduled_at":"2026-09-18T01:51:40Z","error":"provider unavailable: gateway is shutting down","target":"tachyon_serverless_application::services::triggers"}
{"timestamp":"2026-09-18T01:51:40.661768Z","level":"WARN","message":"cron fire deferred","trigger_id":"trg_01m2s3cfjz6kqqa7z67zbj81ad","scheduled_at":"2026-09-18T01:51:40Z","error":"provider unavailable: gateway is shutting down","target":"tachyon_serverless_application::services::triggers"}
{"timestamp":"2026-09-18T01:51:40.663799Z","level":"WARN","message":"cron fire deferred","trigger_id":"trg_01m2s3cfjz6kqqa7z67zbj81ad","scheduled_at":"2026-09-18T01:51:40Z","error":"provider unavailable: gateway is shutting down","target":"tachyon_serverless_application::services::triggers"}
{"timestamp":"2026-09-18T01:51:40.665698Z","level":"WARN","message":"cron fire deferred","trigger_id":"trg_01m2s3cfjz6kqqa7z67zbj81ad","scheduled_at":"2026-09-18T01:51:40Z","error":"provider unavailable: gateway is shutting down","target":"tachyon_serverless_application::services::triggers"}
{"timestamp":"2026-09-18T01:51:40.667831Z","level":"WARN","message":"cron fire deferred","trigger_id":"trg_01m2s3cfjz6kqqa7z67zbj81ad","scheduled_at":"2026-09-18T01:51:40Z","error":"provider unavailable: gateway is shutting down","target":"tachyon_serverless_application::services::triggers"}
{"timestamp":"2026-09-18T01:51:40.670183Z","level":"WARN","message":"cron fire deferred","trigger_id":"trg_01m2s3cfjz6kqqa7z67zbj81ad","scheduled_at":"2026-09-18T01:51:40Z","error":"provider unavailable: gateway is shutting down","target":"tachyon_serverless_application::services::triggers"}
{"timestamp":"2026-09-18T01:51:40.672770Z","level":"WARN","message":"cron fire deferred","trigger_id":"trg_01m2s3cfjz6kqqa7z67zbj81ad","scheduled_at":"2026-09-18T01:51:40Z","error":"provider unavailable: gateway is shutting down","target":"tachyon_serverless_application::services::triggers"}
{"timestamp":"2026-09-18T01:51:40.675022Z","level":"WARN","message":"cron fire deferred","trigger_id":"trg_01m2s3cfjz6kqqa7z67zbj81ad","scheduled_at":"2026-09-18T01:51:40Z","error":"provider unavailable: gateway is shutting down","target":"tachyon_serverless_application::services::triggers"}
{"timestamp":"2026-09-18T01:51:40.677659Z","level":"WARN","message":"cron fire deferred","trigger_id":"trg_01m2s3cfjz6kqqa7z67zbj81ad","scheduled_at":"2026-09-18T01:51:40Z","error":"provider unavailable: gateway is shutting down","target":"tachyon_serverless_application::services::triggers"}
{"timestamp":"2026-09-18T01:51:40.681610Z","level":"WARN","message":"cron fire deferred","trigger_id":"trg_01m2s3cfjz6kqqa7z67zbj81ad","scheduled_at":"2026-09-18T01:51:40Z","error":"provider unavailable: gateway is shutting down","target":"tachyon_serverless_application::services::triggers"}
{"timestamp":"2026-09-18T01:51:40.684437Z","level":"WARN","message":"cron fire deferred","trigger_id":"trg_01m2s3cfjz6kqqa7z67zbj81ad","scheduled_at":"2026-09-18T01:51:40Z","error":"provider unavailable: gateway is shutting down","target":"tachyon_serverless_application::services::triggers"}
{"timestamp":"2026-09-18T01:51:40.690463Z","level":"WARN","message":"cron fire deferred","trigger_id":"trg_01m2s3cfjz6kqqa7z67zbj81ad","scheduled_at":"2026-09-18T01:51:40Z","error":"provider unavailable: gateway is shutting down","target":"tachyon_serverless_application::services::triggers"}
{"timestamp":"2026-09-18T01:51:40.693432Z","level":"WARN","message":"cron fire deferred","trigger_id":"trg_01m2s3cfjz6kqqa7z67zbj81ad","scheduled_at":"2026-09-18T01:51:40Z","error":"provider unavailable: gateway is shutting down","target":"tachyon_serverless_application::services::triggers"}
{"timestamp":"2026-09-18T01:51:40.696654Z","level":"WARN","message":"cron fire deferred","trigger_id":"trg_01m2s3cfjz6kqqa7z67zbj81ad","scheduled_at":"2026-09-18T01:51:40Z","error":"provider unavailable: gateway is shutting down","target":"tachyon_serverless_application::services::triggers"}
{"timestamp":"2026-09-18T01:51:40.698563Z","level":"WARN","message":"cron fire deferred","trigger_id":"trg_01m2s3cfjz6kqqa7z67zbj81ad","scheduled_at":"2026-09-18T01:51:40Z","error":"provider unavailable: gateway is shutting down","target":"tachyon_serverless_application::services::triggers"}
{"timestamp":"2026-09-18T01:51:40.702387Z","level":"WARN","message":"cron fire deferred","trigger_id":"trg_01m2s3cfjz6kqqa7z67zbj81ad","scheduled_at":"2026-09-18T01:51:40Z","error":"provider unavailable: gateway is shutting down","target":"tachyon_serverless_application::services::triggers"}
{"timestamp":"2026-09-18T01:51:40.705458Z","level":"WARN","message":"cron fire deferred","trigger_id":"trg_01m2s3cfjz6kqqa7z67zbj81ad","scheduled_at":"2026-09-18T01:51:40Z","error":"provider unavailable: gateway is shutting down","target":"tachyon_serverless_application::services::triggers"}
{"timestamp":"2026-09-18T01:51:40.708169Z","level":"WARN","message":"cron fire deferred","trigger_id":"trg_01m2s3cfjz6kqqa7z67zbj81ad","scheduled_at":"2026-09-18T01:51:40Z","error":"provider unavailable: gateway is shutting down","target":"tachyon_serverless_application::services::triggers"}
{"timestamp":"2026-09-18T01:51:40.710861Z","level":"WARN","message":"cron fire deferred","trigger_id":"trg_01m2s3cfjz6kqqa7z67zbj81ad","scheduled_at":"2026-09-18T01:51:40Z","error":"provider unavailable: gateway is shutting down","target":"tachyon_serverless_application::services::triggers"}
{"timestamp":"2026-09-18T01:51:40.713159Z","level":"WARN","message":"cron fire deferred","trigger_id":"trg_01m2s3cfjz6kqqa7z67zbj81ad","scheduled_at":"2026-09-18T01:51:40Z","error":"provider unavailable: gateway is shutting down","target":"tachyon_serverless_application::services::triggers"}
{"timestamp":"2026-09-18T01:51:40.716469Z","level":"WARN","message":"cron fire deferred","trigger_id":"trg_01m2s3cfjz6kqqa7z67zbj81ad","scheduled_at":"2026-09-18T01:51:40Z","error":"provider unavailable: gateway is shutting down","target":"tachyon_serverless_application::services::triggers"}
{"timestamp":"2026-09-18T01:51:40.719437Z","level":"WARN","message":"cron fire deferred","trigger_id":"trg_01m2s3cfjz6kqqa7z67zbj81ad","scheduled_at":"2026-09-18T01:51:40Z","error":"provider unavailable: gateway is shutting down","target":"tachyon_serverless_application::services::triggers"}
{"timestamp":"2026-09-18T01:51:40.722587Z","level":"WARN","message":"cron fire deferred","trigger_id":"trg_01m2s3cfjz6kqqa7z67zbj81ad","scheduled_at":"2026-09-18T01:51:40Z","error":"provider unavailable: gateway is shutting down","target":"tachyon_serverless_application::services::triggers"}
{"timestamp":"2026-09-18T01:51:40.726254Z","level":"WARN","message":"cron fire deferred","trigger_id":"trg_01m2s3cfjz6kqqa7z67zbj81ad","scheduled_at":"2026-09-18T01:51:40Z","error":"provider unavailable: gateway is shutting down","target":"tachyon_serverless_application::services::triggers"}
{"timestamp":"2026-09-18T01:51:40.729079Z","level":"WARN","message":"cron fire deferred","trigger_id":"trg_01m2s3cfjz6kqqa7z67zbj81ad","scheduled_at":"2026-09-18T01:51:40Z","error":"provider unavailable: gateway is shutting down","target":"tachyon_serverless_application::services::triggers"}
{"timestamp":"2026-09-18T01:51:40.731548Z","level":"WARN","message":"cron fire deferred","trigger_id":"trg_01m2s3cfjz6kqqa7z67zbj81ad","scheduled_at":"2026-09-18T01:51:40Z","error":"provider unavailable: gateway is shutting down","target":"tachyon_serverless_application::services::triggers"}
{"timestamp":"2026-09-18T01:51:40.734127Z","level":"WARN","message":"cron fire deferred","trigger_id":"trg_01m2s3cfjz6kqqa7z67zbj81ad","scheduled_at":"2026-09-18T01:51:40Z","error":"provider unavailable: gateway is shutting down","target":"tachyon_serverless_application::services::triggers"}
{"timestamp":"2026-09-18T01:51:40.737362Z","level":"WARN","message":"cron fire deferred","trigger_id":"trg_01m2s3cfjz6kqqa7z67zbj81ad","scheduled_at":"2026-09-18T01:51:40Z","error":"provider unavailable: gateway is shutting down","target":"tachyon_serverless_application::services::triggers"}
{"timestamp":"2026-09-18T01:51:40.740416Z","level":"WARN","message":"cron fire deferred","trigger_id":"trg_01m2s3cfjz6kqqa7z67zbj81ad","scheduled_at":"2026-09-18T01:51:40Z","error":"provider unavailable: gateway is shutting down","target":"tachyon_serverless_application::services::triggers"}
{"timestamp":"2026-09-18T01:51:40.743290Z","level":"WARN","message":"cron fire deferred","trigger_id":"trg_01m2s3cfjz6kqqa7z67zbj81ad","scheduled_at":"2026-09-18T01:51:40Z","error":"provider unavailable: gateway is shutting down","target":"tachyon_serverless_application::services::triggers"}
{"timestamp":"2026-09-18T01:51:40.745931Z","level":"WARN","message":"cron fire deferred","trigger_id":"trg_01m2s3cfjz6kqqa7z67zbj81ad","scheduled_at":"2026-09-18T01:51:40Z","error":"provider unavailable: gateway is shutting down","target":"tachyon_serverless_application::services::triggers"}
{"timestamp":"2026-09-18T01:51:40.748665Z","level":"WARN","message":"cron fire deferred","trigger_id":"trg_01m2s3cfjz6kqqa7z67zbj81ad","scheduled_at":"2026-09-18T01:51:40Z","error":"provider unavailable: gateway is shutting down","target":"tachyon_serverless_application::services::triggers"}
{"timestamp":"2026-09-18T01:51:40.750875Z","level":"WARN","message":"cron fire deferred","trigger_id":"trg_01m2s3cfjz6kqqa7z67zbj81ad","scheduled_at":"2026-09-18T01:51:40Z","error":"provider unavailable: gateway is shutting down","target":"tachyon_serverless_application::services::triggers"}
{"timestamp":"2026-09-18T01:51:40.753955Z","level":"WARN","message":"cron fire deferred","trigger_id":"trg_01m2s3cfjz6kqqa7z67zbj81ad","scheduled_at":"2026-09-18T01:51:40Z","error":"provider unavailable: gateway is shutting down","target":"tachyon_serverless_application::services::triggers"}
{"timestamp":"2026-09-18T01:51:40.758391Z","level":"WARN","message":"cron fire deferred","trigger_id":"trg_01m2s3cfjz6kqqa7z67zbj81ad","scheduled_at":"2026-09-18T01:51:40Z","error":"provider unavailable: gateway is shutting down","target":"tachyon_serverless_application::services::triggers"}
{"timestamp":"2026-09-18T01:51:40.760909Z","level":"WARN","message":"cron fire deferred","trigger_id":"trg_01m2s3cfjz6kqqa7z67zbj81ad","scheduled_at":"2026-09-18T01:51:40Z","error":"provider unavailable: gateway is shutting down","target":"tachyon_serverless_application::services::triggers"}
{"timestamp":"2026-09-18T01:51:40.764304Z","level":"WARN","message":"cron fire deferred","trigger_id":"trg_01m2s3cfjz6kqqa7z67zbj81ad","scheduled_at":"2026-09-18T01:51:40Z","error":"provider unavailable: gateway is shutting down","target":"tachyon_serverless_application::services::triggers"}
{"timestamp":"2026-09-18T01:51:40.766924Z","level":"WARN","message":"cron fire deferred","trigger_id":"trg_01m2s3cfjz6kqqa7z67zbj81ad","scheduled_at":"2026-09-18T01:51:40Z","error":"provider unavailable: gateway is shutting down","target":"tachyon_serverless_application::services::triggers"}
{"timestamp":"2026-09-18T01:51:40.770203Z","level":"WARN","message":"cron fire deferred","trigger_id":"trg_01m2s3cfjz6kqqa7z67zbj81ad","scheduled_at":"2026-09-18T01:51:40Z","error":"provider unavailable: gateway is shutting down","target":"tachyon_serverless_application::services::triggers"}
{"timestamp":"2026-09-18T01:51:40.772851Z","level":"WARN","message":"cron fire deferred","trigger_id":"trg_01m2s3cfjz6kqqa7z67zbj81ad","scheduled_at":"2026-09-18T01:51:40Z","error":"provider unavailable: gateway is shutting down","target":"tachyon_serverless_application::services::triggers"}
{"timestamp":"2026-09-18T01:51:40.776698Z","level":"WARN","message":"cron fire deferred","trigger_id":"trg_01m2s3cfjz6kqqa7z67zbj81ad","scheduled_at":"2026-09-18T01:51:40Z","error":"provider unavailable: gateway is shutting down","target":"tachyon_serverless_application::services::triggers"}
{"timestamp":"2026-09-18T01:51:40.780071Z","level":"WARN","message":"cron fire deferred","trigger_id":"trg_01m2s3cfjz6kqqa7z67zbj81ad","scheduled_at":"2026-09-18T01:51:40Z","error":"provider unavailable: gateway is shutting down","target":"tachyon_serverless_application::services::triggers"}
{"timestamp":"2026-09-18T01:51:40.783613Z","level":"WARN","message":"cron fire deferred","trigger_id":"trg_01m2s3cfjz6kqqa7z67zbj81ad","scheduled_at":"2026-09-18T01:51:40Z","error":"provider unavailable: gateway is shutting down","target":"tachyon_serverless_application::services::triggers"}
{"timestamp":"2026-09-18T01:51:40.788623Z","level":"WARN","message":"cron fire deferred","trigger_id":"trg_01m2s3cfjz6kqqa7z67zbj81ad","scheduled_at":"2026-09-18T01:51:40Z","error":"provider unavailable: gateway is shutting down","target":"tachyon_serverless_application::services::triggers"}
{"timestamp":"2026-09-18T01:51:40.791884Z","level":"WARN","message":"cron fire deferred","trigger_id":"trg_01m2s3cfjz6kqqa7z67zbj81ad","scheduled_at":"2026-09-18T01:51:40Z","error":"provider unavailable: gateway is shutting down","target":"tachyon_serverless_application::services::triggers"}
{"timestamp":"2026-09-18T01:51:40.795434Z","level":"WARN","message":"cron fire deferred","trigger_id":"trg_01m2s3cfjz6kqqa7z67zbj81ad","scheduled_at":"2026-09-18T01:51:40Z","error":"provider unavailable: gateway is shutting down","target":"tachyon_serverless_application::services::triggers"}
{"timestamp":"2026-09-18T01:51:40.797996Z","level":"WARN","message":"cron fire deferred","trigger_id":"trg_01m2s3cfjz6kqqa7z67zbj81ad","scheduled_at":"2026-09-18T01:51:40Z","error":"provider unavailable: gateway is shutting down","target":"tachyon_serverless_application::services::triggers"}
{"timestamp":"2026-09-18T01:51:40.800840Z","level":"WARN","message":"cron fire deferred","trigger_id":"trg_01m2s3cfjz6kqqa7z67zbj81ad","scheduled_at":"2026-09-18T01:51:40Z","error":"provider unavailable: gateway is shutting down","target":"tachyon_serverless_application::services::triggers"}
{"timestamp":"2026-09-18T01:51:40.803381Z","level":"WARN","message":"cron fire deferred","trigger_id":"trg_01m2s3cfjz6kqqa7z67zbj81ad","scheduled_at":"2026-09-18T01:51:40Z","error":"provider unavailable: gateway is shutting down","target":"tachyon_serverless_application::services::triggers"}
{"timestamp":"2026-09-18T01:51:40.806868Z","level":"WARN","message":"cron fire deferred","trigger_id":"trg_01m2s3cfjz6kqqa7z67zbj81ad","scheduled_at":"2026-09-18T01:51:40Z","error":"provider unavailable: gateway is shutting down","target":"tachyon_serverless_application::services::triggers"}
{"timestamp":"2026-09-18T01:51:40.809821Z","level":"WARN","message":"cron fire deferred","trigger_id":"trg_01m2s3cfjz6kqqa7z67zbj81ad","scheduled_at":"2026-09-18T01:51:40Z","error":"provider unavailable: gateway is shutting down","target":"tachyon_serverless_application::services::triggers"}
{"timestamp":"2026-09-18T01:51:40.811960Z","level":"WARN","message":"cron fire deferred","trigger_id":"trg_01m2s3cfjz6kqqa7z67zbj81ad","scheduled_at":"2026-09-18T01:51:40Z","error":"provider unavailable: gateway is shutting down","target":"tachyon_serverless_application::services::triggers"}
{"timestamp":"2026-09-18T01:51:40.814671Z","level":"WARN","message":"cron fire deferred","trigger_id":"trg_01m2s3cfjz6kqqa7z67zbj81ad","scheduled_at":"2026-09-18T01:51:40Z","error":"provider unavailable: gateway is shutting down","target":"tachyon_serverless_application::services::triggers"}
{"timestamp":"2026-09-18T01:51:40.817911Z","level":"WARN","message":"cron fire deferred","trigger_id":"trg_01m2s3cfjz6kqqa7z67zbj81ad","scheduled_at":"2026-09-18T01:51:40Z","error":"provider unavailable: gateway is shutting down","target":"tachyon_serverless_application::services::triggers"}
{"timestamp":"2026-09-18T01:51:40.822200Z","level":"WARN","message":"cron fire deferred","trigger_id":"trg_01m2s3cfjz6kqqa7z67zbj81ad","scheduled_at":"2026-09-18T01:51:40Z","error":"provider unavailable: gateway is shutting down","target":"tachyon_serverless_application::services::triggers"}
{"timestamp":"2026-09-18T01:51:40.825067Z","level":"WARN","message":"cron fire deferred","trigger_id":"trg_01m2s3cfjz6kqqa7z67zbj81ad","scheduled_at":"2026-09-18T01:51:40Z","error":"provider unavailable: gateway is shutting down","target":"tachyon_serverless_application::services::triggers"}
{"timestamp":"2026-09-18T01:51:40.828134Z","level":"WARN","message":"cron fire deferred","trigger_id":"trg_01m2s3cfjz6kqqa7z67zbj81ad","scheduled_at":"2026-09-18T01:51:40Z","error":"provider unavailable: gateway is shutting down","target":"tachyon_serverless_application::services::triggers"}
{"timestamp":"2026-09-18T01:51:40.830479Z","level":"WARN","message":"cron fire deferred","trigger_id":"trg_01m2s3cfjz6kqqa7z67zbj81ad","scheduled_at":"2026-09-18T01:51:40Z","error":"provider unavailable: gateway is shutting down","target":"tachyon_serverless_application::services::triggers"}
{"timestamp":"2026-09-18T01:51:40.832649Z","level":"WARN","message":"cron fire deferred","trigger_id":"trg_01m2s3cfjz6kqqa7z67zbj81ad","scheduled_at":"2026-09-18T01:51:40Z","error":"provider unavailable: gateway is shutting down","target":"tachyon_serverless_application::services::triggers"}
{"timestamp":"2026-09-18T01:51:40.835399Z","level":"WARN","message":"cron fire deferred","trigger_id":"trg_01m2s3cfjz6kqqa7z67zbj81ad","scheduled_at":"2026-09-18T01:51:40Z","error":"provider unavailable: gateway is shutting down","target":"tachyon_serverless_application::services::triggers"}
{"timestamp":"2026-09-18T01:51:40.837759Z","level":"WARN","message":"cron fire deferred","trigger_id":"trg_01m2s3cfjz6kqqa7z67zbj81ad","scheduled_at":"2026-09-18T01:51:40Z","error":"provider unavailable: gateway is shutting down","target":"tachyon_serverless_application::services::triggers"}
{"timestamp":"2026-09-18T01:51:40.839789Z","level":"WARN","message":"cron fire deferred","trigger_id":"trg_01m2s3cfjz6kqqa7z67zbj81ad","scheduled_at":"2026-09-18T01:51:40Z","error":"provider unavailable: gateway is shutting down","target":"tachyon_serverless_application::services::triggers"}
{"timestamp":"2026-09-18T01:51:40.841887Z","level":"WARN","message":"cron fire deferred","trigger_id":"trg_01m2s3cfjz6kqqa7z67zbj81ad","scheduled_at":"2026-09-18T01:51:40Z","error":"provider unavailable: gateway is shutting down","target":"tachyon_serverless_application::services::triggers"}
{"timestamp":"2026-09-18T01:51:40.844464Z","level":"WARN","message":"cron fire deferred","trigger_id":"trg_01m2s3cfjz6kqqa7z67zbj81ad","scheduled_at":"2026-09-18T01:51:40Z","error":"provider unavailable: gateway is shutting down","target":"tachyon_serverless_application::services::triggers"}
{"timestamp":"2026-09-18T01:51:40.846908Z","level":"WARN","message":"cron fire deferred","trigger_id":"trg_01m2s3cfjz6kqqa7z67zbj81ad","scheduled_at":"2026-09-18T01:51:40Z","error":"provider unavailable: gateway is shutting down","target":"tachyon_serverless_application::services::triggers"}
{"timestamp":"2026-09-18T01:51:40.849375Z","level":"WARN","message":"cron fire deferred","trigger_id":"trg_01m2s3cfjz6kqqa7z67zbj81ad","scheduled_at":"2026-09-18T01:51:40Z","error":"provider unavailable: gateway is shutting down","target":"tachyon_serverless_application::services::triggers"}
{"timestamp":"2026-09-18T01:51:40.851572Z","level":"WARN","message":"cron fire deferred","trigger_id":"trg_01m2s3cfjz6kqqa7z67zbj81ad","scheduled_at":"2026-09-18T01:51:40Z","error":"provider unavailable: gateway is shutting down","target":"tachyon_serverless_application::services::triggers"}
{"timestamp":"2026-09-18T01:51:40.853917Z","level":"WARN","message":"cron fire deferred","trigger_id":"trg_01m2s3cfjz6kqqa7z67zbj81ad","scheduled_at":"2026-09-18T01:51:40Z","error":"provider unavailable: gateway is shutting down","target":"tachyon_serverless_application::services::triggers"}
{"timestamp":"2026-09-18T01:51:40.856432Z","level":"WARN","message":"cron fire deferred","trigger_id":"trg_01m2s3cfjz6kqqa7z67zbj81ad","scheduled_at":"2026-09-18T01:51:40Z","error":"provider unavailable: gateway is shutting down","target":"tachyon_serverless_application::services::triggers"}
{"timestamp":"2026-09-18T01:51:40.859701Z","level":"WARN","message":"cron fire deferred","trigger_id":"trg_01m2s3cfjz6kqqa7z67zbj81ad","scheduled_at":"2026-09-18T01:51:40Z","error":"provider unavailable: gateway is shutting down","target":"tachyon_serverless_application::services::triggers"}
{"timestamp":"2026-09-18T01:51:40.861799Z","level":"WARN","message":"cron fire deferred","trigger_id":"trg_01m2s3cfjz6kqqa7z67zbj81ad","scheduled_at":"2026-09-18T01:51:40Z","error":"provider unavailable: gateway is shutting down","target":"tachyon_serverless_application::services::triggers"}
{"timestamp":"2026-09-18T01:51:40.863894Z","level":"WARN","message":"cron fire deferred","trigger_id":"trg_01m2s3cfjz6kqqa7z67zbj81ad","scheduled_at":"2026-09-18T01:51:40Z","error":"provider unavailable: gateway is shutting down","target":"tachyon_serverless_application::services::triggers"}
{"timestamp":"2026-09-18T01:51:40.866190Z","level":"WARN","message":"cron fire deferred","trigger_id":"trg_01m2s3cfjz6kqqa7z67zbj81ad","scheduled_at":"2026-09-18T01:51:40Z","error":"provider unavailable: gateway is shutting down","target":"tachyon_serverless_application::services::triggers"}
{"timestamp":"2026-09-18T01:51:40.869235Z","level":"WARN","message":"cron fire deferred","trigger_id":"trg_01m2s3cfjz6kqqa7z67zbj81ad","scheduled_at":"2026-09-18T01:51:40Z","error":"provider unavailable: gateway is shutting down","target":"tachyon_serverless_application::services::triggers"}
{"timestamp":"2026-09-18T01:51:40.871803Z","level":"WARN","message":"cron fire deferred","trigger_id":"trg_01m2s3cfjz6kqqa7z67zbj81ad","scheduled_at":"2026-09-18T01:51:40Z","error":"provider unavailable: gateway is shutting down","target":"tachyon_serverless_application::services::triggers"}
{"timestamp":"2026-09-18T01:51:40.876576Z","level":"WARN","message":"cron fire deferred","trigger_id":"trg_01m2s3cfjz6kqqa7z67zbj81ad","scheduled_at":"2026-09-18T01:51:40Z","error":"provider unavailable: gateway is shutting down","target":"tachyon_serverless_application::services::triggers"}
{"timestamp":"2026-09-18T01:51:40.878848Z","level":"WARN","message":"cron fire deferred","trigger_id":"trg_01m2s3cfjz6kqqa7z67zbj81ad","scheduled_at":"2026-09-18T01:51:40Z","error":"provider unavailable: gateway is shutting down","target":"tachyon_serverless_application::services::triggers"}
{"timestamp":"2026-09-18T01:51:40.881479Z","level":"WARN","message":"cron fire deferred","trigger_id":"trg_01m2s3cfjz6kqqa7z67zbj81ad","scheduled_at":"2026-09-18T01:51:40Z","error":"provider unavailable: gateway is shutting down","target":"tachyon_serverless_application::services::triggers"}
{"timestamp":"2026-09-18T01:51:40.884883Z","level":"WARN","message":"cron fire deferred","trigger_id":"trg_01m2s3cfjz6kqqa7z67zbj81ad","scheduled_at":"2026-09-18T01:51:40Z","error":"provider unavailable: gateway is shutting down","target":"tachyon_serverless_application::services::triggers"}
{"timestamp":"2026-09-18T01:51:40.890192Z","level":"WARN","message":"cron fire deferred","trigger_id":"trg_01m2s3cfjz6kqqa7z67zbj81ad","scheduled_at":"2026-09-18T01:51:40Z","error":"provider unavailable: gateway is shutting down","target":"tachyon_serverless_application::services::triggers"}
{"timestamp":"2026-09-18T01:51:40.893346Z","level":"WARN","message":"cron fire deferred","trigger_id":"trg_01m2s3cfjz6kqqa7z67zbj81ad","scheduled_at":"2026-09-18T01:51:40Z","error":"provider unavailable: gateway is shutting down","target":"tachyon_serverless_application::services::triggers"}
{"timestamp":"2026-09-18T01:51:40.897779Z","level":"WARN","message":"cron fire deferred","trigger_id":"trg_01m2s3cfjz6kqqa7z67zbj81ad","scheduled_at":"2026-09-18T01:51:40Z","error":"provider unavailable: gateway is shutting down","target":"tachyon_serverless_application::services::triggers"}
{"timestamp":"2026-09-18T01:51:40.901284Z","level":"WARN","message":"cron fire deferred","trigger_id":"trg_01m2s3cfjz6kqqa7z67zbj81ad","scheduled_at":"2026-09-18T01:51:40Z","error":"provider unavailable: gateway is shutting down","target":"tachyon_serverless_application::services::triggers"}
{"timestamp":"2026-09-18T01:51:40.904301Z","level":"WARN","message":"cron fire deferred","trigger_id":"trg_01m2s3cfjz6kqqa7z67zbj81ad","scheduled_at":"2026-09-18T01:51:40Z","error":"provider unavailable: gateway is shutting down","target":"tachyon_serverless_application::services::triggers"}
{"timestamp":"2026-09-18T01:51:40.907028Z","level":"WARN","message":"cron fire deferred","trigger_id":"trg_01m2s3cfjz6kqqa7z67zbj81ad","scheduled_at":"2026-09-18T01:51:40Z","error":"provider unavailable: gateway is shutting down","target":"tachyon_serverless_application::services::triggers"}
{"timestamp":"2026-09-18T01:51:40.909914Z","level":"WARN","message":"cron fire deferred","trigger_id":"trg_01m2s3cfjz6kqqa7z67zbj81ad","scheduled_at":"2026-09-18T01:51:40Z","error":"provider unavailable: gateway is shutting down","target":"tachyon_serverless_application::services::triggers"}
{"timestamp":"2026-09-18T01:51:40.912428Z","level":"WARN","message":"cron fire deferred","trigger_id":"trg_01m2s3cfjz6kqqa7z67zbj81ad","scheduled_at":"2026-09-18T01:51:40Z","error":"provider unavailable: gateway is shutting down","target":"tachyon_serverless_application::services::triggers"}
{"timestamp":"2026-09-18T01:51:40.914919Z","level":"WARN","message":"cron fire deferred","trigger_id":"trg_01m2s3cfjz6kqqa7z67zbj81ad","scheduled_at":"2026-09-18T01:51:40Z","error":"provider unavailable: gateway is shutting down","target":"tachyon_serverless_application::services::triggers"}
{"timestamp":"2026-09-18T01:51:40.917037Z","level":"WARN","message":"cron fire deferred","trigger_id":"trg_01m2s3cfjz6kqqa7z67zbj81ad","scheduled_at":"2026-09-18T01:51:40Z","error":"provider unavailable: gateway is shutting down","target":"tachyon_serverless_application::services::triggers"}
{"timestamp":"2026-09-18T01:51:40.920408Z","level":"WARN","message":"cron fire deferred","trigger_id":"trg_01m2s3cfjz6kqqa7z67zbj81ad","scheduled_at":"2026-09-18T01:51:40Z","error":"provider unavailable: gateway is shutting down","target":"tachyon_serverless_application::services::triggers"}
{"timestamp":"2026-09-18T01:51:40.922851Z","level":"WARN","message":"cron fire deferred","trigger_id":"trg_01m2s3cfjz6kqqa7z67zbj81ad","scheduled_at":"2026-09-18T01:51:40Z","error":"provider unavailable: gateway is shutting down","target":"tachyon_serverless_application::services::triggers"}
{"timestamp":"2026-09-18T01:51:40.925270Z","level":"WARN","message":"cron fire deferred","trigger_id":"trg_01m2s3cfjz6kqqa7z67zbj81ad","scheduled_at":"2026-09-18T01:51:40Z","error":"provider unavailable: gateway is shutting down","target":"tachyon_serverless_application::services::triggers"}
{"timestamp":"2026-09-18T01:51:40.928094Z","level":"WARN","message":"cron fire deferred","trigger_id":"trg_01m2s3cfjz6kqqa7z67zbj81ad","scheduled_at":"2026-09-18T01:51:40Z","error":"provider unavailable: gateway is shutting down","target":"tachyon_serverless_application::services::triggers"}
{"timestamp":"2026-09-18T01:51:40.930726Z","level":"WARN","message":"cron fire deferred","trigger_id":"trg_01m2s3cfjz6kqqa7z67zbj81ad","scheduled_at":"2026-09-18T01:51:40Z","error":"provider unavailable: gateway is shutting down","target":"tachyon_serverless_application::services::triggers"}
{"timestamp":"2026-09-18T01:51:40.932889Z","level":"WARN","message":"cron fire deferred","trigger_id":"trg_01m2s3cfjz6kqqa7z67zbj81ad","scheduled_at":"2026-09-18T01:51:40Z","error":"provider unavailable: gateway is shutting down","target":"tachyon_serverless_application::services::triggers"}
{"timestamp":"2026-09-18T01:51:40.935589Z","level":"WARN","message":"cron fire deferred","trigger_id":"trg_01m2s3cfjz6kqqa7z67zbj81ad","scheduled_at":"2026-09-18T01:51:40Z","error":"provider unavailable: gateway is shutting down","target":"tachyon_serverless_application::services::triggers"}
{"timestamp":"2026-09-18T01:51:40.939608Z","level":"WARN","message":"cron fire deferred","trigger_id":"trg_01m2s3cfjz6kqqa7z67zbj81ad","scheduled_at":"2026-09-18T01:51:40Z","error":"provider unavailable: gateway is shutting down","target":"tachyon_serverless_application::services::triggers"}
{"timestamp":"2026-09-18T01:51:40.941922Z","level":"WARN","message":"cron fire deferred","trigger_id":"trg_01m2s3cfjz6kqqa7z67zbj81ad","scheduled_at":"2026-09-18T01:51:40Z","error":"provider unavailable: gateway is shutting down","target":"tachyon_serverless_application::services::triggers"}
{"timestamp":"2026-09-18T01:51:40.943948Z","level":"WARN","message":"cron fire deferred","trigger_id":"trg_01m2s3cfjz6kqqa7z67zbj81ad","scheduled_at":"2026-09-18T01:51:40Z","error":"provider unavailable: gateway is shutting down","target":"tachyon_serverless_application::services::triggers"}
{"timestamp":"2026-09-18T01:51:40.946235Z","level":"WARN","message":"cron fire deferred","trigger_id":"trg_01m2s3cfjz6kqqa7z67zbj81ad","scheduled_at":"2026-09-18T01:51:40Z","error":"provider unavailable: gateway is shutting down","target":"tachyon_serverless_application::services::triggers"}
{"timestamp":"2026-09-18T01:51:40.950349Z","level":"WARN","message":"cron fire deferred","trigger_id":"trg_01m2s3cfjz6kqqa7z67zbj81ad","scheduled_at":"2026-09-18T01:51:40Z","error":"provider unavailable: gateway is shutting down","target":"tachyon_serverless_application::services::triggers"}
{"timestamp":"2026-09-18T01:51:40.952718Z","level":"WARN","message":"cron fire deferred","trigger_id":"trg_01m2s3cfjz6kqqa7z67zbj81ad","scheduled_at":"2026-09-18T01:51:40Z","error":"provider unavailable: gateway is shutting down","target":"tachyon_serverless_application::services::triggers"}
{"timestamp":"2026-09-18T01:51:40.954846Z","level":"WARN","message":"cron fire deferred","trigger_id":"trg_01m2s3cfjz6kqqa7z67zbj81ad","scheduled_at":"2026-09-18T01:51:40Z","error":"provider unavailable: gateway is shutting down","target":"tachyon_serverless_application::services::triggers"}
{"timestamp":"2026-09-18T01:51:40.956870Z","level":"WARN","message":"cron fire deferred","trigger_id":"trg_01m2s3cfjz6kqqa7z67zbj81ad","scheduled_at":"2026-09-18T01:51:40Z","error":"provider unavailable: gateway is shutting down","target":"tachyon_serverless_application::services::triggers"}
{"timestamp":"2026-09-18T01:51:40.959222Z","level":"WARN","message":"cron fire deferred","trigger_id":"trg_01m2s3cfjz6kqqa7z67zbj81ad","scheduled_at":"2026-09-18T01:51:40Z","error":"provider unavailable: gateway is shutting down","target":"tachyon_serverless_application::services::triggers"}
{"timestamp":"2026-09-18T01:51:40.961538Z","level":"WARN","message":"cron fire deferred","trigger_id":"trg_01m2s3cfjz6kqqa7z67zbj81ad","scheduled_at":"2026-09-18T01:51:40Z","error":"provider unavailable: gateway is shutting down","target":"tachyon_serverless_application::services::triggers"}
{"timestamp":"2026-09-18T01:51:40.963665Z","level":"WARN","message":"cron fire deferred","trigger_id":"trg_01m2s3cfjz6kqqa7z67zbj81ad","scheduled_at":"2026-09-18T01:51:40Z","error":"provider unavailable: gateway is shutting down","target":"tachyon_serverless_application::services::triggers"}
{"timestamp":"2026-09-18T01:51:40.965892Z","level":"WARN","message":"cron fire deferred","trigger_id":"trg_01m2s3cfjz6kqqa7z67zbj81ad","scheduled_at":"2026-09-18T01:51:40Z","error":"provider unavailable: gateway is shutting down","target":"tachyon_serverless_application::services::triggers"}
{"timestamp":"2026-09-18T01:51:40.968674Z","level":"WARN","message":"cron fire deferred","trigger_id":"trg_01m2s3cfjz6kqqa7z67zbj81ad","scheduled_at":"2026-09-18T01:51:40Z","error":"provider unavailable: gateway is shutting down","target":"tachyon_serverless_application::services::triggers"}
{"timestamp":"2026-09-18T01:51:40.971353Z","level":"WARN","message":"cron fire deferred","trigger_id":"trg_01m2s3cfjz6kqqa7z67zbj81ad","scheduled_at":"2026-09-18T01:51:40Z","error":"provider unavailable: gateway is shutting down","target":"tachyon_serverless_application::services::triggers"}
{"timestamp":"2026-09-18T01:51:40.973801Z","level":"WARN","message":"cron fire deferred","trigger_id":"trg_01m2s3cfjz6kqqa7z67zbj81ad","scheduled_at":"2026-09-18T01:51:40Z","error":"provider unavailable: gateway is shutting down","target":"tachyon_serverless_application::services::triggers"}
{"timestamp":"2026-09-18T01:51:40.976225Z","level":"WARN","message":"cron fire deferred","trigger_id":"trg_01m2s3cfjz6kqqa7z67zbj81ad","scheduled_at":"2026-09-18T01:51:40Z","error":"provider unavailable: gateway is shutting down","target":"tachyon_serverless_application::services::triggers"}
{"timestamp":"2026-09-18T01:51:40.978495Z","level":"WARN","message":"cron fire deferred","trigger_id":"trg_01m2s3cfjz6kqqa7z67zbj81ad","scheduled_at":"2026-09-18T01:51:40Z","error":"provider unavailable: gateway is shutting down","target":"tachyon_serverless_application::services::triggers"}
{"timestamp":"2026-09-18T01:51:40.980811Z","level":"WARN","message":"cron fire deferred","trigger_id":"trg_01m2s3cfjz6kqqa7z67zbj81ad","scheduled_at":"2026-09-18T01:51:40Z","error":"provider unavailable: gateway is shutting down","target":"tachyon_serverless_application::services::triggers"}
{"timestamp":"2026-09-18T01:51:40.982852Z","level":"WARN","message":"cron fire deferred","trigger_id":"trg_01m2s3cfjz6kqqa7z67zbj81ad","scheduled_at":"2026-09-18T01:51:40Z","error":"provider unavailable: gateway is shutting down","target":"tachyon_serverless_application::services::triggers"}
{"timestamp":"2026-09-18T01:51:40.984927Z","level":"WARN","message":"cron fire deferred","trigger_id":"trg_01m2s3cfjz6kqqa7z67zbj81ad","scheduled_at":"2026-09-18T01:51:40Z","error":"provider unavailable: gateway is shutting down","target":"tachyon_serverless_application::services::triggers"}
{"timestamp":"2026-09-18T01:51:40.988498Z","level":"WARN","message":"cron fire deferred","trigger_id":"trg_01m2s3cfjz6kqqa7z67zbj81ad","scheduled_at":"2026-09-18T01:51:40Z","error":"provider unavailable: gateway is shutting down","target":"tachyon_serverless_application::services::triggers"}
{"timestamp":"2026-09-18T01:51:40.990961Z","level":"WARN","message":"cron fire deferred","trigger_id":"trg_01m2s3cfjz6kqqa7z67zbj81ad","scheduled_at":"2026-09-18T01:51:40Z","error":"provider unavailable: gateway is shutting down","target":"tachyon_serverless_application::services::triggers"}
{"timestamp":"2026-09-18T01:51:40.994307Z","level":"WARN","message":"cron fire deferred","trigger_id":"trg_01m2s3cfjz6kqqa7z67zbj81ad","scheduled_at":"2026-09-18T01:51:40Z","error":"provider unavailable: gateway is shutting down","target":"tachyon_serverless_application::services::triggers"}
{"timestamp":"2026-09-18T01:51:40.997407Z","level":"WARN","message":"cron fire deferred","trigger_id":"trg_01m2s3cfjz6kqqa7z67zbj81ad","scheduled_at":"2026-09-18T01:51:40Z","error":"provider unavailable: gateway is shutting down","target":"tachyon_serverless_application::services::triggers"}
{"timestamp":"2026-09-18T01:51:41.000219Z","level":"WARN","message":"cron fire deferred","trigger_id":"trg_01m2s3cfjz6kqqa7z67zbj81ad","scheduled_at":"2026-09-18T01:51:40Z","error":"provider unavailable: gateway is shutting down","target":"tachyon_serverless_application::services::triggers"}
{"timestamp":"2026-09-18T01:51:41.002829Z","level":"WARN","message":"cron fire deferred","trigger_id":"trg_01m2s3cfjz6kqqa7z67zbj81ad","scheduled_at":"2026-09-18T01:51:40Z","error":"provider unavailable: gateway is shutting down","target":"tachyon_serverless_application::services::triggers"}
{"timestamp":"2026-09-18T01:51:41.004841Z","level":"WARN","message":"cron fire deferred","trigger_id":"trg_01m2s3cfjz6kqqa7z67zbj81ad","scheduled_at":"2026-09-18T01:51:40Z","error":"provider unavailable: gateway is shutting down","target":"tachyon_serverless_application::services::triggers"}
{"timestamp":"2026-09-18T01:51:41.006842Z","level":"WARN","message":"cron fire deferred","trigger_id":"trg_01m2s3cfjz6kqqa7z67zbj81ad","scheduled_at":"2026-09-18T01:51:40Z","error":"provider unavailable: gateway is shutting down","target":"tachyon_serverless_application::services::triggers"}
{"timestamp":"2026-09-18T01:51:41.009301Z","level":"WARN","message":"cron fire deferred","trigger_id":"trg_01m2s3cfjz6kqqa7z67zbj81ad","scheduled_at":"2026-09-18T01:51:40Z","error":"provider unavailable: gateway is shutting down","target":"tachyon_serverless_application::services::triggers"}
{"timestamp":"2026-09-18T01:51:41.011885Z","level":"WARN","message":"cron fire deferred","trigger_id":"trg_01m2s3cfjz6kqqa7z67zbj81ad","scheduled_at":"2026-09-18T01:51:40Z","error":"provider unavailable: gateway is shutting down","target":"tachyon_serverless_application::services::triggers"}
{"timestamp":"2026-09-18T01:51:41.014692Z","level":"WARN","message":"cron fire deferred","trigger_id":"trg_01m2s3cfjz6kqqa7z67zbj81ad","scheduled_at":"2026-09-18T01:51:40Z","error":"provider unavailable: gateway is shutting down","target":"tachyon_serverless_application::services::triggers"}
{"timestamp":"2026-09-18T01:51:41.016898Z","level":"WARN","message":"cron fire deferred","trigger_id":"trg_01m2s3cfjz6kqqa7z67zbj81ad","scheduled_at":"2026-09-18T01:51:40Z","error":"provider unavailable: gateway is shutting down","target":"tachyon_serverless_application::services::triggers"}
{"timestamp":"2026-09-18T01:51:41.019809Z","level":"WARN","message":"cron fire deferred","trigger_id":"trg_01m2s3cfjz6kqqa7z67zbj81ad","scheduled_at":"2026-09-18T01:51:40Z","error":"provider unavailable: gateway is shutting down","target":"tachyon_serverless_application::services::triggers"}
{"timestamp":"2026-09-18T01:51:41.022543Z","level":"WARN","message":"cron fire deferred","trigger_id":"trg_01m2s3cfjz6kqqa7z67zbj81ad","scheduled_at":"2026-09-18T01:51:40Z","error":"provider unavailable: gateway is shutting down","target":"tachyon_serverless_application::services::triggers"}
{"timestamp":"2026-09-18T01:51:41.024901Z","level":"WARN","message":"cron fire deferred","trigger_id":"trg_01m2s3cfjz6kqqa7z67zbj81ad","scheduled_at":"2026-09-18T01:51:40Z","error":"provider unavailable: gateway is shutting down","target":"tachyon_serverless_application::services::triggers"}
{"timestamp":"2026-09-18T01:51:41.027953Z","level":"WARN","message":"cron fire deferred","trigger_id":"trg_01m2s3cfjz6kqqa7z67zbj81ad","scheduled_at":"2026-09-18T01:51:40Z","error":"provider unavailable: gateway is shutting down","target":"tachyon_serverless_application::services::triggers"}
{"timestamp":"2026-09-18T01:51:41.033015Z","level":"WARN","message":"cron fire deferred","trigger_id":"trg_01m2s3cfjz6kqqa7z67zbj81ad","scheduled_at":"2026-09-18T01:51:40Z","error":"provider unavailable: gateway is shutting down","target":"tachyon_serverless_application::services::triggers"}
{"timestamp":"2026-09-18T01:51:41.036363Z","level":"WARN","message":"cron fire deferred","trigger_id":"trg_01m2s3cfjz6kqqa7z67zbj81ad","scheduled_at":"2026-09-18T01:51:40Z","error":"provider unavailable: gateway is shutting down","target":"tachyon_serverless_application::services::triggers"}
{"timestamp":"2026-09-18T01:51:41.038835Z","level":"WARN","message":"cron fire deferred","trigger_id":"trg_01m2s3cfjz6kqqa7z67zbj81ad","scheduled_at":"2026-09-18T01:51:40Z","error":"provider unavailable: gateway is shutting down","target":"tachyon_serverless_application::services::triggers"}
{"timestamp":"2026-09-18T01:51:41.041654Z","level":"WARN","message":"cron fire deferred","trigger_id":"trg_01m2s3cfjz6kqqa7z67zbj81ad","scheduled_at":"2026-09-18T01:51:40Z","error":"provider unavailable: gateway is shutting down","target":"tachyon_serverless_application::services::triggers"}
{"timestamp":"2026-09-18T01:51:41.045259Z","level":"WARN","message":"cron fire deferred","trigger_id":"trg_01m2s3cfjz6kqqa7z67zbj81ad","scheduled_at":"2026-09-18T01:51:40Z","error":"provider unavailable: gateway is shutting down","target":"tachyon_serverless_application::services::triggers"}
{"timestamp":"2026-09-18T01:51:41.048863Z","level":"WARN","message":"cron fire deferred","trigger_id":"trg_01m2s3cfjz6kqqa7z67zbj81ad","scheduled_at":"2026-09-18T01:51:40Z","error":"provider unavailable: gateway is shutting down","target":"tachyon_serverless_application::services::triggers"}
{"timestamp":"2026-09-18T01:51:41.051952Z","level":"WARN","message":"cron fire deferred","trigger_id":"trg_01m2s3cfjz6kqqa7z67zbj81ad","scheduled_at":"2026-09-18T01:51:40Z","error":"provider unavailable: gateway is shutting down","target":"tachyon_serverless_application::services::triggers"}
{"timestamp":"2026-09-18T01:51:41.055535Z","level":"WARN","message":"cron fire deferred","trigger_id":"trg_01m2s3cfjz6kqqa7z67zbj81ad","scheduled_at":"2026-09-18T01:51:40Z","error":"provider unavailable: gateway is shutting down","target":"tachyon_serverless_application::services::triggers"}
{"timestamp":"2026-09-18T01:51:41.058054Z","level":"WARN","message":"cron fire deferred","trigger_id":"trg_01m2s3cfjz6kqqa7z67zbj81ad","scheduled_at":"2026-09-18T01:51:40Z","error":"provider unavailable: gateway is shutting down","target":"tachyon_serverless_application::services::triggers"}
{"timestamp":"2026-09-18T01:51:41.060523Z","level":"WARN","message":"cron fire deferred","trigger_id":"trg_01m2s3cfjz6kqqa7z67zbj81ad","scheduled_at":"2026-09-18T01:51:40Z","error":"provider unavailable: gateway is shutting down","target":"tachyon_serverless_application::services::triggers"}
{"timestamp":"2026-09-18T01:51:41.063241Z","level":"WARN","message":"cron fire deferred","trigger_id":"trg_01m2s3cfjz6kqqa7z67zbj81ad","scheduled_at":"2026-09-18T01:51:40Z","error":"provider unavailable: gateway is shutting down","target":"tachyon_serverless_application::services::triggers"}
{"timestamp":"2026-09-18T01:51:41.065579Z","level":"WARN","message":"cron fire deferred","trigger_id":"trg_01m2s3cfjz6kqqa7z67zbj81ad","scheduled_at":"2026-09-18T01:51:40Z","error":"provider unavailable: gateway is shutting down","target":"tachyon_serverless_application::services::triggers"}
{"timestamp":"2026-09-18T01:51:41.067748Z","level":"WARN","message":"cron fire deferred","trigger_id":"trg_01m2s3cfjz6kqqa7z67zbj81ad","scheduled_at":"2026-09-18T01:51:40Z","error":"provider unavailable: gateway is shutting down","target":"tachyon_serverless_application::services::triggers"}
{"timestamp":"2026-09-18T01:51:41.071608Z","level":"WARN","message":"cron fire deferred","trigger_id":"trg_01m2s3cfjz6kqqa7z67zbj81ad","scheduled_at":"2026-09-18T01:51:40Z","error":"provider unavailable: gateway is shutting down","target":"tachyon_serverless_application::services::triggers"}
{"timestamp":"2026-09-18T01:51:41.074504Z","level":"WARN","message":"cron fire deferred","trigger_id":"trg_01m2s3cfjz6kqqa7z67zbj81ad","scheduled_at":"2026-09-18T01:51:40Z","error":"provider unavailable: gateway is shutting down","target":"tachyon_serverless_application::services::triggers"}
{"timestamp":"2026-09-18T01:51:41.076792Z","level":"WARN","message":"cron fire deferred","trigger_id":"trg_01m2s3cfjz6kqqa7z67zbj81ad","scheduled_at":"2026-09-18T01:51:40Z","error":"provider unavailable: gateway is shutting down","target":"tachyon_serverless_application::services::triggers"}
{"timestamp":"2026-09-18T01:51:41.078796Z","level":"WARN","message":"cron fire deferred","trigger_id":"trg_01m2s3cfjz6kqqa7z67zbj81ad","scheduled_at":"2026-09-18T01:51:40Z","error":"provider unavailable: gateway is shutting down","target":"tachyon_serverless_application::services::triggers"}
{"timestamp":"2026-09-18T01:51:41.080877Z","level":"WARN","message":"cron fire deferred","trigger_id":"trg_01m2s3cfjz6kqqa7z67zbj81ad","scheduled_at":"2026-09-18T01:51:40Z","error":"provider unavailable: gateway is shutting down","target":"tachyon_serverless_application::services::triggers"}
{"timestamp":"2026-09-18T01:51:41.083684Z","level":"WARN","message":"cron fire deferred","trigger_id":"trg_01m2s3cfjz6kqqa7z67zbj81ad","scheduled_at":"2026-09-18T01:51:40Z","error":"provider unavailable: gateway is shutting down","target":"tachyon_serverless_application::services::triggers"}
{"timestamp":"2026-09-18T01:51:41.086804Z","level":"WARN","message":"cron fire deferred","trigger_id":"trg_01m2s3cfjz6kqqa7z67zbj81ad","scheduled_at":"2026-09-18T01:51:40Z","error":"provider unavailable: gateway is shutting down","target":"tachyon_serverless_application::services::triggers"}
{"timestamp":"2026-09-18T01:51:41.089894Z","level":"WARN","message":"cron fire deferred","trigger_id":"trg_01m2s3cfjz6kqqa7z67zbj81ad","scheduled_at":"2026-09-18T01:51:40Z","error":"provider unavailable: gateway is shutting down","target":"tachyon_serverless_application::services::triggers"}
{"timestamp":"2026-09-18T01:51:41.092022Z","level":"WARN","message":"cron fire deferred","trigger_id":"trg_01m2s3cfjz6kqqa7z67zbj81ad","scheduled_at":"2026-09-18T01:51:40Z","error":"provider unavailable: gateway is shutting down","target":"tachyon_serverless_application::services::triggers"}
{"timestamp":"2026-09-18T01:51:41.095483Z","level":"WARN","message":"cron fire deferred","trigger_id":"trg_01m2s3cfjz6kqqa7z67zbj81ad","scheduled_at":"2026-09-18T01:51:40Z","error":"provider unavailable: gateway is shutting down","target":"tachyon_serverless_application::services::triggers"}
{"timestamp":"2026-09-18T01:51:41.097929Z","level":"WARN","message":"cron fire deferred","trigger_id":"trg_01m2s3cfjz6kqqa7z67zbj81ad","scheduled_at":"2026-09-18T01:51:40Z","error":"provider unavailable: gateway is shutting down","target":"tachyon_serverless_application::services::triggers"}
{"timestamp":"2026-09-18T01:51:41.100414Z","level":"WARN","message":"cron fire deferred","trigger_id":"trg_01m2s3cfjz6kqqa7z67zbj81ad","scheduled_at":"2026-09-18T01:51:40Z","error":"provider unavailable: gateway is shutting down","target":"tachyon_serverless_application::services::triggers"}
{"timestamp":"2026-09-18T01:51:41.103084Z","level":"WARN","message":"cron fire deferred","trigger_id":"trg_01m2s3cfjz6kqqa7z67zbj81ad","scheduled_at":"2026-09-18T01:51:40Z","error":"provider unavailable: gateway is shutting down","target":"tachyon_serverless_application::services::triggers"}
{"timestamp":"2026-09-18T01:51:41.106021Z","level":"WARN","message":"cron fire deferred","trigger_id":"trg_01m2s3cfjz6kqqa7z67zbj81ad","scheduled_at":"2026-09-18T01:51:40Z","error":"provider unavailable: gateway is shutting down","target":"tachyon_serverless_application::services::triggers"}
{"timestamp":"2026-09-18T01:51:41.108505Z","level":"WARN","message":"cron fire deferred","trigger_id":"trg_01m2s3cfjz6kqqa7z67zbj81ad","scheduled_at":"2026-09-18T01:51:40Z","error":"provider unavailable: gateway is shutting down","target":"tachyon_serverless_application::services::triggers"}
{"timestamp":"2026-09-18T01:51:41.110888Z","level":"WARN","message":"cron fire deferred","trigger_id":"trg_01m2s3cfjz6kqqa7z67zbj81ad","scheduled_at":"2026-09-18T01:51:40Z","error":"provider unavailable: gateway is shutting down","target":"tachyon_serverless_application::services::triggers"}
{"timestamp":"2026-09-18T01:51:41.113809Z","level":"WARN","message":"cron fire deferred","trigger_id":"trg_01m2s3cfjz6kqqa7z67zbj81ad","scheduled_at":"2026-09-18T01:51:40Z","error":"provider unavailable: gateway is shutting down","target":"tachyon_serverless_application::services::triggers"}
{"timestamp":"2026-09-18T01:51:41.116911Z","level":"WARN","message":"cron fire deferred","trigger_id":"trg_01m2s3cfjz6kqqa7z67zbj81ad","scheduled_at":"2026-09-18T01:51:40Z","error":"provider unavailable: gateway is shutting down","target":"tachyon_serverless_application::services::triggers"}
{"timestamp":"2026-09-18T01:51:41.119468Z","level":"WARN","message":"cron fire deferred","trigger_id":"trg_01m2s3cfjz6kqqa7z67zbj81ad","scheduled_at":"2026-09-18T01:51:40Z","error":"provider unavailable: gateway is shutting down","target":"tachyon_serverless_application::services::triggers"}
{"timestamp":"2026-09-18T01:51:41.123106Z","level":"WARN","message":"cron fire deferred","trigger_id":"trg_01m2s3cfjz6kqqa7z67zbj81ad","scheduled_at":"2026-09-18T01:51:40Z","error":"provider unavailable: gateway is shutting down","target":"tachyon_serverless_application::services::triggers"}
{"timestamp":"2026-09-18T01:51:41.126355Z","level":"WARN","message":"cron fire deferred","trigger_id":"trg_01m2s3cfjz6kqqa7z67zbj81ad","scheduled_at":"2026-09-18T01:51:40Z","error":"provider unavailable: gateway is shutting down","target":"tachyon_serverless_application::services::triggers"}
{"timestamp":"2026-09-18T01:51:41.129665Z","level":"WARN","message":"cron fire deferred","trigger_id":"trg_01m2s3cfjz6kqqa7z67zbj81ad","scheduled_at":"2026-09-18T01:51:40Z","error":"provider unavailable: gateway is shutting down","target":"tachyon_serverless_application::services::triggers"}
{"timestamp":"2026-09-18T01:51:41.132620Z","level":"WARN","message":"cron fire deferred","trigger_id":"trg_01m2s3cfjz6kqqa7z67zbj81ad","scheduled_at":"2026-09-18T01:51:40Z","error":"provider unavailable: gateway is shutting down","target":"tachyon_serverless_application::services::triggers"}
{"timestamp":"2026-09-18T01:51:41.134614Z","level":"WARN","message":"cron fire deferred","trigger_id":"trg_01m2s3cfjz6kqqa7z67zbj81ad","scheduled_at":"2026-09-18T01:51:40Z","error":"provider unavailable: gateway is shutting down","target":"tachyon_serverless_application::services::triggers"}
{"timestamp":"2026-09-18T01:51:41.136843Z","level":"WARN","message":"cron fire deferred","trigger_id":"trg_01m2s3cfjz6kqqa7z67zbj81ad","scheduled_at":"2026-09-18T01:51:40Z","error":"provider unavailable: gateway is shutting down","target":"tachyon_serverless_application::services::triggers"}
{"timestamp":"2026-09-18T01:51:41.139565Z","level":"WARN","message":"cron fire deferred","trigger_id":"trg_01m2s3cfjz6kqqa7z67zbj81ad","scheduled_at":"2026-09-18T01:51:40Z","error":"provider unavailable: gateway is shutting down","target":"tachyon_serverless_application::services::triggers"}
{"timestamp":"2026-09-18T01:51:41.142491Z","level":"WARN","message":"cron fire deferred","trigger_id":"trg_01m2s3cfjz6kqqa7z67zbj81ad","scheduled_at":"2026-09-18T01:51:40Z","error":"provider unavailable: gateway is shutting down","target":"tachyon_serverless_application::services::triggers"}
{"timestamp":"2026-09-18T01:51:41.144894Z","level":"WARN","message":"cron fire deferred","trigger_id":"trg_01m2s3cfjz6kqqa7z67zbj81ad","scheduled_at":"2026-09-18T01:51:40Z","error":"provider unavailable: gateway is shutting down","target":"tachyon_serverless_application::services::triggers"}
{"timestamp":"2026-09-18T01:51:41.147432Z","level":"WARN","message":"cron fire deferred","trigger_id":"trg_01m2s3cfjz6kqqa7z67zbj81ad","scheduled_at":"2026-09-18T01:51:40Z","error":"provider unavailable: gateway is shutting down","target":"tachyon_serverless_application::services::triggers"}
{"timestamp":"2026-09-18T01:51:41.150529Z","level":"WARN","message":"cron fire deferred","trigger_id":"trg_01m2s3cfjz6kqqa7z67zbj81ad","scheduled_at":"2026-09-18T01:51:40Z","error":"provider unavailable: gateway is shutting down","target":"tachyon_serverless_application::services::triggers"}
{"timestamp":"2026-09-18T01:51:41.153769Z","level":"WARN","message":"cron fire deferred","trigger_id":"trg_01m2s3cfjz6kqqa7z67zbj81ad","scheduled_at":"2026-09-18T01:51:40Z","error":"provider unavailable: gateway is shutting down","target":"tachyon_serverless_application::services::triggers"}
{"timestamp":"2026-09-18T01:51:41.157854Z","level":"WARN","message":"cron fire deferred","trigger_id":"trg_01m2s3cfjz6kqqa7z67zbj81ad","scheduled_at":"2026-09-18T01:51:40Z","error":"provider unavailable: gateway is shutting down","target":"tachyon_serverless_application::services::triggers"}
{"timestamp":"2026-09-18T01:51:41.160863Z","level":"WARN","message":"cron fire deferred","trigger_id":"trg_01m2s3cfjz6kqqa7z67zbj81ad","scheduled_at":"2026-09-18T01:51:40Z","error":"provider unavailable: gateway is shutting down","target":"tachyon_serverless_application::services::triggers"}
{"timestamp":"2026-09-18T01:51:41.163313Z","level":"WARN","message":"cron fire deferred","trigger_id":"trg_01m2s3cfjz6kqqa7z67zbj81ad","scheduled_at":"2026-09-18T01:51:40Z","error":"provider unavailable: gateway is shutting down","target":"tachyon_serverless_application::services::triggers"}
{"timestamp":"2026-09-18T01:51:41.165604Z","level":"WARN","message":"cron fire deferred","trigger_id":"trg_01m2s3cfjz6kqqa7z67zbj81ad","scheduled_at":"2026-09-18T01:51:40Z","error":"provider unavailable: gateway is shutting down","target":"tachyon_serverless_application::services::triggers"}
{"timestamp":"2026-09-18T01:51:41.167606Z","level":"WARN","message":"cron fire deferred","trigger_id":"trg_01m2s3cfjz6kqqa7z67zbj81ad","scheduled_at":"2026-09-18T01:51:40Z","error":"provider unavailable: gateway is shutting down","target":"tachyon_serverless_application::services::triggers"}
{"timestamp":"2026-09-18T01:51:41.170029Z","level":"WARN","message":"cron fire deferred","trigger_id":"trg_01m2s3cfjz6kqqa7z67zbj81ad","scheduled_at":"2026-09-18T01:51:40Z","error":"provider unavailable: gateway is shutting down","target":"tachyon_serverless_application::services::triggers"}
{"timestamp":"2026-09-18T01:51:41.174122Z","level":"WARN","message":"cron fire deferred","trigger_id":"trg_01m2s3cfjz6kqqa7z67zbj81ad","scheduled_at":"2026-09-18T01:51:40Z","error":"provider unavailable: gateway is shutting down","target":"tachyon_serverless_application::services::triggers"}
{"timestamp":"2026-09-18T01:51:41.178795Z","level":"WARN","message":"cron fire deferred","trigger_id":"trg_01m2s3cfjz6kqqa7z67zbj81ad","scheduled_at":"2026-09-18T01:51:40Z","error":"provider unavailable: gateway is shutting down","target":"tachyon_serverless_application::services::triggers"}
{"timestamp":"2026-09-18T01:51:41.181681Z","level":"WARN","message":"cron fire deferred","trigger_id":"trg_01m2s3cfjz6kqqa7z67zbj81ad","scheduled_at":"2026-09-18T01:51:40Z","error":"provider unavailable: gateway is shutting down","target":"tachyon_serverless_application::services::triggers"}
{"timestamp":"2026-09-18T01:51:41.184882Z","level":"WARN","message":"cron fire deferred","trigger_id":"trg_01m2s3cfjz6kqqa7z67zbj81ad","scheduled_at":"2026-09-18T01:51:40Z","error":"provider unavailable: gateway is shutting down","target":"tachyon_serverless_application::services::triggers"}
{"timestamp":"2026-09-18T01:51:41.187833Z","level":"WARN","message":"cron fire deferred","trigger_id":"trg_01m2s3cfjz6kqqa7z67zbj81ad","scheduled_at":"2026-09-18T01:51:40Z","error":"provider unavailable: gateway is shutting down","target":"tachyon_serverless_application::services::triggers"}
{"timestamp":"2026-09-18T01:51:41.190845Z","level":"WARN","message":"cron fire deferred","trigger_id":"trg_01m2s3cfjz6kqqa7z67zbj81ad","scheduled_at":"2026-09-18T01:51:40Z","error":"provider unavailable: gateway is shutting down","target":"tachyon_serverless_application::services::triggers"}
{"timestamp":"2026-09-18T01:51:41.194015Z","level":"WARN","message":"cron fire deferred","trigger_id":"trg_01m2s3cfjz6kqqa7z67zbj81ad","scheduled_at":"2026-09-18T01:51:40Z","error":"provider unavailable: gateway is shutting down","target":"tachyon_serverless_application::services::triggers"}
{"timestamp":"2026-09-18T01:51:41.203462Z","level":"WARN","message":"cron fire deferred","trigger_id":"trg_01m2s3cfjz6kqqa7z67zbj81ad","scheduled_at":"2026-09-18T01:51:40Z","error":"provider unavailable: gateway is shutting down","target":"tachyon_serverless_application::services::triggers"}
{"timestamp":"2026-09-18T01:51:41.208589Z","level":"WARN","message":"cron fire deferred","trigger_id":"trg_01m2s3cfjz6kqqa7z67zbj81ad","scheduled_at":"2026-09-18T01:51:40Z","error":"provider unavailable: gateway is shutting down","target":"tachyon_serverless_application::services::triggers"}
{"timestamp":"2026-09-18T01:51:41.211696Z","level":"WARN","message":"cron fire deferred","trigger_id":"trg_01m2s3cfjz6kqqa7z67zbj81ad","scheduled_at":"2026-09-18T01:51:40Z","error":"provider unavailable: gateway is shutting down","target":"tachyon_serverless_application::services::triggers"}
{"timestamp":"2026-09-18T01:51:41.214903Z","level":"WARN","message":"cron fire deferred","trigger_id":"trg_01m2s3cfjz6kqqa7z67zbj81ad","scheduled_at":"2026-09-18T01:51:40Z","error":"provider unavailable: gateway is shutting down","target":"tachyon_serverless_application::services::triggers"}
{"timestamp":"2026-09-18T01:51:41.217494Z","level":"WARN","message":"cron fire deferred","trigger_id":"trg_01m2s3cfjz6kqqa7z67zbj81ad","scheduled_at":"2026-09-18T01:51:40Z","error":"provider unavailable: gateway is shutting down","target":"tachyon_serverless_application::services::triggers"}
{"timestamp":"2026-09-18T01:51:41.220591Z","level":"WARN","message":"cron fire deferred","trigger_id":"trg_01m2s3cfjz6kqqa7z67zbj81ad","scheduled_at":"2026-09-18T01:51:40Z","error":"provider unavailable: gateway is shutting down","target":"tachyon_serverless_application::services::triggers"}
{"timestamp":"2026-09-18T01:51:41.223195Z","level":"WARN","message":"cron fire deferred","trigger_id":"trg_01m2s3cfjz6kqqa7z67zbj81ad","scheduled_at":"2026-09-18T01:51:40Z","error":"provider unavailable: gateway is shutting down","target":"tachyon_serverless_application::services::triggers"}
{"timestamp":"2026-09-18T01:51:41.226648Z","level":"WARN","message":"cron fire deferred","trigger_id":"trg_01m2s3cfjz6kqqa7z67zbj81ad","scheduled_at":"2026-09-18T01:51:40Z","error":"provider unavailable: gateway is shutting down","target":"tachyon_serverless_application::services::triggers"}
{"timestamp":"2026-09-18T01:51:41.229438Z","level":"WARN","message":"cron fire deferred","trigger_id":"trg_01m2s3cfjz6kqqa7z67zbj81ad","scheduled_at":"2026-09-18T01:51:40Z","error":"provider unavailable: gateway is shutting down","target":"tachyon_serverless_application::services::triggers"}
{"timestamp":"2026-09-18T01:51:41.232057Z","level":"WARN","message":"cron fire deferred","trigger_id":"trg_01m2s3cfjz6kqqa7z67zbj81ad","scheduled_at":"2026-09-18T01:51:40Z","error":"provider unavailable: gateway is shutting down","target":"tachyon_serverless_application::services::triggers"}
{"timestamp":"2026-09-18T01:51:41.234613Z","level":"WARN","message":"cron fire deferred","trigger_id":"trg_01m2s3cfjz6kqqa7z67zbj81ad","scheduled_at":"2026-09-18T01:51:40Z","error":"provider unavailable: gateway is shutting down","target":"tachyon_serverless_application::services::triggers"}
{"timestamp":"2026-09-18T01:51:41.237637Z","level":"WARN","message":"cron fire deferred","trigger_id":"trg_01m2s3cfjz6kqqa7z67zbj81ad","scheduled_at":"2026-09-18T01:51:40Z","error":"provider unavailable: gateway is shutting down","target":"tachyon_serverless_application::services::triggers"}
{"timestamp":"2026-09-18T01:51:41.240669Z","level":"WARN","message":"cron fire deferred","trigger_id":"trg_01m2s3cfjz6kqqa7z67zbj81ad","scheduled_at":"2026-09-18T01:51:40Z","error":"provider unavailable: gateway is shutting down","target":"tachyon_serverless_application::services::triggers"}
{"timestamp":"2026-09-18T01:51:41.242850Z","level":"WARN","message":"cron fire deferred","trigger_id":"trg_01m2s3cfjz6kqqa7z67zbj81ad","scheduled_at":"2026-09-18T01:51:40Z","error":"provider unavailable: gateway is shutting down","target":"tachyon_serverless_application::services::triggers"}
{"timestamp":"2026-09-18T01:51:41.244942Z","level":"WARN","message":"cron fire deferred","trigger_id":"trg_01m2s3cfjz6kqqa7z67zbj81ad","scheduled_at":"2026-09-18T01:51:40Z","error":"provider unavailable: gateway is shutting down","target":"tachyon_serverless_application::services::triggers"}
{"timestamp":"2026-09-18T01:51:41.247499Z","level":"WARN","message":"cron fire deferred","trigger_id":"trg_01m2s3cfjz6kqqa7z67zbj81ad","scheduled_at":"2026-09-18T01:51:40Z","error":"provider unavailable: gateway is shutting down","target":"tachyon_serverless_application::services::triggers"}
{"timestamp":"2026-09-18T01:51:41.249930Z","level":"WARN","message":"cron fire deferred","trigger_id":"trg_01m2s3cfjz6kqqa7z67zbj81ad","scheduled_at":"2026-09-18T01:51:40Z","error":"provider unavailable: gateway is shutting down","target":"tachyon_serverless_application::services::triggers"}
{"timestamp":"2026-09-18T01:51:41.252511Z","level":"WARN","message":"cron fire deferred","trigger_id":"trg_01m2s3cfjz6kqqa7z67zbj81ad","scheduled_at":"2026-09-18T01:51:40Z","error":"provider unavailable: gateway is shutting down","target":"tachyon_serverless_application::services::triggers"}
{"timestamp":"2026-09-18T01:51:41.255412Z","level":"WARN","message":"cron fire deferred","trigger_id":"trg_01m2s3cfjz6kqqa7z67zbj81ad","scheduled_at":"2026-09-18T01:51:40Z","error":"provider unavailable: gateway is shutting down","target":"tachyon_serverless_application::services::triggers"}
{"timestamp":"2026-09-18T01:51:41.258097Z","level":"WARN","message":"cron fire deferred","trigger_id":"trg_01m2s3cfjz6kqqa7z67zbj81ad","scheduled_at":"2026-09-18T01:51:40Z","error":"provider unavailable: gateway is shutting down","target":"tachyon_serverless_application::services::triggers"}
{"timestamp":"2026-09-18T01:51:41.260567Z","level":"WARN","message":"cron fire deferred","trigger_id":"trg_01m2s3cfjz6kqqa7z67zbj81ad","scheduled_at":"2026-09-18T01:51:40Z","error":"provider unavailable: gateway is shutting down","target":"tachyon_serverless_application::services::triggers"}
{"timestamp":"2026-09-18T01:51:41.262946Z","level":"WARN","message":"cron fire deferred","trigger_id":"trg_01m2s3cfjz6kqqa7z67zbj81ad","scheduled_at":"2026-09-18T01:51:40Z","error":"provider unavailable: gateway is shutting down","target":"tachyon_serverless_application::services::triggers"}
{"timestamp":"2026-09-18T01:51:41.265323Z","level":"WARN","message":"cron fire deferred","trigger_id":"trg_01m2s3cfjz6kqqa7z67zbj81ad","scheduled_at":"2026-09-18T01:51:40Z","error":"provider unavailable: gateway is shutting down","target":"tachyon_serverless_application::services::triggers"}
{"timestamp":"2026-09-18T01:51:41.267475Z","level":"WARN","message":"cron fire deferred","trigger_id":"trg_01m2s3cfjz6kqqa7z67zbj81ad","scheduled_at":"2026-09-18T01:51:40Z","error":"provider unavailable: gateway is shutting down","target":"tachyon_serverless_application::services::triggers"}
{"timestamp":"2026-09-18T01:51:41.269785Z","level":"WARN","message":"cron fire deferred","trigger_id":"trg_01m2s3cfjz6kqqa7z67zbj81ad","scheduled_at":"2026-09-18T01:51:40Z","error":"provider unavailable: gateway is shutting down","target":"tachyon_serverless_application::services::triggers"}
{"timestamp":"2026-09-18T01:51:41.271794Z","level":"WARN","message":"cron fire deferred","trigger_id":"trg_01m2s3cfjz6kqqa7z67zbj81ad","scheduled_at":"2026-09-18T01:51:40Z","error":"provider unavailable: gateway is shutting down","target":"tachyon_serverless_application::services::triggers"}
{"timestamp":"2026-09-18T01:51:41.273798Z","level":"WARN","message":"cron fire deferred","trigger_id":"trg_01m2s3cfjz6kqqa7z67zbj81ad","scheduled_at":"2026-09-18T01:51:40Z","error":"provider unavailable: gateway is shutting down","target":"tachyon_serverless_application::services::triggers"}
{"timestamp":"2026-09-18T01:51:41.275841Z","level":"WARN","message":"cron fire deferred","trigger_id":"trg_01m2s3cfjz6kqqa7z67zbj81ad","scheduled_at":"2026-09-18T01:51:40Z","error":"provider unavailable: gateway is shutting down","target":"tachyon_serverless_application::services::triggers"}
{"timestamp":"2026-09-18T01:51:41.277848Z","level":"WARN","message":"cron fire deferred","trigger_id":"trg_01m2s3cfjz6kqqa7z67zbj81ad","scheduled_at":"2026-09-18T01:51:40Z","error":"provider unavailable: gateway is shutting down","target":"tachyon_serverless_application::services::triggers"}
{"timestamp":"2026-09-18T01:51:41.280257Z","level":"WARN","message":"cron fire deferred","trigger_id":"trg_01m2s3cfjz6kqqa7z67zbj81ad","scheduled_at":"2026-09-18T01:51:40Z","error":"provider unavailable: gateway is shutting down","target":"tachyon_serverless_application::services::triggers"}
{"timestamp":"2026-09-18T01:51:41.282754Z","level":"WARN","message":"cron fire deferred","trigger_id":"trg_01m2s3cfjz6kqqa7z67zbj81ad","scheduled_at":"2026-09-18T01:51:40Z","error":"provider unavailable: gateway is shutting down","target":"tachyon_serverless_application::services::triggers"}
{"timestamp":"2026-09-18T01:51:41.284603Z","level":"WARN","message":"cron fire deferred","trigger_id":"trg_01m2s3cfjz6kqqa7z67zbj81ad","scheduled_at":"2026-09-18T01:51:40Z","error":"provider unavailable: gateway is shutting down","target":"tachyon_serverless_application::services::triggers"}
{"timestamp":"2026-09-18T01:51:41.287351Z","level":"WARN","message":"cron fire deferred","trigger_id":"trg_01m2s3cfjz6kqqa7z67zbj81ad","scheduled_at":"2026-09-18T01:51:40Z","error":"provider unavailable: gateway is shutting down","target":"tachyon_serverless_application::services::triggers"}
{"timestamp":"2026-09-18T01:51:41.289956Z","level":"WARN","message":"cron fire deferred","trigger_id":"trg_01m2s3cfjz6kqqa7z67zbj81ad","scheduled_at":"2026-09-18T01:51:40Z","error":"provider unavailable: gateway is shutting down","target":"tachyon_serverless_application::services::triggers"}
{"timestamp":"2026-09-18T01:51:41.292706Z","level":"WARN","message":"cron fire deferred","trigger_id":"trg_01m2s3cfjz6kqqa7z67zbj81ad","scheduled_at":"2026-09-18T01:51:40Z","error":"provider unavailable: gateway is shutting down","target":"tachyon_serverless_application::services::triggers"}
{"timestamp":"2026-09-18T01:51:41.295423Z","level":"WARN","message":"cron fire deferred","trigger_id":"trg_01m2s3cfjz6kqqa7z67zbj81ad","scheduled_at":"2026-09-18T01:51:40Z","error":"provider unavailable: gateway is shutting down","target":"tachyon_serverless_application::services::triggers"}
{"timestamp":"2026-09-18T01:51:41.298013Z","level":"WARN","message":"cron fire deferred","trigger_id":"trg_01m2s3cfjz6kqqa7z67zbj81ad","scheduled_at":"2026-09-18T01:51:40Z","error":"provider unavailable: gateway is shutting down","target":"tachyon_serverless_application::services::triggers"}
{"timestamp":"2026-09-18T01:51:41.300494Z","level":"WARN","message":"cron fire deferred","trigger_id":"trg_01m2s3cfjz6kqqa7z67zbj81ad","scheduled_at":"2026-09-18T01:51:40Z","error":"provider unavailable: gateway is shutting down","target":"tachyon_serverless_application::services::triggers"}
{"timestamp":"2026-09-18T01:51:41.304192Z","level":"WARN","message":"cron fire deferred","trigger_id":"trg_01m2s3cfjz6kqqa7z67zbj81ad","scheduled_at":"2026-09-18T01:51:40Z","error":"provider unavailable: gateway is shutting down","target":"tachyon_serverless_application::services::triggers"}
{"timestamp":"2026-09-18T01:51:41.306953Z","level":"WARN","message":"cron fire deferred","trigger_id":"trg_01m2s3cfjz6kqqa7z67zbj81ad","scheduled_at":"2026-09-18T01:51:40Z","error":"provider unavailable: gateway is shutting down","target":"tachyon_serverless_application::services::triggers"}
{"timestamp":"2026-09-18T01:51:41.309494Z","level":"WARN","message":"cron fire deferred","trigger_id":"trg_01m2s3cfjz6kqqa7z67zbj81ad","scheduled_at":"2026-09-18T01:51:40Z","error":"provider unavailable: gateway is shutting down","target":"tachyon_serverless_application::services::triggers"}
{"timestamp":"2026-09-18T01:51:41.311949Z","level":"WARN","message":"cron fire deferred","trigger_id":"trg_01m2s3cfjz6kqqa7z67zbj81ad","scheduled_at":"2026-09-18T01:51:40Z","error":"provider unavailable: gateway is shutting down","target":"tachyon_serverless_application::services::triggers"}
{"timestamp":"2026-09-18T01:51:41.314450Z","level":"WARN","message":"cron fire deferred","trigger_id":"trg_01m2s3cfjz6kqqa7z67zbj81ad","scheduled_at":"2026-09-18T01:51:40Z","error":"provider unavailable: gateway is shutting down","target":"tachyon_serverless_application::services::triggers"}
{"timestamp":"2026-09-18T01:51:41.317026Z","level":"WARN","message":"cron fire deferred","trigger_id":"trg_01m2s3cfjz6kqqa7z67zbj81ad","scheduled_at":"2026-09-18T01:51:40Z","error":"provider unavailable: gateway is shutting down","target":"tachyon_serverless_application::services::triggers"}
{"timestamp":"2026-09-18T01:51:41.319863Z","level":"WARN","message":"cron fire deferred","trigger_id":"trg_01m2s3cfjz6kqqa7z67zbj81ad","scheduled_at":"2026-09-18T01:51:40Z","error":"provider unavailable: gateway is shutting down","target":"tachyon_serverless_application::services::triggers"}
{"timestamp":"2026-09-18T01:51:41.322613Z","level":"WARN","message":"cron fire deferred","trigger_id":"trg_01m2s3cfjz6kqqa7z67zbj81ad","scheduled_at":"2026-09-18T01:51:40Z","error":"provider unavailable: gateway is shutting down","target":"tachyon_serverless_application::services::triggers"}
{"timestamp":"2026-09-18T01:51:41.325897Z","level":"WARN","message":"cron fire deferred","trigger_id":"trg_01m2s3cfjz6kqqa7z67zbj81ad","scheduled_at":"2026-09-18T01:51:40Z","error":"provider unavailable: gateway is shutting down","target":"tachyon_serverless_application::services::triggers"}
{"timestamp":"2026-09-18T01:51:41.329544Z","level":"WARN","message":"cron fire deferred","trigger_id":"trg_01m2s3cfjz6kqqa7z67zbj81ad","scheduled_at":"2026-09-18T01:51:40Z","error":"provider unavailable: gateway is shutting down","target":"tachyon_serverless_application::services::triggers"}
{"timestamp":"2026-09-18T01:51:41.332507Z","level":"WARN","message":"cron fire deferred","trigger_id":"trg_01m2s3cfjz6kqqa7z67zbj81ad","scheduled_at":"2026-09-18T01:51:40Z","error":"provider unavailable: gateway is shutting down","target":"tachyon_serverless_application::services::triggers"}
{"timestamp":"2026-09-18T01:51:41.334601Z","level":"WARN","message":"cron fire deferred","trigger_id":"trg_01m2s3cfjz6kqqa7z67zbj81ad","scheduled_at":"2026-09-18T01:51:40Z","error":"provider unavailable: gateway is shutting down","target":"tachyon_serverless_application::services::triggers"}
{"timestamp":"2026-09-18T01:51:41.336854Z","level":"WARN","message":"cron fire deferred","trigger_id":"trg_01m2s3cfjz6kqqa7z67zbj81ad","scheduled_at":"2026-09-18T01:51:40Z","error":"provider unavailable: gateway is shutting down","target":"tachyon_serverless_application::services::triggers"}
{"timestamp":"2026-09-18T01:51:41.338876Z","level":"WARN","message":"cron fire deferred","trigger_id":"trg_01m2s3cfjz6kqqa7z67zbj81ad","scheduled_at":"2026-09-18T01:51:40Z","error":"provider unavailable: gateway is shutting down","target":"tachyon_serverless_application::services::triggers"}
{"timestamp":"2026-09-18T01:51:41.340707Z","level":"WARN","message":"cron fire deferred","trigger_id":"trg_01m2s3cfjz6kqqa7z67zbj81ad","scheduled_at":"2026-09-18T01:51:40Z","error":"provider unavailable: gateway is shutting down","target":"tachyon_serverless_application::services::triggers"}
{"timestamp":"2026-09-18T01:51:41.342562Z","level":"WARN","message":"cron fire deferred","trigger_id":"trg_01m2s3cfjz6kqqa7z67zbj81ad","scheduled_at":"2026-09-18T01:51:40Z","error":"provider unavailable: gateway is shutting down","target":"tachyon_serverless_application::services::triggers"}
{"timestamp":"2026-09-18T01:51:41.344432Z","level":"WARN","message":"cron fire deferred","trigger_id":"trg_01m2s3cfjz6kqqa7z67zbj81ad","scheduled_at":"2026-09-18T01:51:40Z","error":"provider unavailable: gateway is shutting down","target":"tachyon_serverless_application::services::triggers"}
{"timestamp":"2026-09-18T01:51:41.346362Z","level":"WARN","message":"cron fire deferred","trigger_id":"trg_01m2s3cfjz6kqqa7z67zbj81ad","scheduled_at":"2026-09-18T01:51:40Z","error":"provider unavailable: gateway is shutting down","target":"tachyon_serverless_application::services::triggers"}
{"timestamp":"2026-09-18T01:51:41.349710Z","level":"WARN","message":"cron fire deferred","trigger_id":"trg_01m2s3cfjz6kqqa7z67zbj81ad","scheduled_at":"2026-09-18T01:51:40Z","error":"provider unavailable: gateway is shutting down","target":"tachyon_serverless_application::services::triggers"}
{"timestamp":"2026-09-18T01:51:41.351912Z","level":"WARN","message":"cron fire deferred","trigger_id":"trg_01m2s3cfjz6kqqa7z67zbj81ad","scheduled_at":"2026-09-18T01:51:40Z","error":"provider unavailable: gateway is shutting down","target":"tachyon_serverless_application::services::triggers"}
{"timestamp":"2026-09-18T01:51:41.354265Z","level":"WARN","message":"cron fire deferred","trigger_id":"trg_01m2s3cfjz6kqqa7z67zbj81ad","scheduled_at":"2026-09-18T01:51:40Z","error":"provider unavailable: gateway is shutting down","target":"tachyon_serverless_application::services::triggers"}
{"timestamp":"2026-09-18T01:51:41.356234Z","level":"WARN","message":"cron fire deferred","trigger_id":"trg_01m2s3cfjz6kqqa7z67zbj81ad","scheduled_at":"2026-09-18T01:51:40Z","error":"provider unavailable: gateway is shutting down","target":"tachyon_serverless_application::services::triggers"}
{"timestamp":"2026-09-18T01:51:41.359355Z","level":"WARN","message":"cron fire deferred","trigger_id":"trg_01m2s3cfjz6kqqa7z67zbj81ad","scheduled_at":"2026-09-18T01:51:40Z","error":"provider unavailable: gateway is shutting down","target":"tachyon_serverless_application::services::triggers"}
{"timestamp":"2026-09-18T01:51:41.361784Z","level":"WARN","message":"cron fire deferred","trigger_id":"trg_01m2s3cfjz6kqqa7z67zbj81ad","scheduled_at":"2026-09-18T01:51:40Z","error":"provider unavailable: gateway is shutting down","target":"tachyon_serverless_application::services::triggers"}
{"timestamp":"2026-09-18T01:51:41.363722Z","level":"WARN","message":"cron fire deferred","trigger_id":"trg_01m2s3cfjz6kqqa7z67zbj81ad","scheduled_at":"2026-09-18T01:51:40Z","error":"provider unavailable: gateway is shutting down","target":"tachyon_serverless_application::services::triggers"}
{"timestamp":"2026-09-18T01:51:41.365714Z","level":"WARN","message":"cron fire deferred","trigger_id":"trg_01m2s3cfjz6kqqa7z67zbj81ad","scheduled_at":"2026-09-18T01:51:40Z","error":"provider unavailable: gateway is shutting down","target":"tachyon_serverless_application::services::triggers"}
{"timestamp":"2026-09-18T01:51:41.367898Z","level":"WARN","message":"cron fire deferred","trigger_id":"trg_01m2s3cfjz6kqqa7z67zbj81ad","scheduled_at":"2026-09-18T01:51:40Z","error":"provider unavailable: gateway is shutting down","target":"tachyon_serverless_application::services::triggers"}
{"timestamp":"2026-09-18T01:51:41.370021Z","level":"WARN","message":"cron fire deferred","trigger_id":"trg_01m2s3cfjz6kqqa7z67zbj81ad","scheduled_at":"2026-09-18T01:51:40Z","error":"provider unavailable: gateway is shutting down","target":"tachyon_serverless_application::services::triggers"}
{"timestamp":"2026-09-18T01:51:41.372524Z","level":"WARN","message":"cron fire deferred","trigger_id":"trg_01m2s3cfjz6kqqa7z67zbj81ad","scheduled_at":"2026-09-18T01:51:40Z","error":"provider unavailable: gateway is shutting down","target":"tachyon_serverless_application::services::triggers"}
{"timestamp":"2026-09-18T01:51:41.374941Z","level":"WARN","message":"cron fire deferred","trigger_id":"trg_01m2s3cfjz6kqqa7z67zbj81ad","scheduled_at":"2026-09-18T01:51:40Z","error":"provider unavailable: gateway is shutting down","target":"tachyon_serverless_application::services::triggers"}
{"timestamp":"2026-09-18T01:51:41.377205Z","level":"WARN","message":"cron fire deferred","trigger_id":"trg_01m2s3cfjz6kqqa7z67zbj81ad","scheduled_at":"2026-09-18T01:51:40Z","error":"provider unavailable: gateway is shutting down","target":"tachyon_serverless_application::services::triggers"}
{"timestamp":"2026-09-18T01:51:41.379187Z","level":"WARN","message":"cron fire deferred","trigger_id":"trg_01m2s3cfjz6kqqa7z67zbj81ad","scheduled_at":"2026-09-18T01:51:40Z","error":"provider unavailable: gateway is shutting down","target":"tachyon_serverless_application::services::triggers"}
{"timestamp":"2026-09-18T01:51:41.381181Z","level":"WARN","message":"cron fire deferred","trigger_id":"trg_01m2s3cfjz6kqqa7z67zbj81ad","scheduled_at":"2026-09-18T01:51:40Z","error":"provider unavailable: gateway is shutting down","target":"tachyon_serverless_application::services::triggers"}
{"timestamp":"2026-09-18T01:51:41.383172Z","level":"WARN","message":"cron fire deferred","trigger_id":"trg_01m2s3cfjz6kqqa7z67zbj81ad","scheduled_at":"2026-09-18T01:51:40Z","error":"provider unavailable: gateway is shutting down","target":"tachyon_serverless_application::services::triggers"}
{"timestamp":"2026-09-18T01:51:41.385964Z","level":"WARN","message":"cron fire deferred","trigger_id":"trg_01m2s3cfjz6kqqa7z67zbj81ad","scheduled_at":"2026-09-18T01:51:40Z","error":"provider unavailable: gateway is shutting down","target":"tachyon_serverless_application::services::triggers"}
{"timestamp":"2026-09-18T01:51:41.388230Z","level":"WARN","message":"cron fire deferred","trigger_id":"trg_01m2s3cfjz6kqqa7z67zbj81ad","scheduled_at":"2026-09-18T01:51:40Z","error":"provider unavailable: gateway is shutting down","target":"tachyon_serverless_application::services::triggers"}
{"timestamp":"2026-09-18T01:51:41.390586Z","level":"WARN","message":"cron fire deferred","trigger_id":"trg_01m2s3cfjz6kqqa7z67zbj81ad","scheduled_at":"2026-09-18T01:51:40Z","error":"provider unavailable: gateway is shutting down","target":"tachyon_serverless_application::services::triggers"}
{"timestamp":"2026-09-18T01:51:41.392557Z","level":"WARN","message":"cron fire deferred","trigger_id":"trg_01m2s3cfjz6kqqa7z67zbj81ad","scheduled_at":"2026-09-18T01:51:40Z","error":"provider unavailable: gateway is shutting down","target":"tachyon_serverless_application::services::triggers"}
{"timestamp":"2026-09-18T01:51:41.397074Z","level":"WARN","message":"cron fire deferred","trigger_id":"trg_01m2s3cfjz6kqqa7z67zbj81ad","scheduled_at":"2026-09-18T01:51:40Z","error":"provider unavailable: gateway is shutting down","target":"tachyon_serverless_application::services::triggers"}
{"timestamp":"2026-09-18T01:51:41.399642Z","level":"WARN","message":"cron fire deferred","trigger_id":"trg_01m2s3cfjz6kqqa7z67zbj81ad","scheduled_at":"2026-09-18T01:51:40Z","error":"provider unavailable: gateway is shutting down","target":"tachyon_serverless_application::services::triggers"}
{"timestamp":"2026-09-18T01:51:41.402295Z","level":"WARN","message":"cron fire deferred","trigger_id":"trg_01m2s3cfjz6kqqa7z67zbj81ad","scheduled_at":"2026-09-18T01:51:40Z","error":"provider unavailable: gateway is shutting down","target":"tachyon_serverless_application::services::triggers"}
{"timestamp":"2026-09-18T01:51:41.405064Z","level":"WARN","message":"cron fire deferred","trigger_id":"trg_01m2s3cfjz6kqqa7z67zbj81ad","scheduled_at":"2026-09-18T01:51:40Z","error":"provider unavailable: gateway is shutting down","target":"tachyon_serverless_application::services::triggers"}
{"timestamp":"2026-09-18T01:51:41.407804Z","level":"WARN","message":"cron fire deferred","trigger_id":"trg_01m2s3cfjz6kqqa7z67zbj81ad","scheduled_at":"2026-09-18T01:51:40Z","error":"provider unavailable: gateway is shutting down","target":"tachyon_serverless_application::services::triggers"}
{"timestamp":"2026-09-18T01:51:41.410010Z","level":"WARN","message":"cron fire deferred","trigger_id":"trg_01m2s3cfjz6kqqa7z67zbj81ad","scheduled_at":"2026-09-18T01:51:40Z","error":"provider unavailable: gateway is shutting down","target":"tachyon_serverless_application::services::triggers"}
{"timestamp":"2026-09-18T01:51:41.414420Z","level":"WARN","message":"cron fire deferred","trigger_id":"trg_01m2s3cfjz6kqqa7z67zbj81ad","scheduled_at":"2026-09-18T01:51:40Z","error":"provider unavailable: gateway is shutting down","target":"tachyon_serverless_application::services::triggers"}
{"timestamp":"2026-09-18T01:51:41.416869Z","level":"WARN","message":"cron fire deferred","trigger_id":"trg_01m2s3cfjz6kqqa7z67zbj81ad","scheduled_at":"2026-09-18T01:51:40Z","error":"provider unavailable: gateway is shutting down","target":"tachyon_serverless_application::services::triggers"}
{"timestamp":"2026-09-18T01:51:41.419875Z","level":"WARN","message":"cron fire deferred","trigger_id":"trg_01m2s3cfjz6kqqa7z67zbj81ad","scheduled_at":"2026-09-18T01:51:40Z","error":"provider unavailable: gateway is shutting down","target":"tachyon_serverless_application::services::triggers"}
{"timestamp":"2026-09-18T01:51:41.422685Z","level":"WARN","message":"cron fire deferred","trigger_id":"trg_01m2s3cfjz6kqqa7z67zbj81ad","scheduled_at":"2026-09-18T01:51:40Z","error":"provider unavailable: gateway is shutting down","target":"tachyon_serverless_application::services::triggers"}
{"timestamp":"2026-09-18T01:51:41.424613Z","level":"WARN","message":"cron fire deferred","trigger_id":"trg_01m2s3cfjz6kqqa7z67zbj81ad","scheduled_at":"2026-09-18T01:51:40Z","error":"provider unavailable: gateway is shutting down","target":"tachyon_serverless_application::services::triggers"}
{"timestamp":"2026-09-18T01:51:41.426860Z","level":"WARN","message":"cron fire deferred","trigger_id":"trg_01m2s3cfjz6kqqa7z67zbj81ad","scheduled_at":"2026-09-18T01:51:40Z","error":"provider unavailable: gateway is shutting down","target":"tachyon_serverless_application::services::triggers"}
{"timestamp":"2026-09-18T01:51:41.429305Z","level":"WARN","message":"cron fire deferred","trigger_id":"trg_01m2s3cfjz6kqqa7z67zbj81ad","scheduled_at":"2026-09-18T01:51:40Z","error":"provider unavailable: gateway is shutting down","target":"tachyon_serverless_application::services::triggers"}
{"timestamp":"2026-09-18T01:51:41.432049Z","level":"WARN","message":"cron fire deferred","trigger_id":"trg_01m2s3cfjz6kqqa7z67zbj81ad","scheduled_at":"2026-09-18T01:51:40Z","error":"provider unavailable: gateway is shutting down","target":"tachyon_serverless_application::services::triggers"}
{"timestamp":"2026-09-18T01:51:41.434890Z","level":"WARN","message":"cron fire deferred","trigger_id":"trg_01m2s3cfjz6kqqa7z67zbj81ad","scheduled_at":"2026-09-18T01:51:40Z","error":"provider unavailable: gateway is shutting down","target":"tachyon_serverless_application::services::triggers"}
{"timestamp":"2026-09-18T01:51:41.437564Z","level":"WARN","message":"cron fire deferred","trigger_id":"trg_01m2s3cfjz6kqqa7z67zbj81ad","scheduled_at":"2026-09-18T01:51:40Z","error":"provider unavailable: gateway is shutting down","target":"tachyon_serverless_application::services::triggers"}
{"timestamp":"2026-09-18T01:51:41.440850Z","level":"WARN","message":"cron fire deferred","trigger_id":"trg_01m2s3cfjz6kqqa7z67zbj81ad","scheduled_at":"2026-09-18T01:51:40Z","error":"provider unavailable: gateway is shutting down","target":"tachyon_serverless_application::services::triggers"}
{"timestamp":"2026-09-18T01:51:41.443889Z","level":"WARN","message":"cron fire deferred","trigger_id":"trg_01m2s3cfjz6kqqa7z67zbj81ad","scheduled_at":"2026-09-18T01:51:40Z","error":"provider unavailable: gateway is shutting down","target":"tachyon_serverless_application::services::triggers"}
{"timestamp":"2026-09-18T01:51:41.447034Z","level":"WARN","message":"cron fire deferred","trigger_id":"trg_01m2s3cfjz6kqqa7z67zbj81ad","scheduled_at":"2026-09-18T01:51:40Z","error":"provider unavailable: gateway is shutting down","target":"tachyon_serverless_application::services::triggers"}
{"timestamp":"2026-09-18T01:51:41.449884Z","level":"WARN","message":"cron fire deferred","trigger_id":"trg_01m2s3cfjz6kqqa7z67zbj81ad","scheduled_at":"2026-09-18T01:51:40Z","error":"provider unavailable: gateway is shutting down","target":"tachyon_serverless_application::services::triggers"}
{"timestamp":"2026-09-18T01:51:41.452907Z","level":"WARN","message":"cron fire deferred","trigger_id":"trg_01m2s3cfjz6kqqa7z67zbj81ad","scheduled_at":"2026-09-18T01:51:40Z","error":"provider unavailable: gateway is shutting down","target":"tachyon_serverless_application::services::triggers"}
{"timestamp":"2026-09-18T01:51:41.458361Z","level":"WARN","message":"cron fire deferred","trigger_id":"trg_01m2s3cfjz6kqqa7z67zbj81ad","scheduled_at":"2026-09-18T01:51:40Z","error":"provider unavailable: gateway is shutting down","target":"tachyon_serverless_application::services::triggers"}
{"timestamp":"2026-09-18T01:51:41.461285Z","level":"WARN","message":"cron fire deferred","trigger_id":"trg_01m2s3cfjz6kqqa7z67zbj81ad","scheduled_at":"2026-09-18T01:51:40Z","error":"provider unavailable: gateway is shutting down","target":"tachyon_serverless_application::services::triggers"}
{"timestamp":"2026-09-18T01:51:41.464233Z","level":"WARN","message":"cron fire deferred","trigger_id":"trg_01m2s3cfjz6kqqa7z67zbj81ad","scheduled_at":"2026-09-18T01:51:40Z","error":"provider unavailable: gateway is shutting down","target":"tachyon_serverless_application::services::triggers"}
{"timestamp":"2026-09-18T01:51:41.468392Z","level":"WARN","message":"cron fire deferred","trigger_id":"trg_01m2s3cfjz6kqqa7z67zbj81ad","scheduled_at":"2026-09-18T01:51:40Z","error":"provider unavailable: gateway is shutting down","target":"tachyon_serverless_application::services::triggers"}
{"timestamp":"2026-09-18T01:51:41.471662Z","level":"WARN","message":"cron fire deferred","trigger_id":"trg_01m2s3cfjz6kqqa7z67zbj81ad","scheduled_at":"2026-09-18T01:51:40Z","error":"provider unavailable: gateway is shutting down","target":"tachyon_serverless_application::services::triggers"}
{"timestamp":"2026-09-18T01:51:41.474880Z","level":"WARN","message":"cron fire deferred","trigger_id":"trg_01m2s3cfjz6kqqa7z67zbj81ad","scheduled_at":"2026-09-18T01:51:40Z","error":"provider unavailable: gateway is shutting down","target":"tachyon_serverless_application::services::triggers"}
{"timestamp":"2026-09-18T01:51:41.477016Z","level":"WARN","message":"cron fire deferred","trigger_id":"trg_01m2s3cfjz6kqqa7z67zbj81ad","scheduled_at":"2026-09-18T01:51:40Z","error":"provider unavailable: gateway is shutting down","target":"tachyon_serverless_application::services::triggers"}
{"timestamp":"2026-09-18T01:51:41.479402Z","level":"WARN","message":"cron fire deferred","trigger_id":"trg_01m2s3cfjz6kqqa7z67zbj81ad","scheduled_at":"2026-09-18T01:51:40Z","error":"provider unavailable: gateway is shutting down","target":"tachyon_serverless_application::services::triggers"}
{"timestamp":"2026-09-18T01:51:41.483083Z","level":"WARN","message":"cron fire deferred","trigger_id":"trg_01m2s3cfjz6kqqa7z67zbj81ad","scheduled_at":"2026-09-18T01:51:40Z","error":"provider unavailable: gateway is shutting down","target":"tachyon_serverless_application::services::triggers"}
{"timestamp":"2026-09-18T01:51:41.486638Z","level":"WARN","message":"cron fire deferred","trigger_id":"trg_01m2s3cfjz6kqqa7z67zbj81ad","scheduled_at":"2026-09-18T01:51:40Z","error":"provider unavailable: gateway is shutting down","target":"tachyon_serverless_application::services::triggers"}
{"timestamp":"2026-09-18T01:51:41.489577Z","level":"WARN","message":"cron fire deferred","trigger_id":"trg_01m2s3cfjz6kqqa7z67zbj81ad","scheduled_at":"2026-09-18T01:51:40Z","error":"provider unavailable: gateway is shutting down","target":"tachyon_serverless_application::services::triggers"}
{"timestamp":"2026-09-18T01:51:41.491891Z","level":"WARN","message":"cron fire deferred","trigger_id":"trg_01m2s3cfjz6kqqa7z67zbj81ad","scheduled_at":"2026-09-18T01:51:40Z","error":"provider unavailable: gateway is shutting down","target":"tachyon_serverless_application::services::triggers"}
{"timestamp":"2026-09-18T01:51:41.494519Z","level":"WARN","message":"cron fire deferred","trigger_id":"trg_01m2s3cfjz6kqqa7z67zbj81ad","scheduled_at":"2026-09-18T01:51:40Z","error":"provider unavailable: gateway is shutting down","target":"tachyon_serverless_application::services::triggers"}
{"timestamp":"2026-09-18T01:51:41.497326Z","level":"WARN","message":"cron fire deferred","trigger_id":"trg_01m2s3cfjz6kqqa7z67zbj81ad","scheduled_at":"2026-09-18T01:51:40Z","error":"provider unavailable: gateway is shutting down","target":"tachyon_serverless_application::services::triggers"}
{"timestamp":"2026-09-18T01:51:41.500910Z","level":"WARN","message":"cron fire deferred","trigger_id":"trg_01m2s3cfjz6kqqa7z67zbj81ad","scheduled_at":"2026-09-18T01:51:40Z","error":"provider unavailable: gateway is shutting down","target":"tachyon_serverless_application::services::triggers"}
{"timestamp":"2026-09-18T01:51:41.503857Z","level":"WARN","message":"cron fire deferred","trigger_id":"trg_01m2s3cfjz6kqqa7z67zbj81ad","scheduled_at":"2026-09-18T01:51:40Z","error":"provider unavailable: gateway is shutting down","target":"tachyon_serverless_application::services::triggers"}
{"timestamp":"2026-09-18T01:51:41.506788Z","level":"WARN","message":"cron fire deferred","trigger_id":"trg_01m2s3cfjz6kqqa7z67zbj81ad","scheduled_at":"2026-09-18T01:51:40Z","error":"provider unavailable: gateway is shutting down","target":"tachyon_serverless_application::services::triggers"}
{"timestamp":"2026-09-18T01:51:41.508923Z","level":"WARN","message":"cron fire deferred","trigger_id":"trg_01m2s3cfjz6kqqa7z67zbj81ad","scheduled_at":"2026-09-18T01:51:40Z","error":"provider unavailable: gateway is shutting down","target":"tachyon_serverless_application::services::triggers"}
{"timestamp":"2026-09-18T01:51:41.512088Z","level":"WARN","message":"cron fire deferred","trigger_id":"trg_01m2s3cfjz6kqqa7z67zbj81ad","scheduled_at":"2026-09-18T01:51:40Z","error":"provider unavailable: gateway is shutting down","target":"tachyon_serverless_application::services::triggers"}
{"timestamp":"2026-09-18T01:51:41.514864Z","level":"WARN","message":"cron fire deferred","trigger_id":"trg_01m2s3cfjz6kqqa7z67zbj81ad","scheduled_at":"2026-09-18T01:51:40Z","error":"provider unavailable: gateway is shutting down","target":"tachyon_serverless_application::services::triggers"}
{"timestamp":"2026-09-18T01:51:41.517746Z","level":"WARN","message":"cron fire deferred","trigger_id":"trg_01m2s3cfjz6kqqa7z67zbj81ad","scheduled_at":"2026-09-18T01:51:40Z","error":"provider unavailable: gateway is shutting down","target":"tachyon_serverless_application::services::triggers"}
{"timestamp":"2026-09-18T01:51:41.520069Z","level":"WARN","message":"cron fire deferred","trigger_id":"trg_01m2s3cfjz6kqqa7z67zbj81ad","scheduled_at":"2026-09-18T01:51:40Z","error":"provider unavailable: gateway is shutting down","target":"tachyon_serverless_application::services::triggers"}
{"timestamp":"2026-09-18T01:51:41.523662Z","level":"WARN","message":"cron fire deferred","trigger_id":"trg_01m2s3cfjz6kqqa7z67zbj81ad","scheduled_at":"2026-09-18T01:51:40Z","error":"provider unavailable: gateway is shutting down","target":"tachyon_serverless_application::services::triggers"}
{"timestamp":"2026-09-18T01:51:41.525848Z","level":"WARN","message":"cron fire deferred","trigger_id":"trg_01m2s3cfjz6kqqa7z67zbj81ad","scheduled_at":"2026-09-18T01:51:40Z","error":"provider unavailable: gateway is shutting down","target":"tachyon_serverless_application::services::triggers"}
{"timestamp":"2026-09-18T01:51:41.528203Z","level":"WARN","message":"cron fire deferred","trigger_id":"trg_01m2s3cfjz6kqqa7z67zbj81ad","scheduled_at":"2026-09-18T01:51:40Z","error":"provider unavailable: gateway is shutting down","target":"tachyon_serverless_application::services::triggers"}
{"timestamp":"2026-09-18T01:51:41.530710Z","level":"WARN","message":"cron fire deferred","trigger_id":"trg_01m2s3cfjz6kqqa7z67zbj81ad","scheduled_at":"2026-09-18T01:51:40Z","error":"provider unavailable: gateway is shutting down","target":"tachyon_serverless_application::services::triggers"}
{"timestamp":"2026-09-18T01:51:41.532937Z","level":"WARN","message":"cron fire deferred","trigger_id":"trg_01m2s3cfjz6kqqa7z67zbj81ad","scheduled_at":"2026-09-18T01:51:40Z","error":"provider unavailable: gateway is shutting down","target":"tachyon_serverless_application::services::triggers"}
{"timestamp":"2026-09-18T01:51:41.536404Z","level":"WARN","message":"cron fire deferred","trigger_id":"trg_01m2s3cfjz6kqqa7z67zbj81ad","scheduled_at":"2026-09-18T01:51:40Z","error":"provider unavailable: gateway is shutting down","target":"tachyon_serverless_application::services::triggers"}
{"timestamp":"2026-09-18T01:51:41.539124Z","level":"WARN","message":"cron fire deferred","trigger_id":"trg_01m2s3cfjz6kqqa7z67zbj81ad","scheduled_at":"2026-09-18T01:51:40Z","error":"provider unavailable: gateway is shutting down","target":"tachyon_serverless_application::services::triggers"}
{"timestamp":"2026-09-18T01:51:41.541712Z","level":"WARN","message":"cron fire deferred","trigger_id":"trg_01m2s3cfjz6kqqa7z67zbj81ad","scheduled_at":"2026-09-18T01:51:40Z","error":"provider unavailable: gateway is shutting down","target":"tachyon_serverless_application::services::triggers"}
{"timestamp":"2026-09-18T01:51:41.545220Z","level":"WARN","message":"cron fire deferred","trigger_id":"trg_01m2s3cfjz6kqqa7z67zbj81ad","scheduled_at":"2026-09-18T01:51:40Z","error":"provider unavailable: gateway is shutting down","target":"tachyon_serverless_application::services::triggers"}
{"timestamp":"2026-09-18T01:51:41.547528Z","level":"WARN","message":"cron fire deferred","trigger_id":"trg_01m2s3cfjz6kqqa7z67zbj81ad","scheduled_at":"2026-09-18T01:51:40Z","error":"provider unavailable: gateway is shutting down","target":"tachyon_serverless_application::services::triggers"}
{"timestamp":"2026-09-18T01:51:41.549851Z","level":"WARN","message":"cron fire deferred","trigger_id":"trg_01m2s3cfjz6kqqa7z67zbj81ad","scheduled_at":"2026-09-18T01:51:40Z","error":"provider unavailable: gateway is shutting down","target":"tachyon_serverless_application::services::triggers"}
{"timestamp":"2026-09-18T01:51:41.551756Z","level":"WARN","message":"cron fire deferred","trigger_id":"trg_01m2s3cfjz6kqqa7z67zbj81ad","scheduled_at":"2026-09-18T01:51:40Z","error":"provider unavailable: gateway is shutting down","target":"tachyon_serverless_application::services::triggers"}
{"timestamp":"2026-09-18T01:51:41.553986Z","level":"WARN","message":"cron fire deferred","trigger_id":"trg_01m2s3cfjz6kqqa7z67zbj81ad","scheduled_at":"2026-09-18T01:51:40Z","error":"provider unavailable: gateway is shutting down","target":"tachyon_serverless_application::services::triggers"}
{"timestamp":"2026-09-18T01:51:41.556710Z","level":"WARN","message":"cron fire deferred","trigger_id":"trg_01m2s3cfjz6kqqa7z67zbj81ad","scheduled_at":"2026-09-18T01:51:40Z","error":"provider unavailable: gateway is shutting down","target":"tachyon_serverless_application::services::triggers"}
{"timestamp":"2026-09-18T01:51:41.558794Z","level":"WARN","message":"cron fire deferred","trigger_id":"trg_01m2s3cfjz6kqqa7z67zbj81ad","scheduled_at":"2026-09-18T01:51:40Z","error":"provider unavailable: gateway is shutting down","target":"tachyon_serverless_application::services::triggers"}
{"timestamp":"2026-09-18T01:51:41.560692Z","level":"WARN","message":"cron fire deferred","trigger_id":"trg_01m2s3cfjz6kqqa7z67zbj81ad","scheduled_at":"2026-09-18T01:51:40Z","error":"provider unavailable: gateway is shutting down","target":"tachyon_serverless_application::services::triggers"}
{"timestamp":"2026-09-18T01:51:41.563204Z","level":"WARN","message":"cron fire deferred","trigger_id":"trg_01m2s3cfjz6kqqa7z67zbj81ad","scheduled_at":"2026-09-18T01:51:40Z","error":"provider unavailable: gateway is shutting down","target":"tachyon_serverless_application::services::triggers"}
{"timestamp":"2026-09-18T01:51:41.566010Z","level":"WARN","message":"cron fire deferred","trigger_id":"trg_01m2s3cfjz6kqqa7z67zbj81ad","scheduled_at":"2026-09-18T01:51:40Z","error":"provider unavailable: gateway is shutting down","target":"tachyon_serverless_application::services::triggers"}
{"timestamp":"2026-09-18T01:51:41.568372Z","level":"WARN","message":"cron fire deferred","trigger_id":"trg_01m2s3cfjz6kqqa7z67zbj81ad","scheduled_at":"2026-09-18T01:51:40Z","error":"provider unavailable: gateway is shutting down","target":"tachyon_serverless_application::services::triggers"}
{"timestamp":"2026-09-18T01:51:41.570763Z","level":"WARN","message":"cron fire deferred","trigger_id":"trg_01m2s3cfjz6kqqa7z67zbj81ad","scheduled_at":"2026-09-18T01:51:40Z","error":"provider unavailable: gateway is shutting down","target":"tachyon_serverless_application::services::triggers"}
{"timestamp":"2026-09-18T01:51:41.573144Z","level":"WARN","message":"cron fire deferred","trigger_id":"trg_01m2s3cfjz6kqqa7z67zbj81ad","scheduled_at":"2026-09-18T01:51:40Z","error":"provider unavailable: gateway is shutting down","target":"tachyon_serverless_application::services::triggers"}
{"timestamp":"2026-09-18T01:51:41.573917Z","level":"WARN","message":"cron fire deferred","trigger_id":"trg_01m2s3cfjz6kqqa7z67zbj81ad","scheduled_at":"2026-09-18T01:51:40Z","error":"provider unavailable: gateway is shutting down","target":"tachyon_serverless_application::services::triggers"}
{"timestamp":"2026-09-18T01:51:41.577048Z","level":"WARN","message":"cron fire deferred","trigger_id":"trg_01m2s3cfjz6kqqa7z67zbj81ad","scheduled_at":"2026-09-18T01:51:40Z","error":"provider unavailable: gateway is shutting down","target":"tachyon_serverless_application::services::triggers"}
{"timestamp":"2026-09-18T01:51:41.579642Z","level":"WARN","message":"cron fire deferred","trigger_id":"trg_01m2s3cfjz6kqqa7z67zbj81ad","scheduled_at":"2026-09-18T01:51:40Z","error":"provider unavailable: gateway is shutting down","target":"tachyon_serverless_application::services::triggers"}
{"timestamp":"2026-09-18T01:51:41.581795Z","level":"WARN","message":"cron fire deferred","trigger_id":"trg_01m2s3cfjz6kqqa7z67zbj81ad","scheduled_at":"2026-09-18T01:51:40Z","error":"provider unavailable: gateway is shutting down","target":"tachyon_serverless_application::services::triggers"}
{"timestamp":"2026-09-18T01:51:41.584475Z","level":"WARN","message":"cron fire deferred","trigger_id":"trg_01m2s3cfjz6kqqa7z67zbj81ad","scheduled_at":"2026-09-18T01:51:40Z","error":"provider unavailable: gateway is shutting down","target":"tachyon_serverless_application::services::triggers"}
{"timestamp":"2026-09-18T01:51:41.587088Z","level":"WARN","message":"cron fire deferred","trigger_id":"trg_01m2s3cfjz6kqqa7z67zbj81ad","scheduled_at":"2026-09-18T01:51:40Z","error":"provider unavailable: gateway is shutting down","target":"tachyon_serverless_application::services::triggers"}
{"timestamp":"2026-09-18T01:51:41.590483Z","level":"WARN","message":"cron fire deferred","trigger_id":"trg_01m2s3cfjz6kqqa7z67zbj81ad","scheduled_at":"2026-09-18T01:51:40Z","error":"provider unavailable: gateway is shutting down","target":"tachyon_serverless_application::services::triggers"}
{"timestamp":"2026-09-18T01:51:41.594067Z","level":"WARN","message":"cron fire deferred","trigger_id":"trg_01m2s3cfjz6kqqa7z67zbj81ad","scheduled_at":"2026-09-18T01:51:40Z","error":"provider unavailable: gateway is shutting down","target":"tachyon_serverless_application::services::triggers"}
{"timestamp":"2026-09-18T01:51:41.596653Z","level":"WARN","message":"cron fire deferred","trigger_id":"trg_01m2s3cfjz6kqqa7z67zbj81ad","scheduled_at":"2026-09-18T01:51:40Z","error":"provider unavailable: gateway is shutting down","target":"tachyon_serverless_application::services::triggers"}
{"timestamp":"2026-09-18T01:51:41.598644Z","level":"WARN","message":"cron fire deferred","trigger_id":"trg_01m2s3cfjz6kqqa7z67zbj81ad","scheduled_at":"2026-09-18T01:51:40Z","error":"provider unavailable: gateway is shutting down","target":"tachyon_serverless_application::services::triggers"}
{"timestamp":"2026-09-18T01:51:41.600595Z","level":"WARN","message":"cron fire deferred","trigger_id":"trg_01m2s3cfjz6kqqa7z67zbj81ad","scheduled_at":"2026-09-18T01:51:40Z","error":"provider unavailable: gateway is shutting down","target":"tachyon_serverless_application::services::triggers"}
{"timestamp":"2026-09-18T01:51:41.602955Z","level":"WARN","message":"cron fire deferred","trigger_id":"trg_01m2s3cfjz6kqqa7z67zbj81ad","scheduled_at":"2026-09-18T01:51:40Z","error":"provider unavailable: gateway is shutting down","target":"tachyon_serverless_application::services::triggers"}
{"timestamp":"2026-09-18T01:51:41.606086Z","level":"WARN","message":"cron fire deferred","trigger_id":"trg_01m2s3cfjz6kqqa7z67zbj81ad","scheduled_at":"2026-09-18T01:51:40Z","error":"provider unavailable: gateway is shutting down","target":"tachyon_serverless_application::services::triggers"}
{"timestamp":"2026-09-18T01:51:41.608529Z","level":"WARN","message":"cron fire deferred","trigger_id":"trg_01m2s3cfjz6kqqa7z67zbj81ad","scheduled_at":"2026-09-18T01:51:40Z","error":"provider unavailable: gateway is shutting down","target":"tachyon_serverless_application::services::triggers"}
{"timestamp":"2026-09-18T01:51:41.610767Z","level":"WARN","message":"cron fire deferred","trigger_id":"trg_01m2s3cfjz6kqqa7z67zbj81ad","scheduled_at":"2026-09-18T01:51:40Z","error":"provider unavailable: gateway is shutting down","target":"tachyon_serverless_application::services::triggers"}
{"timestamp":"2026-09-18T01:51:41.614320Z","level":"WARN","message":"cron fire deferred","trigger_id":"trg_01m2s3cfjz6kqqa7z67zbj81ad","scheduled_at":"2026-09-18T01:51:40Z","error":"provider unavailable: gateway is shutting down","target":"tachyon_serverless_application::services::triggers"}
{"timestamp":"2026-09-18T01:51:41.616726Z","level":"WARN","message":"cron fire deferred","trigger_id":"trg_01m2s3cfjz6kqqa7z67zbj81ad","scheduled_at":"2026-09-18T01:51:40Z","error":"provider unavailable: gateway is shutting down","target":"tachyon_serverless_application::services::triggers"}
{"timestamp":"2026-09-18T01:51:41.618861Z","level":"WARN","message":"cron fire deferred","trigger_id":"trg_01m2s3cfjz6kqqa7z67zbj81ad","scheduled_at":"2026-09-18T01:51:40Z","error":"provider unavailable: gateway is shutting down","target":"tachyon_serverless_application::services::triggers"}
{"timestamp":"2026-09-18T01:51:41.621238Z","level":"WARN","message":"cron fire deferred","trigger_id":"trg_01m2s3cfjz6kqqa7z67zbj81ad","scheduled_at":"2026-09-18T01:51:40Z","error":"provider unavailable: gateway is shutting down","target":"tachyon_serverless_application::services::triggers"}
{"timestamp":"2026-09-18T01:51:41.623920Z","level":"WARN","message":"cron fire deferred","trigger_id":"trg_01m2s3cfjz6kqqa7z67zbj81ad","scheduled_at":"2026-09-18T01:51:40Z","error":"provider unavailable: gateway is shutting down","target":"tachyon_serverless_application::services::triggers"}
{"timestamp":"2026-09-18T01:51:41.626489Z","level":"WARN","message":"cron fire deferred","trigger_id":"trg_01m2s3cfjz6kqqa7z67zbj81ad","scheduled_at":"2026-09-18T01:51:40Z","error":"provider unavailable: gateway is shutting down","target":"tachyon_serverless_application::services::triggers"}
{"timestamp":"2026-09-18T01:51:41.629781Z","level":"WARN","message":"cron fire deferred","trigger_id":"trg_01m2s3cfjz6kqqa7z67zbj81ad","scheduled_at":"2026-09-18T01:51:40Z","error":"provider unavailable: gateway is shutting down","target":"tachyon_serverless_application::services::triggers"}
{"timestamp":"2026-09-18T01:51:41.631883Z","level":"WARN","message":"cron fire deferred","trigger_id":"trg_01m2s3cfjz6kqqa7z67zbj81ad","scheduled_at":"2026-09-18T01:51:40Z","error":"provider unavailable: gateway is shutting down","target":"tachyon_serverless_application::services::triggers"}
{"timestamp":"2026-09-18T01:51:41.634386Z","level":"WARN","message":"cron fire deferred","trigger_id":"trg_01m2s3cfjz6kqqa7z67zbj81ad","scheduled_at":"2026-09-18T01:51:40Z","error":"provider unavailable: gateway is shutting down","target":"tachyon_serverless_application::services::triggers"}
{"timestamp":"2026-09-18T01:51:41.636712Z","level":"WARN","message":"cron fire deferred","trigger_id":"trg_01m2s3cfjz6kqqa7z67zbj81ad","scheduled_at":"2026-09-18T01:51:40Z","error":"provider unavailable: gateway is shutting down","target":"tachyon_serverless_application::services::triggers"}
{"timestamp":"2026-09-18T01:51:41.638788Z","level":"WARN","message":"cron fire deferred","trigger_id":"trg_01m2s3cfjz6kqqa7z67zbj81ad","scheduled_at":"2026-09-18T01:51:40Z","error":"provider unavailable: gateway is shutting down","target":"tachyon_serverless_application::services::triggers"}
{"timestamp":"2026-09-18T01:51:41.640750Z","level":"WARN","message":"cron fire deferred","trigger_id":"trg_01m2s3cfjz6kqqa7z67zbj81ad","scheduled_at":"2026-09-18T01:51:40Z","error":"provider unavailable: gateway is shutting down","target":"tachyon_serverless_application::services::triggers"}
{"timestamp":"2026-09-18T01:51:41.643725Z","level":"WARN","message":"cron fire deferred","trigger_id":"trg_01m2s3cfjz6kqqa7z67zbj81ad","scheduled_at":"2026-09-18T01:51:40Z","error":"provider unavailable: gateway is shutting down","target":"tachyon_serverless_application::services::triggers"}
{"timestamp":"2026-09-18T01:51:41.645750Z","level":"WARN","message":"cron fire deferred","trigger_id":"trg_01m2s3cfjz6kqqa7z67zbj81ad","scheduled_at":"2026-09-18T01:51:40Z","error":"provider unavailable: gateway is shutting down","target":"tachyon_serverless_application::services::triggers"}
{"timestamp":"2026-09-18T01:51:41.647763Z","level":"WARN","message":"cron fire deferred","trigger_id":"trg_01m2s3cfjz6kqqa7z67zbj81ad","scheduled_at":"2026-09-18T01:51:40Z","error":"provider unavailable: gateway is shutting down","target":"tachyon_serverless_application::services::triggers"}
{"timestamp":"2026-09-18T01:51:41.649799Z","level":"WARN","message":"cron fire deferred","trigger_id":"trg_01m2s3cfjz6kqqa7z67zbj81ad","scheduled_at":"2026-09-18T01:51:40Z","error":"provider unavailable: gateway is shutting down","target":"tachyon_serverless_application::services::triggers"}
{"timestamp":"2026-09-18T01:51:41.651731Z","level":"WARN","message":"cron fire deferred","trigger_id":"trg_01m2s3cfjz6kqqa7z67zbj81ad","scheduled_at":"2026-09-18T01:51:40Z","error":"provider unavailable: gateway is shutting down","target":"tachyon_serverless_application::services::triggers"}
{"timestamp":"2026-09-18T01:51:41.653928Z","level":"WARN","message":"cron fire deferred","trigger_id":"trg_01m2s3cfjz6kqqa7z67zbj81ad","scheduled_at":"2026-09-18T01:51:40Z","error":"provider unavailable: gateway is shutting down","target":"tachyon_serverless_application::services::triggers"}
{"timestamp":"2026-09-18T01:51:41.656631Z","level":"WARN","message":"cron fire deferred","trigger_id":"trg_01m2s3cfjz6kqqa7z67zbj81ad","scheduled_at":"2026-09-18T01:51:40Z","error":"provider unavailable: gateway is shutting down","target":"tachyon_serverless_application::services::triggers"}
{"timestamp":"2026-09-18T01:51:41.660170Z","level":"WARN","message":"cron fire deferred","trigger_id":"trg_01m2s3cfjz6kqqa7z67zbj81ad","scheduled_at":"2026-09-18T01:51:40Z","error":"provider unavailable: gateway is shutting down","target":"tachyon_serverless_application::services::triggers"}
{"timestamp":"2026-09-18T01:51:41.662423Z","level":"WARN","message":"cron fire deferred","trigger_id":"trg_01m2s3cfjz6kqqa7z67zbj81ad","scheduled_at":"2026-09-18T01:51:40Z","error":"provider unavailable: gateway is shutting down","target":"tachyon_serverless_application::services::triggers"}
{"timestamp":"2026-09-18T01:51:41.664624Z","level":"WARN","message":"cron fire deferred","trigger_id":"trg_01m2s3cfjz6kqqa7z67zbj81ad","scheduled_at":"2026-09-18T01:51:40Z","error":"provider unavailable: gateway is shutting down","target":"tachyon_serverless_application::services::triggers"}
{"timestamp":"2026-09-18T01:51:41.667445Z","level":"WARN","message":"cron fire deferred","trigger_id":"trg_01m2s3cfjz6kqqa7z67zbj81ad","scheduled_at":"2026-09-18T01:51:40Z","error":"provider unavailable: gateway is shutting down","target":"tachyon_serverless_application::services::triggers"}
{"timestamp":"2026-09-18T01:51:41.669914Z","level":"WARN","message":"cron fire deferred","trigger_id":"trg_01m2s3cfjz6kqqa7z67zbj81ad","scheduled_at":"2026-09-18T01:51:40Z","error":"provider unavailable: gateway is shutting down","target":"tachyon_serverless_application::services::triggers"}
{"timestamp":"2026-09-18T01:51:41.673096Z","level":"WARN","message":"cron fire deferred","trigger_id":"trg_01m2s3cfjz6kqqa7z67zbj81ad","scheduled_at":"2026-09-18T01:51:40Z","error":"provider unavailable: gateway is shutting down","target":"tachyon_serverless_application::services::triggers"}
{"timestamp":"2026-09-18T01:51:41.675752Z","level":"WARN","message":"cron fire deferred","trigger_id":"trg_01m2s3cfjz6kqqa7z67zbj81ad","scheduled_at":"2026-09-18T01:51:40Z","error":"provider unavailable: gateway is shutting down","target":"tachyon_serverless_application::services::triggers"}
{"timestamp":"2026-09-18T01:51:41.678211Z","level":"WARN","message":"cron fire deferred","trigger_id":"trg_01m2s3cfjz6kqqa7z67zbj81ad","scheduled_at":"2026-09-18T01:51:40Z","error":"provider unavailable: gateway is shutting down","target":"tachyon_serverless_application::services::triggers"}
{"timestamp":"2026-09-18T01:51:41.680796Z","level":"WARN","message":"cron fire deferred","trigger_id":"trg_01m2s3cfjz6kqqa7z67zbj81ad","scheduled_at":"2026-09-18T01:51:40Z","error":"provider unavailable: gateway is shutting down","target":"tachyon_serverless_application::services::triggers"}
{"timestamp":"2026-09-18T01:51:41.682818Z","level":"WARN","message":"cron fire deferred","trigger_id":"trg_01m2s3cfjz6kqqa7z67zbj81ad","scheduled_at":"2026-09-18T01:51:40Z","error":"provider unavailable: gateway is shutting down","target":"tachyon_serverless_application::services::triggers"}
{"timestamp":"2026-09-18T01:51:41.684748Z","level":"WARN","message":"cron fire deferred","trigger_id":"trg_01m2s3cfjz6kqqa7z67zbj81ad","scheduled_at":"2026-09-18T01:51:40Z","error":"provider unavailable: gateway is shutting down","target":"tachyon_serverless_application::services::triggers"}
{"timestamp":"2026-09-18T01:51:41.687003Z","level":"WARN","message":"cron fire deferred","trigger_id":"trg_01m2s3cfjz6kqqa7z67zbj81ad","scheduled_at":"2026-09-18T01:51:40Z","error":"provider unavailable: gateway is shutting down","target":"tachyon_serverless_application::services::triggers"}
{"timestamp":"2026-09-18T01:51:41.689498Z","level":"WARN","message":"cron fire deferred","trigger_id":"trg_01m2s3cfjz6kqqa7z67zbj81ad","scheduled_at":"2026-09-18T01:51:40Z","error":"provider unavailable: gateway is shutting down","target":"tachyon_serverless_application::services::triggers"}
{"timestamp":"2026-09-18T01:51:41.691832Z","level":"WARN","message":"cron fire deferred","trigger_id":"trg_01m2s3cfjz6kqqa7z67zbj81ad","scheduled_at":"2026-09-18T01:51:40Z","error":"provider unavailable: gateway is shutting down","target":"tachyon_serverless_application::services::triggers"}
{"timestamp":"2026-09-18T01:51:41.693730Z","level":"WARN","message":"cron fire deferred","trigger_id":"trg_01m2s3cfjz6kqqa7z67zbj81ad","scheduled_at":"2026-09-18T01:51:40Z","error":"provider unavailable: gateway is shutting down","target":"tachyon_serverless_application::services::triggers"}
{"timestamp":"2026-09-18T01:51:41.695809Z","level":"WARN","message":"cron fire deferred","trigger_id":"trg_01m2s3cfjz6kqqa7z67zbj81ad","scheduled_at":"2026-09-18T01:51:40Z","error":"provider unavailable: gateway is shutting down","target":"tachyon_serverless_application::services::triggers"}
{"timestamp":"2026-09-18T01:51:41.697815Z","level":"WARN","message":"cron fire deferred","trigger_id":"trg_01m2s3cfjz6kqqa7z67zbj81ad","scheduled_at":"2026-09-18T01:51:40Z","error":"provider unavailable: gateway is shutting down","target":"tachyon_serverless_application::services::triggers"}
{"timestamp":"2026-09-18T01:51:41.700621Z","level":"WARN","message":"cron fire deferred","trigger_id":"trg_01m2s3cfjz6kqqa7z67zbj81ad","scheduled_at":"2026-09-18T01:51:40Z","error":"provider unavailable: gateway is shutting down","target":"tachyon_serverless_application::services::triggers"}
{"timestamp":"2026-09-18T01:51:41.704682Z","level":"WARN","message":"cron fire deferred","trigger_id":"trg_01m2s3cfjz6kqqa7z67zbj81ad","scheduled_at":"2026-09-18T01:51:40Z","error":"provider unavailable: gateway is shutting down","target":"tachyon_serverless_application::services::triggers"}
{"timestamp":"2026-09-18T01:51:41.708323Z","level":"WARN","message":"cron fire deferred","trigger_id":"trg_01m2s3cfjz6kqqa7z67zbj81ad","scheduled_at":"2026-09-18T01:51:40Z","error":"provider unavailable: gateway is shutting down","target":"tachyon_serverless_application::services::triggers"}
{"timestamp":"2026-09-18T01:51:41.710911Z","level":"WARN","message":"cron fire deferred","trigger_id":"trg_01m2s3cfjz6kqqa7z67zbj81ad","scheduled_at":"2026-09-18T01:51:40Z","error":"provider unavailable: gateway is shutting down","target":"tachyon_serverless_application::services::triggers"}
{"timestamp":"2026-09-18T01:51:41.713516Z","level":"WARN","message":"cron fire deferred","trigger_id":"trg_01m2s3cfjz6kqqa7z67zbj81ad","scheduled_at":"2026-09-18T01:51:40Z","error":"provider unavailable: gateway is shutting down","target":"tachyon_serverless_application::services::triggers"}
{"timestamp":"2026-09-18T01:51:41.717718Z","level":"WARN","message":"cron fire deferred","trigger_id":"trg_01m2s3cfjz6kqqa7z67zbj81ad","scheduled_at":"2026-09-18T01:51:40Z","error":"provider unavailable: gateway is shutting down","target":"tachyon_serverless_application::services::triggers"}
{"timestamp":"2026-09-18T01:51:41.721765Z","level":"WARN","message":"cron fire deferred","trigger_id":"trg_01m2s3cfjz6kqqa7z67zbj81ad","scheduled_at":"2026-09-18T01:51:40Z","error":"provider unavailable: gateway is shutting down","target":"tachyon_serverless_application::services::triggers"}
{"timestamp":"2026-09-18T01:51:41.724826Z","level":"WARN","message":"cron fire deferred","trigger_id":"trg_01m2s3cfjz6kqqa7z67zbj81ad","scheduled_at":"2026-09-18T01:51:40Z","error":"provider unavailable: gateway is shutting down","target":"tachyon_serverless_application::services::triggers"}
{"timestamp":"2026-09-18T01:51:41.729204Z","level":"WARN","message":"cron fire deferred","trigger_id":"trg_01m2s3cfjz6kqqa7z67zbj81ad","scheduled_at":"2026-09-18T01:51:40Z","error":"provider unavailable: gateway is shutting down","target":"tachyon_serverless_application::services::triggers"}
{"timestamp":"2026-09-18T01:51:41.732388Z","level":"WARN","message":"cron fire deferred","trigger_id":"trg_01m2s3cfjz6kqqa7z67zbj81ad","scheduled_at":"2026-09-18T01:51:40Z","error":"provider unavailable: gateway is shutting down","target":"tachyon_serverless_application::services::triggers"}
{"timestamp":"2026-09-18T01:51:41.735111Z","level":"WARN","message":"cron fire deferred","trigger_id":"trg_01m2s3cfjz6kqqa7z67zbj81ad","scheduled_at":"2026-09-18T01:51:40Z","error":"provider unavailable: gateway is shutting down","target":"tachyon_serverless_application::services::triggers"}
{"timestamp":"2026-09-18T01:51:41.737859Z","level":"WARN","message":"cron fire deferred","trigger_id":"trg_01m2s3cfjz6kqqa7z67zbj81ad","scheduled_at":"2026-09-18T01:51:40Z","error":"provider unavailable: gateway is shutting down","target":"tachyon_serverless_application::services::triggers"}
{"timestamp":"2026-09-18T01:51:41.741564Z","level":"WARN","message":"cron fire deferred","trigger_id":"trg_01m2s3cfjz6kqqa7z67zbj81ad","scheduled_at":"2026-09-18T01:51:40Z","error":"provider unavailable: gateway is shutting down","target":"tachyon_serverless_application::services::triggers"}
{"timestamp":"2026-09-18T01:51:41.743634Z","level":"WARN","message":"cron fire deferred","trigger_id":"trg_01m2s3cfjz6kqqa7z67zbj81ad","scheduled_at":"2026-09-18T01:51:40Z","error":"provider unavailable: gateway is shutting down","target":"tachyon_serverless_application::services::triggers"}
{"timestamp":"2026-09-18T01:51:41.745977Z","level":"WARN","message":"cron fire deferred","trigger_id":"trg_01m2s3cfjz6kqqa7z67zbj81ad","scheduled_at":"2026-09-18T01:51:40Z","error":"provider unavailable: gateway is shutting down","target":"tachyon_serverless_application::services::triggers"}
{"timestamp":"2026-09-18T01:51:41.748289Z","level":"WARN","message":"cron fire deferred","trigger_id":"trg_01m2s3cfjz6kqqa7z67zbj81ad","scheduled_at":"2026-09-18T01:51:40Z","error":"provider unavailable: gateway is shutting down","target":"tachyon_serverless_application::services::triggers"}
{"timestamp":"2026-09-18T01:51:41.750399Z","level":"WARN","message":"cron fire deferred","trigger_id":"trg_01m2s3cfjz6kqqa7z67zbj81ad","scheduled_at":"2026-09-18T01:51:40Z","error":"provider unavailable: gateway is shutting down","target":"tachyon_serverless_application::services::triggers"}
{"timestamp":"2026-09-18T01:51:41.752789Z","level":"WARN","message":"cron fire deferred","trigger_id":"trg_01m2s3cfjz6kqqa7z67zbj81ad","scheduled_at":"2026-09-18T01:51:40Z","error":"provider unavailable: gateway is shutting down","target":"tachyon_serverless_application::services::triggers"}
{"timestamp":"2026-09-18T01:51:41.754944Z","level":"WARN","message":"cron fire deferred","trigger_id":"trg_01m2s3cfjz6kqqa7z67zbj81ad","scheduled_at":"2026-09-18T01:51:40Z","error":"provider unavailable: gateway is shutting down","target":"tachyon_serverless_application::services::triggers"}
{"timestamp":"2026-09-18T01:51:41.757250Z","level":"WARN","message":"cron fire deferred","trigger_id":"trg_01m2s3cfjz6kqqa7z67zbj81ad","scheduled_at":"2026-09-18T01:51:40Z","error":"provider unavailable: gateway is shutting down","target":"tachyon_serverless_application::services::triggers"}
{"timestamp":"2026-09-18T01:51:41.759373Z","level":"WARN","message":"cron fire deferred","trigger_id":"trg_01m2s3cfjz6kqqa7z67zbj81ad","scheduled_at":"2026-09-18T01:51:40Z","error":"provider unavailable: gateway is shutting down","target":"tachyon_serverless_application::services::triggers"}
{"timestamp":"2026-09-18T01:51:41.761398Z","level":"WARN","message":"cron fire deferred","trigger_id":"trg_01m2s3cfjz6kqqa7z67zbj81ad","scheduled_at":"2026-09-18T01:51:40Z","error":"provider unavailable: gateway is shutting down","target":"tachyon_serverless_application::services::triggers"}
{"timestamp":"2026-09-18T01:51:41.763790Z","level":"WARN","message":"cron fire deferred","trigger_id":"trg_01m2s3cfjz6kqqa7z67zbj81ad","scheduled_at":"2026-09-18T01:51:40Z","error":"provider unavailable: gateway is shutting down","target":"tachyon_serverless_application::services::triggers"}
{"timestamp":"2026-09-18T01:51:41.765818Z","level":"WARN","message":"cron fire deferred","trigger_id":"trg_01m2s3cfjz6kqqa7z67zbj81ad","scheduled_at":"2026-09-18T01:51:40Z","error":"provider unavailable: gateway is shutting down","target":"tachyon_serverless_application::services::triggers"}
{"timestamp":"2026-09-18T01:51:41.767779Z","level":"WARN","message":"cron fire deferred","trigger_id":"trg_01m2s3cfjz6kqqa7z67zbj81ad","scheduled_at":"2026-09-18T01:51:40Z","error":"provider unavailable: gateway is shutting down","target":"tachyon_serverless_application::services::triggers"}
{"timestamp":"2026-09-18T01:51:41.769919Z","level":"WARN","message":"cron fire deferred","trigger_id":"trg_01m2s3cfjz6kqqa7z67zbj81ad","scheduled_at":"2026-09-18T01:51:40Z","error":"provider unavailable: gateway is shutting down","target":"tachyon_serverless_application::services::triggers"}
{"timestamp":"2026-09-18T01:51:41.774394Z","level":"WARN","message":"cron fire deferred","trigger_id":"trg_01m2s3cfjz6kqqa7z67zbj81ad","scheduled_at":"2026-09-18T01:51:40Z","error":"provider unavailable: gateway is shutting down","target":"tachyon_serverless_application::services::triggers"}
{"timestamp":"2026-09-18T01:51:41.777406Z","level":"WARN","message":"cron fire deferred","trigger_id":"trg_01m2s3cfjz6kqqa7z67zbj81ad","scheduled_at":"2026-09-18T01:51:40Z","error":"provider unavailable: gateway is shutting down","target":"tachyon_serverless_application::services::triggers"}
{"timestamp":"2026-09-18T01:51:41.780012Z","level":"WARN","message":"cron fire deferred","trigger_id":"trg_01m2s3cfjz6kqqa7z67zbj81ad","scheduled_at":"2026-09-18T01:51:40Z","error":"provider unavailable: gateway is shutting down","target":"tachyon_serverless_application::services::triggers"}
{"timestamp":"2026-09-18T01:51:41.782907Z","level":"WARN","message":"cron fire deferred","trigger_id":"trg_01m2s3cfjz6kqqa7z67zbj81ad","scheduled_at":"2026-09-18T01:51:40Z","error":"provider unavailable: gateway is shutting down","target":"tachyon_serverless_application::services::triggers"}
{"timestamp":"2026-09-18T01:51:41.784859Z","level":"WARN","message":"cron fire deferred","trigger_id":"trg_01m2s3cfjz6kqqa7z67zbj81ad","scheduled_at":"2026-09-18T01:51:40Z","error":"provider unavailable: gateway is shutting down","target":"tachyon_serverless_application::services::triggers"}
{"timestamp":"2026-09-18T01:51:41.788797Z","level":"WARN","message":"cron fire deferred","trigger_id":"trg_01m2s3cfjz6kqqa7z67zbj81ad","scheduled_at":"2026-09-18T01:51:40Z","error":"provider unavailable: gateway is shutting down","target":"tachyon_serverless_application::services::triggers"}
{"timestamp":"2026-09-18T01:51:41.791192Z","level":"WARN","message":"cron fire deferred","trigger_id":"trg_01m2s3cfjz6kqqa7z67zbj81ad","scheduled_at":"2026-09-18T01:51:40Z","error":"provider unavailable: gateway is shutting down","target":"tachyon_serverless_application::services::triggers"}
{"timestamp":"2026-09-18T01:51:41.793683Z","level":"WARN","message":"cron fire deferred","trigger_id":"trg_01m2s3cfjz6kqqa7z67zbj81ad","scheduled_at":"2026-09-18T01:51:40Z","error":"provider unavailable: gateway is shutting down","target":"tachyon_serverless_application::services::triggers"}
{"timestamp":"2026-09-18T01:51:41.795912Z","level":"WARN","message":"cron fire deferred","trigger_id":"trg_01m2s3cfjz6kqqa7z67zbj81ad","scheduled_at":"2026-09-18T01:51:40Z","error":"provider unavailable: gateway is shutting down","target":"tachyon_serverless_application::services::triggers"}
{"timestamp":"2026-09-18T01:51:41.799829Z","level":"WARN","message":"cron fire deferred","trigger_id":"trg_01m2s3cfjz6kqqa7z67zbj81ad","scheduled_at":"2026-09-18T01:51:40Z","error":"provider unavailable: gateway is shutting down","target":"tachyon_serverless_application::services::triggers"}
{"timestamp":"2026-09-18T01:51:41.801962Z","level":"WARN","message":"cron fire deferred","trigger_id":"trg_01m2s3cfjz6kqqa7z67zbj81ad","scheduled_at":"2026-09-18T01:51:40Z","error":"provider unavailable: gateway is shutting down","target":"tachyon_serverless_application::services::triggers"}
{"timestamp":"2026-09-18T01:51:41.805610Z","level":"WARN","message":"cron fire deferred","trigger_id":"trg_01m2s3cfjz6kqqa7z67zbj81ad","scheduled_at":"2026-09-18T01:51:40Z","error":"provider unavailable: gateway is shutting down","target":"tachyon_serverless_application::services::triggers"}
{"timestamp":"2026-09-18T01:51:41.808439Z","level":"WARN","message":"cron fire deferred","trigger_id":"trg_01m2s3cfjz6kqqa7z67zbj81ad","scheduled_at":"2026-09-18T01:51:40Z","error":"provider unavailable: gateway is shutting down","target":"tachyon_serverless_application::services::triggers"}
{"timestamp":"2026-09-18T01:51:41.811037Z","level":"WARN","message":"cron fire deferred","trigger_id":"trg_01m2s3cfjz6kqqa7z67zbj81ad","scheduled_at":"2026-09-18T01:51:40Z","error":"provider unavailable: gateway is shutting down","target":"tachyon_serverless_application::services::triggers"}
{"timestamp":"2026-09-18T01:51:41.814791Z","level":"WARN","message":"cron fire deferred","trigger_id":"trg_01m2s3cfjz6kqqa7z67zbj81ad","scheduled_at":"2026-09-18T01:51:40Z","error":"provider unavailable: gateway is shutting down","target":"tachyon_serverless_application::services::triggers"}
{"timestamp":"2026-09-18T01:51:41.817568Z","level":"WARN","message":"cron fire deferred","trigger_id":"trg_01m2s3cfjz6kqqa7z67zbj81ad","scheduled_at":"2026-09-18T01:51:40Z","error":"provider unavailable: gateway is shutting down","target":"tachyon_serverless_application::services::triggers"}
{"timestamp":"2026-09-18T01:51:41.820064Z","level":"WARN","message":"cron fire deferred","trigger_id":"trg_01m2s3cfjz6kqqa7z67zbj81ad","scheduled_at":"2026-09-18T01:51:40Z","error":"provider unavailable: gateway is shutting down","target":"tachyon_serverless_application::services::triggers"}
{"timestamp":"2026-09-18T01:51:41.822796Z","level":"WARN","message":"cron fire deferred","trigger_id":"trg_01m2s3cfjz6kqqa7z67zbj81ad","scheduled_at":"2026-09-18T01:51:40Z","error":"provider unavailable: gateway is shutting down","target":"tachyon_serverless_application::services::triggers"}
{"timestamp":"2026-09-18T01:51:41.824855Z","level":"WARN","message":"cron fire deferred","trigger_id":"trg_01m2s3cfjz6kqqa7z67zbj81ad","scheduled_at":"2026-09-18T01:51:40Z","error":"provider unavailable: gateway is shutting down","target":"tachyon_serverless_application::services::triggers"}
{"timestamp":"2026-09-18T01:51:41.827303Z","level":"WARN","message":"cron fire deferred","trigger_id":"trg_01m2s3cfjz6kqqa7z67zbj81ad","scheduled_at":"2026-09-18T01:51:40Z","error":"provider unavailable: gateway is shutting down","target":"tachyon_serverless_application::services::triggers"}
{"timestamp":"2026-09-18T01:51:41.829922Z","level":"WARN","message":"cron fire deferred","trigger_id":"trg_01m2s3cfjz6kqqa7z67zbj81ad","scheduled_at":"2026-09-18T01:51:40Z","error":"provider unavailable: gateway is shutting down","target":"tachyon_serverless_application::services::triggers"}
{"timestamp":"2026-09-18T01:51:41.832419Z","level":"WARN","message":"cron fire deferred","trigger_id":"trg_01m2s3cfjz6kqqa7z67zbj81ad","scheduled_at":"2026-09-18T01:51:40Z","error":"provider unavailable: gateway is shutting down","target":"tachyon_serverless_application::services::triggers"}
{"timestamp":"2026-09-18T01:51:41.835169Z","level":"WARN","message":"cron fire deferred","trigger_id":"trg_01m2s3cfjz6kqqa7z67zbj81ad","scheduled_at":"2026-09-18T01:51:40Z","error":"provider unavailable: gateway is shutting down","target":"tachyon_serverless_application::services::triggers"}
{"timestamp":"2026-09-18T01:51:41.838221Z","level":"WARN","message":"cron fire deferred","trigger_id":"trg_01m2s3cfjz6kqqa7z67zbj81ad","scheduled_at":"2026-09-18T01:51:40Z","error":"provider unavailable: gateway is shutting down","target":"tachyon_serverless_application::services::triggers"}
{"timestamp":"2026-09-18T01:51:41.840726Z","level":"WARN","message":"cron fire deferred","trigger_id":"trg_01m2s3cfjz6kqqa7z67zbj81ad","scheduled_at":"2026-09-18T01:51:40Z","error":"provider unavailable: gateway is shutting down","target":"tachyon_serverless_application::services::triggers"}
{"timestamp":"2026-09-18T01:51:41.842951Z","level":"WARN","message":"cron fire deferred","trigger_id":"trg_01m2s3cfjz6kqqa7z67zbj81ad","scheduled_at":"2026-09-18T01:51:40Z","error":"provider unavailable: gateway is shutting down","target":"tachyon_serverless_application::services::triggers"}
{"timestamp":"2026-09-18T01:51:41.843959Z","level":"WARN","message":"cron fire deferred","trigger_id":"trg_01m2s3cfjz6kqqa7z67zbj81ad","scheduled_at":"2026-09-18T01:51:40Z","error":"provider unavailable: gateway is shutting down","target":"tachyon_serverless_application::services::triggers"}
{"timestamp":"2026-09-18T01:51:41.846699Z","level":"WARN","message":"cron fire deferred","trigger_id":"trg_01m2s3cfjz6kqqa7z67zbj81ad","scheduled_at":"2026-09-18T01:51:40Z","error":"provider unavailable: gateway is shutting down","target":"tachyon_serverless_application::services::triggers"}
{"timestamp":"2026-09-18T01:51:41.850203Z","level":"WARN","message":"cron fire deferred","trigger_id":"trg_01m2s3cfjz6kqqa7z67zbj81ad","scheduled_at":"2026-09-18T01:51:40Z","error":"provider unavailable: gateway is shutting down","target":"tachyon_serverless_application::services::triggers"}
{"timestamp":"2026-09-18T01:51:41.852891Z","level":"WARN","message":"cron fire deferred","trigger_id":"trg_01m2s3cfjz6kqqa7z67zbj81ad","scheduled_at":"2026-09-18T01:51:40Z","error":"provider unavailable: gateway is shutting down","target":"tachyon_serverless_application::services::triggers"}
{"timestamp":"2026-09-18T01:51:41.855688Z","level":"WARN","message":"cron fire deferred","trigger_id":"trg_01m2s3cfjz6kqqa7z67zbj81ad","scheduled_at":"2026-09-18T01:51:40Z","error":"provider unavailable: gateway is shutting down","target":"tachyon_serverless_application::services::triggers"}
{"timestamp":"2026-09-18T01:51:41.857926Z","level":"WARN","message":"cron fire deferred","trigger_id":"trg_01m2s3cfjz6kqqa7z67zbj81ad","scheduled_at":"2026-09-18T01:51:40Z","error":"provider unavailable: gateway is shutting down","target":"tachyon_serverless_application::services::triggers"}
{"timestamp":"2026-09-18T01:51:41.860751Z","level":"WARN","message":"cron fire deferred","trigger_id":"trg_01m2s3cfjz6kqqa7z67zbj81ad","scheduled_at":"2026-09-18T01:51:40Z","error":"provider unavailable: gateway is shutting down","target":"tachyon_serverless_application::services::triggers"}
{"timestamp":"2026-09-18T01:51:41.862949Z","level":"WARN","message":"cron fire deferred","trigger_id":"trg_01m2s3cfjz6kqqa7z67zbj81ad","scheduled_at":"2026-09-18T01:51:40Z","error":"provider unavailable: gateway is shutting down","target":"tachyon_serverless_application::services::triggers"}
{"timestamp":"2026-09-18T01:51:41.866309Z","level":"WARN","message":"cron fire deferred","trigger_id":"trg_01m2s3cfjz6kqqa7z67zbj81ad","scheduled_at":"2026-09-18T01:51:40Z","error":"provider unavailable: gateway is shutting down","target":"tachyon_serverless_application::services::triggers"}
{"timestamp":"2026-09-18T01:51:41.868897Z","level":"WARN","message":"cron fire deferred","trigger_id":"trg_01m2s3cfjz6kqqa7z67zbj81ad","scheduled_at":"2026-09-18T01:51:40Z","error":"provider unavailable: gateway is shutting down","target":"tachyon_serverless_application::services::triggers"}
{"timestamp":"2026-09-18T01:51:41.872471Z","level":"WARN","message":"cron fire deferred","trigger_id":"trg_01m2s3cfjz6kqqa7z67zbj81ad","scheduled_at":"2026-09-18T01:51:40Z","error":"provider unavailable: gateway is shutting down","target":"tachyon_serverless_application::services::triggers"}
{"timestamp":"2026-09-18T01:51:41.875509Z","level":"WARN","message":"cron fire deferred","trigger_id":"trg_01m2s3cfjz6kqqa7z67zbj81ad","scheduled_at":"2026-09-18T01:51:40Z","error":"provider unavailable: gateway is shutting down","target":"tachyon_serverless_application::services::triggers"}
{"timestamp":"2026-09-18T01:51:41.878580Z","level":"WARN","message":"cron fire deferred","trigger_id":"trg_01m2s3cfjz6kqqa7z67zbj81ad","scheduled_at":"2026-09-18T01:51:40Z","error":"provider unavailable: gateway is shutting down","target":"tachyon_serverless_application::services::triggers"}
{"timestamp":"2026-09-18T01:51:41.881495Z","level":"WARN","message":"cron fire deferred","trigger_id":"trg_01m2s3cfjz6kqqa7z67zbj81ad","scheduled_at":"2026-09-18T01:51:40Z","error":"provider unavailable: gateway is shutting down","target":"tachyon_serverless_application::services::triggers"}
{"timestamp":"2026-09-18T01:51:41.884171Z","level":"WARN","message":"cron fire deferred","trigger_id":"trg_01m2s3cfjz6kqqa7z67zbj81ad","scheduled_at":"2026-09-18T01:51:40Z","error":"provider unavailable: gateway is shutting down","target":"tachyon_serverless_application::services::triggers"}
{"timestamp":"2026-09-18T01:51:41.888198Z","level":"WARN","message":"cron fire deferred","trigger_id":"trg_01m2s3cfjz6kqqa7z67zbj81ad","scheduled_at":"2026-09-18T01:51:40Z","error":"provider unavailable: gateway is shutting down","target":"tachyon_serverless_application::services::triggers"}
{"timestamp":"2026-09-18T01:51:41.890636Z","level":"WARN","message":"cron fire deferred","trigger_id":"trg_01m2s3cfjz6kqqa7z67zbj81ad","scheduled_at":"2026-09-18T01:51:40Z","error":"provider unavailable: gateway is shutting down","target":"tachyon_serverless_application::services::triggers"}
{"timestamp":"2026-09-18T01:51:41.892828Z","level":"WARN","message":"cron fire deferred","trigger_id":"trg_01m2s3cfjz6kqqa7z67zbj81ad","scheduled_at":"2026-09-18T01:51:40Z","error":"provider unavailable: gateway is shutting down","target":"tachyon_serverless_application::services::triggers"}
{"timestamp":"2026-09-18T01:51:41.894867Z","level":"WARN","message":"cron fire deferred","trigger_id":"trg_01m2s3cfjz6kqqa7z67zbj81ad","scheduled_at":"2026-09-18T01:51:40Z","error":"provider unavailable: gateway is shutting down","target":"tachyon_serverless_application::services::triggers"}
{"timestamp":"2026-09-18T01:51:41.896930Z","level":"WARN","message":"cron fire deferred","trigger_id":"trg_01m2s3cfjz6kqqa7z67zbj81ad","scheduled_at":"2026-09-18T01:51:40Z","error":"provider unavailable: gateway is shutting down","target":"tachyon_serverless_application::services::triggers"}
{"timestamp":"2026-09-18T01:51:41.900577Z","level":"WARN","message":"cron fire deferred","trigger_id":"trg_01m2s3cfjz6kqqa7z67zbj81ad","scheduled_at":"2026-09-18T01:51:40Z","error":"provider unavailable: gateway is shutting down","target":"tachyon_serverless_application::services::triggers"}
{"timestamp":"2026-09-18T01:51:41.902858Z","level":"WARN","message":"cron fire deferred","trigger_id":"trg_01m2s3cfjz6kqqa7z67zbj81ad","scheduled_at":"2026-09-18T01:51:40Z","error":"provider unavailable: gateway is shutting down","target":"tachyon_serverless_application::services::triggers"}
{"timestamp":"2026-09-18T01:51:41.905555Z","level":"WARN","message":"cron fire deferred","trigger_id":"trg_01m2s3cfjz6kqqa7z67zbj81ad","scheduled_at":"2026-09-18T01:51:40Z","error":"provider unavailable: gateway is shutting down","target":"tachyon_serverless_application::services::triggers"}
{"timestamp":"2026-09-18T01:51:41.908398Z","level":"WARN","message":"cron fire deferred","trigger_id":"trg_01m2s3cfjz6kqqa7z67zbj81ad","scheduled_at":"2026-09-18T01:51:40Z","error":"provider unavailable: gateway is shutting down","target":"tachyon_serverless_application::services::triggers"}
{"timestamp":"2026-09-18T01:51:41.911794Z","level":"WARN","message":"cron fire deferred","trigger_id":"trg_01m2s3cfjz6kqqa7z67zbj81ad","scheduled_at":"2026-09-18T01:51:40Z","error":"provider unavailable: gateway is shutting down","target":"tachyon_serverless_application::services::triggers"}
{"timestamp":"2026-09-18T01:51:41.915848Z","level":"WARN","message":"cron fire deferred","trigger_id":"trg_01m2s3cfjz6kqqa7z67zbj81ad","scheduled_at":"2026-09-18T01:51:40Z","error":"provider unavailable: gateway is shutting down","target":"tachyon_serverless_application::services::triggers"}
{"timestamp":"2026-09-18T01:51:41.919238Z","level":"WARN","message":"cron fire deferred","trigger_id":"trg_01m2s3cfjz6kqqa7z67zbj81ad","scheduled_at":"2026-09-18T01:51:40Z","error":"provider unavailable: gateway is shutting down","target":"tachyon_serverless_application::services::triggers"}
{"timestamp":"2026-09-18T01:51:41.922380Z","level":"WARN","message":"cron fire deferred","trigger_id":"trg_01m2s3cfjz6kqqa7z67zbj81ad","scheduled_at":"2026-09-18T01:51:40Z","error":"provider unavailable: gateway is shutting down","target":"tachyon_serverless_application::services::triggers"}
{"timestamp":"2026-09-18T01:51:41.924538Z","level":"INFO","message":"cgroup stats at teardown","env_id":"env_01m2s3ch2r21555n6ghgp3jwjk","cgroup":"/sys/fs/cgroup/tsls-lab-d8a977f8/env_01m2s3ch2r21555n6ghgp3jwjk","stats":"{\"cpu.max\":\"50000 100000\",\"cpu.stat\":{\"burst_usec\":0,\"core_sched.force_idle_usec\":0,\"nice_usec\":0,\"nr_bursts\":0,\"nr_periods\":59,\"nr_throttled\":52,\"system_usec\":1596950,\"throttled_usec\":2585500,\"usage_usec\":2656274,\"user_usec\":1059323},\"memory.current\":3665920,\"memory.events\":{\"high\":0,\"low\":0,\"max\":0,\"oom\":0,\"oom_group_kill\":0,\"oom_kill\":0,\"sock_throttled\":0},\"memory.max\":335544320,\"memory.peak\":40972288,\"pids.max\":64,\"pids.peak\":3}","target":"tachyon_serverless_provider_firecracker::provider"}
{"timestamp":"2026-09-18T01:51:41.924776Z","level":"INFO","message":"cgroup stats at teardown","env_id":"env_01m2s3ck0xrj72jxqgch7p7npy","cgroup":"/sys/fs/cgroup/tsls-lab-d8a977f8/env_01m2s3ck0xrj72jxqgch7p7npy","stats":"{\"cpu.max\":\"50000 100000\",\"cpu.stat\":{\"burst_usec\":0,\"core_sched.force_idle_usec\":0,\"nice_usec\":0,\"nr_bursts\":0,\"nr_periods\":38,\"nr_throttled\":38,\"system_usec\":1169807,\"throttled_usec\":1851133,\"usage_usec\":1902423,\"user_usec\":732616},\"memory.current\":4403200,\"memory.events\":{\"high\":0,\"low\":0,\"max\":0,\"oom\":0,\"oom_group_kill\":0,\"oom_kill\":0,\"sock_throttled\":0},\"memory.max\":335544320,\"memory.peak\":35651584,\"pids.max\":64,\"pids.peak\":3}","target":"tachyon_serverless_provider_firecracker::provider"}
{"timestamp":"2026-09-18T01:51:41.927160Z","level":"INFO","message":"environment terminated","env_id":"env_01m2s3ck0xrj72jxqgch7p7npy","reason":"Shutdown","was_running":true,"target":"tachyon_serverless_provider_firecracker::provider"}
{"timestamp":"2026-09-18T01:51:41.927172Z","level":"INFO","message":"environment terminated","env_id":"env_01m2s3ch2r21555n6ghgp3jwjk","reason":"Shutdown","was_running":true,"target":"tachyon_serverless_provider_firecracker::provider"}
{"timestamp":"2026-09-18T01:51:41.927182Z","level":"WARN","message":"cron fire deferred","trigger_id":"trg_01m2s3cfjz6kqqa7z67zbj81ad","scheduled_at":"2026-09-18T01:51:40Z","error":"provider unavailable: gateway is shutting down","target":"tachyon_serverless_application::services::triggers"}
{"timestamp":"2026-09-18T01:51:41.931751Z","level":"WARN","message":"cron fire deferred","trigger_id":"trg_01m2s3cfjz6kqqa7z67zbj81ad","scheduled_at":"2026-09-18T01:51:40Z","error":"provider unavailable: gateway is shutting down","target":"tachyon_serverless_application::services::triggers"}
{"timestamp":"2026-09-18T01:51:41.936346Z","level":"WARN","message":"cron fire deferred","trigger_id":"trg_01m2s3cfjz6kqqa7z67zbj81ad","scheduled_at":"2026-09-18T01:51:40Z","error":"provider unavailable: gateway is shutting down","target":"tachyon_serverless_application::services::triggers"}
{"timestamp":"2026-09-18T01:51:41.939318Z","level":"INFO","message":"asynchronous invocation rescheduled","invocation_id":"inv_01m2s3ck0nafftjp98e4y9w90p","next_attempt_at":"2026-09-18T01:51:42.188615838+00:00","counted":false,"error_type":"Host.GatewayShutdown","target":"tachyon_serverless_application::services::invoke_async::dispatch"}
{"timestamp":"2026-09-18T01:51:41.940867Z","level":"INFO","message":"asynchronous invocation rescheduled","invocation_id":"inv_01m2s3ch25n98560zd1dfpc1tw","next_attempt_at":"2026-09-18T01:51:42.222346753+00:00","counted":false,"error_type":"Host.GatewayShutdown","target":"tachyon_serverless_application::services::invoke_async::dispatch"}
{"timestamp":"2026-09-18T01:51:41.940921Z","level":"WARN","message":"cron fire deferred","trigger_id":"trg_01m2s3cfjz6kqqa7z67zbj81ad","scheduled_at":"2026-09-18T01:51:40Z","error":"provider unavailable: gateway is shutting down","target":"tachyon_serverless_application::services::triggers"}
{"timestamp":"2026-09-18T01:51:41.941115Z","level":"INFO","message":"async dispatch: delivery handled","message_id":"inv_01m2s3ck0nafftjp98e4y9w90p","sequence":2,"delivery_count":1,"outcome":"Rescheduled { next_attempt_at: 2026-09-18T01:51:42.188615838Z, counted: false }","target":"tachyon_serverless_application::services::invoke_async::dispatch"}
{"timestamp":"2026-09-18T01:51:41.942167Z","level":"INFO","message":"async dispatch: delivery handled","message_id":"inv_01m2s3ch25n98560zd1dfpc1tw","sequence":1,"delivery_count":1,"outcome":"Rescheduled { next_attempt_at: 2026-09-18T01:51:42.222346753Z, counted: false }","target":"tachyon_serverless_application::services::invoke_async::dispatch"}
{"timestamp":"2026-09-18T01:51:41.945368Z","level":"WARN","message":"cron fire deferred","trigger_id":"trg_01m2s3cfjz6kqqa7z67zbj81ad","scheduled_at":"2026-09-18T01:51:40Z","error":"provider unavailable: gateway is shutting down","target":"tachyon_serverless_application::services::triggers"}
{"timestamp":"2026-09-18T01:51:41.946850Z","level":"INFO","message":"final usage collection","report":"CollectReport { batches: 1, read: 2, inserted: 2, duplicates: 0, cursor_seq: 87 }","target":"tachyon_serverless_gateway"}
{"timestamp":"2026-09-18T01:51:41.950314Z","level":"INFO","message":"gateway stopped","target":"tachyon_serverless_gateway"}
{"timestamp":"2026-09-18T01:51:41.950558Z","level":"INFO","message":"event: closed","target":"async_nats"}

===== gateway start 2026-09-18T01:51:42Z (lab lab-d8a977f8) =====
{"timestamp":"2026-09-18T01:51:42.241724Z","level":"INFO","message":"configuration loaded","config":"/home/takanorifukuyama.guest/lab/.lab/config/gateway.toml","target":"tachyon_serverless_gateway"}
{"timestamp":"2026-09-18T01:51:42.242527Z","level":"INFO","message":"egress restricted / public-web are unavailable on this host (egress none is unaffected)","reason":"net.ipv4.ip_forward is not 1 (guests could not reach anything)","target":"tachyon_serverless_provider_firecracker::provider"}
{"timestamp":"2026-09-18T01:51:42.245851Z","level":"INFO","message":"connected successfully","server":"36645","max_payload":"1048576","target":"async_nats::connector"}
{"timestamp":"2026-09-18T01:51:42.246147Z","level":"INFO","message":"event: connected","target":"async_nats"}
{"timestamp":"2026-09-18T01:51:42.253359Z","level":"INFO","message":"JetStream queue connected and stream bootstrapped","url":"nats://127.0.0.1:36645","stream":"TACHYON_EVENTS","target":"tachyon_serverless_gateway::durable"}
{"timestamp":"2026-09-18T01:51:42.255605Z","level":"INFO","message":"state store opened","path":"/home/takanorifukuyama.guest/lab/.lab/data/state.db","schema_version":8,"migrations_applied":"[]","imported_state_json":"None","settled_invocations":0,"settled_attempts":0,"settled_environments":0,"released_leases":0,"dropped_idempotency_keys":0,"purged_idempotency_keys":0,"outputs_purged":0,"target":"tachyon_serverless_application::app"}
{"timestamp":"2026-09-18T01:51:42.258484Z","level":"INFO","message":"log store opened","path":"/home/takanorifukuyama.guest/lab/.lab/data/logs/logs.db","healthy":true,"retention_seconds":604800,"max_total_bytes":1073741824,"target":"tachyon_serverless_application::app"}
{"timestamp":"2026-09-18T01:51:42.260690Z","level":"INFO","message":"dispatcher registered","dispatcher_id":"dsp_01m2s3cq5jky88tk2ns1vgswza","instance":"lab-d8a977f8","pid":608533,"lease_ttl_seconds":30,"target":"tachyon_serverless_application::services::dispatcher"}
{"timestamp":"2026-09-18T01:51:42.261794Z","level":"WARN","message":"reclaimed the work of dispatchers that lost their lease","dispatcher_id":"dsp_01m2s3cq5jky88tk2ns1vgswza","reclaimed_dispatchers":"[DispatcherId(dsp_01m2s38ykhsarprrerp6w4hr9f)]","leases":0,"invocations":0,"attempts":0,"fenced":0,"target":"tachyon_serverless_application::services::dispatcher"}
{"timestamp":"2026-09-18T01:51:42.265837Z","level":"INFO","message":"application bootstrapped","profile":"production","provider":"firecracker","dev_only":false,"environment_reuse":false,"reuse_verified":true,"reuse_reason":"[pool] enabled is false","reuse_disabled":"Some(Configuration)","idle_quiesce":"supported","idle_resume":"supported","data_dir":"/home/takanorifukuyama.guest/lab/.lab/data","store":"sqlite","dispatcher_id":"dsp_01m2s3cq5jky88tk2ns1vgswza","node":"lab-d8a977f8","node_region":"jp","node_memory_mib":"None","max_concurrency":8,"queue":"nats","objects":"filesystem","invoke_async":true,"triggers":true,"target":"tachyon_serverless_application::app"}
{"timestamp":"2026-09-18T01:51:42.271691Z","level":"INFO","message":"startup reconcile finished","provider":"firecracker","found":0,"adopted":0,"terminated":0,"disowned":0,"failed":0,"lost":0,"foreign":0,"reclaimed_dispatchers":0,"fenced_terminated":0,"fenced_pending":0,"target":"tachyon_serverless_application::services::reconcile"}
{"timestamp":"2026-09-18T01:51:42.271769Z","level":"INFO","message":"gateway listening","addr":"127.0.0.1:38331","profile":"production","provider":"firecracker","target":"tachyon_serverless_gateway"}
{"timestamp":"2026-09-18T01:51:42.273982Z","level":"INFO","message":"asynchronous dispatcher started","workers":2,"owner":"dsp_01m2s3cq5jky88tk2ns1vgswza","target":"tachyon_serverless_gateway"}
{"timestamp":"2026-09-18T01:51:42.287540Z","level":"INFO","message":"asynchronous run claimed","invocation_id":"inv_01m2s3cmrtyw1qgddn86g4v83j","attempt":1,"generation":0,"delivery_count":1,"target":"tachyon_serverless_application::services::invoke_async::dispatch"}
{"timestamp":"2026-09-18T01:51:42.288469Z","level":"INFO","message":"asynchronous run claimed","invocation_id":"inv_01m2s3cmsdkcyste817den5sv3","attempt":1,"generation":0,"delivery_count":1,"target":"tachyon_serverless_application::services::invoke_async::dispatch"}
{"timestamp":"2026-09-18T01:51:42.291632Z","level":"INFO","message":"asynchronous invocation accepted","invocation_id":"inv_01m2s3cq6e7zv0h2w0t64k4z5f","tenant_id":"tn_01hzzzzzzzzzzzzzzzzzzzzzza","revision_id":"rev_01m2s397atz5v501a9tg488pjb","input_bytes":212,"input_storage":"inline","target":"tachyon_serverless_application::services::invoke_async"}
{"timestamp":"2026-09-18T01:51:42.291713Z","level":"INFO","message":"cron trigger fired","trigger_id":"trg_01m2s3cfjz6kqqa7z67zbj81ad","scheduled_at":"2026-09-18T01:51:40Z","invocation_id":"inv_01m2s3cq6e7zv0h2w0t64k4z5f","revision_id":"rev_01m2s397atz5v501a9tg488pjb","replayed":false,"target":"tachyon_serverless_application::services::triggers"}
{"timestamp":"2026-09-18T01:51:42.295207Z","level":"INFO","message":"asynchronous invocation accepted","invocation_id":"inv_01m2s3cq6k54g6d3dsegbtffe5","tenant_id":"tn_01hzzzzzzzzzzzzzzzzzzzzzza","revision_id":"rev_01m2s397atz5v501a9tg488pjb","input_bytes":212,"input_storage":"inline","target":"tachyon_serverless_application::services::invoke_async"}
{"timestamp":"2026-09-18T01:51:42.295235Z","level":"INFO","message":"cron trigger fired","trigger_id":"trg_01m2s3cfjz6kqqa7z67zbj81ad","scheduled_at":"2026-09-18T01:51:42Z","invocation_id":"inv_01m2s3cq6k54g6d3dsegbtffe5","revision_id":"rev_01m2s397atz5v501a9tg488pjb","replayed":false,"target":"tachyon_serverless_application::services::triggers"}
{"timestamp":"2026-09-18T01:51:42.401218Z","level":"INFO","message":"firecracker spawned","env_id":"env_01m2s3cq6qmwm6bs9f8bjhw6b7","pid":608547,"instance_id":"env-01m2s3cq6qmwm6bs9f8bjhw6b7","jailed":true,"cgroup":"/sys/fs/cgroup/tsls-lab-d8a977f8/env_01m2s3cq6qmwm6bs9f8bjhw6b7","target":"tachyon_serverless_provider_firecracker::provider"}
{"timestamp":"2026-09-18T01:51:42.417341Z","level":"INFO","message":"InstanceStart accepted","env_id":"env_01m2s3cq6qmwm6bs9f8bjhw6b7","vcpus":1,"mem_mib":256,"scratch_bytes":268435456,"target":"tachyon_serverless_provider_firecracker::provider"}
{"timestamp":"2026-09-18T01:51:44.004345Z","level":"INFO","message":"asynchronous invocation accepted","invocation_id":"inv_01m2s3crw202cgy45dyynsphgf","tenant_id":"tn_01hzzzzzzzzzzzzzzzzzzzzzza","revision_id":"rev_01m2s397atz5v501a9tg488pjb","input_bytes":212,"input_storage":"inline","target":"tachyon_serverless_application::services::invoke_async"}
{"timestamp":"2026-09-18T01:51:44.004416Z","level":"INFO","message":"cron trigger fired","trigger_id":"trg_01m2s3cfjz6kqqa7z67zbj81ad","scheduled_at":"2026-09-18T01:51:44Z","invocation_id":"inv_01m2s3crw202cgy45dyynsphgf","revision_id":"rev_01m2s397atz5v501a9tg488pjb","replayed":false,"target":"tachyon_serverless_application::services::triggers"}
{"timestamp":"2026-09-18T01:51:44.316631Z","level":"INFO","message":"asynchronous invocation rescheduled","invocation_id":"inv_01m2s3cmsdkcyste817den5sv3","next_attempt_at":"2026-09-18T01:51:44.595661427+00:00","counted":false,"error_type":"Host.QuotaWaitTimeout","target":"tachyon_serverless_application::services::invoke_async::dispatch"}
{"timestamp":"2026-09-18T01:51:44.317914Z","level":"INFO","message":"async dispatch: delivery handled","message_id":"inv_01m2s3cmsdkcyste817den5sv3","sequence":4,"delivery_count":1,"outcome":"Rescheduled { next_attempt_at: 2026-09-18T01:51:44.595661427Z, counted: false }","target":"tachyon_serverless_application::services::invoke_async::dispatch"}
{"timestamp":"2026-09-18T01:51:44.320066Z","level":"INFO","message":"asynchronous run claimed","invocation_id":"inv_01m2s3cmsp1wdwtpjzqdb2pb5f","attempt":1,"generation":0,"delivery_count":1,"target":"tachyon_serverless_application::services::invoke_async::dispatch"}
