
===== a start (failpoints: none) 18:30:00 =====
{"timestamp":"2026-09-17T18:30:01.006971Z","level":"INFO","message":"configuration loaded","config":"/private/var/folders/z7/khzdjrt95cg_fcmcnh4j1b5h0000gn/T/tsls-chaos.3Et8Dx/gw-a.toml","target":"tachyon_serverless_gateway"}
{"timestamp":"2026-09-17T18:30:01.009050Z","level":"INFO","message":"connected successfully","server":"53011","max_payload":"1048576","target":"async_nats::connector"}
{"timestamp":"2026-09-17T18:30:01.009134Z","level":"INFO","message":"event: connected","target":"async_nats"}
{"timestamp":"2026-09-17T18:30:01.022777Z","level":"INFO","message":"JetStream queue connected and stream bootstrapped","url":"nats://127.0.0.1:53011","stream":"TACHYON_EVENTS","target":"tachyon_serverless_gateway::durable"}
{"timestamp":"2026-09-17T18:30:01.028667Z","level":"INFO","message":"state store opened","path":"/private/var/folders/z7/khzdjrt95cg_fcmcnh4j1b5h0000gn/T/tsls-chaos.3Et8Dx/data/state.db","schema_version":8,"migrations_applied":"[1, 2, 3, 4, 5, 6, 7, 8]","imported_state_json":"None","settled_invocations":0,"settled_attempts":0,"settled_environments":0,"released_leases":0,"dropped_idempotency_keys":0,"purged_idempotency_keys":0,"outputs_purged":0,"target":"tachyon_serverless_application::app"}
{"timestamp":"2026-09-17T18:30:01.031179Z","level":"INFO","message":"log store opened","path":"/private/var/folders/z7/khzdjrt95cg_fcmcnh4j1b5h0000gn/T/tsls-chaos.3Et8Dx/data/logs/logs.db","healthy":true,"retention_seconds":604800,"max_total_bytes":1073741824,"target":"tachyon_serverless_application::app"}
{"timestamp":"2026-09-17T18:30:01.031380Z","level":"INFO","message":"dispatcher registered","dispatcher_id":"dsp_01m2ra3z27gdsae1fnkvze1336","instance":"chaos-a","pid":72901,"lease_ttl_seconds":6,"target":"tachyon_serverless_application::services::dispatcher"}
{"timestamp":"2026-09-17T18:30:01.035397Z","level":"INFO","message":"application bootstrapped","profile":"dev","provider":"process","dev_only":true,"environment_reuse":false,"reuse_verified":false,"reuse_reason":"[pool] enabled is false","reuse_disabled":"Some(Configuration)","idle_quiesce":"unsupported","idle_resume":"unsupported","data_dir":"/private/var/folders/z7/khzdjrt95cg_fcmcnh4j1b5h0000gn/T/tsls-chaos.3Et8Dx/data","store":"sqlite","dispatcher_id":"dsp_01m2ra3z27gdsae1fnkvze1336","node":"local","node_region":"none","node_memory_mib":"None","max_concurrency":8,"queue":"nats","objects":"filesystem","invoke_async":true,"triggers":true,"target":"tachyon_serverless_application::app"}
{"timestamp":"2026-09-17T18:30:01.035579Z","level":"INFO","message":"startup reconcile finished","provider":"process","found":0,"adopted":0,"terminated":0,"disowned":0,"failed":0,"lost":0,"foreign":0,"reclaimed_dispatchers":0,"fenced_terminated":0,"fenced_pending":0,"target":"tachyon_serverless_application::services::reconcile"}
{"timestamp":"2026-09-17T18:30:01.035627Z","level":"INFO","message":"gateway listening","addr":"127.0.0.1:53015","profile":"dev","provider":"process","target":"tachyon_serverless_gateway"}
{"timestamp":"2026-09-17T18:30:01.036664Z","level":"INFO","message":"asynchronous dispatcher started","workers":2,"owner":"dsp_01m2ra3z27gdsae1fnkvze1336","target":"tachyon_serverless_gateway"}
{"timestamp":"2026-09-17T18:30:01.772799Z","level":"INFO","message":"revision ready","revision_id":"rev_01m2ra3zmtw652q480baj8bcyk","function_id":"fn_01m2ra3zak07z2tatrzk440mjq","target":"tachyon_serverless_application::services::revision"}
{"timestamp":"2026-09-17T18:30:02.358989Z","level":"INFO","message":"revision ready","revision_id":"rev_01m2ra407g9kem179nhc2s8bej","function_id":"fn_01m2ra3zy3gx8rpvytw54exyh5","target":"tachyon_serverless_application::services::revision"}
{"timestamp":"2026-09-17T18:30:02.827496Z","level":"INFO","message":"revision ready","revision_id":"rev_01m2ra40p44zyjm9q91ybgm4kd","function_id":"fn_01m2ra40cqs9ya1tgx7yzft5ak","target":"tachyon_serverless_application::services::revision"}
{"timestamp":"2026-09-17T18:30:02.854316Z","level":"INFO","message":"trigger created","trigger_id":"trg_01m2ra40v638x1qc8sbn7gch0j","function_id":"fn_01m2ra3zy3gx8rpvytw54exyh5","kind":"cron","enabled":true,"next_fire_at":"Some(2026-09-17T18:30:04Z)","target":"tachyon_serverless_application::services::triggers"}
{"timestamp":"2026-09-17T18:30:02.864794Z","level":"INFO","message":"trigger created","trigger_id":"trg_01m2ra40vggh62gx1f9by5bw6a","function_id":"fn_01m2ra3zy3gx8rpvytw54exyh5","kind":"webhook","enabled":true,"next_fire_at":"None","target":"tachyon_serverless_application::services::triggers"}
{"timestamp":"2026-09-17T18:30:03.017817Z","level":"INFO","message":"bridge spawned","environment_id":"env_01m2ra40w4prd8vrzyg7ntnc62","pid":73176,"target":"tachyon_serverless_provider_process"}
{"timestamp":"2026-09-17T18:30:03.201994Z","level":"INFO","message":"invocation finished","invocation_id":"inv_01m2ra40w34b8vvcp209k6qa5g","status":"succeeded","handler_ms":0,"environment_boot_ms":3,"runtime_init_ms":178,"target":"tachyon_serverless_application::services::invoke"}
{"timestamp":"2026-09-17T18:30:03.203569Z","level":"INFO","message":"terminating bridge","environment_id":"env_01m2ra40w4prd8vrzyg7ntnc62","pid":73176,"reason":"Completed","graceful":true,"target":"tachyon_serverless_provider_process"}
{"timestamp":"2026-09-17T18:30:03.260219Z","level":"INFO","message":"asynchronous invocation accepted","invocation_id":"inv_01m2ra417vh6yswev8gnjdvpv2","tenant_id":"tn_01hzzzzzzzzzzzzzzzzzzzzzza","revision_id":"rev_01m2ra3zmtw652q480baj8bcyk","input_bytes":47,"input_storage":"inline","target":"tachyon_serverless_application::services::invoke_async"}
{"timestamp":"2026-09-17T18:30:03.272946Z","level":"INFO","message":"asynchronous run claimed","invocation_id":"inv_01m2ra417vh6yswev8gnjdvpv2","attempt":1,"generation":0,"delivery_count":1,"target":"tachyon_serverless_application::services::invoke_async::dispatch"}
{"timestamp":"2026-09-17T18:30:03.323335Z","level":"INFO","message":"asynchronous invocation accepted","invocation_id":"inv_01m2ra419axedwexd90717238g","tenant_id":"tn_01hzzzzzzzzzzzzzzzzzzzzzza","revision_id":"rev_01m2ra3zmtw652q480baj8bcyk","input_bytes":4127,"input_storage":"object","target":"tachyon_serverless_application::services::invoke_async"}
{"timestamp":"2026-09-17T18:30:03.328378Z","level":"INFO","message":"asynchronous run claimed","invocation_id":"inv_01m2ra419axedwexd90717238g","attempt":1,"generation":0,"delivery_count":1,"target":"tachyon_serverless_application::services::invoke_async::dispatch"}
{"timestamp":"2026-09-17T18:30:03.349923Z","level":"INFO","message":"asynchronous invocation accepted","invocation_id":"inv_01m2ra41anwhh41nybvf8mv6az","tenant_id":"tn_01hzzzzzzzzzzzzzzzzzzzzzza","revision_id":"rev_01m2ra407g9kem179nhc2s8bej","input_bytes":189,"input_storage":"inline","target":"tachyon_serverless_application::services::invoke_async"}
{"timestamp":"2026-09-17T18:30:03.349959Z","level":"INFO","message":"webhook trigger fired","trigger_id":"trg_01m2ra40vggh62gx1f9by5bw6a","event_id":"evt-pre-w1","invocation_id":"inv_01m2ra41anwhh41nybvf8mv6az","revision_id":"rev_01m2ra407g9kem179nhc2s8bej","replayed":false,"target":"tachyon_serverless_application::services::triggers"}
{"timestamp":"2026-09-17T18:30:03.421380Z","level":"INFO","message":"bridge spawned","environment_id":"env_01m2ra4189w2wbhmhfjfj2cnhf","pid":73252,"target":"tachyon_serverless_provider_process"}
{"timestamp":"2026-09-17T18:30:03.476264Z","level":"INFO","message":"bridge spawned","environment_id":"env_01m2ra41a1qzx9v13zef8g9jcf","pid":73254,"target":"tachyon_serverless_provider_process"}
{"timestamp":"2026-09-17T18:30:03.499904Z","level":"INFO","message":"bridge spawned","environment_id":"env_01m2ra41b5yeep853mb6eca9h2","pid":73256,"target":"tachyon_serverless_provider_process"}
{"timestamp":"2026-09-17T18:30:03.509343Z","level":"INFO","message":"invocation finished","invocation_id":"inv_01m2ra41b4ht79vqmwn2sy4nhh","status":"succeeded","handler_ms":0,"environment_boot_ms":3,"runtime_init_ms":4,"target":"tachyon_serverless_application::services::invoke"}
{"timestamp":"2026-09-17T18:30:03.510853Z","level":"INFO","message":"terminating bridge","environment_id":"env_01m2ra41b5yeep853mb6eca9h2","pid":73256,"reason":"Completed","graceful":true,"target":"tachyon_serverless_provider_process"}
{"timestamp":"2026-09-17T18:30:03.557129Z","level":"INFO","message":"asynchronous invocation accepted","invocation_id":"inv_01m2ra41h44krnf4371pgk3cxk","tenant_id":"tn_01hzzzzzzzzzzzzzzzzzzzzzza","revision_id":"rev_01m2ra3zmtw652q480baj8bcyk","input_bytes":47,"input_storage":"inline","target":"tachyon_serverless_application::services::invoke_async"}
{"timestamp":"2026-09-17T18:30:03.582730Z","level":"INFO","message":"invocation finished","invocation_id":"inv_01m2ra419axedwexd90717238g","status":"succeeded (async run)","handler_ms":1,"environment_boot_ms":3,"runtime_init_ms":100,"target":"tachyon_serverless_application::services::invoke"}
{"timestamp":"2026-09-17T18:30:03.583251Z","level":"INFO","message":"invocation finished","invocation_id":"inv_01m2ra417vh6yswev8gnjdvpv2","status":"succeeded (async run)","handler_ms":0,"environment_boot_ms":4,"runtime_init_ms":156,"target":"tachyon_serverless_application::services::invoke"}
{"timestamp":"2026-09-17T18:30:03.583521Z","level":"INFO","message":"terminating bridge","environment_id":"env_01m2ra41a1qzx9v13zef8g9jcf","pid":73254,"reason":"Completed","graceful":true,"target":"tachyon_serverless_provider_process"}
{"timestamp":"2026-09-17T18:30:03.584160Z","level":"INFO","message":"terminating bridge","environment_id":"env_01m2ra4189w2wbhmhfjfj2cnhf","pid":73252,"reason":"Completed","graceful":true,"target":"tachyon_serverless_provider_process"}
{"timestamp":"2026-09-17T18:30:03.586095Z","level":"INFO","message":"asynchronous invocation settled","invocation_id":"inv_01m2ra419axedwexd90717238g","status":"succeeded","target":"tachyon_serverless_application::services::invoke_async::dispatch"}
{"timestamp":"2026-09-17T18:30:03.589986Z","level":"INFO","message":"async dispatch: delivery handled","message_id":"inv_01m2ra419axedwexd90717238g","sequence":2,"delivery_count":1,"outcome":"Completed { status: \"succeeded\" }","target":"tachyon_serverless_application::services::invoke_async::dispatch"}
{"timestamp":"2026-09-17T18:30:03.590785Z","level":"INFO","message":"asynchronous invocation settled","invocation_id":"inv_01m2ra417vh6yswev8gnjdvpv2","status":"succeeded","target":"tachyon_serverless_application::services::invoke_async::dispatch"}
{"timestamp":"2026-09-17T18:30:03.597673Z","level":"INFO","message":"asynchronous run claimed","invocation_id":"inv_01m2ra41anwhh41nybvf8mv6az","attempt":1,"generation":0,"delivery_count":1,"target":"tachyon_serverless_application::services::invoke_async::dispatch"}
{"timestamp":"2026-09-17T18:30:03.601964Z","level":"INFO","message":"async dispatch: delivery handled","message_id":"inv_01m2ra417vh6yswev8gnjdvpv2","sequence":1,"delivery_count":1,"outcome":"Completed { status: \"succeeded\" }","target":"tachyon_serverless_application::services::invoke_async::dispatch"}
{"timestamp":"2026-09-17T18:30:03.602360Z","level":"INFO","message":"asynchronous run claimed","invocation_id":"inv_01m2ra41h44krnf4371pgk3cxk","attempt":1,"generation":0,"delivery_count":1,"target":"tachyon_serverless_application::services::invoke_async::dispatch"}
{"timestamp":"2026-09-17T18:30:03.625235Z","level":"INFO","message":"asynchronous invocation accepted","invocation_id":"inv_01m2ra41jvz4jckycbz6xa6m74","tenant_id":"tn_01hzzzzzzzzzzzzzzzzzzzzzza","revision_id":"rev_01m2ra3zmtw652q480baj8bcyk","input_bytes":4127,"input_storage":"object","target":"tachyon_serverless_application::services::invoke_async"}
{"timestamp":"2026-09-17T18:30:03.651012Z","level":"INFO","message":"asynchronous invocation accepted","invocation_id":"inv_01m2ra41m2fwmnfc97cy0q07a3","tenant_id":"tn_01hzzzzzzzzzzzzzzzzzzzzzza","revision_id":"rev_01m2ra407g9kem179nhc2s8bej","input_bytes":189,"input_storage":"inline","target":"tachyon_serverless_application::services::invoke_async"}
{"timestamp":"2026-09-17T18:30:03.651045Z","level":"INFO","message":"webhook trigger fired","trigger_id":"trg_01m2ra40vggh62gx1f9by5bw6a","event_id":"evt-pre-w2","invocation_id":"inv_01m2ra41m2fwmnfc97cy0q07a3","revision_id":"rev_01m2ra407g9kem179nhc2s8bej","replayed":false,"target":"tachyon_serverless_application::services::triggers"}
{"timestamp":"2026-09-17T18:30:03.738811Z","level":"INFO","message":"bridge spawned","environment_id":"env_01m2ra41jdbdqtq7pck8x3kzx0","pid":73330,"target":"tachyon_serverless_provider_process"}
{"timestamp":"2026-09-17T18:30:03.748191Z","level":"INFO","message":"invocation finished","invocation_id":"inv_01m2ra41anwhh41nybvf8mv6az","status":"succeeded (async run)","handler_ms":0,"environment_boot_ms":3,"runtime_init_ms":4,"target":"tachyon_serverless_application::services::invoke"}
{"timestamp":"2026-09-17T18:30:03.749747Z","level":"INFO","message":"terminating bridge","environment_id":"env_01m2ra41jdbdqtq7pck8x3kzx0","pid":73330,"reason":"Completed","graceful":true,"target":"tachyon_serverless_provider_process"}
{"timestamp":"2026-09-17T18:30:03.750783Z","level":"INFO","message":"bridge spawned","environment_id":"env_01m2ra41jj253bce51z25abemk","pid":73332,"target":"tachyon_serverless_provider_process"}
{"timestamp":"2026-09-17T18:30:03.752059Z","level":"INFO","message":"asynchronous invocation settled","invocation_id":"inv_01m2ra41anwhh41nybvf8mv6az","status":"succeeded","target":"tachyon_serverless_application::services::invoke_async::dispatch"}
{"timestamp":"2026-09-17T18:30:03.757249Z","level":"INFO","message":"async dispatch: delivery handled","message_id":"inv_01m2ra41anwhh41nybvf8mv6az","sequence":3,"delivery_count":1,"outcome":"Completed { status: \"succeeded\" }","target":"tachyon_serverless_application::services::invoke_async::dispatch"}
{"timestamp":"2026-09-17T18:30:03.757793Z","level":"INFO","message":"asynchronous run claimed","invocation_id":"inv_01m2ra41jvz4jckycbz6xa6m74","attempt":1,"generation":0,"delivery_count":1,"target":"tachyon_serverless_application::services::invoke_async::dispatch"}
{"timestamp":"2026-09-17T18:30:03.763368Z","level":"INFO","message":"invocation finished","invocation_id":"inv_01m2ra41h44krnf4371pgk3cxk","status":"succeeded (async run)","handler_ms":0,"environment_boot_ms":3,"runtime_init_ms":7,"target":"tachyon_serverless_application::services::invoke"}
{"timestamp":"2026-09-17T18:30:03.764867Z","level":"INFO","message":"terminating bridge","environment_id":"env_01m2ra41jj253bce51z25abemk","pid":73332,"reason":"Completed","graceful":true,"target":"tachyon_serverless_provider_process"}
{"timestamp":"2026-09-17T18:30:03.767366Z","level":"INFO","message":"asynchronous invocation settled","invocation_id":"inv_01m2ra41h44krnf4371pgk3cxk","status":"succeeded","target":"tachyon_serverless_application::services::invoke_async::dispatch"}
{"timestamp":"2026-09-17T18:30:03.772873Z","level":"INFO","message":"async dispatch: delivery handled","message_id":"inv_01m2ra41h44krnf4371pgk3cxk","sequence":4,"delivery_count":1,"outcome":"Completed { status: \"succeeded\" }","target":"tachyon_serverless_application::services::invoke_async::dispatch"}
{"timestamp":"2026-09-17T18:30:03.773273Z","level":"INFO","message":"asynchronous run claimed","invocation_id":"inv_01m2ra41m2fwmnfc97cy0q07a3","attempt":1,"generation":0,"delivery_count":1,"target":"tachyon_serverless_application::services::invoke_async::dispatch"}
{"timestamp":"2026-09-17T18:30:03.802126Z","level":"INFO","message":"bridge spawned","environment_id":"env_01m2ra41mjes79049ekmp8cezk","pid":73334,"target":"tachyon_serverless_provider_process"}
{"timestamp":"2026-09-17T18:30:03.815226Z","level":"INFO","message":"invocation finished","invocation_id":"inv_01m2ra41mhjcr12csc5176wb8q","status":"succeeded","handler_ms":0,"environment_boot_ms":4,"runtime_init_ms":7,"target":"tachyon_serverless_application::services::invoke"}
{"timestamp":"2026-09-17T18:30:03.816736Z","level":"INFO","message":"terminating bridge","environment_id":"env_01m2ra41mjes79049ekmp8cezk","pid":73334,"reason":"Completed","graceful":true,"target":"tachyon_serverless_provider_process"}
{"timestamp":"2026-09-17T18:30:03.864045Z","level":"INFO","message":"asynchronous invocation accepted","invocation_id":"inv_01m2ra41tq38chd1b33vcynng3","tenant_id":"tn_01hzzzzzzzzzzzzzzzzzzzzzza","revision_id":"rev_01m2ra3zmtw652q480baj8bcyk","input_bytes":47,"input_storage":"inline","target":"tachyon_serverless_application::services::invoke_async"}
{"timestamp":"2026-09-17T18:30:03.907699Z","level":"INFO","message":"bridge spawned","environment_id":"env_01m2ra41qf3rcytck23fkv0vqe","pid":73373,"target":"tachyon_serverless_provider_process"}
{"timestamp":"2026-09-17T18:30:03.910250Z","level":"INFO","message":"bridge spawned","environment_id":"env_01m2ra41qxrk8erg3seayyz60f","pid":73374,"target":"tachyon_serverless_provider_process"}
{"timestamp":"2026-09-17T18:30:03.929723Z","level":"INFO","message":"asynchronous invocation accepted","invocation_id":"inv_01m2ra41w4h9f7pqkmt14b3j3j","tenant_id":"tn_01hzzzzzzzzzzzzzzzzzzzzzza","revision_id":"rev_01m2ra3zmtw652q480baj8bcyk","input_bytes":4127,"input_storage":"object","target":"tachyon_serverless_application::services::invoke_async"}
{"timestamp":"2026-09-17T18:30:03.936458Z","level":"INFO","message":"invocation finished","invocation_id":"inv_01m2ra41jvz4jckycbz6xa6m74","status":"succeeded (async run)","handler_ms":1,"environment_boot_ms":3,"runtime_init_ms":18,"target":"tachyon_serverless_application::services::invoke"}
{"timestamp":"2026-09-17T18:30:03.936665Z","level":"INFO","message":"invocation finished","invocation_id":"inv_01m2ra41m2fwmnfc97cy0q07a3","status":"succeeded (async run)","handler_ms":0,"environment_boot_ms":5,"runtime_init_ms":20,"target":"tachyon_serverless_application::services::invoke"}
{"timestamp":"2026-09-17T18:30:03.937984Z","level":"INFO","message":"terminating bridge","environment_id":"env_01m2ra41qf3rcytck23fkv0vqe","pid":73373,"reason":"Completed","graceful":true,"target":"tachyon_serverless_provider_process"}
{"timestamp":"2026-09-17T18:30:03.937995Z","level":"INFO","message":"terminating bridge","environment_id":"env_01m2ra41qxrk8erg3seayyz60f","pid":73374,"reason":"Completed","graceful":true,"target":"tachyon_serverless_provider_process"}
{"timestamp":"2026-09-17T18:30:03.940721Z","level":"INFO","message":"asynchronous invocation settled","invocation_id":"inv_01m2ra41jvz4jckycbz6xa6m74","status":"succeeded","target":"tachyon_serverless_application::services::invoke_async::dispatch"}
{"timestamp":"2026-09-17T18:30:03.941279Z","level":"INFO","message":"asynchronous invocation settled","invocation_id":"inv_01m2ra41m2fwmnfc97cy0q07a3","status":"succeeded","target":"tachyon_serverless_application::services::invoke_async::dispatch"}
{"timestamp":"2026-09-17T18:30:03.946131Z","level":"INFO","message":"async dispatch: delivery handled","message_id":"inv_01m2ra41jvz4jckycbz6xa6m74","sequence":5,"delivery_count":1,"outcome":"Completed { status: \"succeeded\" }","target":"tachyon_serverless_application::services::invoke_async::dispatch"}
{"timestamp":"2026-09-17T18:30:03.949959Z","level":"INFO","message":"async dispatch: delivery handled","message_id":"inv_01m2ra41m2fwmnfc97cy0q07a3","sequence":6,"delivery_count":1,"outcome":"Completed { status: \"succeeded\" }","target":"tachyon_serverless_application::services::invoke_async::dispatch"}
{"timestamp":"2026-09-17T18:30:03.950239Z","level":"INFO","message":"asynchronous run claimed","invocation_id":"inv_01m2ra41tq38chd1b33vcynng3","attempt":1,"generation":0,"delivery_count":1,"target":"tachyon_serverless_application::services::invoke_async::dispatch"}
{"timestamp":"2026-09-17T18:30:03.950431Z","level":"INFO","message":"asynchronous run claimed","invocation_id":"inv_01m2ra41w4h9f7pqkmt14b3j3j","attempt":1,"generation":0,"delivery_count":1,"target":"tachyon_serverless_application::services::invoke_async::dispatch"}
{"timestamp":"2026-09-17T18:30:03.961164Z","level":"INFO","message":"asynchronous invocation accepted","invocation_id":"inv_01m2ra41xrm6wr9yr1xxfyz0fv","tenant_id":"tn_01hzzzzzzzzzzzzzzzzzzzzzza","revision_id":"rev_01m2ra407g9kem179nhc2s8bej","input_bytes":189,"input_storage":"inline","target":"tachyon_serverless_application::services::invoke_async"}
{"timestamp":"2026-09-17T18:30:03.961196Z","level":"INFO","message":"webhook trigger fired","trigger_id":"trg_01m2ra40vggh62gx1f9by5bw6a","event_id":"evt-pre-w3","invocation_id":"inv_01m2ra41xrm6wr9yr1xxfyz0fv","revision_id":"rev_01m2ra407g9kem179nhc2s8bej","replayed":false,"target":"tachyon_serverless_application::services::triggers"}
{"timestamp":"2026-09-17T18:30:03.982114Z","level":"INFO","message":"trigger updated","trigger_id":"trg_01m2ra40v638x1qc8sbn7gch0j","generation":2,"status":"disabled","next_fire_at":"None","rotated_secret":false,"target":"tachyon_serverless_application::services::triggers"}
{"timestamp":"2026-09-17T18:30:03.984805Z","level":"INFO","message":"SIGTERM received","target":"tachyon_serverless_gateway"}
{"timestamp":"2026-09-17T18:30:03.984825Z","level":"INFO","message":"shutdown requested; cancelling in-flight invocations","target":"tachyon_serverless_gateway"}
{"timestamp":"2026-09-17T18:30:03.984841Z","level":"INFO","message":"cancelling in-flight invocations for shutdown","count":2,"target":"tachyon_serverless_application::services::invoke"}
{"timestamp":"2026-09-17T18:30:04.098064Z","level":"INFO","message":"bridge spawned","environment_id":"env_01m2ra41xejyk0xdwcyh04brd0","pid":73423,"target":"tachyon_serverless_provider_process"}
{"timestamp":"2026-09-17T18:30:04.098327Z","level":"INFO","message":"terminating bridge","environment_id":"env_01m2ra41xejyk0xdwcyh04brd0","pid":73423,"reason":"Shutdown","graceful":true,"target":"tachyon_serverless_provider_process"}
{"timestamp":"2026-09-17T18:30:04.099310Z","level":"INFO","message":"asynchronous invocation rescheduled","invocation_id":"inv_01m2ra41w4h9f7pqkmt14b3j3j","next_attempt_at":"2026-09-17T18:30:04.226035+00:00","counted":false,"error_type":"Host.GatewayShutdown","target":"tachyon_serverless_application::services::invoke_async::dispatch"}
{"timestamp":"2026-09-17T18:30:04.104961Z","level":"INFO","message":"async dispatch: delivery handled","message_id":"inv_01m2ra41w4h9f7pqkmt14b3j3j","sequence":8,"delivery_count":1,"outcome":"Rescheduled { next_attempt_at: 2026-09-17T18:30:04.226035Z, counted: false }","target":"tachyon_serverless_application::services::invoke_async::dispatch"}
{"timestamp":"2026-09-17T18:30:06.606245Z","level":"INFO","message":"asynchronous invocation rescheduled","invocation_id":"inv_01m2ra41tq38chd1b33vcynng3","next_attempt_at":"2026-09-17T18:30:06.791222+00:00","counted":false,"error_type":"Host.GatewayShutdown","target":"tachyon_serverless_application::services::invoke_async::dispatch"}
{"timestamp":"2026-09-17T18:30:06.613073Z","level":"INFO","message":"async dispatch: delivery handled","message_id":"inv_01m2ra41tq38chd1b33vcynng3","sequence":7,"delivery_count":1,"outcome":"Rescheduled { next_attempt_at: 2026-09-17T18:30:06.791222Z, counted: false }","target":"tachyon_serverless_application::services::invoke_async::dispatch"}
{"timestamp":"2026-09-17T18:30:06.617347Z","level":"INFO","message":"final usage collection","report":"CollectReport { batches: 1, read: 1, inserted: 1, duplicates: 0, cursor_seq: 47 }","target":"tachyon_serverless_gateway"}
{"timestamp":"2026-09-17T18:30:06.619483Z","level":"INFO","message":"gateway stopped","target":"tachyon_serverless_gateway"}
{"timestamp":"2026-09-17T18:30:06.619754Z","level":"INFO","message":"event: closed","target":"async_nats"}

===== a start (failpoints: accept.after_object_put=kill) 18:30:06 =====
{"timestamp":"2026-09-17T18:30:06.728727Z","level":"INFO","message":"configuration loaded","config":"/private/var/folders/z7/khzdjrt95cg_fcmcnh4j1b5h0000gn/T/tsls-chaos.3Et8Dx/gw-a.toml","target":"tachyon_serverless_gateway"}
{"timestamp":"2026-09-17T18:30:06.730905Z","level":"INFO","message":"connected successfully","server":"53011","max_payload":"1048576","target":"async_nats::connector"}
{"timestamp":"2026-09-17T18:30:06.731023Z","level":"INFO","message":"event: connected","target":"async_nats"}
{"timestamp":"2026-09-17T18:30:06.746277Z","level":"INFO","message":"JetStream queue connected and stream bootstrapped","url":"nats://127.0.0.1:53011","stream":"TACHYON_EVENTS","target":"tachyon_serverless_gateway::durable"}
{"timestamp":"2026-09-17T18:30:06.748155Z","level":"INFO","message":"state store opened","path":"/private/var/folders/z7/khzdjrt95cg_fcmcnh4j1b5h0000gn/T/tsls-chaos.3Et8Dx/data/state.db","schema_version":8,"migrations_applied":"[]","imported_state_json":"None","settled_invocations":0,"settled_attempts":0,"settled_environments":0,"released_leases":0,"dropped_idempotency_keys":0,"purged_idempotency_keys":0,"outputs_purged":0,"target":"tachyon_serverless_application::app"}
{"timestamp":"2026-09-17T18:30:06.749053Z","level":"INFO","message":"log store opened","path":"/private/var/folders/z7/khzdjrt95cg_fcmcnh4j1b5h0000gn/T/tsls-chaos.3Et8Dx/data/logs/logs.db","healthy":true,"retention_seconds":604800,"max_total_bytes":1073741824,"target":"tachyon_serverless_application::app"}
{"timestamp":"2026-09-17T18:30:06.749427Z","level":"INFO","message":"dispatcher registered","dispatcher_id":"dsp_01m2ra44mxjx85qj64vzkwk13b","instance":"chaos-a","pid":73456,"lease_ttl_seconds":6,"target":"tachyon_serverless_application::services::dispatcher"}
{"timestamp":"2026-09-17T18:30:06.749818Z","level":"WARN","message":"reclaimed the work of dispatchers that lost their lease","dispatcher_id":"dsp_01m2ra44mxjx85qj64vzkwk13b","reclaimed_dispatchers":"[DispatcherId(dsp_01m2ra3z27gdsae1fnkvze1336)]","leases":0,"invocations":0,"attempts":0,"fenced":0,"target":"tachyon_serverless_application::services::dispatcher"}
{"timestamp":"2026-09-17T18:30:06.751352Z","level":"WARN","message":"failpoint armed from TSLS_FAILPOINTS","name":"accept.after_object_put","action":"Kill","count":"None","target":"tachyon_serverless_application::failpoints"}
{"timestamp":"2026-09-17T18:30:06.751441Z","level":"INFO","message":"application bootstrapped","profile":"dev","provider":"process","dev_only":true,"environment_reuse":false,"reuse_verified":false,"reuse_reason":"[pool] enabled is false","reuse_disabled":"Some(Configuration)","idle_quiesce":"unsupported","idle_resume":"unsupported","data_dir":"/private/var/folders/z7/khzdjrt95cg_fcmcnh4j1b5h0000gn/T/tsls-chaos.3Et8Dx/data","store":"sqlite","dispatcher_id":"dsp_01m2ra44mxjx85qj64vzkwk13b","node":"local","node_region":"none","node_memory_mib":"None","max_concurrency":8,"queue":"nats","objects":"filesystem","invoke_async":true,"triggers":true,"target":"tachyon_serverless_application::app"}
{"timestamp":"2026-09-17T18:30:06.751791Z","level":"INFO","message":"startup reconcile finished","provider":"process","found":0,"adopted":0,"terminated":0,"disowned":0,"failed":0,"lost":0,"foreign":0,"reclaimed_dispatchers":0,"fenced_terminated":0,"fenced_pending":0,"target":"tachyon_serverless_application::services::reconcile"}
{"timestamp":"2026-09-17T18:30:06.751851Z","level":"INFO","message":"gateway listening","addr":"127.0.0.1:53015","profile":"dev","provider":"process","target":"tachyon_serverless_gateway"}
{"timestamp":"2026-09-17T18:30:06.753415Z","level":"INFO","message":"asynchronous dispatcher started","workers":2,"owner":"dsp_01m2ra44mxjx85qj64vzkwk13b","target":"tachyon_serverless_gateway"}
{"timestamp":"2026-09-17T18:30:06.770691Z","level":"INFO","message":"asynchronous run claimed","invocation_id":"inv_01m2ra41w4h9f7pqkmt14b3j3j","attempt":1,"generation":1,"delivery_count":1,"target":"tachyon_serverless_application::services::invoke_async::dispatch"}
{"timestamp":"2026-09-17T18:30:06.771003Z","level":"INFO","message":"asynchronous run claimed","invocation_id":"inv_01m2ra41xrm6wr9yr1xxfyz0fv","attempt":1,"generation":0,"delivery_count":1,"target":"tachyon_serverless_application::services::invoke_async::dispatch"}
{"timestamp":"2026-09-17T18:30:06.913717Z","level":"INFO","message":"bridge spawned","environment_id":"env_01m2ra44nkt3twpn50zehj70f2","pid":73461,"target":"tachyon_serverless_provider_process"}
{"timestamp":"2026-09-17T18:30:06.923725Z","level":"INFO","message":"invocation finished","invocation_id":"inv_01m2ra41xrm6wr9yr1xxfyz0fv","status":"succeeded (async run)","handler_ms":0,"environment_boot_ms":4,"runtime_init_ms":4,"target":"tachyon_serverless_application::services::invoke"}
{"timestamp":"2026-09-17T18:30:06.925247Z","level":"INFO","message":"terminating bridge","environment_id":"env_01m2ra44nkt3twpn50zehj70f2","pid":73461,"reason":"Completed","graceful":true,"target":"tachyon_serverless_provider_process"}
{"timestamp":"2026-09-17T18:30:06.925756Z","level":"INFO","message":"bridge spawned","environment_id":"env_01m2ra44nm98m6wytfdtws5kvw","pid":73463,"target":"tachyon_serverless_provider_process"}
{"timestamp":"2026-09-17T18:30:06.927798Z","level":"INFO","message":"asynchronous invocation settled","invocation_id":"inv_01m2ra41xrm6wr9yr1xxfyz0fv","status":"succeeded","target":"tachyon_serverless_application::services::invoke_async::dispatch"}
{"timestamp":"2026-09-17T18:30:06.933898Z","level":"INFO","message":"async dispatch: delivery handled","message_id":"inv_01m2ra41xrm6wr9yr1xxfyz0fv","sequence":9,"delivery_count":1,"outcome":"Completed { status: \"succeeded\" }","target":"tachyon_serverless_application::services::invoke_async::dispatch"}
{"timestamp":"2026-09-17T18:30:06.934753Z","level":"INFO","message":"asynchronous run claimed","invocation_id":"inv_01m2ra41tq38chd1b33vcynng3","attempt":1,"generation":1,"delivery_count":1,"target":"tachyon_serverless_application::services::invoke_async::dispatch"}
{"timestamp":"2026-09-17T18:30:06.940307Z","level":"INFO","message":"invocation finished","invocation_id":"inv_01m2ra41w4h9f7pqkmt14b3j3j","status":"succeeded (async run)","handler_ms":0,"environment_boot_ms":3,"runtime_init_ms":9,"target":"tachyon_serverless_application::services::invoke"}
{"timestamp":"2026-09-17T18:30:06.941933Z","level":"INFO","message":"terminating bridge","environment_id":"env_01m2ra44nm98m6wytfdtws5kvw","pid":73463,"reason":"Completed","graceful":true,"target":"tachyon_serverless_provider_process"}
{"timestamp":"2026-09-17T18:30:06.944422Z","level":"INFO","message":"asynchronous invocation settled","invocation_id":"inv_01m2ra41w4h9f7pqkmt14b3j3j","status":"succeeded","target":"tachyon_serverless_application::services::invoke_async::dispatch"}
{"timestamp":"2026-09-17T18:30:06.949463Z","level":"INFO","message":"async dispatch: delivery handled","message_id":"inv_01m2ra41w4h9f7pqkmt14b3j3j.g1","sequence":10,"delivery_count":1,"outcome":"Completed { status: \"succeeded\" }","target":"tachyon_serverless_application::services::invoke_async::dispatch"}
{"timestamp":"2026-09-17T18:30:07.036493Z","level":"ERROR","message":"failpoint fired: SIGKILL","name":"accept.after_object_put","target":"tachyon_serverless_application::failpoints"}

===== a start (failpoints: none) 18:30:07 =====
{"timestamp":"2026-09-17T18:30:07.057725Z","level":"INFO","message":"configuration loaded","config":"/private/var/folders/z7/khzdjrt95cg_fcmcnh4j1b5h0000gn/T/tsls-chaos.3Et8Dx/gw-a.toml","target":"tachyon_serverless_gateway"}
{"timestamp":"2026-09-17T18:30:07.059709Z","level":"INFO","message":"connected successfully","server":"53011","max_payload":"1048576","target":"async_nats::connector"}
{"timestamp":"2026-09-17T18:30:07.059791Z","level":"INFO","message":"event: connected","target":"async_nats"}
{"timestamp":"2026-09-17T18:30:07.071641Z","level":"INFO","message":"JetStream queue connected and stream bootstrapped","url":"nats://127.0.0.1:53011","stream":"TACHYON_EVENTS","target":"tachyon_serverless_gateway::durable"}
{"timestamp":"2026-09-17T18:30:07.073399Z","level":"INFO","message":"state store opened","path":"/private/var/folders/z7/khzdjrt95cg_fcmcnh4j1b5h0000gn/T/tsls-chaos.3Et8Dx/data/state.db","schema_version":8,"migrations_applied":"[]","imported_state_json":"None","settled_invocations":0,"settled_attempts":0,"settled_environments":0,"released_leases":0,"dropped_idempotency_keys":0,"purged_idempotency_keys":0,"outputs_purged":0,"target":"tachyon_serverless_application::app"}
{"timestamp":"2026-09-17T18:30:07.074114Z","level":"INFO","message":"log store opened","path":"/private/var/folders/z7/khzdjrt95cg_fcmcnh4j1b5h0000gn/T/tsls-chaos.3Et8Dx/data/logs/logs.db","healthy":true,"retention_seconds":604800,"max_total_bytes":1073741824,"target":"tachyon_serverless_application::app"}
{"timestamp":"2026-09-17T18:30:07.074353Z","level":"INFO","message":"dispatcher registered","dispatcher_id":"dsp_01m2ra44z2p0kdp8wdtm6ksnqv","instance":"chaos-a","pid":73486,"lease_ttl_seconds":6,"target":"tachyon_serverless_application::services::dispatcher"}
{"timestamp":"2026-09-17T18:30:07.074838Z","level":"WARN","message":"reclaimed the work of dispatchers that lost their lease","dispatcher_id":"dsp_01m2ra44z2p0kdp8wdtm6ksnqv","reclaimed_dispatchers":"[DispatcherId(dsp_01m2ra44mxjx85qj64vzkwk13b)]","leases":0,"invocations":0,"attempts":0,"fenced":1,"target":"tachyon_serverless_application::services::dispatcher"}
{"timestamp":"2026-09-17T18:30:07.076499Z","level":"INFO","message":"application bootstrapped","profile":"dev","provider":"process","dev_only":true,"environment_reuse":false,"reuse_verified":false,"reuse_reason":"[pool] enabled is false","reuse_disabled":"Some(Configuration)","idle_quiesce":"unsupported","idle_resume":"unsupported","data_dir":"/private/var/folders/z7/khzdjrt95cg_fcmcnh4j1b5h0000gn/T/tsls-chaos.3Et8Dx/data","store":"sqlite","dispatcher_id":"dsp_01m2ra44z2p0kdp8wdtm6ksnqv","node":"local","node_region":"none","node_memory_mib":"None","max_concurrency":8,"queue":"nats","objects":"filesystem","invoke_async":true,"triggers":true,"target":"tachyon_serverless_application::app"}
{"timestamp":"2026-09-17T18:30:07.076814Z","level":"INFO","message":"environment stop metered by a path that did not drive it","environment_id":"env_01m2ra44tpryw3eye5hjx6pz8e","stopped_by":"reclaim","cgroup_cpu_usec":"unknown","lifetime_ms":"Some(141)","target":"tachyon_serverless_application::services::stopped"}
{"timestamp":"2026-09-17T18:30:07.077269Z","level":"INFO","message":"fenced environment terminated and settled","environment_id":"env_01m2ra44tpryw3eye5hjx6pz8e","owner":"Some(DispatcherId(dsp_01m2ra44mxjx85qj64vzkwk13b))","was_running":false,"target":"tachyon_serverless_application::services::reconcile"}
{"timestamp":"2026-09-17T18:30:07.077376Z","level":"INFO","message":"startup reconcile finished","provider":"process","found":0,"adopted":0,"terminated":0,"disowned":0,"failed":0,"lost":0,"foreign":0,"reclaimed_dispatchers":0,"fenced_terminated":1,"fenced_pending":0,"target":"tachyon_serverless_application::services::reconcile"}
{"timestamp":"2026-09-17T18:30:07.077420Z","level":"INFO","message":"gateway listening","addr":"127.0.0.1:53015","profile":"dev","provider":"process","target":"tachyon_serverless_gateway"}
{"timestamp":"2026-09-17T18:30:07.078460Z","level":"INFO","message":"asynchronous dispatcher started","workers":2,"owner":"dsp_01m2ra44z2p0kdp8wdtm6ksnqv","target":"tachyon_serverless_gateway"}
{"timestamp":"2026-09-17T18:30:07.347332Z","level":"INFO","message":"trigger updated","trigger_id":"trg_01m2ra40v638x1qc8sbn7gch0j","generation":3,"status":"enabled","next_fire_at":"Some(2026-09-17T18:30:08Z)","rotated_secret":false,"target":"tachyon_serverless_application::services::triggers"}
{"timestamp":"2026-09-17T18:30:08.006425Z","level":"INFO","message":"asynchronous invocation accepted","invocation_id":"inv_01m2ra45w3zanc1v469kykw7j6","tenant_id":"tn_01hzzzzzzzzzzzzzzzzzzzzzza","revision_id":"rev_01m2ra407g9kem179nhc2s8bej","input_bytes":180,"input_storage":"inline","target":"tachyon_serverless_application::services::invoke_async"}
{"timestamp":"2026-09-17T18:30:08.006554Z","level":"INFO","message":"cron trigger fired","trigger_id":"trg_01m2ra40v638x1qc8sbn7gch0j","scheduled_at":"2026-09-17T18:30:08Z","invocation_id":"inv_01m2ra45w3zanc1v469kykw7j6","revision_id":"rev_01m2ra407g9kem179nhc2s8bej","replayed":false,"target":"tachyon_serverless_application::services::triggers"}
{"timestamp":"2026-09-17T18:30:08.019199Z","level":"INFO","message":"asynchronous run claimed","invocation_id":"inv_01m2ra45w3zanc1v469kykw7j6","attempt":1,"generation":0,"delivery_count":1,"target":"tachyon_serverless_application::services::invoke_async::dispatch"}
{"timestamp":"2026-09-17T18:30:08.180236Z","level":"INFO","message":"bridge spawned","environment_id":"env_01m2ra45wkc1h5h2re4yqnxy7e","pid":73505,"target":"tachyon_serverless_provider_process"}
{"timestamp":"2026-09-17T18:30:08.189466Z","level":"INFO","message":"invocation finished","invocation_id":"inv_01m2ra45w3zanc1v469kykw7j6","status":"succeeded (async run)","handler_ms":0,"environment_boot_ms":3,"runtime_init_ms":4,"target":"tachyon_serverless_application::services::invoke"}
{"timestamp":"2026-09-17T18:30:08.191080Z","level":"INFO","message":"terminating bridge","environment_id":"env_01m2ra45wkc1h5h2re4yqnxy7e","pid":73505,"reason":"Completed","graceful":true,"target":"tachyon_serverless_provider_process"}
{"timestamp":"2026-09-17T18:30:08.193298Z","level":"INFO","message":"asynchronous invocation settled","invocation_id":"inv_01m2ra45w3zanc1v469kykw7j6","status":"succeeded","target":"tachyon_serverless_application::services::invoke_async::dispatch"}
{"timestamp":"2026-09-17T18:30:08.199327Z","level":"INFO","message":"async dispatch: delivery handled","message_id":"inv_01m2ra45w3zanc1v469kykw7j6","sequence":12,"delivery_count":1,"outcome":"Completed { status: \"succeeded\" }","target":"tachyon_serverless_application::services::invoke_async::dispatch"}
{"timestamp":"2026-09-17T18:30:10.005946Z","level":"INFO","message":"asynchronous invocation accepted","invocation_id":"inv_01m2ra47tk0cs86d68vvf9k14a","tenant_id":"tn_01hzzzzzzzzzzzzzzzzzzzzzza","revision_id":"rev_01m2ra407g9kem179nhc2s8bej","input_bytes":180,"input_storage":"inline","target":"tachyon_serverless_application::services::invoke_async"}
{"timestamp":"2026-09-17T18:30:10.006085Z","level":"INFO","message":"cron trigger fired","trigger_id":"trg_01m2ra40v638x1qc8sbn7gch0j","scheduled_at":"2026-09-17T18:30:10Z","invocation_id":"inv_01m2ra47tk0cs86d68vvf9k14a","revision_id":"rev_01m2ra407g9kem179nhc2s8bej","replayed":false,"target":"tachyon_serverless_application::services::triggers"}
{"timestamp":"2026-09-17T18:30:10.018413Z","level":"INFO","message":"asynchronous run claimed","invocation_id":"inv_01m2ra47tk0cs86d68vvf9k14a","attempt":1,"generation":0,"delivery_count":1,"target":"tachyon_serverless_application::services::invoke_async::dispatch"}
{"timestamp":"2026-09-17T18:30:10.177980Z","level":"INFO","message":"bridge spawned","environment_id":"env_01m2ra47v3e5rzshc66hhbhgas","pid":73511,"target":"tachyon_serverless_provider_process"}
{"timestamp":"2026-09-17T18:30:10.186962Z","level":"INFO","message":"invocation finished","invocation_id":"inv_01m2ra47tk0cs86d68vvf9k14a","status":"succeeded (async run)","handler_ms":0,"environment_boot_ms":3,"runtime_init_ms":4,"target":"tachyon_serverless_application::services::invoke"}
{"timestamp":"2026-09-17T18:30:10.188514Z","level":"INFO","message":"terminating bridge","environment_id":"env_01m2ra47v3e5rzshc66hhbhgas","pid":73511,"reason":"Completed","graceful":true,"target":"tachyon_serverless_provider_process"}
{"timestamp":"2026-09-17T18:30:10.190865Z","level":"INFO","message":"asynchronous invocation settled","invocation_id":"inv_01m2ra47tk0cs86d68vvf9k14a","status":"succeeded","target":"tachyon_serverless_application::services::invoke_async::dispatch"}
{"timestamp":"2026-09-17T18:30:10.197210Z","level":"INFO","message":"async dispatch: delivery handled","message_id":"inv_01m2ra47tk0cs86d68vvf9k14a","sequence":13,"delivery_count":1,"outcome":"Completed { status: \"succeeded\" }","target":"tachyon_serverless_application::services::invoke_async::dispatch"}
{"timestamp":"2026-09-17T18:30:10.514109Z","level":"INFO","message":"bridge spawned","environment_id":"env_01m2ra4862zchsgeadv1w3g45q","pid":73529,"target":"tachyon_serverless_provider_process"}
{"timestamp":"2026-09-17T18:30:10.514110Z","level":"INFO","message":"bridge spawned","environment_id":"env_01m2ra4862v4rascw4afh2ecw6","pid":73528,"target":"tachyon_serverless_provider_process"}
{"timestamp":"2026-09-17T18:30:10.937252Z","level":"INFO","message":"asynchronous run claimed","invocation_id":"inv_01m2ra41tq38chd1b33vcynng3","attempt":2,"generation":1,"delivery_count":2,"target":"tachyon_serverless_application::services::invoke_async::dispatch"}
{"timestamp":"2026-09-17T18:30:11.089154Z","level":"INFO","message":"bridge spawned","environment_id":"env_01m2ra48qsm4vd8z6dczsm5efs","pid":73548,"target":"tachyon_serverless_provider_process"}
{"timestamp":"2026-09-17T18:30:11.098998Z","level":"INFO","message":"invocation finished","invocation_id":"inv_01m2ra41tq38chd1b33vcynng3","status":"succeeded (async run)","handler_ms":0,"environment_boot_ms":3,"runtime_init_ms":4,"target":"tachyon_serverless_application::services::invoke"}
{"timestamp":"2026-09-17T18:30:11.100555Z","level":"INFO","message":"terminating bridge","environment_id":"env_01m2ra48qsm4vd8z6dczsm5efs","pid":73548,"reason":"Completed","graceful":true,"target":"tachyon_serverless_provider_process"}
{"timestamp":"2026-09-17T18:30:11.102900Z","level":"INFO","message":"asynchronous invocation settled","invocation_id":"inv_01m2ra41tq38chd1b33vcynng3","status":"succeeded","target":"tachyon_serverless_application::services::invoke_async::dispatch"}
{"timestamp":"2026-09-17T18:30:11.109385Z","level":"INFO","message":"async dispatch: delivery handled","message_id":"inv_01m2ra41tq38chd1b33vcynng3.g1","sequence":11,"delivery_count":2,"outcome":"Completed { status: \"succeeded\" }","target":"tachyon_serverless_application::services::invoke_async::dispatch"}
{"timestamp":"2026-09-17T18:30:12.003758Z","level":"INFO","message":"asynchronous invocation accepted","invocation_id":"inv_01m2ra49s3b42832acf5zwzhq6","tenant_id":"tn_01hzzzzzzzzzzzzzzzzzzzzzza","revision_id":"rev_01m2ra407g9kem179nhc2s8bej","input_bytes":180,"input_storage":"inline","target":"tachyon_serverless_application::services::invoke_async"}
{"timestamp":"2026-09-17T18:30:12.003796Z","level":"INFO","message":"cron trigger fired","trigger_id":"trg_01m2ra40v638x1qc8sbn7gch0j","scheduled_at":"2026-09-17T18:30:12Z","invocation_id":"inv_01m2ra49s3b42832acf5zwzhq6","revision_id":"rev_01m2ra407g9kem179nhc2s8bej","replayed":false,"target":"tachyon_serverless_application::services::triggers"}
{"timestamp":"2026-09-17T18:30:12.038062Z","level":"INFO","message":"asynchronous invocation accepted","invocation_id":"inv_01m2ra49sn1afxdmsfk6k7pfaj","tenant_id":"tn_01hzzzzzzzzzzzzzzzzzzzzzza","revision_id":"rev_01m2ra3zmtw652q480baj8bcyk","input_bytes":4127,"input_storage":"object","target":"tachyon_serverless_application::services::invoke_async"}
{"timestamp":"2026-09-17T18:30:12.097843Z","level":"INFO","message":"asynchronous invocation accepted","invocation_id":"inv_01m2ra49vk0pwr895myz8vwere","tenant_id":"tn_01hzzzzzzzzzzzzzzzzzzzzzza","revision_id":"rev_01m2ra3zmtw652q480baj8bcyk","input_bytes":4127,"input_storage":"object","target":"tachyon_serverless_application::services::invoke_async"}
{"timestamp":"2026-09-17T18:30:12.157095Z","level":"INFO","message":"asynchronous invocation accepted","invocation_id":"inv_01m2ra49xdf5zteg544np1mddk","tenant_id":"tn_01hzzzzzzzzzzzzzzzzzzzzzza","revision_id":"rev_01m2ra3zmtw652q480baj8bcyk","input_bytes":4127,"input_storage":"object","target":"tachyon_serverless_application::services::invoke_async"}
{"timestamp":"2026-09-17T18:30:14.004077Z","level":"INFO","message":"asynchronous invocation accepted","invocation_id":"inv_01m2ra4bqkq1rh5zxg003q3be1","tenant_id":"tn_01hzzzzzzzzzzzzzzzzzzzzzza","revision_id":"rev_01m2ra407g9kem179nhc2s8bej","input_bytes":180,"input_storage":"inline","target":"tachyon_serverless_application::services::invoke_async"}
{"timestamp":"2026-09-17T18:30:14.004117Z","level":"INFO","message":"cron trigger fired","trigger_id":"trg_01m2ra40v638x1qc8sbn7gch0j","scheduled_at":"2026-09-17T18:30:14Z","invocation_id":"inv_01m2ra4bqkq1rh5zxg003q3be1","revision_id":"rev_01m2ra407g9kem179nhc2s8bej","replayed":false,"target":"tachyon_serverless_application::services::triggers"}
{"timestamp":"2026-09-17T18:30:14.005613Z","level":"WARN","message":"outbox: publish failed","event":"inv_01m2ra49s3b42832acf5zwzhq6","attempts":1,"code":"unavailable","error":"queue unavailable: publish: timed out: didn't receive ack in time","target":"tachyon_serverless_application::services::invoke_async::publisher"}

===== a start (failpoints: none) 18:30:15 =====
{"timestamp":"2026-09-17T18:30:15.589493Z","level":"INFO","message":"configuration loaded","config":"/private/var/folders/z7/khzdjrt95cg_fcmcnh4j1b5h0000gn/T/tsls-chaos.3Et8Dx/gw-a.toml","target":"tachyon_serverless_gateway"}
{"timestamp":"2026-09-17T18:30:15.591506Z","level":"INFO","message":"connected successfully","server":"53011","max_payload":"1048576","target":"async_nats::connector"}
{"timestamp":"2026-09-17T18:30:15.591587Z","level":"INFO","message":"event: connected","target":"async_nats"}
{"timestamp":"2026-09-17T18:30:15.602084Z","level":"INFO","message":"JetStream queue connected and stream bootstrapped","url":"nats://127.0.0.1:53011","stream":"TACHYON_EVENTS","target":"tachyon_serverless_gateway::durable"}
{"timestamp":"2026-09-17T18:30:15.605195Z","level":"INFO","message":"state store opened","path":"/private/var/folders/z7/khzdjrt95cg_fcmcnh4j1b5h0000gn/T/tsls-chaos.3Et8Dx/data/state.db","schema_version":8,"migrations_applied":"[]","imported_state_json":"None","settled_invocations":0,"settled_attempts":0,"settled_environments":0,"released_leases":0,"dropped_idempotency_keys":0,"purged_idempotency_keys":0,"outputs_purged":0,"target":"tachyon_serverless_application::app"}
{"timestamp":"2026-09-17T18:30:15.606073Z","level":"INFO","message":"log store opened","path":"/private/var/folders/z7/khzdjrt95cg_fcmcnh4j1b5h0000gn/T/tsls-chaos.3Et8Dx/data/logs/logs.db","healthy":true,"retention_seconds":604800,"max_total_bytes":1073741824,"target":"tachyon_serverless_application::app"}
{"timestamp":"2026-09-17T18:30:15.606284Z","level":"INFO","message":"dispatcher registered","dispatcher_id":"dsp_01m2ra4d9pm5159b0v6vjdtm1s","instance":"chaos-a","pid":73734,"lease_ttl_seconds":6,"target":"tachyon_serverless_application::services::dispatcher"}
{"timestamp":"2026-09-17T18:30:15.607487Z","level":"WARN","message":"reclaimed the work of dispatchers that lost their lease","dispatcher_id":"dsp_01m2ra4d9pm5159b0v6vjdtm1s","reclaimed_dispatchers":"[DispatcherId(dsp_01m2ra44z2p0kdp8wdtm6ksnqv)]","leases":2,"invocations":2,"attempts":2,"fenced":2,"target":"tachyon_serverless_application::services::dispatcher"}
{"timestamp":"2026-09-17T18:30:15.609446Z","level":"INFO","message":"application bootstrapped","profile":"dev","provider":"process","dev_only":true,"environment_reuse":false,"reuse_verified":false,"reuse_reason":"[pool] enabled is false","reuse_disabled":"Some(Configuration)","idle_quiesce":"unsupported","idle_resume":"unsupported","data_dir":"/private/var/folders/z7/khzdjrt95cg_fcmcnh4j1b5h0000gn/T/tsls-chaos.3Et8Dx/data","store":"sqlite","dispatcher_id":"dsp_01m2ra4d9pm5159b0v6vjdtm1s","node":"local","node_region":"none","node_memory_mib":"None","max_concurrency":8,"queue":"nats","objects":"filesystem","invoke_async":true,"triggers":true,"target":"tachyon_serverless_application::app"}
{"timestamp":"2026-09-17T18:30:15.610044Z","level":"INFO","message":"environment stop metered by a path that did not drive it","environment_id":"env_01m2ra4862v4rascw4afh2ecw6","stopped_by":"reclaim","cgroup_cpu_usec":"unknown","lifetime_ms":"Some(5239)","target":"tachyon_serverless_application::services::stopped"}
{"timestamp":"2026-09-17T18:30:15.610456Z","level":"INFO","message":"fenced environment terminated and settled","environment_id":"env_01m2ra4862v4rascw4afh2ecw6","owner":"Some(DispatcherId(dsp_01m2ra44z2p0kdp8wdtm6ksnqv))","was_running":false,"target":"tachyon_serverless_application::services::reconcile"}
{"timestamp":"2026-09-17T18:30:15.610767Z","level":"INFO","message":"environment stop metered by a path that did not drive it","environment_id":"env_01m2ra4862zchsgeadv1w3g45q","stopped_by":"reclaim","cgroup_cpu_usec":"unknown","lifetime_ms":"Some(5239)","target":"tachyon_serverless_application::services::stopped"}
{"timestamp":"2026-09-17T18:30:15.611123Z","level":"INFO","message":"fenced environment terminated and settled","environment_id":"env_01m2ra4862zchsgeadv1w3g45q","owner":"Some(DispatcherId(dsp_01m2ra44z2p0kdp8wdtm6ksnqv))","was_running":false,"target":"tachyon_serverless_application::services::reconcile"}
{"timestamp":"2026-09-17T18:30:15.611247Z","level":"INFO","message":"startup reconcile finished","provider":"process","found":0,"adopted":0,"terminated":0,"disowned":0,"failed":0,"lost":0,"foreign":0,"reclaimed_dispatchers":0,"fenced_terminated":2,"fenced_pending":0,"target":"tachyon_serverless_application::services::reconcile"}
{"timestamp":"2026-09-17T18:30:15.611299Z","level":"INFO","message":"gateway listening","addr":"127.0.0.1:53015","profile":"dev","provider":"process","target":"tachyon_serverless_gateway"}
{"timestamp":"2026-09-17T18:30:15.612359Z","level":"INFO","message":"asynchronous dispatcher started","workers":2,"owner":"dsp_01m2ra4d9pm5159b0v6vjdtm1s","target":"tachyon_serverless_gateway"}
{"timestamp":"2026-09-17T18:30:15.613564Z","level":"INFO","message":"outbox: re-published events the broker already had, or whose claim moved on","duplicates":1,"lost_claims":0,"marked":1,"target":"tachyon_serverless_application::services::invoke_async::publisher"}
{"timestamp":"2026-09-17T18:30:15.619807Z","level":"INFO","message":"asynchronous run claimed","invocation_id":"inv_01m2ra49s3b42832acf5zwzhq6","attempt":1,"generation":0,"delivery_count":1,"target":"tachyon_serverless_application::services::invoke_async::dispatch"}
{"timestamp":"2026-09-17T18:30:15.623916Z","level":"INFO","message":"asynchronous run claimed","invocation_id":"inv_01m2ra49sn1afxdmsfk6k7pfaj","attempt":1,"generation":0,"delivery_count":1,"target":"tachyon_serverless_application::services::invoke_async::dispatch"}
{"timestamp":"2026-09-17T18:30:15.762026Z","level":"INFO","message":"bridge spawned","environment_id":"env_01m2ra4da8htdntrqs0v3raqx4","pid":73739,"target":"tachyon_serverless_provider_process"}
{"timestamp":"2026-09-17T18:30:15.771627Z","level":"INFO","message":"invocation finished","invocation_id":"inv_01m2ra49s3b42832acf5zwzhq6","status":"succeeded (async run)","handler_ms":0,"environment_boot_ms":4,"runtime_init_ms":4,"target":"tachyon_serverless_application::services::invoke"}
{"timestamp":"2026-09-17T18:30:15.773180Z","level":"INFO","message":"terminating bridge","environment_id":"env_01m2ra4da8htdntrqs0v3raqx4","pid":73739,"reason":"Completed","graceful":true,"target":"tachyon_serverless_provider_process"}
{"timestamp":"2026-09-17T18:30:15.773916Z","level":"INFO","message":"bridge spawned","environment_id":"env_01m2ra4dacbyvdb4hyrwpcxt39","pid":73741,"target":"tachyon_serverless_provider_process"}
{"timestamp":"2026-09-17T18:30:15.775505Z","level":"INFO","message":"asynchronous invocation settled","invocation_id":"inv_01m2ra49s3b42832acf5zwzhq6","status":"succeeded","target":"tachyon_serverless_application::services::invoke_async::dispatch"}
{"timestamp":"2026-09-17T18:30:15.781446Z","level":"INFO","message":"async dispatch: delivery handled","message_id":"inv_01m2ra49s3b42832acf5zwzhq6","sequence":14,"delivery_count":1,"outcome":"Completed { status: \"succeeded\" }","target":"tachyon_serverless_application::services::invoke_async::dispatch"}
{"timestamp":"2026-09-17T18:30:15.788069Z","level":"INFO","message":"invocation finished","invocation_id":"inv_01m2ra49sn1afxdmsfk6k7pfaj","status":"succeeded (async run)","handler_ms":0,"environment_boot_ms":3,"runtime_init_ms":9,"target":"tachyon_serverless_application::services::invoke"}
{"timestamp":"2026-09-17T18:30:15.789668Z","level":"INFO","message":"terminating bridge","environment_id":"env_01m2ra4dacbyvdb4hyrwpcxt39","pid":73741,"reason":"Completed","graceful":true,"target":"tachyon_serverless_provider_process"}
{"timestamp":"2026-09-17T18:30:15.792038Z","level":"INFO","message":"asynchronous invocation settled","invocation_id":"inv_01m2ra49sn1afxdmsfk6k7pfaj","status":"succeeded","target":"tachyon_serverless_application::services::invoke_async::dispatch"}
{"timestamp":"2026-09-17T18:30:15.797480Z","level":"INFO","message":"async dispatch: delivery handled","message_id":"inv_01m2ra49sn1afxdmsfk6k7pfaj","sequence":15,"delivery_count":1,"outcome":"Completed { status: \"succeeded\" }","target":"tachyon_serverless_application::services::invoke_async::dispatch"}
{"timestamp":"2026-09-17T18:30:16.002240Z","level":"INFO","message":"asynchronous invocation accepted","invocation_id":"inv_01m2ra4dp17gjcn5stkj9td5ts","tenant_id":"tn_01hzzzzzzzzzzzzzzzzzzzzzza","revision_id":"rev_01m2ra407g9kem179nhc2s8bej","input_bytes":180,"input_storage":"inline","target":"tachyon_serverless_application::services::invoke_async"}
{"timestamp":"2026-09-17T18:30:16.002286Z","level":"INFO","message":"cron trigger fired","trigger_id":"trg_01m2ra40v638x1qc8sbn7gch0j","scheduled_at":"2026-09-17T18:30:16Z","invocation_id":"inv_01m2ra4dp17gjcn5stkj9td5ts","revision_id":"rev_01m2ra407g9kem179nhc2s8bej","replayed":false,"target":"tachyon_serverless_application::services::triggers"}
{"timestamp":"2026-09-17T18:30:16.008899Z","level":"INFO","message":"asynchronous run claimed","invocation_id":"inv_01m2ra4dp17gjcn5stkj9td5ts","attempt":1,"generation":0,"delivery_count":1,"target":"tachyon_serverless_application::services::invoke_async::dispatch"}
{"timestamp":"2026-09-17T18:30:16.142433Z","level":"INFO","message":"bridge spawned","environment_id":"env_01m2ra4dp9xnbd63fntcn9cwym","pid":73780,"target":"tachyon_serverless_provider_process"}
{"timestamp":"2026-09-17T18:30:16.151683Z","level":"INFO","message":"invocation finished","invocation_id":"inv_01m2ra4dp17gjcn5stkj9td5ts","status":"succeeded (async run)","handler_ms":0,"environment_boot_ms":3,"runtime_init_ms":4,"target":"tachyon_serverless_application::services::invoke"}
{"timestamp":"2026-09-17T18:30:16.153231Z","level":"INFO","message":"terminating bridge","environment_id":"env_01m2ra4dp9xnbd63fntcn9cwym","pid":73780,"reason":"Completed","graceful":true,"target":"tachyon_serverless_provider_process"}
{"timestamp":"2026-09-17T18:30:16.155584Z","level":"INFO","message":"asynchronous invocation settled","invocation_id":"inv_01m2ra4dp17gjcn5stkj9td5ts","status":"succeeded","target":"tachyon_serverless_application::services::invoke_async::dispatch"}
{"timestamp":"2026-09-17T18:30:16.161478Z","level":"INFO","message":"async dispatch: delivery handled","message_id":"inv_01m2ra4dp17gjcn5stkj9td5ts","sequence":16,"delivery_count":1,"outcome":"Completed { status: \"succeeded\" }","target":"tachyon_serverless_application::services::invoke_async::dispatch"}
{"timestamp":"2026-09-17T18:30:17.045526Z","level":"INFO","message":"asynchronous run claimed","invocation_id":"inv_01m2ra49vk0pwr895myz8vwere","attempt":1,"generation":0,"delivery_count":1,"target":"tachyon_serverless_application::services::invoke_async::dispatch"}
{"timestamp":"2026-09-17T18:30:17.050164Z","level":"INFO","message":"asynchronous run claimed","invocation_id":"inv_01m2ra49xdf5zteg544np1mddk","attempt":1,"generation":0,"delivery_count":1,"target":"tachyon_serverless_application::services::invoke_async::dispatch"}
{"timestamp":"2026-09-17T18:30:17.196415Z","level":"INFO","message":"bridge spawned","environment_id":"env_01m2ra4epqjwegx8fvjn74m6zd","pid":73869,"target":"tachyon_serverless_provider_process"}
{"timestamp":"2026-09-17T18:30:17.203123Z","level":"INFO","message":"bridge spawned","environment_id":"env_01m2ra4epv1sk9zgvgjmzec523","pid":73871,"target":"tachyon_serverless_provider_process"}
{"timestamp":"2026-09-17T18:30:17.206535Z","level":"INFO","message":"invocation finished","invocation_id":"inv_01m2ra49vk0pwr895myz8vwere","status":"succeeded (async run)","handler_ms":1,"environment_boot_ms":4,"runtime_init_ms":4,"target":"tachyon_serverless_application::services::invoke"}
{"timestamp":"2026-09-17T18:30:17.208085Z","level":"INFO","message":"terminating bridge","environment_id":"env_01m2ra4epqjwegx8fvjn74m6zd","pid":73869,"reason":"Completed","graceful":true,"target":"tachyon_serverless_provider_process"}
{"timestamp":"2026-09-17T18:30:17.210593Z","level":"INFO","message":"asynchronous invocation settled","invocation_id":"inv_01m2ra49vk0pwr895myz8vwere","status":"succeeded","target":"tachyon_serverless_application::services::invoke_async::dispatch"}
{"timestamp":"2026-09-17T18:30:17.216413Z","level":"INFO","message":"async dispatch: delivery handled","message_id":"inv_01m2ra49vk0pwr895myz8vwere","sequence":17,"delivery_count":1,"outcome":"Completed { status: \"succeeded\" }","target":"tachyon_serverless_application::services::invoke_async::dispatch"}
{"timestamp":"2026-09-17T18:30:17.216872Z","level":"INFO","message":"asynchronous run claimed","invocation_id":"inv_01m2ra4bqkq1rh5zxg003q3be1","attempt":1,"generation":0,"delivery_count":1,"target":"tachyon_serverless_application::services::invoke_async::dispatch"}
{"timestamp":"2026-09-17T18:30:17.217329Z","level":"INFO","message":"invocation finished","invocation_id":"inv_01m2ra49xdf5zteg544np1mddk","status":"succeeded (async run)","handler_ms":0,"environment_boot_ms":3,"runtime_init_ms":4,"target":"tachyon_serverless_application::services::invoke"}
{"timestamp":"2026-09-17T18:30:17.218824Z","level":"INFO","message":"terminating bridge","environment_id":"env_01m2ra4epv1sk9zgvgjmzec523","pid":73871,"reason":"Completed","graceful":true,"target":"tachyon_serverless_provider_process"}
{"timestamp":"2026-09-17T18:30:17.221365Z","level":"INFO","message":"asynchronous invocation settled","invocation_id":"inv_01m2ra49xdf5zteg544np1mddk","status":"succeeded","target":"tachyon_serverless_application::services::invoke_async::dispatch"}
{"timestamp":"2026-09-17T18:30:17.226233Z","level":"INFO","message":"async dispatch: delivery handled","message_id":"inv_01m2ra49xdf5zteg544np1mddk","sequence":18,"delivery_count":1,"outcome":"Completed { status: \"succeeded\" }","target":"tachyon_serverless_application::services::invoke_async::dispatch"}
{"timestamp":"2026-09-17T18:30:17.350206Z","level":"INFO","message":"bridge spawned","environment_id":"env_01m2ra4ew1e4v1965fkk4mkg9t","pid":73873,"target":"tachyon_serverless_provider_process"}
{"timestamp":"2026-09-17T18:30:17.359658Z","level":"INFO","message":"invocation finished","invocation_id":"inv_01m2ra4bqkq1rh5zxg003q3be1","status":"succeeded (async run)","handler_ms":0,"environment_boot_ms":3,"runtime_init_ms":4,"target":"tachyon_serverless_application::services::invoke"}
{"timestamp":"2026-09-17T18:30:17.361202Z","level":"INFO","message":"terminating bridge","environment_id":"env_01m2ra4ew1e4v1965fkk4mkg9t","pid":73873,"reason":"Completed","graceful":true,"target":"tachyon_serverless_provider_process"}
{"timestamp":"2026-09-17T18:30:17.366536Z","level":"INFO","message":"asynchronous invocation settled","invocation_id":"inv_01m2ra4bqkq1rh5zxg003q3be1","status":"succeeded","target":"tachyon_serverless_application::services::invoke_async::dispatch"}
{"timestamp":"2026-09-17T18:30:17.371565Z","level":"INFO","message":"async dispatch: delivery handled","message_id":"inv_01m2ra4bqkq1rh5zxg003q3be1","sequence":19,"delivery_count":1,"outcome":"Completed { status: \"succeeded\" }","target":"tachyon_serverless_application::services::invoke_async::dispatch"}
{"timestamp":"2026-09-17T18:30:18.003986Z","level":"INFO","message":"asynchronous invocation accepted","invocation_id":"inv_01m2ra4fmkkt4emf4pnp948w31","tenant_id":"tn_01hzzzzzzzzzzzzzzzzzzzzzza","revision_id":"rev_01m2ra407g9kem179nhc2s8bej","input_bytes":180,"input_storage":"inline","target":"tachyon_serverless_application::services::invoke_async"}
{"timestamp":"2026-09-17T18:30:18.004025Z","level":"INFO","message":"cron trigger fired","trigger_id":"trg_01m2ra40v638x1qc8sbn7gch0j","scheduled_at":"2026-09-17T18:30:18Z","invocation_id":"inv_01m2ra4fmkkt4emf4pnp948w31","revision_id":"rev_01m2ra407g9kem179nhc2s8bej","replayed":false,"target":"tachyon_serverless_application::services::triggers"}
{"timestamp":"2026-09-17T18:30:18.016028Z","level":"INFO","message":"asynchronous run claimed","invocation_id":"inv_01m2ra4fmkkt4emf4pnp948w31","attempt":1,"generation":0,"delivery_count":1,"target":"tachyon_serverless_application::services::invoke_async::dispatch"}
{"timestamp":"2026-09-17T18:30:18.153694Z","level":"INFO","message":"bridge spawned","environment_id":"env_01m2ra4fn0k0s6m80c066st8py","pid":73959,"target":"tachyon_serverless_provider_process"}
{"timestamp":"2026-09-17T18:30:18.162818Z","level":"INFO","message":"invocation finished","invocation_id":"inv_01m2ra4fmkkt4emf4pnp948w31","status":"succeeded (async run)","handler_ms":0,"environment_boot_ms":3,"runtime_init_ms":4,"target":"tachyon_serverless_application::services::invoke"}
{"timestamp":"2026-09-17T18:30:18.164422Z","level":"INFO","message":"terminating bridge","environment_id":"env_01m2ra4fn0k0s6m80c066st8py","pid":73959,"reason":"Completed","graceful":true,"target":"tachyon_serverless_provider_process"}
{"timestamp":"2026-09-17T18:30:18.166837Z","level":"INFO","message":"asynchronous invocation settled","invocation_id":"inv_01m2ra4fmkkt4emf4pnp948w31","status":"succeeded","target":"tachyon_serverless_application::services::invoke_async::dispatch"}
{"timestamp":"2026-09-17T18:30:18.173275Z","level":"INFO","message":"async dispatch: delivery handled","message_id":"inv_01m2ra4fmkkt4emf4pnp948w31","sequence":20,"delivery_count":1,"outcome":"Completed { status: \"succeeded\" }","target":"tachyon_serverless_application::services::invoke_async::dispatch"}
{"timestamp":"2026-09-17T18:30:20.004203Z","level":"INFO","message":"asynchronous invocation accepted","invocation_id":"inv_01m2ra4hk3nrj2c2jfhtsxwv3v","tenant_id":"tn_01hzzzzzzzzzzzzzzzzzzzzzza","revision_id":"rev_01m2ra407g9kem179nhc2s8bej","input_bytes":180,"input_storage":"inline","target":"tachyon_serverless_application::services::invoke_async"}
{"timestamp":"2026-09-17T18:30:20.004246Z","level":"INFO","message":"cron trigger fired","trigger_id":"trg_01m2ra40v638x1qc8sbn7gch0j","scheduled_at":"2026-09-17T18:30:20Z","invocation_id":"inv_01m2ra4hk3nrj2c2jfhtsxwv3v","revision_id":"rev_01m2ra407g9kem179nhc2s8bej","replayed":false,"target":"tachyon_serverless_application::services::triggers"}
{"timestamp":"2026-09-17T18:30:20.016245Z","level":"INFO","message":"asynchronous run claimed","invocation_id":"inv_01m2ra4hk3nrj2c2jfhtsxwv3v","attempt":1,"generation":0,"delivery_count":1,"target":"tachyon_serverless_application::services::invoke_async::dispatch"}
{"timestamp":"2026-09-17T18:30:20.151675Z","level":"INFO","message":"bridge spawned","environment_id":"env_01m2ra4hkggdna4rcrfk77aq05","pid":74173,"target":"tachyon_serverless_provider_process"}
{"timestamp":"2026-09-17T18:30:20.160802Z","level":"INFO","message":"invocation finished","invocation_id":"inv_01m2ra4hk3nrj2c2jfhtsxwv3v","status":"succeeded (async run)","handler_ms":0,"environment_boot_ms":3,"runtime_init_ms":4,"target":"tachyon_serverless_application::services::invoke"}
{"timestamp":"2026-09-17T18:30:20.162414Z","level":"INFO","message":"terminating bridge","environment_id":"env_01m2ra4hkggdna4rcrfk77aq05","pid":74173,"reason":"Completed","graceful":true,"target":"tachyon_serverless_provider_process"}
{"timestamp":"2026-09-17T18:30:20.164734Z","level":"INFO","message":"asynchronous invocation settled","invocation_id":"inv_01m2ra4hk3nrj2c2jfhtsxwv3v","status":"succeeded","target":"tachyon_serverless_application::services::invoke_async::dispatch"}
{"timestamp":"2026-09-17T18:30:20.172087Z","level":"INFO","message":"async dispatch: delivery handled","message_id":"inv_01m2ra4hk3nrj2c2jfhtsxwv3v","sequence":21,"delivery_count":1,"outcome":"Completed { status: \"succeeded\" }","target":"tachyon_serverless_application::services::invoke_async::dispatch"}
{"timestamp":"2026-09-17T18:30:22.004993Z","level":"INFO","message":"asynchronous invocation accepted","invocation_id":"inv_01m2ra4khmc0xr7p0wmp91x9aw","tenant_id":"tn_01hzzzzzzzzzzzzzzzzzzzzzza","revision_id":"rev_01m2ra407g9kem179nhc2s8bej","input_bytes":180,"input_storage":"inline","target":"tachyon_serverless_application::services::invoke_async"}
{"timestamp":"2026-09-17T18:30:22.005059Z","level":"INFO","message":"cron trigger fired","trigger_id":"trg_01m2ra40v638x1qc8sbn7gch0j","scheduled_at":"2026-09-17T18:30:22Z","invocation_id":"inv_01m2ra4khmc0xr7p0wmp91x9aw","revision_id":"rev_01m2ra407g9kem179nhc2s8bej","replayed":false,"target":"tachyon_serverless_application::services::triggers"}
{"timestamp":"2026-09-17T18:30:22.013750Z","level":"INFO","message":"asynchronous run claimed","invocation_id":"inv_01m2ra4khmc0xr7p0wmp91x9aw","attempt":1,"generation":0,"delivery_count":1,"target":"tachyon_serverless_application::services::invoke_async::dispatch"}
{"timestamp":"2026-09-17T18:30:22.166749Z","level":"INFO","message":"bridge spawned","environment_id":"env_01m2ra4khym8jteqdxqgpbmy8q","pid":74363,"target":"tachyon_serverless_provider_process"}
{"timestamp":"2026-09-17T18:30:22.177503Z","level":"INFO","message":"invocation finished","invocation_id":"inv_01m2ra4khmc0xr7p0wmp91x9aw","status":"succeeded (async run)","handler_ms":0,"environment_boot_ms":3,"runtime_init_ms":5,"target":"tachyon_serverless_application::services::invoke"}
{"timestamp":"2026-09-17T18:30:22.179164Z","level":"INFO","message":"terminating bridge","environment_id":"env_01m2ra4khym8jteqdxqgpbmy8q","pid":74363,"reason":"Completed","graceful":true,"target":"tachyon_serverless_provider_process"}
{"timestamp":"2026-09-17T18:30:22.182311Z","level":"INFO","message":"asynchronous invocation settled","invocation_id":"inv_01m2ra4khmc0xr7p0wmp91x9aw","status":"succeeded","target":"tachyon_serverless_application::services::invoke_async::dispatch"}
{"timestamp":"2026-09-17T18:30:22.188174Z","level":"INFO","message":"async dispatch: delivery handled","message_id":"inv_01m2ra4khmc0xr7p0wmp91x9aw","sequence":22,"delivery_count":1,"outcome":"Completed { status: \"succeeded\" }","target":"tachyon_serverless_application::services::invoke_async::dispatch"}
{"timestamp":"2026-09-17T18:30:24.003929Z","level":"INFO","message":"asynchronous invocation accepted","invocation_id":"inv_01m2ra4ng3795g0mcdk77dyrr7","tenant_id":"tn_01hzzzzzzzzzzzzzzzzzzzzzza","revision_id":"rev_01m2ra407g9kem179nhc2s8bej","input_bytes":180,"input_storage":"inline","target":"tachyon_serverless_application::services::invoke_async"}
{"timestamp":"2026-09-17T18:30:24.003966Z","level":"INFO","message":"cron trigger fired","trigger_id":"trg_01m2ra40v638x1qc8sbn7gch0j","scheduled_at":"2026-09-17T18:30:24Z","invocation_id":"inv_01m2ra4ng3795g0mcdk77dyrr7","revision_id":"rev_01m2ra407g9kem179nhc2s8bej","replayed":false,"target":"tachyon_serverless_application::services::triggers"}
{"timestamp":"2026-09-17T18:30:24.015636Z","level":"INFO","message":"asynchronous run claimed","invocation_id":"inv_01m2ra4ng3795g0mcdk77dyrr7","attempt":1,"generation":0,"delivery_count":1,"target":"tachyon_serverless_application::services::invoke_async::dispatch"}
{"timestamp":"2026-09-17T18:30:24.154527Z","level":"INFO","message":"bridge spawned","environment_id":"env_01m2ra4ngfav025sjyessb1nf8","pid":74555,"target":"tachyon_serverless_provider_process"}
{"timestamp":"2026-09-17T18:30:24.164100Z","level":"INFO","message":"invocation finished","invocation_id":"inv_01m2ra4ng3795g0mcdk77dyrr7","status":"succeeded (async run)","handler_ms":0,"environment_boot_ms":4,"runtime_init_ms":4,"target":"tachyon_serverless_application::services::invoke"}
{"timestamp":"2026-09-17T18:30:24.165699Z","level":"INFO","message":"terminating bridge","environment_id":"env_01m2ra4ngfav025sjyessb1nf8","pid":74555,"reason":"Completed","graceful":true,"target":"tachyon_serverless_provider_process"}
{"timestamp":"2026-09-17T18:30:24.169007Z","level":"INFO","message":"asynchronous invocation settled","invocation_id":"inv_01m2ra4ng3795g0mcdk77dyrr7","status":"succeeded","target":"tachyon_serverless_application::services::invoke_async::dispatch"}
{"timestamp":"2026-09-17T18:30:24.175421Z","level":"INFO","message":"async dispatch: delivery handled","message_id":"inv_01m2ra4ng3795g0mcdk77dyrr7","sequence":23,"delivery_count":1,"outcome":"Completed { status: \"succeeded\" }","target":"tachyon_serverless_application::services::invoke_async::dispatch"}
{"timestamp":"2026-09-17T18:30:26.001702Z","level":"INFO","message":"asynchronous invocation accepted","invocation_id":"inv_01m2ra4qehbt7jfvc8rktt1dt2","tenant_id":"tn_01hzzzzzzzzzzzzzzzzzzzzzza","revision_id":"rev_01m2ra407g9kem179nhc2s8bej","input_bytes":180,"input_storage":"inline","target":"tachyon_serverless_application::services::invoke_async"}
{"timestamp":"2026-09-17T18:30:26.001739Z","level":"INFO","message":"cron trigger fired","trigger_id":"trg_01m2ra40v638x1qc8sbn7gch0j","scheduled_at":"2026-09-17T18:30:26Z","invocation_id":"inv_01m2ra4qehbt7jfvc8rktt1dt2","revision_id":"rev_01m2ra407g9kem179nhc2s8bej","replayed":false,"target":"tachyon_serverless_application::services::triggers"}
{"timestamp":"2026-09-17T18:30:26.010776Z","level":"INFO","message":"asynchronous run claimed","invocation_id":"inv_01m2ra4qehbt7jfvc8rktt1dt2","attempt":1,"generation":0,"delivery_count":1,"target":"tachyon_serverless_application::services::invoke_async::dispatch"}
{"timestamp":"2026-09-17T18:30:26.147581Z","level":"INFO","message":"bridge spawned","environment_id":"env_01m2ra4qev2q5bhc7fbcwdzznx","pid":74769,"target":"tachyon_serverless_provider_process"}
{"timestamp":"2026-09-17T18:30:26.157122Z","level":"INFO","message":"invocation finished","invocation_id":"inv_01m2ra4qehbt7jfvc8rktt1dt2","status":"succeeded (async run)","handler_ms":0,"environment_boot_ms":3,"runtime_init_ms":4,"target":"tachyon_serverless_application::services::invoke"}
{"timestamp":"2026-09-17T18:30:26.158677Z","level":"INFO","message":"terminating bridge","environment_id":"env_01m2ra4qev2q5bhc7fbcwdzznx","pid":74769,"reason":"Completed","graceful":true,"target":"tachyon_serverless_provider_process"}
{"timestamp":"2026-09-17T18:30:26.161367Z","level":"INFO","message":"asynchronous invocation settled","invocation_id":"inv_01m2ra4qehbt7jfvc8rktt1dt2","status":"succeeded","target":"tachyon_serverless_application::services::invoke_async::dispatch"}
{"timestamp":"2026-09-17T18:30:26.168697Z","level":"INFO","message":"async dispatch: delivery handled","message_id":"inv_01m2ra4qehbt7jfvc8rktt1dt2","sequence":24,"delivery_count":1,"outcome":"Completed { status: \"succeeded\" }","target":"tachyon_serverless_application::services::invoke_async::dispatch"}
{"timestamp":"2026-09-17T18:30:28.004646Z","level":"INFO","message":"asynchronous invocation accepted","invocation_id":"inv_01m2ra4sd3shrryb93nfghk50e","tenant_id":"tn_01hzzzzzzzzzzzzzzzzzzzzzza","revision_id":"rev_01m2ra407g9kem179nhc2s8bej","input_bytes":180,"input_storage":"inline","target":"tachyon_serverless_application::services::invoke_async"}
{"timestamp":"2026-09-17T18:30:28.004690Z","level":"INFO","message":"cron trigger fired","trigger_id":"trg_01m2ra40v638x1qc8sbn7gch0j","scheduled_at":"2026-09-17T18:30:28Z","invocation_id":"inv_01m2ra4sd3shrryb93nfghk50e","revision_id":"rev_01m2ra407g9kem179nhc2s8bej","replayed":false,"target":"tachyon_serverless_application::services::triggers"}
{"timestamp":"2026-09-17T18:30:28.016176Z","level":"INFO","message":"asynchronous run claimed","invocation_id":"inv_01m2ra4sd3shrryb93nfghk50e","attempt":1,"generation":0,"delivery_count":1,"target":"tachyon_serverless_application::services::invoke_async::dispatch"}
{"timestamp":"2026-09-17T18:30:28.152641Z","level":"INFO","message":"bridge spawned","environment_id":"env_01m2ra4sdgf5xkmktv9808bb1t","pid":74989,"target":"tachyon_serverless_provider_process"}
{"timestamp":"2026-09-17T18:30:28.162190Z","level":"INFO","message":"invocation finished","invocation_id":"inv_01m2ra4sd3shrryb93nfghk50e","status":"succeeded (async run)","handler_ms":0,"environment_boot_ms":4,"runtime_init_ms":4,"target":"tachyon_serverless_application::services::invoke"}
{"timestamp":"2026-09-17T18:30:28.163819Z","level":"INFO","message":"terminating bridge","environment_id":"env_01m2ra4sdgf5xkmktv9808bb1t","pid":74989,"reason":"Completed","graceful":true,"target":"tachyon_serverless_provider_process"}
{"timestamp":"2026-09-17T18:30:28.166188Z","level":"INFO","message":"asynchronous invocation settled","invocation_id":"inv_01m2ra4sd3shrryb93nfghk50e","status":"succeeded","target":"tachyon_serverless_application::services::invoke_async::dispatch"}
{"timestamp":"2026-09-17T18:30:28.172045Z","level":"INFO","message":"async dispatch: delivery handled","message_id":"inv_01m2ra4sd3shrryb93nfghk50e","sequence":25,"delivery_count":1,"outcome":"Completed { status: \"succeeded\" }","target":"tachyon_serverless_application::services::invoke_async::dispatch"}
{"timestamp":"2026-09-17T18:30:30.002275Z","level":"INFO","message":"asynchronous invocation accepted","invocation_id":"inv_01m2ra4vbhdq8h2yyjmce0ge7j","tenant_id":"tn_01hzzzzzzzzzzzzzzzzzzzzzza","revision_id":"rev_01m2ra407g9kem179nhc2s8bej","input_bytes":180,"input_storage":"inline","target":"tachyon_serverless_application::services::invoke_async"}
{"timestamp":"2026-09-17T18:30:30.002312Z","level":"INFO","message":"cron trigger fired","trigger_id":"trg_01m2ra40v638x1qc8sbn7gch0j","scheduled_at":"2026-09-17T18:30:30Z","invocation_id":"inv_01m2ra4vbhdq8h2yyjmce0ge7j","revision_id":"rev_01m2ra407g9kem179nhc2s8bej","replayed":false,"target":"tachyon_serverless_application::services::triggers"}
{"timestamp":"2026-09-17T18:30:30.016228Z","level":"INFO","message":"asynchronous run claimed","invocation_id":"inv_01m2ra4vbhdq8h2yyjmce0ge7j","attempt":1,"generation":0,"delivery_count":1,"target":"tachyon_serverless_application::services::invoke_async::dispatch"}
{"timestamp":"2026-09-17T18:30:30.152291Z","level":"INFO","message":"bridge spawned","environment_id":"env_01m2ra4vc0sa9xh9cbe112ff6t","pid":75201,"target":"tachyon_serverless_provider_process"}
{"timestamp":"2026-09-17T18:30:30.161754Z","level":"INFO","message":"invocation finished","invocation_id":"inv_01m2ra4vbhdq8h2yyjmce0ge7j","status":"succeeded (async run)","handler_ms":0,"environment_boot_ms":4,"runtime_init_ms":4,"target":"tachyon_serverless_application::services::invoke"}
{"timestamp":"2026-09-17T18:30:30.163290Z","level":"INFO","message":"terminating bridge","environment_id":"env_01m2ra4vc0sa9xh9cbe112ff6t","pid":75201,"reason":"Completed","graceful":true,"target":"tachyon_serverless_provider_process"}
{"timestamp":"2026-09-17T18:30:30.165533Z","level":"INFO","message":"asynchronous invocation settled","invocation_id":"inv_01m2ra4vbhdq8h2yyjmce0ge7j","status":"succeeded","target":"tachyon_serverless_application::services::invoke_async::dispatch"}
{"timestamp":"2026-09-17T18:30:30.173322Z","level":"INFO","message":"async dispatch: delivery handled","message_id":"inv_01m2ra4vbhdq8h2yyjmce0ge7j","sequence":26,"delivery_count":1,"outcome":"Completed { status: \"succeeded\" }","target":"tachyon_serverless_application::services::invoke_async::dispatch"}
{"timestamp":"2026-09-17T18:30:32.003790Z","level":"INFO","message":"asynchronous invocation accepted","invocation_id":"inv_01m2ra4xa3gcaj8nkdzqfgrrp0","tenant_id":"tn_01hzzzzzzzzzzzzzzzzzzzzzza","revision_id":"rev_01m2ra407g9kem179nhc2s8bej","input_bytes":180,"input_storage":"inline","target":"tachyon_serverless_application::services::invoke_async"}
{"timestamp":"2026-09-17T18:30:32.003833Z","level":"INFO","message":"cron trigger fired","trigger_id":"trg_01m2ra40v638x1qc8sbn7gch0j","scheduled_at":"2026-09-17T18:30:32Z","invocation_id":"inv_01m2ra4xa3gcaj8nkdzqfgrrp0","revision_id":"rev_01m2ra407g9kem179nhc2s8bej","replayed":false,"target":"tachyon_serverless_application::services::triggers"}
{"timestamp":"2026-09-17T18:30:32.015475Z","level":"INFO","message":"asynchronous run claimed","invocation_id":"inv_01m2ra4xa3gcaj8nkdzqfgrrp0","attempt":1,"generation":0,"delivery_count":1,"target":"tachyon_serverless_application::services::invoke_async::dispatch"}
{"timestamp":"2026-09-17T18:30:32.151432Z","level":"INFO","message":"bridge spawned","environment_id":"env_01m2ra4xafdms8ap6w29v4r4t5","pid":75411,"target":"tachyon_serverless_provider_process"}
{"timestamp":"2026-09-17T18:30:32.160708Z","level":"INFO","message":"invocation finished","invocation_id":"inv_01m2ra4xa3gcaj8nkdzqfgrrp0","status":"succeeded (async run)","handler_ms":0,"environment_boot_ms":3,"runtime_init_ms":4,"target":"tachyon_serverless_application::services::invoke"}
{"timestamp":"2026-09-17T18:30:32.162283Z","level":"INFO","message":"terminating bridge","environment_id":"env_01m2ra4xafdms8ap6w29v4r4t5","pid":75411,"reason":"Completed","graceful":true,"target":"tachyon_serverless_provider_process"}
{"timestamp":"2026-09-17T18:30:32.164593Z","level":"INFO","message":"asynchronous invocation settled","invocation_id":"inv_01m2ra4xa3gcaj8nkdzqfgrrp0","status":"succeeded","target":"tachyon_serverless_application::services::invoke_async::dispatch"}
{"timestamp":"2026-09-17T18:30:32.180143Z","level":"INFO","message":"async dispatch: delivery handled","message_id":"inv_01m2ra4xa3gcaj8nkdzqfgrrp0","sequence":27,"delivery_count":1,"outcome":"Completed { status: \"succeeded\" }","target":"tachyon_serverless_application::services::invoke_async::dispatch"}
{"timestamp":"2026-09-17T18:30:34.002234Z","level":"INFO","message":"asynchronous invocation accepted","invocation_id":"inv_01m2ra4z8h1jq5g1aa1xs3b1m1","tenant_id":"tn_01hzzzzzzzzzzzzzzzzzzzzzza","revision_id":"rev_01m2ra407g9kem179nhc2s8bej","input_bytes":180,"input_storage":"inline","target":"tachyon_serverless_application::services::invoke_async"}
{"timestamp":"2026-09-17T18:30:34.002274Z","level":"INFO","message":"cron trigger fired","trigger_id":"trg_01m2ra40v638x1qc8sbn7gch0j","scheduled_at":"2026-09-17T18:30:34Z","invocation_id":"inv_01m2ra4z8h1jq5g1aa1xs3b1m1","revision_id":"rev_01m2ra407g9kem179nhc2s8bej","replayed":false,"target":"tachyon_serverless_application::services::triggers"}
{"timestamp":"2026-09-17T18:30:34.014170Z","level":"INFO","message":"asynchronous run claimed","invocation_id":"inv_01m2ra4z8h1jq5g1aa1xs3b1m1","attempt":1,"generation":0,"delivery_count":1,"target":"tachyon_serverless_application::services::invoke_async::dispatch"}
{"timestamp":"2026-09-17T18:30:34.152138Z","level":"INFO","message":"bridge spawned","environment_id":"env_01m2ra4z8yp5m3afps6vp7fjcq","pid":75628,"target":"tachyon_serverless_provider_process"}
{"timestamp":"2026-09-17T18:30:34.161575Z","level":"INFO","message":"invocation finished","invocation_id":"inv_01m2ra4z8h1jq5g1aa1xs3b1m1","status":"succeeded (async run)","handler_ms":0,"environment_boot_ms":4,"runtime_init_ms":4,"target":"tachyon_serverless_application::services::invoke"}
{"timestamp":"2026-09-17T18:30:34.163126Z","level":"INFO","message":"terminating bridge","environment_id":"env_01m2ra4z8yp5m3afps6vp7fjcq","pid":75628,"reason":"Completed","graceful":true,"target":"tachyon_serverless_provider_process"}
{"timestamp":"2026-09-17T18:30:34.165457Z","level":"INFO","message":"asynchronous invocation settled","invocation_id":"inv_01m2ra4z8h1jq5g1aa1xs3b1m1","status":"succeeded","target":"tachyon_serverless_application::services::invoke_async::dispatch"}
{"timestamp":"2026-09-17T18:30:34.171883Z","level":"INFO","message":"async dispatch: delivery handled","message_id":"inv_01m2ra4z8h1jq5g1aa1xs3b1m1","sequence":28,"delivery_count":1,"outcome":"Completed { status: \"succeeded\" }","target":"tachyon_serverless_application::services::invoke_async::dispatch"}
{"timestamp":"2026-09-17T18:30:36.003807Z","level":"INFO","message":"asynchronous invocation accepted","invocation_id":"inv_01m2ra51730z7heey8wc31fchp","tenant_id":"tn_01hzzzzzzzzzzzzzzzzzzzzzza","revision_id":"rev_01m2ra407g9kem179nhc2s8bej","input_bytes":180,"input_storage":"inline","target":"tachyon_serverless_application::services::invoke_async"}
{"timestamp":"2026-09-17T18:30:36.003850Z","level":"INFO","message":"cron trigger fired","trigger_id":"trg_01m2ra40v638x1qc8sbn7gch0j","scheduled_at":"2026-09-17T18:30:36Z","invocation_id":"inv_01m2ra51730z7heey8wc31fchp","revision_id":"rev_01m2ra407g9kem179nhc2s8bej","replayed":false,"target":"tachyon_serverless_application::services::triggers"}
{"timestamp":"2026-09-17T18:30:36.008625Z","level":"INFO","message":"asynchronous run claimed","invocation_id":"inv_01m2ra51730z7heey8wc31fchp","attempt":1,"generation":0,"delivery_count":1,"target":"tachyon_serverless_application::services::invoke_async::dispatch"}
{"timestamp":"2026-09-17T18:30:36.148854Z","level":"INFO","message":"bridge spawned","environment_id":"env_01m2ra5178zsg50vwjfvkwvjk7","pid":75840,"target":"tachyon_serverless_provider_process"}
{"timestamp":"2026-09-17T18:30:36.157980Z","level":"INFO","message":"invocation finished","invocation_id":"inv_01m2ra51730z7heey8wc31fchp","status":"succeeded (async run)","handler_ms":0,"environment_boot_ms":3,"runtime_init_ms":4,"target":"tachyon_serverless_application::services::invoke"}
{"timestamp":"2026-09-17T18:30:36.159629Z","level":"INFO","message":"terminating bridge","environment_id":"env_01m2ra5178zsg50vwjfvkwvjk7","pid":75840,"reason":"Completed","graceful":true,"target":"tachyon_serverless_provider_process"}
{"timestamp":"2026-09-17T18:30:36.161943Z","level":"INFO","message":"asynchronous invocation settled","invocation_id":"inv_01m2ra51730z7heey8wc31fchp","status":"succeeded","target":"tachyon_serverless_application::services::invoke_async::dispatch"}
{"timestamp":"2026-09-17T18:30:36.168388Z","level":"INFO","message":"async dispatch: delivery handled","message_id":"inv_01m2ra51730z7heey8wc31fchp","sequence":29,"delivery_count":1,"outcome":"Completed { status: \"succeeded\" }","target":"tachyon_serverless_application::services::invoke_async::dispatch"}
{"timestamp":"2026-09-17T18:30:38.002869Z","level":"INFO","message":"asynchronous invocation accepted","invocation_id":"inv_01m2ra535jgyaeapcnp1zggstq","tenant_id":"tn_01hzzzzzzzzzzzzzzzzzzzzzza","revision_id":"rev_01m2ra407g9kem179nhc2s8bej","input_bytes":180,"input_storage":"inline","target":"tachyon_serverless_application::services::invoke_async"}
{"timestamp":"2026-09-17T18:30:38.002909Z","level":"INFO","message":"cron trigger fired","trigger_id":"trg_01m2ra40v638x1qc8sbn7gch0j","scheduled_at":"2026-09-17T18:30:38Z","invocation_id":"inv_01m2ra535jgyaeapcnp1zggstq","revision_id":"rev_01m2ra407g9kem179nhc2s8bej","replayed":false,"target":"tachyon_serverless_application::services::triggers"}
{"timestamp":"2026-09-17T18:30:38.009874Z","level":"INFO","message":"asynchronous run claimed","invocation_id":"inv_01m2ra535jgyaeapcnp1zggstq","attempt":1,"generation":0,"delivery_count":1,"target":"tachyon_serverless_application::services::invoke_async::dispatch"}
{"timestamp":"2026-09-17T18:30:38.152392Z","level":"INFO","message":"bridge spawned","environment_id":"env_01m2ra535trd8vktz5qayc678d","pid":76052,"target":"tachyon_serverless_provider_process"}
{"timestamp":"2026-09-17T18:30:38.161648Z","level":"INFO","message":"invocation finished","invocation_id":"inv_01m2ra535jgyaeapcnp1zggstq","status":"succeeded (async run)","handler_ms":0,"environment_boot_ms":3,"runtime_init_ms":4,"target":"tachyon_serverless_application::services::invoke"}
{"timestamp":"2026-09-17T18:30:38.163217Z","level":"INFO","message":"terminating bridge","environment_id":"env_01m2ra535trd8vktz5qayc678d","pid":76052,"reason":"Completed","graceful":true,"target":"tachyon_serverless_provider_process"}
{"timestamp":"2026-09-17T18:30:38.165496Z","level":"INFO","message":"asynchronous invocation settled","invocation_id":"inv_01m2ra535jgyaeapcnp1zggstq","status":"succeeded","target":"tachyon_serverless_application::services::invoke_async::dispatch"}
{"timestamp":"2026-09-17T18:30:38.171353Z","level":"INFO","message":"async dispatch: delivery handled","message_id":"inv_01m2ra535jgyaeapcnp1zggstq","sequence":30,"delivery_count":1,"outcome":"Completed { status: \"succeeded\" }","target":"tachyon_serverless_application::services::invoke_async::dispatch"}
{"timestamp":"2026-09-17T18:30:40.004197Z","level":"INFO","message":"asynchronous invocation accepted","invocation_id":"inv_01m2ra5543jmtfqmd45wv5gdrk","tenant_id":"tn_01hzzzzzzzzzzzzzzzzzzzzzza","revision_id":"rev_01m2ra407g9kem179nhc2s8bej","input_bytes":180,"input_storage":"inline","target":"tachyon_serverless_application::services::invoke_async"}
{"timestamp":"2026-09-17T18:30:40.004237Z","level":"INFO","message":"cron trigger fired","trigger_id":"trg_01m2ra40v638x1qc8sbn7gch0j","scheduled_at":"2026-09-17T18:30:40Z","invocation_id":"inv_01m2ra5543jmtfqmd45wv5gdrk","revision_id":"rev_01m2ra407g9kem179nhc2s8bej","replayed":false,"target":"tachyon_serverless_application::services::triggers"}
{"timestamp":"2026-09-17T18:30:40.012503Z","level":"INFO","message":"asynchronous run claimed","invocation_id":"inv_01m2ra5543jmtfqmd45wv5gdrk","attempt":1,"generation":0,"delivery_count":1,"target":"tachyon_serverless_application::services::invoke_async::dispatch"}
{"timestamp":"2026-09-17T18:30:40.154181Z","level":"INFO","message":"bridge spawned","environment_id":"env_01m2ra554cd5eqb3grbtc2hf7n","pid":76255,"target":"tachyon_serverless_provider_process"}
{"timestamp":"2026-09-17T18:30:40.164367Z","level":"INFO","message":"invocation finished","invocation_id":"inv_01m2ra5543jmtfqmd45wv5gdrk","status":"succeeded (async run)","handler_ms":0,"environment_boot_ms":3,"runtime_init_ms":5,"target":"tachyon_serverless_application::services::invoke"}
{"timestamp":"2026-09-17T18:30:40.165915Z","level":"INFO","message":"terminating bridge","environment_id":"env_01m2ra554cd5eqb3grbtc2hf7n","pid":76255,"reason":"Completed","graceful":true,"target":"tachyon_serverless_provider_process"}
{"timestamp":"2026-09-17T18:30:40.168240Z","level":"INFO","message":"asynchronous invocation settled","invocation_id":"inv_01m2ra5543jmtfqmd45wv5gdrk","status":"succeeded","target":"tachyon_serverless_application::services::invoke_async::dispatch"}
{"timestamp":"2026-09-17T18:30:40.174474Z","level":"INFO","message":"async dispatch: delivery handled","message_id":"inv_01m2ra5543jmtfqmd45wv5gdrk","sequence":31,"delivery_count":1,"outcome":"Completed { status: \"succeeded\" }","target":"tachyon_serverless_application::services::invoke_async::dispatch"}
{"timestamp":"2026-09-17T18:30:42.004477Z","level":"INFO","message":"asynchronous invocation accepted","invocation_id":"inv_01m2ra572kcx33sdf3x8djwz64","tenant_id":"tn_01hzzzzzzzzzzzzzzzzzzzzzza","revision_id":"rev_01m2ra407g9kem179nhc2s8bej","input_bytes":180,"input_storage":"inline","target":"tachyon_serverless_application::services::invoke_async"}
{"timestamp":"2026-09-17T18:30:42.004517Z","level":"INFO","message":"cron trigger fired","trigger_id":"trg_01m2ra40v638x1qc8sbn7gch0j","scheduled_at":"2026-09-17T18:30:42Z","invocation_id":"inv_01m2ra572kcx33sdf3x8djwz64","revision_id":"rev_01m2ra407g9kem179nhc2s8bej","replayed":false,"target":"tachyon_serverless_application::services::triggers"}
{"timestamp":"2026-09-17T18:30:42.016817Z","level":"INFO","message":"asynchronous run claimed","invocation_id":"inv_01m2ra572kcx33sdf3x8djwz64","attempt":1,"generation":0,"delivery_count":1,"target":"tachyon_serverless_application::services::invoke_async::dispatch"}
{"timestamp":"2026-09-17T18:30:42.152616Z","level":"INFO","message":"bridge spawned","environment_id":"env_01m2ra57307mfwt4h9g5c2m6hz","pid":76462,"target":"tachyon_serverless_provider_process"}
{"timestamp":"2026-09-17T18:30:42.162248Z","level":"INFO","message":"invocation finished","invocation_id":"inv_01m2ra572kcx33sdf3x8djwz64","status":"succeeded (async run)","handler_ms":0,"environment_boot_ms":3,"runtime_init_ms":4,"target":"tachyon_serverless_application::services::invoke"}
{"timestamp":"2026-09-17T18:30:42.163808Z","level":"INFO","message":"terminating bridge","environment_id":"env_01m2ra57307mfwt4h9g5c2m6hz","pid":76462,"reason":"Completed","graceful":true,"target":"tachyon_serverless_provider_process"}
{"timestamp":"2026-09-17T18:30:42.166439Z","level":"INFO","message":"asynchronous invocation settled","invocation_id":"inv_01m2ra572kcx33sdf3x8djwz64","status":"succeeded","target":"tachyon_serverless_application::services::invoke_async::dispatch"}
{"timestamp":"2026-09-17T18:30:42.172807Z","level":"INFO","message":"async dispatch: delivery handled","message_id":"inv_01m2ra572kcx33sdf3x8djwz64","sequence":32,"delivery_count":1,"outcome":"Completed { status: \"succeeded\" }","target":"tachyon_serverless_application::services::invoke_async::dispatch"}
{"timestamp":"2026-09-17T18:30:44.003638Z","level":"INFO","message":"asynchronous invocation accepted","invocation_id":"inv_01m2ra5913gy5a3c4jg3sz2kgc","tenant_id":"tn_01hzzzzzzzzzzzzzzzzzzzzzza","revision_id":"rev_01m2ra407g9kem179nhc2s8bej","input_bytes":180,"input_storage":"inline","target":"tachyon_serverless_application::services::invoke_async"}
{"timestamp":"2026-09-17T18:30:44.003676Z","level":"INFO","message":"cron trigger fired","trigger_id":"trg_01m2ra40v638x1qc8sbn7gch0j","scheduled_at":"2026-09-17T18:30:44Z","invocation_id":"inv_01m2ra5913gy5a3c4jg3sz2kgc","revision_id":"rev_01m2ra407g9kem179nhc2s8bej","replayed":false,"target":"tachyon_serverless_application::services::triggers"}
{"timestamp":"2026-09-17T18:30:44.010664Z","level":"INFO","message":"asynchronous run claimed","invocation_id":"inv_01m2ra5913gy5a3c4jg3sz2kgc","attempt":1,"generation":0,"delivery_count":1,"target":"tachyon_serverless_application::services::invoke_async::dispatch"}
{"timestamp":"2026-09-17T18:30:44.152178Z","level":"INFO","message":"bridge spawned","environment_id":"env_01m2ra591ax6y28kbjje9157pk","pid":76671,"target":"tachyon_serverless_provider_process"}
{"timestamp":"2026-09-17T18:30:44.162249Z","level":"INFO","message":"invocation finished","invocation_id":"inv_01m2ra5913gy5a3c4jg3sz2kgc","status":"succeeded (async run)","handler_ms":0,"environment_boot_ms":3,"runtime_init_ms":4,"target":"tachyon_serverless_application::services::invoke"}
{"timestamp":"2026-09-17T18:30:44.163916Z","level":"INFO","message":"terminating bridge","environment_id":"env_01m2ra591ax6y28kbjje9157pk","pid":76671,"reason":"Completed","graceful":true,"target":"tachyon_serverless_provider_process"}
{"timestamp":"2026-09-17T18:30:44.167014Z","level":"INFO","message":"asynchronous invocation settled","invocation_id":"inv_01m2ra5913gy5a3c4jg3sz2kgc","status":"succeeded","target":"tachyon_serverless_application::services::invoke_async::dispatch"}
{"timestamp":"2026-09-17T18:30:44.173616Z","level":"INFO","message":"async dispatch: delivery handled","message_id":"inv_01m2ra5913gy5a3c4jg3sz2kgc","sequence":33,"delivery_count":1,"outcome":"Completed { status: \"succeeded\" }","target":"tachyon_serverless_application::services::invoke_async::dispatch"}
{"timestamp":"2026-09-17T18:30:46.002334Z","level":"INFO","message":"asynchronous invocation accepted","invocation_id":"inv_01m2ra5azhwztx6f7syhr37wdm","tenant_id":"tn_01hzzzzzzzzzzzzzzzzzzzzzza","revision_id":"rev_01m2ra407g9kem179nhc2s8bej","input_bytes":180,"input_storage":"inline","target":"tachyon_serverless_application::services::invoke_async"}
{"timestamp":"2026-09-17T18:30:46.002371Z","level":"INFO","message":"cron trigger fired","trigger_id":"trg_01m2ra40v638x1qc8sbn7gch0j","scheduled_at":"2026-09-17T18:30:46Z","invocation_id":"inv_01m2ra5azhwztx6f7syhr37wdm","revision_id":"rev_01m2ra407g9kem179nhc2s8bej","replayed":false,"target":"tachyon_serverless_application::services::triggers"}
{"timestamp":"2026-09-17T18:30:46.009933Z","level":"INFO","message":"asynchronous run claimed","invocation_id":"inv_01m2ra5azhwztx6f7syhr37wdm","attempt":1,"generation":0,"delivery_count":1,"target":"tachyon_serverless_application::services::invoke_async::dispatch"}
{"timestamp":"2026-09-17T18:30:46.152581Z","level":"INFO","message":"bridge spawned","environment_id":"env_01m2ra5azt37ydjxz50yr8a3s1","pid":76880,"target":"tachyon_serverless_provider_process"}
{"timestamp":"2026-09-17T18:30:46.162718Z","level":"INFO","message":"invocation finished","invocation_id":"inv_01m2ra5azhwztx6f7syhr37wdm","status":"succeeded (async run)","handler_ms":0,"environment_boot_ms":4,"runtime_init_ms":4,"target":"tachyon_serverless_application::services::invoke"}
{"timestamp":"2026-09-17T18:30:46.164301Z","level":"INFO","message":"terminating bridge","environment_id":"env_01m2ra5azt37ydjxz50yr8a3s1","pid":76880,"reason":"Completed","graceful":true,"target":"tachyon_serverless_provider_process"}
{"timestamp":"2026-09-17T18:30:46.167013Z","level":"INFO","message":"asynchronous invocation settled","invocation_id":"inv_01m2ra5azhwztx6f7syhr37wdm","status":"succeeded","target":"tachyon_serverless_application::services::invoke_async::dispatch"}
{"timestamp":"2026-09-17T18:30:46.172718Z","level":"INFO","message":"async dispatch: delivery handled","message_id":"inv_01m2ra5azhwztx6f7syhr37wdm","sequence":34,"delivery_count":1,"outcome":"Completed { status: \"succeeded\" }","target":"tachyon_serverless_application::services::invoke_async::dispatch"}
{"timestamp":"2026-09-17T18:30:48.003536Z","level":"INFO","message":"asynchronous invocation accepted","invocation_id":"inv_01m2ra5cy3ndz2bfy2fj4at5rn","tenant_id":"tn_01hzzzzzzzzzzzzzzzzzzzzzza","revision_id":"rev_01m2ra407g9kem179nhc2s8bej","input_bytes":180,"input_storage":"inline","target":"tachyon_serverless_application::services::invoke_async"}
{"timestamp":"2026-09-17T18:30:48.003573Z","level":"INFO","message":"cron trigger fired","trigger_id":"trg_01m2ra40v638x1qc8sbn7gch0j","scheduled_at":"2026-09-17T18:30:48Z","invocation_id":"inv_01m2ra5cy3ndz2bfy2fj4at5rn","revision_id":"rev_01m2ra407g9kem179nhc2s8bej","replayed":false,"target":"tachyon_serverless_application::services::triggers"}
{"timestamp":"2026-09-17T18:30:48.019400Z","level":"INFO","message":"asynchronous run claimed","invocation_id":"inv_01m2ra5cy3ndz2bfy2fj4at5rn","attempt":1,"generation":0,"delivery_count":1,"target":"tachyon_serverless_application::services::invoke_async::dispatch"}
{"timestamp":"2026-09-17T18:30:48.158235Z","level":"INFO","message":"bridge spawned","environment_id":"env_01m2ra5cykvpqbqprsbjbcc7g8","pid":77083,"target":"tachyon_serverless_provider_process"}
{"timestamp":"2026-09-17T18:30:48.168431Z","level":"INFO","message":"invocation finished","invocation_id":"inv_01m2ra5cy3ndz2bfy2fj4at5rn","status":"succeeded (async run)","handler_ms":0,"environment_boot_ms":4,"runtime_init_ms":5,"target":"tachyon_serverless_application::services::invoke"}
{"timestamp":"2026-09-17T18:30:48.170069Z","level":"INFO","message":"terminating bridge","environment_id":"env_01m2ra5cykvpqbqprsbjbcc7g8","pid":77083,"reason":"Completed","graceful":true,"target":"tachyon_serverless_provider_process"}
{"timestamp":"2026-09-17T18:30:48.172928Z","level":"INFO","message":"asynchronous invocation settled","invocation_id":"inv_01m2ra5cy3ndz2bfy2fj4at5rn","status":"succeeded","target":"tachyon_serverless_application::services::invoke_async::dispatch"}
{"timestamp":"2026-09-17T18:30:48.180743Z","level":"INFO","message":"async dispatch: delivery handled","message_id":"inv_01m2ra5cy3ndz2bfy2fj4at5rn","sequence":35,"delivery_count":1,"outcome":"Completed { status: \"succeeded\" }","target":"tachyon_serverless_application::services::invoke_async::dispatch"}
{"timestamp":"2026-09-17T18:30:49.616192Z","level":"INFO","message":"object retention pass","report":"GcReport { examined: 3, collected_expired: 0, collected_orphans: 0, kept_in_use: 0, kept_referenced: 3, incomplete_removed: 0, tombstones_purged: 0, failed: 0 }","target":"tachyon_serverless_gateway"}
{"timestamp":"2026-09-17T18:30:50.002384Z","level":"INFO","message":"asynchronous invocation accepted","invocation_id":"inv_01m2ra5ewh3w3nzwx1y1ypjksm","tenant_id":"tn_01hzzzzzzzzzzzzzzzzzzzzzza","revision_id":"rev_01m2ra407g9kem179nhc2s8bej","input_bytes":180,"input_storage":"inline","target":"tachyon_serverless_application::services::invoke_async"}
{"timestamp":"2026-09-17T18:30:50.002419Z","level":"INFO","message":"cron trigger fired","trigger_id":"trg_01m2ra40v638x1qc8sbn7gch0j","scheduled_at":"2026-09-17T18:30:50Z","invocation_id":"inv_01m2ra5ewh3w3nzwx1y1ypjksm","revision_id":"rev_01m2ra407g9kem179nhc2s8bej","replayed":false,"target":"tachyon_serverless_application::services::triggers"}
{"timestamp":"2026-09-17T18:30:50.009978Z","level":"INFO","message":"asynchronous run claimed","invocation_id":"inv_01m2ra5ewh3w3nzwx1y1ypjksm","attempt":1,"generation":0,"delivery_count":1,"target":"tachyon_serverless_application::services::invoke_async::dispatch"}
{"timestamp":"2026-09-17T18:30:50.151535Z","level":"INFO","message":"bridge spawned","environment_id":"env_01m2ra5ewtb1p3m71qr1w5jbvz","pid":77290,"target":"tachyon_serverless_provider_process"}
{"timestamp":"2026-09-17T18:30:50.161913Z","level":"INFO","message":"invocation finished","invocation_id":"inv_01m2ra5ewh3w3nzwx1y1ypjksm","status":"succeeded (async run)","handler_ms":0,"environment_boot_ms":4,"runtime_init_ms":5,"target":"tachyon_serverless_application::services::invoke"}
{"timestamp":"2026-09-17T18:30:50.163515Z","level":"INFO","message":"terminating bridge","environment_id":"env_01m2ra5ewtb1p3m71qr1w5jbvz","pid":77290,"reason":"Completed","graceful":true,"target":"tachyon_serverless_provider_process"}
{"timestamp":"2026-09-17T18:30:50.166052Z","level":"INFO","message":"asynchronous invocation settled","invocation_id":"inv_01m2ra5ewh3w3nzwx1y1ypjksm","status":"succeeded","target":"tachyon_serverless_application::services::invoke_async::dispatch"}
{"timestamp":"2026-09-17T18:30:50.172870Z","level":"INFO","message":"async dispatch: delivery handled","message_id":"inv_01m2ra5ewh3w3nzwx1y1ypjksm","sequence":36,"delivery_count":1,"outcome":"Completed { status: \"succeeded\" }","target":"tachyon_serverless_application::services::invoke_async::dispatch"}
{"timestamp":"2026-09-17T18:30:51.614534Z","level":"INFO","message":"object retention pass","report":"GcReport { examined: 3, collected_expired: 0, collected_orphans: 0, kept_in_use: 0, kept_referenced: 3, incomplete_removed: 0, tombstones_purged: 0, failed: 0 }","target":"tachyon_serverless_gateway"}
{"timestamp":"2026-09-17T18:30:52.002152Z","level":"INFO","message":"asynchronous invocation accepted","invocation_id":"inv_01m2ra5gv11ks8anxqpz2axg7r","tenant_id":"tn_01hzzzzzzzzzzzzzzzzzzzzzza","revision_id":"rev_01m2ra407g9kem179nhc2s8bej","input_bytes":180,"input_storage":"inline","target":"tachyon_serverless_application::services::invoke_async"}
{"timestamp":"2026-09-17T18:30:52.002188Z","level":"INFO","message":"cron trigger fired","trigger_id":"trg_01m2ra40v638x1qc8sbn7gch0j","scheduled_at":"2026-09-17T18:30:52Z","invocation_id":"inv_01m2ra5gv11ks8anxqpz2axg7r","revision_id":"rev_01m2ra407g9kem179nhc2s8bej","replayed":false,"target":"tachyon_serverless_application::services::triggers"}
{"timestamp":"2026-09-17T18:30:52.009283Z","level":"INFO","message":"asynchronous run claimed","invocation_id":"inv_01m2ra5gv11ks8anxqpz2axg7r","attempt":1,"generation":0,"delivery_count":1,"target":"tachyon_serverless_application::services::invoke_async::dispatch"}
{"timestamp":"2026-09-17T18:30:52.148115Z","level":"INFO","message":"bridge spawned","environment_id":"env_01m2ra5gv956c6qe172gmy5yw3","pid":77505,"target":"tachyon_serverless_provider_process"}
{"timestamp":"2026-09-17T18:30:52.157401Z","level":"INFO","message":"invocation finished","invocation_id":"inv_01m2ra5gv11ks8anxqpz2axg7r","status":"succeeded (async run)","handler_ms":0,"environment_boot_ms":4,"runtime_init_ms":4,"target":"tachyon_serverless_application::services::invoke"}
{"timestamp":"2026-09-17T18:30:52.158947Z","level":"INFO","message":"terminating bridge","environment_id":"env_01m2ra5gv956c6qe172gmy5yw3","pid":77505,"reason":"Completed","graceful":true,"target":"tachyon_serverless_provider_process"}
{"timestamp":"2026-09-17T18:30:52.161348Z","level":"INFO","message":"asynchronous invocation settled","invocation_id":"inv_01m2ra5gv11ks8anxqpz2axg7r","status":"succeeded","target":"tachyon_serverless_application::services::invoke_async::dispatch"}
{"timestamp":"2026-09-17T18:30:52.167670Z","level":"INFO","message":"async dispatch: delivery handled","message_id":"inv_01m2ra5gv11ks8anxqpz2axg7r","sequence":37,"delivery_count":1,"outcome":"Completed { status: \"succeeded\" }","target":"tachyon_serverless_application::services::invoke_async::dispatch"}
{"timestamp":"2026-09-17T18:30:53.622569Z","level":"INFO","message":"object retention pass","report":"GcReport { examined: 4, collected_expired: 0, collected_orphans: 1, kept_in_use: 0, kept_referenced: 3, incomplete_removed: 0, tombstones_purged: 0, failed: 0 }","target":"tachyon_serverless_gateway"}
{"timestamp":"2026-09-17T18:30:54.003569Z","level":"INFO","message":"asynchronous invocation accepted","invocation_id":"inv_01m2ra5jskd73ktntemhexnvxn","tenant_id":"tn_01hzzzzzzzzzzzzzzzzzzzzzza","revision_id":"rev_01m2ra407g9kem179nhc2s8bej","input_bytes":180,"input_storage":"inline","target":"tachyon_serverless_application::services::invoke_async"}
{"timestamp":"2026-09-17T18:30:54.003610Z","level":"INFO","message":"cron trigger fired","trigger_id":"trg_01m2ra40v638x1qc8sbn7gch0j","scheduled_at":"2026-09-17T18:30:54Z","invocation_id":"inv_01m2ra5jskd73ktntemhexnvxn","revision_id":"rev_01m2ra407g9kem179nhc2s8bej","replayed":false,"target":"tachyon_serverless_application::services::triggers"}
{"timestamp":"2026-09-17T18:30:54.010598Z","level":"INFO","message":"asynchronous run claimed","invocation_id":"inv_01m2ra5jskd73ktntemhexnvxn","attempt":1,"generation":0,"delivery_count":1,"target":"tachyon_serverless_application::services::invoke_async::dispatch"}
{"timestamp":"2026-09-17T18:30:54.154851Z","level":"INFO","message":"bridge spawned","environment_id":"env_01m2ra5jstf4vtny40vcymhp91","pid":77769,"target":"tachyon_serverless_provider_process"}
{"timestamp":"2026-09-17T18:30:54.164619Z","level":"INFO","message":"invocation finished","invocation_id":"inv_01m2ra5jskd73ktntemhexnvxn","status":"succeeded (async run)","handler_ms":0,"environment_boot_ms":3,"runtime_init_ms":4,"target":"tachyon_serverless_application::services::invoke"}
{"timestamp":"2026-09-17T18:30:54.166187Z","level":"INFO","message":"terminating bridge","environment_id":"env_01m2ra5jstf4vtny40vcymhp91","pid":77769,"reason":"Completed","graceful":true,"target":"tachyon_serverless_provider_process"}
{"timestamp":"2026-09-17T18:30:54.168830Z","level":"INFO","message":"asynchronous invocation settled","invocation_id":"inv_01m2ra5jskd73ktntemhexnvxn","status":"succeeded","target":"tachyon_serverless_application::services::invoke_async::dispatch"}
{"timestamp":"2026-09-17T18:30:54.175183Z","level":"INFO","message":"async dispatch: delivery handled","message_id":"inv_01m2ra5jskd73ktntemhexnvxn","sequence":38,"delivery_count":1,"outcome":"Completed { status: \"succeeded\" }","target":"tachyon_serverless_application::services::invoke_async::dispatch"}
{"timestamp":"2026-09-17T18:30:55.096234Z","level":"INFO","message":"bridge spawned","environment_id":"env_01m2ra5kqg3fs6z5zar426mfym","pid":77896,"target":"tachyon_serverless_provider_process"}
{"timestamp":"2026-09-17T18:30:55.105955Z","level":"INFO","message":"invocation finished","invocation_id":"inv_01m2ra5kqgbvmqv3b9ha9d30th","status":"succeeded","handler_ms":0,"environment_boot_ms":4,"runtime_init_ms":4,"target":"tachyon_serverless_application::services::invoke"}
{"timestamp":"2026-09-17T18:30:55.107486Z","level":"INFO","message":"terminating bridge","environment_id":"env_01m2ra5kqg3fs6z5zar426mfym","pid":77896,"reason":"Completed","graceful":true,"target":"tachyon_serverless_provider_process"}
{"timestamp":"2026-09-17T18:30:55.155369Z","level":"INFO","message":"asynchronous invocation accepted","invocation_id":"inv_01m2ra5kxjsse7gpn0yje118zn","tenant_id":"tn_01hzzzzzzzzzzzzzzzzzzzzzza","revision_id":"rev_01m2ra3zmtw652q480baj8bcyk","input_bytes":48,"input_storage":"inline","target":"tachyon_serverless_application::services::invoke_async"}
{"timestamp":"2026-09-17T18:30:55.167789Z","level":"INFO","message":"asynchronous run claimed","invocation_id":"inv_01m2ra5kxjsse7gpn0yje118zn","attempt":1,"generation":0,"delivery_count":1,"target":"tachyon_serverless_application::services::invoke_async::dispatch"}
{"timestamp":"2026-09-17T18:30:55.221572Z","level":"INFO","message":"asynchronous invocation accepted","invocation_id":"inv_01m2ra5kz6qd2fqq038ytpmme2","tenant_id":"tn_01hzzzzzzzzzzzzzzzzzzzzzza","revision_id":"rev_01m2ra3zmtw652q480baj8bcyk","input_bytes":4128,"input_storage":"object","target":"tachyon_serverless_application::services::invoke_async"}
{"timestamp":"2026-09-17T18:30:55.226819Z","level":"INFO","message":"asynchronous run claimed","invocation_id":"inv_01m2ra5kz6qd2fqq038ytpmme2","attempt":1,"generation":0,"delivery_count":1,"target":"tachyon_serverless_application::services::invoke_async::dispatch"}
{"timestamp":"2026-09-17T18:30:55.251189Z","level":"INFO","message":"asynchronous invocation accepted","invocation_id":"inv_01m2ra5m0jq6b1tv89vph47qam","tenant_id":"tn_01hzzzzzzzzzzzzzzzzzzzzzza","revision_id":"rev_01m2ra407g9kem179nhc2s8bej","input_bytes":191,"input_storage":"inline","target":"tachyon_serverless_application::services::invoke_async"}
{"timestamp":"2026-09-17T18:30:55.251228Z","level":"INFO","message":"webhook trigger fired","trigger_id":"trg_01m2ra40vggh62gx1f9by5bw6a","event_id":"evt-post-w1","invocation_id":"inv_01m2ra5m0jq6b1tv89vph47qam","revision_id":"rev_01m2ra407g9kem179nhc2s8bej","replayed":false,"target":"tachyon_serverless_application::services::triggers"}
{"timestamp":"2026-09-17T18:30:55.288368Z","level":"INFO","message":"trigger updated","trigger_id":"trg_01m2ra40v638x1qc8sbn7gch0j","generation":4,"status":"disabled","next_fire_at":"None","rotated_secret":false,"target":"tachyon_serverless_application::services::triggers"}
{"timestamp":"2026-09-17T18:30:55.318093Z","level":"INFO","message":"bridge spawned","environment_id":"env_01m2ra5ky0rfrazc8dd029s5bs","pid":77989,"target":"tachyon_serverless_provider_process"}
{"timestamp":"2026-09-17T18:30:55.327727Z","level":"INFO","message":"invocation finished","invocation_id":"inv_01m2ra5kxjsse7gpn0yje118zn","status":"succeeded (async run)","handler_ms":0,"environment_boot_ms":4,"runtime_init_ms":4,"target":"tachyon_serverless_application::services::invoke"}
{"timestamp":"2026-09-17T18:30:55.329282Z","level":"INFO","message":"terminating bridge","environment_id":"env_01m2ra5ky0rfrazc8dd029s5bs","pid":77989,"reason":"Completed","graceful":true,"target":"tachyon_serverless_provider_process"}
{"timestamp":"2026-09-17T18:30:55.332023Z","level":"INFO","message":"asynchronous invocation settled","invocation_id":"inv_01m2ra5kxjsse7gpn0yje118zn","status":"succeeded","target":"tachyon_serverless_application::services::invoke_async::dispatch"}
{"timestamp":"2026-09-17T18:30:55.337288Z","level":"INFO","message":"async dispatch: delivery handled","message_id":"inv_01m2ra5kxjsse7gpn0yje118zn","sequence":39,"delivery_count":1,"outcome":"Completed { status: \"succeeded\" }","target":"tachyon_serverless_application::services::invoke_async::dispatch"}
{"timestamp":"2026-09-17T18:30:55.338035Z","level":"INFO","message":"asynchronous run claimed","invocation_id":"inv_01m2ra5m0jq6b1tv89vph47qam","attempt":1,"generation":0,"delivery_count":1,"target":"tachyon_serverless_application::services::invoke_async::dispatch"}
{"timestamp":"2026-09-17T18:30:55.380897Z","level":"INFO","message":"bridge spawned","environment_id":"env_01m2ra5kzwg5xxptswtm0g6wc0","pid":78011,"target":"tachyon_serverless_provider_process"}
{"timestamp":"2026-09-17T18:30:55.390400Z","level":"INFO","message":"invocation finished","invocation_id":"inv_01m2ra5kz6qd2fqq038ytpmme2","status":"succeeded (async run)","handler_ms":0,"environment_boot_ms":6,"runtime_init_ms":4,"target":"tachyon_serverless_application::services::invoke"}
{"timestamp":"2026-09-17T18:30:55.391926Z","level":"INFO","message":"terminating bridge","environment_id":"env_01m2ra5kzwg5xxptswtm0g6wc0","pid":78011,"reason":"Completed","graceful":true,"target":"tachyon_serverless_provider_process"}
{"timestamp":"2026-09-17T18:30:55.394432Z","level":"INFO","message":"asynchronous invocation settled","invocation_id":"inv_01m2ra5kz6qd2fqq038ytpmme2","status":"succeeded","target":"tachyon_serverless_application::services::invoke_async::dispatch"}
{"timestamp":"2026-09-17T18:30:55.399721Z","level":"INFO","message":"async dispatch: delivery handled","message_id":"inv_01m2ra5kz6qd2fqq038ytpmme2","sequence":40,"delivery_count":1,"outcome":"Completed { status: \"succeeded\" }","target":"tachyon_serverless_application::services::invoke_async::dispatch"}
{"timestamp":"2026-09-17T18:30:55.474575Z","level":"INFO","message":"bridge spawned","environment_id":"env_01m2ra5m3ape27esw37ex9bmhw","pid":78015,"target":"tachyon_serverless_provider_process"}
{"timestamp":"2026-09-17T18:30:55.488851Z","level":"INFO","message":"invocation finished","invocation_id":"inv_01m2ra5m0jq6b1tv89vph47qam","status":"succeeded (async run)","handler_ms":0,"environment_boot_ms":5,"runtime_init_ms":8,"target":"tachyon_serverless_application::services::invoke"}
{"timestamp":"2026-09-17T18:30:55.490374Z","level":"INFO","message":"terminating bridge","environment_id":"env_01m2ra5m3ape27esw37ex9bmhw","pid":78015,"reason":"Completed","graceful":true,"target":"tachyon_serverless_provider_process"}
{"timestamp":"2026-09-17T18:30:55.492648Z","level":"INFO","message":"asynchronous invocation settled","invocation_id":"inv_01m2ra5m0jq6b1tv89vph47qam","status":"succeeded","target":"tachyon_serverless_application::services::invoke_async::dispatch"}
{"timestamp":"2026-09-17T18:30:55.498426Z","level":"INFO","message":"async dispatch: delivery handled","message_id":"inv_01m2ra5m0jq6b1tv89vph47qam","sequence":41,"delivery_count":1,"outcome":"Completed { status: \"succeeded\" }","target":"tachyon_serverless_application::services::invoke_async::dispatch"}
{"timestamp":"2026-09-17T18:30:55.615112Z","level":"INFO","message":"object retention pass","report":"GcReport { examined: 3, collected_expired: 0, collected_orphans: 0, kept_in_use: 0, kept_referenced: 3, incomplete_removed: 0, tombstones_purged: 0, failed: 0 }","target":"tachyon_serverless_gateway"}
{"timestamp":"2026-09-17T18:30:57.044941Z","level":"INFO","message":"SIGTERM received","target":"tachyon_serverless_gateway"}
{"timestamp":"2026-09-17T18:30:57.044975Z","level":"INFO","message":"shutdown requested; cancelling in-flight invocations","target":"tachyon_serverless_gateway"}
{"timestamp":"2026-09-17T18:30:57.045187Z","level":"INFO","message":"final usage collection","report":"CollectReport { batches: 0, read: 0, inserted: 0, duplicates: 0, cursor_seq: 224 }","target":"tachyon_serverless_gateway"}
{"timestamp":"2026-09-17T18:30:57.046284Z","level":"INFO","message":"gateway stopped","target":"tachyon_serverless_gateway"}
{"timestamp":"2026-09-17T18:30:57.046423Z","level":"INFO","message":"event: closed","target":"async_nats"}
