
===== a start (failpoints: none) 11:19:53 =====
{"timestamp":"2026-09-17T11:19:53.552841Z","level":"INFO","message":"configuration loaded","config":"/private/var/folders/z7/khzdjrt95cg_fcmcnh4j1b5h0000gn/T/tsls-chaos.9WZmDA/gw-a.toml","target":"tachyon_serverless_gateway"}
{"timestamp":"2026-09-17T11:19:53.555279Z","level":"INFO","message":"connected successfully","server":"52196","max_payload":"1048576","target":"async_nats::connector"}
{"timestamp":"2026-09-17T11:19:53.555388Z","level":"INFO","message":"event: connected","target":"async_nats"}
{"timestamp":"2026-09-17T11:19:53.566342Z","level":"INFO","message":"JetStream queue connected and stream bootstrapped","url":"nats://127.0.0.1:52196","stream":"TACHYON_EVENTS","target":"tachyon_serverless_gateway::durable"}
{"timestamp":"2026-09-17T11:19:53.576357Z","level":"INFO","message":"state store opened","path":"/private/var/folders/z7/khzdjrt95cg_fcmcnh4j1b5h0000gn/T/tsls-chaos.9WZmDA/data/state.db","schema_version":8,"migrations_applied":"[1, 2, 3, 4, 5, 6, 7, 8]","imported_state_json":"None","settled_invocations":0,"settled_attempts":0,"settled_environments":0,"released_leases":0,"dropped_idempotency_keys":0,"purged_idempotency_keys":0,"outputs_purged":0,"target":"tachyon_serverless_application::app"}
{"timestamp":"2026-09-17T11:19:53.576650Z","level":"INFO","message":"dispatcher registered","dispatcher_id":"dsp_01m2qhgcf8qgfeqtpn932383jk","instance":"chaos-a","pid":37442,"lease_ttl_seconds":6,"target":"tachyon_serverless_application::services::dispatcher"}
{"timestamp":"2026-09-17T11:19:53.579904Z","level":"INFO","message":"application bootstrapped","profile":"dev","provider":"process","dev_only":true,"environment_reuse":false,"reuse_verified":false,"reuse_reason":"[pool] enabled is false","reuse_disabled":"Some(Configuration)","idle_quiesce":"unsupported","idle_resume":"unsupported","data_dir":"/private/var/folders/z7/khzdjrt95cg_fcmcnh4j1b5h0000gn/T/tsls-chaos.9WZmDA/data","store":"sqlite","dispatcher_id":"dsp_01m2qhgcf8qgfeqtpn932383jk","node":"local","node_region":"none","node_memory_mib":"None","max_concurrency":8,"queue":"nats","objects":"filesystem","invoke_async":true,"triggers":true,"target":"tachyon_serverless_application::app"}
{"timestamp":"2026-09-17T11:19:53.580140Z","level":"INFO","message":"startup reconcile finished","provider":"process","found":0,"adopted":0,"terminated":0,"disowned":0,"failed":0,"lost":0,"foreign":0,"reclaimed_dispatchers":0,"fenced_terminated":0,"fenced_pending":0,"target":"tachyon_serverless_application::services::reconcile"}
{"timestamp":"2026-09-17T11:19:53.580208Z","level":"INFO","message":"gateway listening","addr":"127.0.0.1:52200","profile":"dev","provider":"process","target":"tachyon_serverless_gateway"}
{"timestamp":"2026-09-17T11:19:53.581643Z","level":"INFO","message":"asynchronous dispatcher started","workers":2,"owner":"dsp_01m2qhgcf8qgfeqtpn932383jk","target":"tachyon_serverless_gateway"}
{"timestamp":"2026-09-17T11:19:54.568923Z","level":"INFO","message":"revision ready","revision_id":"rev_01m2qhgd6znb2jn9hefazbgfcc","function_id":"fn_01m2qhgcqsd82c41bw18patgyg","target":"tachyon_serverless_application::services::revision"}
{"timestamp":"2026-09-17T11:19:55.467754Z","level":"INFO","message":"revision ready","revision_id":"rev_01m2qhge2cm2936q1bqc8azea0","function_id":"fn_01m2qhgdhevrmb4b9p5cf3k76q","target":"tachyon_serverless_application::services::revision"}
{"timestamp":"2026-09-17T11:19:56.378748Z","level":"INFO","message":"revision ready","revision_id":"rev_01m2qhgeyt8p3anjfxzzjwc307","function_id":"fn_01m2qhgedqp24xp6xyvkd2n2ye","target":"tachyon_serverless_application::services::revision"}
{"timestamp":"2026-09-17T11:19:56.480268Z","level":"INFO","message":"trigger created","trigger_id":"trg_01m2qhgf9zkwrg36mr48q36x9k","function_id":"fn_01m2qhgdhevrmb4b9p5cf3k76q","kind":"cron","enabled":true,"next_fire_at":"Some(2026-09-17T11:19:58Z)","target":"tachyon_serverless_application::services::triggers"}
{"timestamp":"2026-09-17T11:19:56.497185Z","level":"INFO","message":"trigger created","trigger_id":"trg_01m2qhgfag81kj4mef5cdtf8v9","function_id":"fn_01m2qhgdhevrmb4b9p5cf3k76q","kind":"webhook","enabled":true,"next_fire_at":"None","target":"tachyon_serverless_application::services::triggers"}
{"timestamp":"2026-09-17T11:19:56.769696Z","level":"INFO","message":"bridge spawned","environment_id":"env_01m2qhgfbg4bd21pe4n4gdkvvr","pid":37755,"target":"tachyon_serverless_provider_process"}
{"timestamp":"2026-09-17T11:19:57.078204Z","level":"INFO","message":"invocation finished","invocation_id":"inv_01m2qhgfbfq0k7gs7avsb88gy7","status":"succeeded","handler_ms":0,"environment_boot_ms":6,"runtime_init_ms":300,"target":"tachyon_serverless_application::services::invoke"}
{"timestamp":"2026-09-17T11:19:57.079890Z","level":"INFO","message":"terminating bridge","environment_id":"env_01m2qhgfbg4bd21pe4n4gdkvvr","pid":37755,"reason":"Completed","graceful":true,"target":"tachyon_serverless_provider_process"}
{"timestamp":"2026-09-17T11:19:57.152309Z","level":"INFO","message":"asynchronous invocation accepted","invocation_id":"inv_01m2qhgfyzn207membdwz24drx","tenant_id":"tn_01hzzzzzzzzzzzzzzzzzzzzzza","revision_id":"rev_01m2qhgd6znb2jn9hefazbgfcc","input_bytes":47,"input_storage":"inline","target":"tachyon_serverless_application::services::invoke_async"}
{"timestamp":"2026-09-17T11:19:57.162166Z","level":"INFO","message":"asynchronous run claimed","invocation_id":"inv_01m2qhgfyzn207membdwz24drx","attempt":1,"generation":0,"delivery_count":1,"target":"tachyon_serverless_application::services::invoke_async::dispatch"}
{"timestamp":"2026-09-17T11:19:57.241865Z","level":"INFO","message":"asynchronous invocation accepted","invocation_id":"inv_01m2qhgg18qjdbdcegxd8ftxg4","tenant_id":"tn_01hzzzzzzzzzzzzzzzzzzzzzza","revision_id":"rev_01m2qhgd6znb2jn9hefazbgfcc","input_bytes":4127,"input_storage":"object","target":"tachyon_serverless_application::services::invoke_async"}
{"timestamp":"2026-09-17T11:19:57.247298Z","level":"INFO","message":"asynchronous run claimed","invocation_id":"inv_01m2qhgg18qjdbdcegxd8ftxg4","attempt":1,"generation":0,"delivery_count":1,"target":"tachyon_serverless_application::services::invoke_async::dispatch"}
{"timestamp":"2026-09-17T11:19:57.288092Z","level":"INFO","message":"asynchronous invocation accepted","invocation_id":"inv_01m2qhgg37479ep81e62rdkmc4","tenant_id":"tn_01hzzzzzzzzzzzzzzzzzzzzzza","revision_id":"rev_01m2qhge2cm2936q1bqc8azea0","input_bytes":189,"input_storage":"inline","target":"tachyon_serverless_application::services::invoke_async"}
{"timestamp":"2026-09-17T11:19:57.288152Z","level":"INFO","message":"webhook trigger fired","trigger_id":"trg_01m2qhgfag81kj4mef5cdtf8v9","event_id":"evt-pre-w1","invocation_id":"inv_01m2qhgg37479ep81e62rdkmc4","revision_id":"rev_01m2qhge2cm2936q1bqc8azea0","replayed":false,"target":"tachyon_serverless_application::services::triggers"}
{"timestamp":"2026-09-17T11:19:57.427740Z","level":"INFO","message":"bridge spawned","environment_id":"env_01m2qhgfzavxzv879trh5c1v75","pid":37832,"target":"tachyon_serverless_provider_process"}
{"timestamp":"2026-09-17T11:19:57.534690Z","level":"INFO","message":"bridge spawned","environment_id":"env_01m2qhgg21zvjgtbegfgtm8pzy","pid":37834,"target":"tachyon_serverless_provider_process"}
{"timestamp":"2026-09-17T11:19:57.601132Z","level":"INFO","message":"bridge spawned","environment_id":"env_01m2qhgg426s2c1p4c5t4dfmr2","pid":37836,"target":"tachyon_serverless_provider_process"}
{"timestamp":"2026-09-17T11:19:57.618767Z","level":"INFO","message":"invocation finished","invocation_id":"inv_01m2qhgg427jfsgc07vtzvwtnf","status":"succeeded","handler_ms":0,"environment_boot_ms":6,"runtime_init_ms":8,"target":"tachyon_serverless_application::services::invoke"}
{"timestamp":"2026-09-17T11:19:57.620541Z","level":"INFO","message":"terminating bridge","environment_id":"env_01m2qhgg426s2c1p4c5t4dfmr2","pid":37836,"reason":"Completed","graceful":true,"target":"tachyon_serverless_provider_process"}
{"timestamp":"2026-09-17T11:19:57.714693Z","level":"INFO","message":"asynchronous invocation accepted","invocation_id":"inv_01m2qhggghyee3b9a2yan4kpmn","tenant_id":"tn_01hzzzzzzzzzzzzzzzzzzzzzza","revision_id":"rev_01m2qhgd6znb2jn9hefazbgfcc","input_bytes":47,"input_storage":"inline","target":"tachyon_serverless_application::services::invoke_async"}
{"timestamp":"2026-09-17T11:19:57.765934Z","level":"INFO","message":"invocation finished","invocation_id":"inv_01m2qhgfyzn207membdwz24drx","status":"succeeded (async run)","handler_ms":1,"environment_boot_ms":7,"runtime_init_ms":327,"target":"tachyon_serverless_application::services::invoke"}
{"timestamp":"2026-09-17T11:19:57.766949Z","level":"INFO","message":"invocation finished","invocation_id":"inv_01m2qhgg18qjdbdcegxd8ftxg4","status":"succeeded (async run)","handler_ms":2,"environment_boot_ms":7,"runtime_init_ms":220,"target":"tachyon_serverless_application::services::invoke"}
{"timestamp":"2026-09-17T11:19:57.767477Z","level":"INFO","message":"terminating bridge","environment_id":"env_01m2qhgfzavxzv879trh5c1v75","pid":37832,"reason":"Completed","graceful":true,"target":"tachyon_serverless_provider_process"}
{"timestamp":"2026-09-17T11:19:57.768673Z","level":"INFO","message":"terminating bridge","environment_id":"env_01m2qhgg21zvjgtbegfgtm8pzy","pid":37834,"reason":"Completed","graceful":true,"target":"tachyon_serverless_provider_process"}
{"timestamp":"2026-09-17T11:19:57.772374Z","level":"INFO","message":"asynchronous invocation settled","invocation_id":"inv_01m2qhgfyzn207membdwz24drx","status":"succeeded","target":"tachyon_serverless_application::services::invoke_async::dispatch"}
{"timestamp":"2026-09-17T11:19:57.778114Z","level":"INFO","message":"async dispatch: delivery handled","message_id":"inv_01m2qhgfyzn207membdwz24drx","sequence":1,"delivery_count":1,"outcome":"Completed { status: \"succeeded\" }","target":"tachyon_serverless_application::services::invoke_async::dispatch"}
{"timestamp":"2026-09-17T11:19:57.781933Z","level":"INFO","message":"asynchronous invocation settled","invocation_id":"inv_01m2qhgg18qjdbdcegxd8ftxg4","status":"succeeded","target":"tachyon_serverless_application::services::invoke_async::dispatch"}
{"timestamp":"2026-09-17T11:19:57.782379Z","level":"INFO","message":"asynchronous run claimed","invocation_id":"inv_01m2qhgg37479ep81e62rdkmc4","attempt":1,"generation":0,"delivery_count":1,"target":"tachyon_serverless_application::services::invoke_async::dispatch"}
{"timestamp":"2026-09-17T11:19:57.785928Z","level":"INFO","message":"async dispatch: delivery handled","message_id":"inv_01m2qhgg18qjdbdcegxd8ftxg4","sequence":2,"delivery_count":1,"outcome":"Completed { status: \"succeeded\" }","target":"tachyon_serverless_application::services::invoke_async::dispatch"}
{"timestamp":"2026-09-17T11:19:57.786701Z","level":"INFO","message":"asynchronous run claimed","invocation_id":"inv_01m2qhggghyee3b9a2yan4kpmn","attempt":1,"generation":0,"delivery_count":1,"target":"tachyon_serverless_application::services::invoke_async::dispatch"}
{"timestamp":"2026-09-17T11:19:57.824742Z","level":"INFO","message":"asynchronous invocation accepted","invocation_id":"inv_01m2qhggkfjgdw177jht87zfc8","tenant_id":"tn_01hzzzzzzzzzzzzzzzzzzzzzza","revision_id":"rev_01m2qhgd6znb2jn9hefazbgfcc","input_bytes":4127,"input_storage":"object","target":"tachyon_serverless_application::services::invoke_async"}
{"timestamp":"2026-09-17T11:19:57.877126Z","level":"INFO","message":"asynchronous invocation accepted","invocation_id":"inv_01m2qhggnmf7pgdtvxzctkegt7","tenant_id":"tn_01hzzzzzzzzzzzzzzzzzzzzzza","revision_id":"rev_01m2qhge2cm2936q1bqc8azea0","input_bytes":189,"input_storage":"inline","target":"tachyon_serverless_application::services::invoke_async"}
{"timestamp":"2026-09-17T11:19:57.877181Z","level":"INFO","message":"webhook trigger fired","trigger_id":"trg_01m2qhgfag81kj4mef5cdtf8v9","event_id":"evt-pre-w2","invocation_id":"inv_01m2qhggnmf7pgdtvxzctkegt7","revision_id":"rev_01m2qhge2cm2936q1bqc8azea0","replayed":false,"target":"tachyon_serverless_application::services::triggers"}
{"timestamp":"2026-09-17T11:19:58.004793Z","level":"INFO","message":"asynchronous invocation accepted","invocation_id":"inv_01m2qhggsk4x61cnxrcs8pkd8p","tenant_id":"tn_01hzzzzzzzzzzzzzzzzzzzzzza","revision_id":"rev_01m2qhge2cm2936q1bqc8azea0","input_bytes":180,"input_storage":"inline","target":"tachyon_serverless_application::services::invoke_async"}
{"timestamp":"2026-09-17T11:19:58.004867Z","level":"INFO","message":"cron trigger fired","trigger_id":"trg_01m2qhgf9zkwrg36mr48q36x9k","scheduled_at":"2026-09-17T11:19:58Z","invocation_id":"inv_01m2qhggsk4x61cnxrcs8pkd8p","revision_id":"rev_01m2qhge2cm2936q1bqc8azea0","replayed":false,"target":"tachyon_serverless_application::services::triggers"}
{"timestamp":"2026-09-17T11:19:58.083216Z","level":"INFO","message":"bridge spawned","environment_id":"env_01m2qhggjpmyr0bmxzbcees04v","pid":37912,"target":"tachyon_serverless_provider_process"}
{"timestamp":"2026-09-17T11:19:58.092404Z","level":"INFO","message":"bridge spawned","environment_id":"env_01m2qhggjta2pw9922re3kqvp1","pid":37914,"target":"tachyon_serverless_provider_process"}
{"timestamp":"2026-09-17T11:19:58.102085Z","level":"INFO","message":"invocation finished","invocation_id":"inv_01m2qhgg37479ep81e62rdkmc4","status":"succeeded (async run)","handler_ms":1,"environment_boot_ms":7,"runtime_init_ms":9,"target":"tachyon_serverless_application::services::invoke"}
{"timestamp":"2026-09-17T11:19:58.103895Z","level":"INFO","message":"terminating bridge","environment_id":"env_01m2qhggjpmyr0bmxzbcees04v","pid":37912,"reason":"Completed","graceful":true,"target":"tachyon_serverless_provider_process"}
{"timestamp":"2026-09-17T11:19:58.108490Z","level":"INFO","message":"asynchronous invocation settled","invocation_id":"inv_01m2qhgg37479ep81e62rdkmc4","status":"succeeded","target":"tachyon_serverless_application::services::invoke_async::dispatch"}
{"timestamp":"2026-09-17T11:19:58.114961Z","level":"INFO","message":"async dispatch: delivery handled","message_id":"inv_01m2qhgg37479ep81e62rdkmc4","sequence":3,"delivery_count":1,"outcome":"Completed { status: \"succeeded\" }","target":"tachyon_serverless_application::services::invoke_async::dispatch"}
{"timestamp":"2026-09-17T11:19:58.118962Z","level":"INFO","message":"asynchronous run claimed","invocation_id":"inv_01m2qhggkfjgdw177jht87zfc8","attempt":1,"generation":0,"delivery_count":1,"target":"tachyon_serverless_application::services::invoke_async::dispatch"}
{"timestamp":"2026-09-17T11:19:58.120080Z","level":"INFO","message":"invocation finished","invocation_id":"inv_01m2qhggghyee3b9a2yan4kpmn","status":"succeeded (async run)","handler_ms":4,"environment_boot_ms":6,"runtime_init_ms":10,"target":"tachyon_serverless_application::services::invoke"}
{"timestamp":"2026-09-17T11:19:58.121266Z","level":"INFO","message":"terminating bridge","environment_id":"env_01m2qhggjta2pw9922re3kqvp1","pid":37914,"reason":"Completed","graceful":true,"target":"tachyon_serverless_provider_process"}
{"timestamp":"2026-09-17T11:19:58.125895Z","level":"INFO","message":"asynchronous invocation settled","invocation_id":"inv_01m2qhggghyee3b9a2yan4kpmn","status":"succeeded","target":"tachyon_serverless_application::services::invoke_async::dispatch"}
{"timestamp":"2026-09-17T11:19:58.131213Z","level":"INFO","message":"async dispatch: delivery handled","message_id":"inv_01m2qhggghyee3b9a2yan4kpmn","sequence":4,"delivery_count":1,"outcome":"Completed { status: \"succeeded\" }","target":"tachyon_serverless_application::services::invoke_async::dispatch"}
{"timestamp":"2026-09-17T11:19:58.131915Z","level":"INFO","message":"asynchronous run claimed","invocation_id":"inv_01m2qhggnmf7pgdtvxzctkegt7","attempt":1,"generation":0,"delivery_count":1,"target":"tachyon_serverless_application::services::invoke_async::dispatch"}
{"timestamp":"2026-09-17T11:19:58.204674Z","level":"INFO","message":"bridge spawned","environment_id":"env_01m2qhggpktsqshr58dm17100v","pid":37916,"target":"tachyon_serverless_provider_process"}
{"timestamp":"2026-09-17T11:19:58.229887Z","level":"INFO","message":"invocation finished","invocation_id":"inv_01m2qhggpjk61bhqfnq3aa2xyn","status":"succeeded","handler_ms":1,"environment_boot_ms":8,"runtime_init_ms":14,"target":"tachyon_serverless_application::services::invoke"}
{"timestamp":"2026-09-17T11:19:58.231739Z","level":"INFO","message":"terminating bridge","environment_id":"env_01m2qhggpktsqshr58dm17100v","pid":37916,"reason":"Completed","graceful":true,"target":"tachyon_serverless_provider_process"}
{"timestamp":"2026-09-17T11:19:58.339047Z","level":"INFO","message":"asynchronous invocation accepted","invocation_id":"inv_01m2qhgh41jj4r55kbggjzb3zy","tenant_id":"tn_01hzzzzzzzzzzzzzzzzzzzzzza","revision_id":"rev_01m2qhgd6znb2jn9hefazbgfcc","input_bytes":47,"input_storage":"inline","target":"tachyon_serverless_application::services::invoke_async"}
{"timestamp":"2026-09-17T11:19:58.460526Z","level":"INFO","message":"bridge spawned","environment_id":"env_01m2qhggx9ws1v4d1y0gw8kq0m","pid":37955,"target":"tachyon_serverless_provider_process"}
{"timestamp":"2026-09-17T11:19:58.461337Z","level":"INFO","message":"bridge spawned","environment_id":"env_01m2qhggxmgwvwhwr2ntkyf464","pid":37956,"target":"tachyon_serverless_provider_process"}
{"timestamp":"2026-09-17T11:19:58.461451Z","level":"INFO","message":"asynchronous invocation accepted","invocation_id":"inv_01m2qhgh7dxc0bwmqp8vnva2wm","tenant_id":"tn_01hzzzzzzzzzzzzzzzzzzzzzza","revision_id":"rev_01m2qhgd6znb2jn9hefazbgfcc","input_bytes":4127,"input_storage":"object","target":"tachyon_serverless_application::services::invoke_async"}
{"timestamp":"2026-09-17T11:19:58.481993Z","level":"INFO","message":"invocation finished","invocation_id":"inv_01m2qhggkfjgdw177jht87zfc8","status":"succeeded (async run)","handler_ms":3,"environment_boot_ms":9,"runtime_init_ms":11,"target":"tachyon_serverless_application::services::invoke"}
{"timestamp":"2026-09-17T11:19:58.483181Z","level":"INFO","message":"invocation finished","invocation_id":"inv_01m2qhggnmf7pgdtvxzctkegt7","status":"succeeded (async run)","handler_ms":1,"environment_boot_ms":8,"runtime_init_ms":11,"target":"tachyon_serverless_application::services::invoke"}
{"timestamp":"2026-09-17T11:19:58.483750Z","level":"INFO","message":"terminating bridge","environment_id":"env_01m2qhggxmgwvwhwr2ntkyf464","pid":37956,"reason":"Completed","graceful":true,"target":"tachyon_serverless_provider_process"}
{"timestamp":"2026-09-17T11:19:58.483762Z","level":"INFO","message":"terminating bridge","environment_id":"env_01m2qhggx9ws1v4d1y0gw8kq0m","pid":37955,"reason":"Completed","graceful":true,"target":"tachyon_serverless_provider_process"}
{"timestamp":"2026-09-17T11:19:58.489541Z","level":"INFO","message":"asynchronous invocation settled","invocation_id":"inv_01m2qhggkfjgdw177jht87zfc8","status":"succeeded","target":"tachyon_serverless_application::services::invoke_async::dispatch"}
{"timestamp":"2026-09-17T11:19:58.490217Z","level":"INFO","message":"asynchronous invocation settled","invocation_id":"inv_01m2qhggnmf7pgdtvxzctkegt7","status":"succeeded","target":"tachyon_serverless_application::services::invoke_async::dispatch"}
{"timestamp":"2026-09-17T11:19:58.495517Z","level":"INFO","message":"async dispatch: delivery handled","message_id":"inv_01m2qhggkfjgdw177jht87zfc8","sequence":5,"delivery_count":1,"outcome":"Completed { status: \"succeeded\" }","target":"tachyon_serverless_application::services::invoke_async::dispatch"}
{"timestamp":"2026-09-17T11:19:58.499553Z","level":"INFO","message":"async dispatch: delivery handled","message_id":"inv_01m2qhggnmf7pgdtvxzctkegt7","sequence":6,"delivery_count":1,"outcome":"Completed { status: \"succeeded\" }","target":"tachyon_serverless_application::services::invoke_async::dispatch"}
{"timestamp":"2026-09-17T11:19:58.505974Z","level":"INFO","message":"asynchronous run claimed","invocation_id":"inv_01m2qhggsk4x61cnxrcs8pkd8p","attempt":1,"generation":0,"delivery_count":1,"target":"tachyon_serverless_application::services::invoke_async::dispatch"}
{"timestamp":"2026-09-17T11:19:58.506590Z","level":"INFO","message":"asynchronous run claimed","invocation_id":"inv_01m2qhgh41jj4r55kbggjzb3zy","attempt":1,"generation":0,"delivery_count":1,"target":"tachyon_serverless_application::services::invoke_async::dispatch"}
{"timestamp":"2026-09-17T11:19:58.534426Z","level":"INFO","message":"asynchronous invocation accepted","invocation_id":"inv_01m2qhgha5k94weh6e4aj95zjz","tenant_id":"tn_01hzzzzzzzzzzzzzzzzzzzzzza","revision_id":"rev_01m2qhge2cm2936q1bqc8azea0","input_bytes":189,"input_storage":"inline","target":"tachyon_serverless_application::services::invoke_async"}
{"timestamp":"2026-09-17T11:19:58.534506Z","level":"INFO","message":"webhook trigger fired","trigger_id":"trg_01m2qhgfag81kj4mef5cdtf8v9","event_id":"evt-pre-w3","invocation_id":"inv_01m2qhgha5k94weh6e4aj95zjz","revision_id":"rev_01m2qhge2cm2936q1bqc8azea0","replayed":false,"target":"tachyon_serverless_application::services::triggers"}
{"timestamp":"2026-09-17T11:19:58.582382Z","level":"INFO","message":"trigger updated","trigger_id":"trg_01m2qhgf9zkwrg36mr48q36x9k","generation":2,"status":"disabled","next_fire_at":"None","rotated_secret":false,"target":"tachyon_serverless_application::services::triggers"}
{"timestamp":"2026-09-17T11:19:58.589112Z","level":"INFO","message":"SIGTERM received","target":"tachyon_serverless_gateway"}
{"timestamp":"2026-09-17T11:19:58.589174Z","level":"INFO","message":"shutdown requested; cancelling in-flight invocations","target":"tachyon_serverless_gateway"}
{"timestamp":"2026-09-17T11:19:58.589212Z","level":"INFO","message":"cancelling in-flight invocations for shutdown","count":2,"target":"tachyon_serverless_application::services::invoke"}
{"timestamp":"2026-09-17T11:19:58.861305Z","level":"INFO","message":"asynchronous invocation rescheduled","invocation_id":"inv_01m2qhggsk4x61cnxrcs8pkd8p","next_attempt_at":"2026-09-17T11:19:59.137642+00:00","counted":false,"error_type":"Host.GatewayShutdown","target":"tachyon_serverless_application::services::invoke_async::dispatch"}
{"timestamp":"2026-09-17T11:19:58.867177Z","level":"INFO","message":"async dispatch: delivery handled","message_id":"inv_01m2qhggsk4x61cnxrcs8pkd8p","sequence":7,"delivery_count":1,"outcome":"Rescheduled { next_attempt_at: 2026-09-17T11:19:59.137642Z, counted: false }","target":"tachyon_serverless_application::services::invoke_async::dispatch"}
{"timestamp":"2026-09-17T11:19:58.872333Z","level":"INFO","message":"asynchronous invocation rescheduled","invocation_id":"inv_01m2qhgh41jj4r55kbggjzb3zy","next_attempt_at":"2026-09-17T11:19:58.971895+00:00","counted":false,"error_type":"Host.GatewayShutdown","target":"tachyon_serverless_application::services::invoke_async::dispatch"}
{"timestamp":"2026-09-17T11:19:58.876151Z","level":"INFO","message":"async dispatch: delivery handled","message_id":"inv_01m2qhgh41jj4r55kbggjzb3zy","sequence":8,"delivery_count":1,"outcome":"Rescheduled { next_attempt_at: 2026-09-17T11:19:58.971895Z, counted: false }","target":"tachyon_serverless_application::services::invoke_async::dispatch"}
{"timestamp":"2026-09-17T11:19:58.877784Z","level":"INFO","message":"final usage collection","report":"CollectReport { batches: 1, read: 2, inserted: 2, duplicates: 0, cursor_seq: 47 }","target":"tachyon_serverless_gateway"}
{"timestamp":"2026-09-17T11:19:58.879387Z","level":"INFO","message":"gateway stopped","target":"tachyon_serverless_gateway"}
{"timestamp":"2026-09-17T11:19:58.879540Z","level":"INFO","message":"event: closed","target":"async_nats"}

===== a start (failpoints: accept.after_object_put=kill) 11:19:58 =====
{"timestamp":"2026-09-17T11:19:58.952337Z","level":"INFO","message":"configuration loaded","config":"/private/var/folders/z7/khzdjrt95cg_fcmcnh4j1b5h0000gn/T/tsls-chaos.9WZmDA/gw-a.toml","target":"tachyon_serverless_gateway"}
{"timestamp":"2026-09-17T11:19:58.954815Z","level":"INFO","message":"connected successfully","server":"52196","max_payload":"1048576","target":"async_nats::connector"}
{"timestamp":"2026-09-17T11:19:58.954978Z","level":"INFO","message":"event: connected","target":"async_nats"}
{"timestamp":"2026-09-17T11:19:58.968442Z","level":"INFO","message":"JetStream queue connected and stream bootstrapped","url":"nats://127.0.0.1:52196","stream":"TACHYON_EVENTS","target":"tachyon_serverless_gateway::durable"}
{"timestamp":"2026-09-17T11:19:58.970931Z","level":"INFO","message":"state store opened","path":"/private/var/folders/z7/khzdjrt95cg_fcmcnh4j1b5h0000gn/T/tsls-chaos.9WZmDA/data/state.db","schema_version":8,"migrations_applied":"[]","imported_state_json":"None","settled_invocations":0,"settled_attempts":0,"settled_environments":0,"released_leases":0,"dropped_idempotency_keys":0,"purged_idempotency_keys":0,"outputs_purged":0,"target":"tachyon_serverless_application::app"}
{"timestamp":"2026-09-17T11:19:58.971522Z","level":"INFO","message":"dispatcher registered","dispatcher_id":"dsp_01m2qhghqvvsthjf8hn32xpz5a","instance":"chaos-a","pid":38011,"lease_ttl_seconds":6,"target":"tachyon_serverless_application::services::dispatcher"}
{"timestamp":"2026-09-17T11:19:58.972083Z","level":"WARN","message":"reclaimed the work of dispatchers that lost their lease","dispatcher_id":"dsp_01m2qhghqvvsthjf8hn32xpz5a","reclaimed_dispatchers":"[DispatcherId(dsp_01m2qhgcf8qgfeqtpn932383jk)]","leases":0,"invocations":0,"attempts":0,"fenced":0,"target":"tachyon_serverless_application::services::dispatcher"}
{"timestamp":"2026-09-17T11:19:58.978394Z","level":"WARN","message":"failpoint armed from TSLS_FAILPOINTS","name":"accept.after_object_put","action":"Kill","count":"None","target":"tachyon_serverless_application::failpoints"}
{"timestamp":"2026-09-17T11:19:58.978538Z","level":"INFO","message":"application bootstrapped","profile":"dev","provider":"process","dev_only":true,"environment_reuse":false,"reuse_verified":false,"reuse_reason":"[pool] enabled is false","reuse_disabled":"Some(Configuration)","idle_quiesce":"unsupported","idle_resume":"unsupported","data_dir":"/private/var/folders/z7/khzdjrt95cg_fcmcnh4j1b5h0000gn/T/tsls-chaos.9WZmDA/data","store":"sqlite","dispatcher_id":"dsp_01m2qhghqvvsthjf8hn32xpz5a","node":"local","node_region":"none","node_memory_mib":"None","max_concurrency":8,"queue":"nats","objects":"filesystem","invoke_async":true,"triggers":true,"target":"tachyon_serverless_application::app"}
{"timestamp":"2026-09-17T11:19:58.979083Z","level":"INFO","message":"startup reconcile finished","provider":"process","found":0,"adopted":0,"terminated":0,"disowned":0,"failed":0,"lost":0,"foreign":0,"reclaimed_dispatchers":0,"fenced_terminated":0,"fenced_pending":0,"target":"tachyon_serverless_application::services::reconcile"}
{"timestamp":"2026-09-17T11:19:58.979181Z","level":"INFO","message":"gateway listening","addr":"127.0.0.1:52200","profile":"dev","provider":"process","target":"tachyon_serverless_gateway"}
{"timestamp":"2026-09-17T11:19:58.981282Z","level":"INFO","message":"asynchronous dispatcher started","workers":2,"owner":"dsp_01m2qhghqvvsthjf8hn32xpz5a","target":"tachyon_serverless_gateway"}
{"timestamp":"2026-09-17T11:19:58.992531Z","level":"INFO","message":"asynchronous run claimed","invocation_id":"inv_01m2qhgh7dxc0bwmqp8vnva2wm","attempt":1,"generation":0,"delivery_count":1,"target":"tachyon_serverless_application::services::invoke_async::dispatch"}
{"timestamp":"2026-09-17T11:19:58.992960Z","level":"INFO","message":"asynchronous run claimed","invocation_id":"inv_01m2qhgha5k94weh6e4aj95zjz","attempt":1,"generation":0,"delivery_count":1,"target":"tachyon_serverless_application::services::invoke_async::dispatch"}
{"timestamp":"2026-09-17T11:19:59.293140Z","level":"INFO","message":"bridge spawned","environment_id":"env_01m2qhghrhqd2s80yd58pzs1ad","pid":38027,"target":"tachyon_serverless_provider_process"}
{"timestamp":"2026-09-17T11:19:59.302208Z","level":"INFO","message":"bridge spawned","environment_id":"env_01m2qhghrpgsgb9q2mysbvxs89","pid":38029,"target":"tachyon_serverless_provider_process"}
{"timestamp":"2026-09-17T11:19:59.316241Z","level":"ERROR","message":"failpoint fired: SIGKILL","name":"accept.after_object_put","target":"tachyon_serverless_application::failpoints"}

===== a start (failpoints: none) 11:19:59 =====
{"timestamp":"2026-09-17T11:19:59.356928Z","level":"INFO","message":"configuration loaded","config":"/private/var/folders/z7/khzdjrt95cg_fcmcnh4j1b5h0000gn/T/tsls-chaos.9WZmDA/gw-a.toml","target":"tachyon_serverless_gateway"}
{"timestamp":"2026-09-17T11:19:59.359279Z","level":"INFO","message":"connected successfully","server":"52196","max_payload":"1048576","target":"async_nats::connector"}
{"timestamp":"2026-09-17T11:19:59.359441Z","level":"INFO","message":"event: connected","target":"async_nats"}
{"timestamp":"2026-09-17T11:19:59.371300Z","level":"INFO","message":"JetStream queue connected and stream bootstrapped","url":"nats://127.0.0.1:52196","stream":"TACHYON_EVENTS","target":"tachyon_serverless_gateway::durable"}
{"timestamp":"2026-09-17T11:19:59.374225Z","level":"INFO","message":"state store opened","path":"/private/var/folders/z7/khzdjrt95cg_fcmcnh4j1b5h0000gn/T/tsls-chaos.9WZmDA/data/state.db","schema_version":8,"migrations_applied":"[]","imported_state_json":"None","settled_invocations":0,"settled_attempts":0,"settled_environments":0,"released_leases":0,"dropped_idempotency_keys":0,"purged_idempotency_keys":0,"outputs_purged":0,"target":"tachyon_serverless_application::app"}
{"timestamp":"2026-09-17T11:19:59.374630Z","level":"INFO","message":"dispatcher registered","dispatcher_id":"dsp_01m2qhgj4ekd2sk9hczxx7wjdp","instance":"chaos-a","pid":38043,"lease_ttl_seconds":6,"target":"tachyon_serverless_application::services::dispatcher"}
{"timestamp":"2026-09-17T11:19:59.375838Z","level":"WARN","message":"reclaimed the work of dispatchers that lost their lease","dispatcher_id":"dsp_01m2qhgj4ekd2sk9hczxx7wjdp","reclaimed_dispatchers":"[DispatcherId(dsp_01m2qhghqvvsthjf8hn32xpz5a)]","leases":0,"invocations":0,"attempts":0,"fenced":2,"target":"tachyon_serverless_application::services::dispatcher"}
{"timestamp":"2026-09-17T11:19:59.377658Z","level":"INFO","message":"application bootstrapped","profile":"dev","provider":"process","dev_only":true,"environment_reuse":false,"reuse_verified":false,"reuse_reason":"[pool] enabled is false","reuse_disabled":"Some(Configuration)","idle_quiesce":"unsupported","idle_resume":"unsupported","data_dir":"/private/var/folders/z7/khzdjrt95cg_fcmcnh4j1b5h0000gn/T/tsls-chaos.9WZmDA/data","store":"sqlite","dispatcher_id":"dsp_01m2qhgj4ekd2sk9hczxx7wjdp","node":"local","node_region":"none","node_memory_mib":"None","max_concurrency":8,"queue":"nats","objects":"filesystem","invoke_async":true,"triggers":true,"target":"tachyon_serverless_application::app"}
{"timestamp":"2026-09-17T11:19:59.379077Z","level":"INFO","message":"fenced environment terminated and settled","environment_id":"env_01m2qhghrhqd2s80yd58pzs1ad","owner":"Some(DispatcherId(dsp_01m2qhghqvvsthjf8hn32xpz5a))","was_running":false,"target":"tachyon_serverless_application::services::reconcile"}
{"timestamp":"2026-09-17T11:19:59.380042Z","level":"INFO","message":"fenced environment terminated and settled","environment_id":"env_01m2qhghrpgsgb9q2mysbvxs89","owner":"Some(DispatcherId(dsp_01m2qhghqvvsthjf8hn32xpz5a))","was_running":false,"target":"tachyon_serverless_application::services::reconcile"}
{"timestamp":"2026-09-17T11:19:59.380278Z","level":"INFO","message":"startup reconcile finished","provider":"process","found":0,"adopted":0,"terminated":0,"disowned":0,"failed":0,"lost":0,"foreign":0,"reclaimed_dispatchers":0,"fenced_terminated":2,"fenced_pending":0,"target":"tachyon_serverless_application::services::reconcile"}
{"timestamp":"2026-09-17T11:19:59.380361Z","level":"INFO","message":"gateway listening","addr":"127.0.0.1:52200","profile":"dev","provider":"process","target":"tachyon_serverless_gateway"}
{"timestamp":"2026-09-17T11:19:59.382414Z","level":"INFO","message":"asynchronous dispatcher started","workers":2,"owner":"dsp_01m2qhgj4ekd2sk9hczxx7wjdp","target":"tachyon_serverless_gateway"}
{"timestamp":"2026-09-17T11:19:59.393128Z","level":"INFO","message":"asynchronous run claimed","invocation_id":"inv_01m2qhggsk4x61cnxrcs8pkd8p","attempt":1,"generation":1,"delivery_count":1,"target":"tachyon_serverless_application::services::invoke_async::dispatch"}
{"timestamp":"2026-09-17T11:19:59.393612Z","level":"INFO","message":"asynchronous run claimed","invocation_id":"inv_01m2qhgh41jj4r55kbggjzb3zy","attempt":1,"generation":1,"delivery_count":1,"target":"tachyon_serverless_application::services::invoke_async::dispatch"}
{"timestamp":"2026-09-17T11:19:59.655099Z","level":"INFO","message":"trigger updated","trigger_id":"trg_01m2qhgf9zkwrg36mr48q36x9k","generation":3,"status":"enabled","next_fire_at":"Some(2026-09-17T11:20:00Z)","rotated_secret":false,"target":"tachyon_serverless_application::services::triggers"}
{"timestamp":"2026-09-17T11:19:59.695560Z","level":"INFO","message":"bridge spawned","environment_id":"env_01m2qhgj51x3w8tzydctsbadwb","pid":38059,"target":"tachyon_serverless_provider_process"}
{"timestamp":"2026-09-17T11:19:59.703949Z","level":"INFO","message":"bridge spawned","environment_id":"env_01m2qhgj513qtcqa4h4yvws1g6","pid":38060,"target":"tachyon_serverless_provider_process"}
{"timestamp":"2026-09-17T11:19:59.714163Z","level":"INFO","message":"invocation finished","invocation_id":"inv_01m2qhggsk4x61cnxrcs8pkd8p","status":"succeeded (async run)","handler_ms":0,"environment_boot_ms":7,"runtime_init_ms":8,"target":"tachyon_serverless_application::services::invoke"}
{"timestamp":"2026-09-17T11:19:59.716148Z","level":"INFO","message":"terminating bridge","environment_id":"env_01m2qhgj51x3w8tzydctsbadwb","pid":38059,"reason":"Completed","graceful":true,"target":"tachyon_serverless_provider_process"}
{"timestamp":"2026-09-17T11:19:59.722677Z","level":"INFO","message":"asynchronous invocation settled","invocation_id":"inv_01m2qhggsk4x61cnxrcs8pkd8p","status":"succeeded","target":"tachyon_serverless_application::services::invoke_async::dispatch"}
{"timestamp":"2026-09-17T11:19:59.723561Z","level":"INFO","message":"invocation finished","invocation_id":"inv_01m2qhgh41jj4r55kbggjzb3zy","status":"succeeded (async run)","handler_ms":3,"environment_boot_ms":6,"runtime_init_ms":8,"target":"tachyon_serverless_application::services::invoke"}
{"timestamp":"2026-09-17T11:19:59.728724Z","level":"INFO","message":"async dispatch: delivery handled","message_id":"inv_01m2qhggsk4x61cnxrcs8pkd8p.g1","sequence":12,"delivery_count":1,"outcome":"Completed { status: \"succeeded\" }","target":"tachyon_serverless_application::services::invoke_async::dispatch"}
{"timestamp":"2026-09-17T11:19:59.730069Z","level":"INFO","message":"terminating bridge","environment_id":"env_01m2qhgj513qtcqa4h4yvws1g6","pid":38060,"reason":"Completed","graceful":true,"target":"tachyon_serverless_provider_process"}
{"timestamp":"2026-09-17T11:19:59.738187Z","level":"INFO","message":"asynchronous invocation settled","invocation_id":"inv_01m2qhgh41jj4r55kbggjzb3zy","status":"succeeded","target":"tachyon_serverless_application::services::invoke_async::dispatch"}
{"timestamp":"2026-09-17T11:19:59.743460Z","level":"INFO","message":"async dispatch: delivery handled","message_id":"inv_01m2qhgh41jj4r55kbggjzb3zy.g1","sequence":11,"delivery_count":1,"outcome":"Completed { status: \"succeeded\" }","target":"tachyon_serverless_application::services::invoke_async::dispatch"}
{"timestamp":"2026-09-17T11:20:00.002940Z","level":"INFO","message":"asynchronous invocation accepted","invocation_id":"inv_01m2qhgjr193pvb44rayq3sqem","tenant_id":"tn_01hzzzzzzzzzzzzzzzzzzzzzza","revision_id":"rev_01m2qhge2cm2936q1bqc8azea0","input_bytes":180,"input_storage":"inline","target":"tachyon_serverless_application::services::invoke_async"}
{"timestamp":"2026-09-17T11:20:00.003005Z","level":"INFO","message":"cron trigger fired","trigger_id":"trg_01m2qhgf9zkwrg36mr48q36x9k","scheduled_at":"2026-09-17T11:20:00Z","invocation_id":"inv_01m2qhgjr193pvb44rayq3sqem","revision_id":"rev_01m2qhge2cm2936q1bqc8azea0","replayed":false,"target":"tachyon_serverless_application::services::triggers"}
{"timestamp":"2026-09-17T11:20:00.010631Z","level":"INFO","message":"asynchronous run claimed","invocation_id":"inv_01m2qhgjr193pvb44rayq3sqem","attempt":1,"generation":0,"delivery_count":1,"target":"tachyon_serverless_application::services::invoke_async::dispatch"}
{"timestamp":"2026-09-17T11:20:00.262990Z","level":"INFO","message":"bridge spawned","environment_id":"env_01m2qhgjra5ka3aeyxa2033rsm","pid":38063,"target":"tachyon_serverless_provider_process"}
{"timestamp":"2026-09-17T11:20:00.278617Z","level":"INFO","message":"invocation finished","invocation_id":"inv_01m2qhgjr193pvb44rayq3sqem","status":"succeeded (async run)","handler_ms":0,"environment_boot_ms":6,"runtime_init_ms":7,"target":"tachyon_serverless_application::services::invoke"}
{"timestamp":"2026-09-17T11:20:00.280388Z","level":"INFO","message":"terminating bridge","environment_id":"env_01m2qhgjra5ka3aeyxa2033rsm","pid":38063,"reason":"Completed","graceful":true,"target":"tachyon_serverless_provider_process"}
{"timestamp":"2026-09-17T11:20:00.283811Z","level":"INFO","message":"asynchronous invocation settled","invocation_id":"inv_01m2qhgjr193pvb44rayq3sqem","status":"succeeded","target":"tachyon_serverless_application::services::invoke_async::dispatch"}
{"timestamp":"2026-09-17T11:20:00.289092Z","level":"INFO","message":"async dispatch: delivery handled","message_id":"inv_01m2qhgjr193pvb44rayq3sqem","sequence":13,"delivery_count":1,"outcome":"Completed { status: \"succeeded\" }","target":"tachyon_serverless_application::services::invoke_async::dispatch"}
{"timestamp":"2026-09-17T11:20:02.001933Z","level":"INFO","message":"asynchronous invocation accepted","invocation_id":"inv_01m2qhgmphpkmzerp6w6v5dqxm","tenant_id":"tn_01hzzzzzzzzzzzzzzzzzzzzzza","revision_id":"rev_01m2qhge2cm2936q1bqc8azea0","input_bytes":180,"input_storage":"inline","target":"tachyon_serverless_application::services::invoke_async"}
{"timestamp":"2026-09-17T11:20:02.001970Z","level":"INFO","message":"cron trigger fired","trigger_id":"trg_01m2qhgf9zkwrg36mr48q36x9k","scheduled_at":"2026-09-17T11:20:02Z","invocation_id":"inv_01m2qhgmphpkmzerp6w6v5dqxm","revision_id":"rev_01m2qhge2cm2936q1bqc8azea0","replayed":false,"target":"tachyon_serverless_application::services::triggers"}
{"timestamp":"2026-09-17T11:20:02.010298Z","level":"INFO","message":"asynchronous run claimed","invocation_id":"inv_01m2qhgmphpkmzerp6w6v5dqxm","attempt":1,"generation":0,"delivery_count":1,"target":"tachyon_serverless_application::services::invoke_async::dispatch"}
{"timestamp":"2026-09-17T11:20:02.164016Z","level":"INFO","message":"bridge spawned","environment_id":"env_01m2qhgmpt0n0x54s081prn82s","pid":38065,"target":"tachyon_serverless_provider_process"}
{"timestamp":"2026-09-17T11:20:02.174631Z","level":"INFO","message":"invocation finished","invocation_id":"inv_01m2qhgmphpkmzerp6w6v5dqxm","status":"succeeded (async run)","handler_ms":0,"environment_boot_ms":4,"runtime_init_ms":5,"target":"tachyon_serverless_application::services::invoke"}
{"timestamp":"2026-09-17T11:20:02.176195Z","level":"INFO","message":"terminating bridge","environment_id":"env_01m2qhgmpt0n0x54s081prn82s","pid":38065,"reason":"Completed","graceful":true,"target":"tachyon_serverless_provider_process"}
{"timestamp":"2026-09-17T11:20:02.178591Z","level":"INFO","message":"asynchronous invocation settled","invocation_id":"inv_01m2qhgmphpkmzerp6w6v5dqxm","status":"succeeded","target":"tachyon_serverless_application::services::invoke_async::dispatch"}
{"timestamp":"2026-09-17T11:20:02.183967Z","level":"INFO","message":"async dispatch: delivery handled","message_id":"inv_01m2qhgmphpkmzerp6w6v5dqxm","sequence":14,"delivery_count":1,"outcome":"Completed { status: \"succeeded\" }","target":"tachyon_serverless_application::services::invoke_async::dispatch"}
{"timestamp":"2026-09-17T11:20:02.851469Z","level":"INFO","message":"bridge spawned","environment_id":"env_01m2qhgnbrxbz2d99g2s6b4ypt","pid":38079,"target":"tachyon_serverless_provider_process"}
{"timestamp":"2026-09-17T11:20:02.852008Z","level":"INFO","message":"bridge spawned","environment_id":"env_01m2qhgnbrw34vdxcae7zbvpxb","pid":38080,"target":"tachyon_serverless_provider_process"}
{"timestamp":"2026-09-17T11:20:02.995149Z","level":"INFO","message":"async dispatch: delivery handled","message_id":"inv_01m2qhgh7dxc0bwmqp8vnva2wm","sequence":9,"delivery_count":2,"outcome":"Skipped(\"claimed\")","target":"tachyon_serverless_application::services::invoke_async::dispatch"}
{"timestamp":"2026-09-17T11:20:02.995646Z","level":"INFO","message":"asynchronous run claimed","invocation_id":"inv_01m2qhgha5k94weh6e4aj95zjz","attempt":2,"generation":0,"delivery_count":2,"target":"tachyon_serverless_application::services::invoke_async::dispatch"}
{"timestamp":"2026-09-17T11:20:03.204227Z","level":"INFO","message":"bridge spawned","environment_id":"env_01m2qhgnnk9f03rzap02r91e03","pid":38095,"target":"tachyon_serverless_provider_process"}
{"timestamp":"2026-09-17T11:20:03.218100Z","level":"INFO","message":"invocation finished","invocation_id":"inv_01m2qhgha5k94weh6e4aj95zjz","status":"succeeded (async run)","handler_ms":0,"environment_boot_ms":10,"runtime_init_ms":6,"target":"tachyon_serverless_application::services::invoke"}
{"timestamp":"2026-09-17T11:20:03.219766Z","level":"INFO","message":"terminating bridge","environment_id":"env_01m2qhgnnk9f03rzap02r91e03","pid":38095,"reason":"Completed","graceful":true,"target":"tachyon_serverless_provider_process"}
{"timestamp":"2026-09-17T11:20:03.223271Z","level":"INFO","message":"asynchronous invocation settled","invocation_id":"inv_01m2qhgha5k94weh6e4aj95zjz","status":"succeeded","target":"tachyon_serverless_application::services::invoke_async::dispatch"}
{"timestamp":"2026-09-17T11:20:03.228827Z","level":"INFO","message":"async dispatch: delivery handled","message_id":"inv_01m2qhgha5k94weh6e4aj95zjz","sequence":10,"delivery_count":2,"outcome":"Completed { status: \"succeeded\" }","target":"tachyon_serverless_application::services::invoke_async::dispatch"}
{"timestamp":"2026-09-17T11:20:03.385784Z","level":"INFO","message":"asynchronous invocation rescheduled","invocation_id":"inv_01m2qhgh7dxc0bwmqp8vnva2wm","next_attempt_at":"2026-09-17T11:20:03.483570+00:00","counted":true,"error_type":"Host.AsyncRunAbandoned","target":"tachyon_serverless_application::services::invoke_async::dispatch"}
{"timestamp":"2026-09-17T11:20:03.385833Z","level":"INFO","message":"async reaper pass","report":"ReapReport { examined: 1, abandoned: 1, republished: 0, dead_lettered: 0, lost: 0, failed: 0 }","target":"tachyon_serverless_application::services::invoke_async::dispatch"}
{"timestamp":"2026-09-17T11:20:03.496382Z","level":"INFO","message":"asynchronous run claimed","invocation_id":"inv_01m2qhgh7dxc0bwmqp8vnva2wm","attempt":2,"generation":1,"delivery_count":1,"target":"tachyon_serverless_application::services::invoke_async::dispatch"}
{"timestamp":"2026-09-17T11:20:03.793052Z","level":"INFO","message":"bridge spawned","environment_id":"env_01m2qhgp5aygsbk6j6zdnapcgx","pid":38104,"target":"tachyon_serverless_provider_process"}
{"timestamp":"2026-09-17T11:20:03.813059Z","level":"INFO","message":"invocation finished","invocation_id":"inv_01m2qhgh7dxc0bwmqp8vnva2wm","status":"succeeded (async run)","handler_ms":1,"environment_boot_ms":8,"runtime_init_ms":8,"target":"tachyon_serverless_application::services::invoke"}
{"timestamp":"2026-09-17T11:20:03.814861Z","level":"INFO","message":"terminating bridge","environment_id":"env_01m2qhgp5aygsbk6j6zdnapcgx","pid":38104,"reason":"Completed","graceful":true,"target":"tachyon_serverless_provider_process"}
{"timestamp":"2026-09-17T11:20:03.819363Z","level":"INFO","message":"asynchronous invocation settled","invocation_id":"inv_01m2qhgh7dxc0bwmqp8vnva2wm","status":"succeeded","target":"tachyon_serverless_application::services::invoke_async::dispatch"}
{"timestamp":"2026-09-17T11:20:03.825563Z","level":"INFO","message":"async dispatch: delivery handled","message_id":"inv_01m2qhgh7dxc0bwmqp8vnva2wm.g1","sequence":15,"delivery_count":1,"outcome":"Completed { status: \"succeeded\" }","target":"tachyon_serverless_application::services::invoke_async::dispatch"}
{"timestamp":"2026-09-17T11:20:04.003469Z","level":"INFO","message":"asynchronous invocation accepted","invocation_id":"inv_01m2qhgpn2wz5c304xbqxk81ew","tenant_id":"tn_01hzzzzzzzzzzzzzzzzzzzzzza","revision_id":"rev_01m2qhge2cm2936q1bqc8azea0","input_bytes":180,"input_storage":"inline","target":"tachyon_serverless_application::services::invoke_async"}
{"timestamp":"2026-09-17T11:20:04.003519Z","level":"INFO","message":"cron trigger fired","trigger_id":"trg_01m2qhgf9zkwrg36mr48q36x9k","scheduled_at":"2026-09-17T11:20:04Z","invocation_id":"inv_01m2qhgpn2wz5c304xbqxk81ew","revision_id":"rev_01m2qhge2cm2936q1bqc8azea0","replayed":false,"target":"tachyon_serverless_application::services::triggers"}
{"timestamp":"2026-09-17T11:20:04.013022Z","level":"INFO","message":"asynchronous run claimed","invocation_id":"inv_01m2qhgpn2wz5c304xbqxk81ew","attempt":1,"generation":0,"delivery_count":1,"target":"tachyon_serverless_application::services::invoke_async::dispatch"}
{"timestamp":"2026-09-17T11:20:04.329096Z","level":"INFO","message":"bridge spawned","environment_id":"env_01m2qhgpndxdkyq370r28g90w3","pid":38109,"target":"tachyon_serverless_provider_process"}
{"timestamp":"2026-09-17T11:20:04.350134Z","level":"INFO","message":"invocation finished","invocation_id":"inv_01m2qhgpn2wz5c304xbqxk81ew","status":"succeeded (async run)","handler_ms":1,"environment_boot_ms":8,"runtime_init_ms":9,"target":"tachyon_serverless_application::services::invoke"}
{"timestamp":"2026-09-17T11:20:04.352142Z","level":"INFO","message":"terminating bridge","environment_id":"env_01m2qhgpndxdkyq370r28g90w3","pid":38109,"reason":"Completed","graceful":true,"target":"tachyon_serverless_provider_process"}
{"timestamp":"2026-09-17T11:20:04.357531Z","level":"INFO","message":"asynchronous invocation settled","invocation_id":"inv_01m2qhgpn2wz5c304xbqxk81ew","status":"succeeded","target":"tachyon_serverless_application::services::invoke_async::dispatch"}
{"timestamp":"2026-09-17T11:20:04.433520Z","level":"INFO","message":"asynchronous invocation accepted","invocation_id":"inv_01m2qhgq1sg29vnzyzm4naetn4","tenant_id":"tn_01hzzzzzzzzzzzzzzzzzzzzzza","revision_id":"rev_01m2qhgd6znb2jn9hefazbgfcc","input_bytes":4127,"input_storage":"object","target":"tachyon_serverless_application::services::invoke_async"}
{"timestamp":"2026-09-17T11:20:04.576338Z","level":"INFO","message":"asynchronous invocation accepted","invocation_id":"inv_01m2qhgq6d649je9wff8rby6ve","tenant_id":"tn_01hzzzzzzzzzzzzzzzzzzzzzza","revision_id":"rev_01m2qhgd6znb2jn9hefazbgfcc","input_bytes":4127,"input_storage":"object","target":"tachyon_serverless_application::services::invoke_async"}
{"timestamp":"2026-09-17T11:20:04.710905Z","level":"INFO","message":"asynchronous invocation accepted","invocation_id":"inv_01m2qhgqanb437dmerg5gcmez1","tenant_id":"tn_01hzzzzzzzzzzzzzzzzzzzzzza","revision_id":"rev_01m2qhgd6znb2jn9hefazbgfcc","input_bytes":4127,"input_storage":"object","target":"tachyon_serverless_application::services::invoke_async"}
{"timestamp":"2026-09-17T11:20:06.002985Z","level":"INFO","message":"asynchronous invocation accepted","invocation_id":"inv_01m2qhgrkhpsdeaqt2feg9wajw","tenant_id":"tn_01hzzzzzzzzzzzzzzzzzzzzzza","revision_id":"rev_01m2qhge2cm2936q1bqc8azea0","input_bytes":180,"input_storage":"inline","target":"tachyon_serverless_application::services::invoke_async"}
{"timestamp":"2026-09-17T11:20:06.003075Z","level":"INFO","message":"cron trigger fired","trigger_id":"trg_01m2qhgf9zkwrg36mr48q36x9k","scheduled_at":"2026-09-17T11:20:06Z","invocation_id":"inv_01m2qhgrkhpsdeaqt2feg9wajw","revision_id":"rev_01m2qhge2cm2936q1bqc8azea0","replayed":false,"target":"tachyon_serverless_application::services::triggers"}
{"timestamp":"2026-09-17T11:20:06.359592Z","level":"WARN","message":"async dispatch: ack failed; the redelivery settles on the ledger","message_id":"inv_01m2qhgpn2wz5c304xbqxk81ew","error":"queue unavailable: ack not confirmed: request timed out: deadline has elapsed","target":"tachyon_serverless_application::services::invoke_async::dispatch"}
{"timestamp":"2026-09-17T11:20:06.359689Z","level":"INFO","message":"async dispatch: delivery handled","message_id":"inv_01m2qhgpn2wz5c304xbqxk81ew","sequence":16,"delivery_count":1,"outcome":"Completed { status: \"succeeded\" }","target":"tachyon_serverless_application::services::invoke_async::dispatch"}
{"timestamp":"2026-09-17T11:20:06.436183Z","level":"WARN","message":"outbox: publish failed","event":"inv_01m2qhgq1sg29vnzyzm4naetn4","attempts":1,"code":"unavailable","error":"queue unavailable: publish: timed out: didn't receive ack in time","target":"tachyon_serverless_application::services::invoke_async::publisher"}
{"timestamp":"2026-09-17T11:20:08.002640Z","level":"INFO","message":"asynchronous invocation accepted","invocation_id":"inv_01m2qhgtj1ctv0zpz1fts8ze7b","tenant_id":"tn_01hzzzzzzzzzzzzzzzzzzzzzza","revision_id":"rev_01m2qhge2cm2936q1bqc8azea0","input_bytes":180,"input_storage":"inline","target":"tachyon_serverless_application::services::invoke_async"}
{"timestamp":"2026-09-17T11:20:08.002699Z","level":"INFO","message":"cron trigger fired","trigger_id":"trg_01m2qhgf9zkwrg36mr48q36x9k","scheduled_at":"2026-09-17T11:20:08Z","invocation_id":"inv_01m2qhgtj1ctv0zpz1fts8ze7b","revision_id":"rev_01m2qhge2cm2936q1bqc8azea0","replayed":false,"target":"tachyon_serverless_application::services::triggers"}
{"timestamp":"2026-09-17T11:20:08.439360Z","level":"WARN","message":"outbox: publish failed","event":"inv_01m2qhgq6d649je9wff8rby6ve","attempts":1,"code":"unavailable","error":"queue unavailable: publish: timed out: didn't receive ack in time","target":"tachyon_serverless_application::services::invoke_async::publisher"}

===== a start (failpoints: none) 11:20:08 =====
{"timestamp":"2026-09-17T11:20:08.606314Z","level":"INFO","message":"configuration loaded","config":"/private/var/folders/z7/khzdjrt95cg_fcmcnh4j1b5h0000gn/T/tsls-chaos.9WZmDA/gw-a.toml","target":"tachyon_serverless_gateway"}
{"timestamp":"2026-09-17T11:20:08.608633Z","level":"INFO","message":"connected successfully","server":"52196","max_payload":"1048576","target":"async_nats::connector"}
{"timestamp":"2026-09-17T11:20:08.608790Z","level":"INFO","message":"event: connected","target":"async_nats"}
{"timestamp":"2026-09-17T11:20:08.619997Z","level":"INFO","message":"JetStream queue connected and stream bootstrapped","url":"nats://127.0.0.1:52196","stream":"TACHYON_EVENTS","target":"tachyon_serverless_gateway::durable"}
{"timestamp":"2026-09-17T11:20:08.623108Z","level":"INFO","message":"state store opened","path":"/private/var/folders/z7/khzdjrt95cg_fcmcnh4j1b5h0000gn/T/tsls-chaos.9WZmDA/data/state.db","schema_version":8,"migrations_applied":"[]","imported_state_json":"None","settled_invocations":0,"settled_attempts":0,"settled_environments":0,"released_leases":0,"dropped_idempotency_keys":0,"purged_idempotency_keys":0,"outputs_purged":0,"target":"tachyon_serverless_application::app"}
{"timestamp":"2026-09-17T11:20:08.623531Z","level":"INFO","message":"dispatcher registered","dispatcher_id":"dsp_01m2qhgv5fjxt5t5v2fhfc0wca","instance":"chaos-a","pid":38286,"lease_ttl_seconds":6,"target":"tachyon_serverless_application::services::dispatcher"}
{"timestamp":"2026-09-17T11:20:08.626170Z","level":"WARN","message":"reclaimed the work of dispatchers that lost their lease","dispatcher_id":"dsp_01m2qhgv5fjxt5t5v2fhfc0wca","reclaimed_dispatchers":"[DispatcherId(dsp_01m2qhgj4ekd2sk9hczxx7wjdp)]","leases":2,"invocations":2,"attempts":2,"fenced":2,"target":"tachyon_serverless_application::services::dispatcher"}
{"timestamp":"2026-09-17T11:20:08.629371Z","level":"INFO","message":"application bootstrapped","profile":"dev","provider":"process","dev_only":true,"environment_reuse":false,"reuse_verified":false,"reuse_reason":"[pool] enabled is false","reuse_disabled":"Some(Configuration)","idle_quiesce":"unsupported","idle_resume":"unsupported","data_dir":"/private/var/folders/z7/khzdjrt95cg_fcmcnh4j1b5h0000gn/T/tsls-chaos.9WZmDA/data","store":"sqlite","dispatcher_id":"dsp_01m2qhgv5fjxt5t5v2fhfc0wca","node":"local","node_region":"none","node_memory_mib":"None","max_concurrency":8,"queue":"nats","objects":"filesystem","invoke_async":true,"triggers":true,"target":"tachyon_serverless_application::app"}
{"timestamp":"2026-09-17T11:20:08.630886Z","level":"INFO","message":"fenced environment terminated and settled","environment_id":"env_01m2qhgnbrw34vdxcae7zbvpxb","owner":"Some(DispatcherId(dsp_01m2qhgj4ekd2sk9hczxx7wjdp))","was_running":false,"target":"tachyon_serverless_application::services::reconcile"}
{"timestamp":"2026-09-17T11:20:08.631763Z","level":"INFO","message":"fenced environment terminated and settled","environment_id":"env_01m2qhgnbrxbz2d99g2s6b4ypt","owner":"Some(DispatcherId(dsp_01m2qhgj4ekd2sk9hczxx7wjdp))","was_running":false,"target":"tachyon_serverless_application::services::reconcile"}
{"timestamp":"2026-09-17T11:20:08.632066Z","level":"INFO","message":"startup reconcile finished","provider":"process","found":0,"adopted":0,"terminated":0,"disowned":0,"failed":0,"lost":0,"foreign":0,"reclaimed_dispatchers":0,"fenced_terminated":2,"fenced_pending":0,"target":"tachyon_serverless_application::services::reconcile"}
{"timestamp":"2026-09-17T11:20:08.632164Z","level":"INFO","message":"gateway listening","addr":"127.0.0.1:52200","profile":"dev","provider":"process","target":"tachyon_serverless_gateway"}
{"timestamp":"2026-09-17T11:20:08.634257Z","level":"INFO","message":"asynchronous dispatcher started","workers":2,"owner":"dsp_01m2qhgv5fjxt5t5v2fhfc0wca","target":"tachyon_serverless_gateway"}
{"timestamp":"2026-09-17T11:20:08.647602Z","level":"INFO","message":"asynchronous run claimed","invocation_id":"inv_01m2qhgq1sg29vnzyzm4naetn4","attempt":1,"generation":0,"delivery_count":1,"target":"tachyon_serverless_application::services::invoke_async::dispatch"}
{"timestamp":"2026-09-17T11:20:08.652324Z","level":"INFO","message":"asynchronous run claimed","invocation_id":"inv_01m2qhgq6d649je9wff8rby6ve","attempt":1,"generation":0,"delivery_count":1,"target":"tachyon_serverless_application::services::invoke_async::dispatch"}
{"timestamp":"2026-09-17T11:20:08.748270Z","level":"INFO","message":"outbox: re-published events the broker already had, or whose claim moved on","duplicates":1,"lost_claims":0,"marked":3,"target":"tachyon_serverless_application::services::invoke_async::publisher"}
{"timestamp":"2026-09-17T11:20:08.931745Z","level":"INFO","message":"bridge spawned","environment_id":"env_01m2qhgv6a9fg6r1q2mca9ta6n","pid":38309,"target":"tachyon_serverless_provider_process"}
{"timestamp":"2026-09-17T11:20:08.935371Z","level":"INFO","message":"bridge spawned","environment_id":"env_01m2qhgv6ege70g2dd1tgdek2r","pid":38310,"target":"tachyon_serverless_provider_process"}
{"timestamp":"2026-09-17T11:20:08.951570Z","level":"INFO","message":"invocation finished","invocation_id":"inv_01m2qhgq1sg29vnzyzm4naetn4","status":"succeeded (async run)","handler_ms":2,"environment_boot_ms":6,"runtime_init_ms":8,"target":"tachyon_serverless_application::services::invoke"}
{"timestamp":"2026-09-17T11:20:08.952636Z","level":"INFO","message":"invocation finished","invocation_id":"inv_01m2qhgq6d649je9wff8rby6ve","status":"succeeded (async run)","handler_ms":1,"environment_boot_ms":6,"runtime_init_ms":8,"target":"tachyon_serverless_application::services::invoke"}
{"timestamp":"2026-09-17T11:20:08.953457Z","level":"INFO","message":"terminating bridge","environment_id":"env_01m2qhgv6a9fg6r1q2mca9ta6n","pid":38309,"reason":"Completed","graceful":true,"target":"tachyon_serverless_provider_process"}
{"timestamp":"2026-09-17T11:20:08.953530Z","level":"INFO","message":"terminating bridge","environment_id":"env_01m2qhgv6ege70g2dd1tgdek2r","pid":38310,"reason":"Completed","graceful":true,"target":"tachyon_serverless_provider_process"}
{"timestamp":"2026-09-17T11:20:08.958390Z","level":"INFO","message":"asynchronous invocation settled","invocation_id":"inv_01m2qhgq6d649je9wff8rby6ve","status":"succeeded","target":"tachyon_serverless_application::services::invoke_async::dispatch"}
{"timestamp":"2026-09-17T11:20:08.959011Z","level":"INFO","message":"asynchronous invocation settled","invocation_id":"inv_01m2qhgq1sg29vnzyzm4naetn4","status":"succeeded","target":"tachyon_serverless_application::services::invoke_async::dispatch"}
{"timestamp":"2026-09-17T11:20:08.962475Z","level":"INFO","message":"async dispatch: delivery handled","message_id":"inv_01m2qhgq6d649je9wff8rby6ve","sequence":18,"delivery_count":1,"outcome":"Completed { status: \"succeeded\" }","target":"tachyon_serverless_application::services::invoke_async::dispatch"}
{"timestamp":"2026-09-17T11:20:08.966627Z","level":"INFO","message":"async dispatch: delivery handled","message_id":"inv_01m2qhgq1sg29vnzyzm4naetn4","sequence":17,"delivery_count":1,"outcome":"Completed { status: \"succeeded\" }","target":"tachyon_serverless_application::services::invoke_async::dispatch"}
{"timestamp":"2026-09-17T11:20:08.972403Z","level":"INFO","message":"asynchronous run claimed","invocation_id":"inv_01m2qhgqanb437dmerg5gcmez1","attempt":1,"generation":0,"delivery_count":1,"target":"tachyon_serverless_application::services::invoke_async::dispatch"}
{"timestamp":"2026-09-17T11:20:08.972893Z","level":"INFO","message":"asynchronous run claimed","invocation_id":"inv_01m2qhgrkhpsdeaqt2feg9wajw","attempt":1,"generation":0,"delivery_count":1,"target":"tachyon_serverless_application::services::invoke_async::dispatch"}
{"timestamp":"2026-09-17T11:20:09.269618Z","level":"INFO","message":"bridge spawned","environment_id":"env_01m2qhgvgdwb0nn2fept0e2ztx","pid":38328,"target":"tachyon_serverless_provider_process"}
{"timestamp":"2026-09-17T11:20:09.279523Z","level":"INFO","message":"bridge spawned","environment_id":"env_01m2qhgvgfhxtv7x4zjd4cq4my","pid":38330,"target":"tachyon_serverless_provider_process"}
{"timestamp":"2026-09-17T11:20:09.286605Z","level":"INFO","message":"invocation finished","invocation_id":"inv_01m2qhgrkhpsdeaqt2feg9wajw","status":"succeeded (async run)","handler_ms":0,"environment_boot_ms":6,"runtime_init_ms":8,"target":"tachyon_serverless_application::services::invoke"}
{"timestamp":"2026-09-17T11:20:09.287589Z","level":"INFO","message":"terminating bridge","environment_id":"env_01m2qhgvgdwb0nn2fept0e2ztx","pid":38328,"reason":"Completed","graceful":true,"target":"tachyon_serverless_provider_process"}
{"timestamp":"2026-09-17T11:20:09.291893Z","level":"INFO","message":"asynchronous invocation settled","invocation_id":"inv_01m2qhgrkhpsdeaqt2feg9wajw","status":"succeeded","target":"tachyon_serverless_application::services::invoke_async::dispatch"}
{"timestamp":"2026-09-17T11:20:09.296846Z","level":"INFO","message":"async dispatch: delivery handled","message_id":"inv_01m2qhgrkhpsdeaqt2feg9wajw","sequence":20,"delivery_count":1,"outcome":"Completed { status: \"succeeded\" }","target":"tachyon_serverless_application::services::invoke_async::dispatch"}
{"timestamp":"2026-09-17T11:20:09.304986Z","level":"INFO","message":"invocation finished","invocation_id":"inv_01m2qhgqanb437dmerg5gcmez1","status":"succeeded (async run)","handler_ms":1,"environment_boot_ms":7,"runtime_init_ms":11,"target":"tachyon_serverless_application::services::invoke"}
{"timestamp":"2026-09-17T11:20:09.306732Z","level":"INFO","message":"terminating bridge","environment_id":"env_01m2qhgvgfhxtv7x4zjd4cq4my","pid":38330,"reason":"Completed","graceful":true,"target":"tachyon_serverless_provider_process"}
{"timestamp":"2026-09-17T11:20:09.310981Z","level":"INFO","message":"asynchronous invocation settled","invocation_id":"inv_01m2qhgqanb437dmerg5gcmez1","status":"succeeded","target":"tachyon_serverless_application::services::invoke_async::dispatch"}
{"timestamp":"2026-09-17T11:20:09.316803Z","level":"INFO","message":"async dispatch: delivery handled","message_id":"inv_01m2qhgqanb437dmerg5gcmez1","sequence":19,"delivery_count":1,"outcome":"Completed { status: \"succeeded\" }","target":"tachyon_serverless_application::services::invoke_async::dispatch"}
{"timestamp":"2026-09-17T11:20:10.004103Z","level":"INFO","message":"asynchronous invocation accepted","invocation_id":"inv_01m2qhgwgk6kydggzvt9h7nbty","tenant_id":"tn_01hzzzzzzzzzzzzzzzzzzzzzza","revision_id":"rev_01m2qhge2cm2936q1bqc8azea0","input_bytes":180,"input_storage":"inline","target":"tachyon_serverless_application::services::invoke_async"}
{"timestamp":"2026-09-17T11:20:10.004156Z","level":"INFO","message":"cron trigger fired","trigger_id":"trg_01m2qhgf9zkwrg36mr48q36x9k","scheduled_at":"2026-09-17T11:20:10Z","invocation_id":"inv_01m2qhgwgk6kydggzvt9h7nbty","revision_id":"rev_01m2qhge2cm2936q1bqc8azea0","replayed":false,"target":"tachyon_serverless_application::services::triggers"}
{"timestamp":"2026-09-17T11:20:10.016649Z","level":"INFO","message":"asynchronous run claimed","invocation_id":"inv_01m2qhgwgk6kydggzvt9h7nbty","attempt":1,"generation":0,"delivery_count":1,"target":"tachyon_serverless_application::services::invoke_async::dispatch"}
{"timestamp":"2026-09-17T11:20:10.223109Z","level":"INFO","message":"bridge spawned","environment_id":"env_01m2qhgwh0p7psrpb7s908zve7","pid":38386,"target":"tachyon_serverless_provider_process"}
{"timestamp":"2026-09-17T11:20:10.236836Z","level":"INFO","message":"invocation finished","invocation_id":"inv_01m2qhgwgk6kydggzvt9h7nbty","status":"succeeded (async run)","handler_ms":0,"environment_boot_ms":5,"runtime_init_ms":6,"target":"tachyon_serverless_application::services::invoke"}
{"timestamp":"2026-09-17T11:20:10.238539Z","level":"INFO","message":"terminating bridge","environment_id":"env_01m2qhgwh0p7psrpb7s908zve7","pid":38386,"reason":"Completed","graceful":true,"target":"tachyon_serverless_provider_process"}
{"timestamp":"2026-09-17T11:20:10.242022Z","level":"INFO","message":"asynchronous invocation settled","invocation_id":"inv_01m2qhgwgk6kydggzvt9h7nbty","status":"succeeded","target":"tachyon_serverless_application::services::invoke_async::dispatch"}
{"timestamp":"2026-09-17T11:20:10.247667Z","level":"INFO","message":"async dispatch: delivery handled","message_id":"inv_01m2qhgwgk6kydggzvt9h7nbty","sequence":21,"delivery_count":1,"outcome":"Completed { status: \"succeeded\" }","target":"tachyon_serverless_application::services::invoke_async::dispatch"}
{"timestamp":"2026-09-17T11:20:11.453614Z","level":"INFO","message":"asynchronous run claimed","invocation_id":"inv_01m2qhgtj1ctv0zpz1fts8ze7b","attempt":1,"generation":0,"delivery_count":1,"target":"tachyon_serverless_application::services::invoke_async::dispatch"}
{"timestamp":"2026-09-17T11:20:11.647369Z","level":"INFO","message":"bridge spawned","environment_id":"env_01m2qhgxxxce9w3ef9x6ebdggq","pid":38492,"target":"tachyon_serverless_provider_process"}
{"timestamp":"2026-09-17T11:20:11.659903Z","level":"INFO","message":"invocation finished","invocation_id":"inv_01m2qhgtj1ctv0zpz1fts8ze7b","status":"succeeded (async run)","handler_ms":0,"environment_boot_ms":5,"runtime_init_ms":6,"target":"tachyon_serverless_application::services::invoke"}
{"timestamp":"2026-09-17T11:20:11.661561Z","level":"INFO","message":"terminating bridge","environment_id":"env_01m2qhgxxxce9w3ef9x6ebdggq","pid":38492,"reason":"Completed","graceful":true,"target":"tachyon_serverless_provider_process"}
{"timestamp":"2026-09-17T11:20:11.664628Z","level":"INFO","message":"asynchronous invocation settled","invocation_id":"inv_01m2qhgtj1ctv0zpz1fts8ze7b","status":"succeeded","target":"tachyon_serverless_application::services::invoke_async::dispatch"}
{"timestamp":"2026-09-17T11:20:11.671130Z","level":"INFO","message":"async dispatch: delivery handled","message_id":"inv_01m2qhgtj1ctv0zpz1fts8ze7b","sequence":22,"delivery_count":1,"outcome":"Completed { status: \"succeeded\" }","target":"tachyon_serverless_application::services::invoke_async::dispatch"}
{"timestamp":"2026-09-17T11:20:12.002888Z","level":"INFO","message":"asynchronous invocation accepted","invocation_id":"inv_01m2qhgyf2anc8x4z5h2x9btye","tenant_id":"tn_01hzzzzzzzzzzzzzzzzzzzzzza","revision_id":"rev_01m2qhge2cm2936q1bqc8azea0","input_bytes":180,"input_storage":"inline","target":"tachyon_serverless_application::services::invoke_async"}
{"timestamp":"2026-09-17T11:20:12.002937Z","level":"INFO","message":"cron trigger fired","trigger_id":"trg_01m2qhgf9zkwrg36mr48q36x9k","scheduled_at":"2026-09-17T11:20:12Z","invocation_id":"inv_01m2qhgyf2anc8x4z5h2x9btye","revision_id":"rev_01m2qhge2cm2936q1bqc8azea0","replayed":false,"target":"tachyon_serverless_application::services::triggers"}
{"timestamp":"2026-09-17T11:20:12.013091Z","level":"INFO","message":"asynchronous run claimed","invocation_id":"inv_01m2qhgyf2anc8x4z5h2x9btye","attempt":1,"generation":0,"delivery_count":1,"target":"tachyon_serverless_application::services::invoke_async::dispatch"}
{"timestamp":"2026-09-17T11:20:12.217457Z","level":"INFO","message":"bridge spawned","environment_id":"env_01m2qhgyfdy2s3tkg5mx1zvzsw","pid":38535,"target":"tachyon_serverless_provider_process"}
{"timestamp":"2026-09-17T11:20:12.230001Z","level":"INFO","message":"invocation finished","invocation_id":"inv_01m2qhgyf2anc8x4z5h2x9btye","status":"succeeded (async run)","handler_ms":0,"environment_boot_ms":5,"runtime_init_ms":6,"target":"tachyon_serverless_application::services::invoke"}
{"timestamp":"2026-09-17T11:20:12.231683Z","level":"INFO","message":"terminating bridge","environment_id":"env_01m2qhgyfdy2s3tkg5mx1zvzsw","pid":38535,"reason":"Completed","graceful":true,"target":"tachyon_serverless_provider_process"}
{"timestamp":"2026-09-17T11:20:12.234754Z","level":"INFO","message":"asynchronous invocation settled","invocation_id":"inv_01m2qhgyf2anc8x4z5h2x9btye","status":"succeeded","target":"tachyon_serverless_application::services::invoke_async::dispatch"}
{"timestamp":"2026-09-17T11:20:12.240268Z","level":"INFO","message":"async dispatch: delivery handled","message_id":"inv_01m2qhgyf2anc8x4z5h2x9btye","sequence":23,"delivery_count":1,"outcome":"Completed { status: \"succeeded\" }","target":"tachyon_serverless_application::services::invoke_async::dispatch"}
{"timestamp":"2026-09-17T11:20:14.003008Z","level":"INFO","message":"asynchronous invocation accepted","invocation_id":"inv_01m2qhh0dj2v0y2wmw3e1xqz9p","tenant_id":"tn_01hzzzzzzzzzzzzzzzzzzzzzza","revision_id":"rev_01m2qhge2cm2936q1bqc8azea0","input_bytes":180,"input_storage":"inline","target":"tachyon_serverless_application::services::invoke_async"}
{"timestamp":"2026-09-17T11:20:14.003055Z","level":"INFO","message":"cron trigger fired","trigger_id":"trg_01m2qhgf9zkwrg36mr48q36x9k","scheduled_at":"2026-09-17T11:20:14Z","invocation_id":"inv_01m2qhh0dj2v0y2wmw3e1xqz9p","revision_id":"rev_01m2qhge2cm2936q1bqc8azea0","replayed":false,"target":"tachyon_serverless_application::services::triggers"}
{"timestamp":"2026-09-17T11:20:14.010780Z","level":"INFO","message":"asynchronous run claimed","invocation_id":"inv_01m2qhh0dj2v0y2wmw3e1xqz9p","attempt":1,"generation":0,"delivery_count":1,"target":"tachyon_serverless_application::services::invoke_async::dispatch"}
{"timestamp":"2026-09-17T11:20:14.216680Z","level":"INFO","message":"bridge spawned","environment_id":"env_01m2qhh0dv5emc61v8ae7x3xw8","pid":38719,"target":"tachyon_serverless_provider_process"}
{"timestamp":"2026-09-17T11:20:14.229488Z","level":"INFO","message":"invocation finished","invocation_id":"inv_01m2qhh0dj2v0y2wmw3e1xqz9p","status":"succeeded (async run)","handler_ms":0,"environment_boot_ms":5,"runtime_init_ms":6,"target":"tachyon_serverless_application::services::invoke"}
{"timestamp":"2026-09-17T11:20:14.231151Z","level":"INFO","message":"terminating bridge","environment_id":"env_01m2qhh0dv5emc61v8ae7x3xw8","pid":38719,"reason":"Completed","graceful":true,"target":"tachyon_serverless_provider_process"}
{"timestamp":"2026-09-17T11:20:14.234421Z","level":"INFO","message":"asynchronous invocation settled","invocation_id":"inv_01m2qhh0dj2v0y2wmw3e1xqz9p","status":"succeeded","target":"tachyon_serverless_application::services::invoke_async::dispatch"}
{"timestamp":"2026-09-17T11:20:14.239739Z","level":"INFO","message":"async dispatch: delivery handled","message_id":"inv_01m2qhh0dj2v0y2wmw3e1xqz9p","sequence":24,"delivery_count":1,"outcome":"Completed { status: \"succeeded\" }","target":"tachyon_serverless_application::services::invoke_async::dispatch"}
{"timestamp":"2026-09-17T11:20:16.004792Z","level":"INFO","message":"asynchronous invocation accepted","invocation_id":"inv_01m2qhh2c4veexkqgyyz3ag1g5","tenant_id":"tn_01hzzzzzzzzzzzzzzzzzzzzzza","revision_id":"rev_01m2qhge2cm2936q1bqc8azea0","input_bytes":180,"input_storage":"inline","target":"tachyon_serverless_application::services::invoke_async"}
{"timestamp":"2026-09-17T11:20:16.004839Z","level":"INFO","message":"cron trigger fired","trigger_id":"trg_01m2qhgf9zkwrg36mr48q36x9k","scheduled_at":"2026-09-17T11:20:16Z","invocation_id":"inv_01m2qhh2c4veexkqgyyz3ag1g5","revision_id":"rev_01m2qhge2cm2936q1bqc8azea0","replayed":false,"target":"tachyon_serverless_application::services::triggers"}
{"timestamp":"2026-09-17T11:20:16.012548Z","level":"INFO","message":"asynchronous run claimed","invocation_id":"inv_01m2qhh2c4veexkqgyyz3ag1g5","attempt":1,"generation":0,"delivery_count":1,"target":"tachyon_serverless_application::services::invoke_async::dispatch"}
{"timestamp":"2026-09-17T11:20:16.219153Z","level":"INFO","message":"bridge spawned","environment_id":"env_01m2qhh2cc1myb1rh62f3q9age","pid":38896,"target":"tachyon_serverless_provider_process"}
{"timestamp":"2026-09-17T11:20:16.232469Z","level":"INFO","message":"invocation finished","invocation_id":"inv_01m2qhh2c4veexkqgyyz3ag1g5","status":"succeeded (async run)","handler_ms":0,"environment_boot_ms":5,"runtime_init_ms":6,"target":"tachyon_serverless_application::services::invoke"}
{"timestamp":"2026-09-17T11:20:16.234169Z","level":"INFO","message":"terminating bridge","environment_id":"env_01m2qhh2cc1myb1rh62f3q9age","pid":38896,"reason":"Completed","graceful":true,"target":"tachyon_serverless_provider_process"}
{"timestamp":"2026-09-17T11:20:16.237656Z","level":"INFO","message":"asynchronous invocation settled","invocation_id":"inv_01m2qhh2c4veexkqgyyz3ag1g5","status":"succeeded","target":"tachyon_serverless_application::services::invoke_async::dispatch"}
{"timestamp":"2026-09-17T11:20:16.243792Z","level":"INFO","message":"async dispatch: delivery handled","message_id":"inv_01m2qhh2c4veexkqgyyz3ag1g5","sequence":25,"delivery_count":1,"outcome":"Completed { status: \"succeeded\" }","target":"tachyon_serverless_application::services::invoke_async::dispatch"}
{"timestamp":"2026-09-17T11:20:18.002767Z","level":"INFO","message":"asynchronous invocation accepted","invocation_id":"inv_01m2qhh4ahewa0e8bkrnpcxtce","tenant_id":"tn_01hzzzzzzzzzzzzzzzzzzzzzza","revision_id":"rev_01m2qhge2cm2936q1bqc8azea0","input_bytes":180,"input_storage":"inline","target":"tachyon_serverless_application::services::invoke_async"}
{"timestamp":"2026-09-17T11:20:18.002862Z","level":"INFO","message":"cron trigger fired","trigger_id":"trg_01m2qhgf9zkwrg36mr48q36x9k","scheduled_at":"2026-09-17T11:20:18Z","invocation_id":"inv_01m2qhh4ahewa0e8bkrnpcxtce","revision_id":"rev_01m2qhge2cm2936q1bqc8azea0","replayed":false,"target":"tachyon_serverless_application::services::triggers"}
{"timestamp":"2026-09-17T11:20:18.015298Z","level":"INFO","message":"asynchronous run claimed","invocation_id":"inv_01m2qhh4ahewa0e8bkrnpcxtce","attempt":1,"generation":0,"delivery_count":1,"target":"tachyon_serverless_application::services::invoke_async::dispatch"}
{"timestamp":"2026-09-17T11:20:18.230390Z","level":"INFO","message":"bridge spawned","environment_id":"env_01m2qhh4az4c15zgcyexnp3e8y","pid":39086,"target":"tachyon_serverless_provider_process"}
{"timestamp":"2026-09-17T11:20:18.243780Z","level":"INFO","message":"invocation finished","invocation_id":"inv_01m2qhh4ahewa0e8bkrnpcxtce","status":"succeeded (async run)","handler_ms":0,"environment_boot_ms":5,"runtime_init_ms":6,"target":"tachyon_serverless_application::services::invoke"}
{"timestamp":"2026-09-17T11:20:18.245459Z","level":"INFO","message":"terminating bridge","environment_id":"env_01m2qhh4az4c15zgcyexnp3e8y","pid":39086,"reason":"Completed","graceful":true,"target":"tachyon_serverless_provider_process"}
{"timestamp":"2026-09-17T11:20:18.248869Z","level":"INFO","message":"asynchronous invocation settled","invocation_id":"inv_01m2qhh4ahewa0e8bkrnpcxtce","status":"succeeded","target":"tachyon_serverless_application::services::invoke_async::dispatch"}
{"timestamp":"2026-09-17T11:20:18.255200Z","level":"INFO","message":"async dispatch: delivery handled","message_id":"inv_01m2qhh4ahewa0e8bkrnpcxtce","sequence":26,"delivery_count":1,"outcome":"Completed { status: \"succeeded\" }","target":"tachyon_serverless_application::services::invoke_async::dispatch"}
{"timestamp":"2026-09-17T11:20:20.001879Z","level":"INFO","message":"asynchronous invocation accepted","invocation_id":"inv_01m2qhh6914nxjxw1mz878ebr7","tenant_id":"tn_01hzzzzzzzzzzzzzzzzzzzzzza","revision_id":"rev_01m2qhge2cm2936q1bqc8azea0","input_bytes":180,"input_storage":"inline","target":"tachyon_serverless_application::services::invoke_async"}
{"timestamp":"2026-09-17T11:20:20.001931Z","level":"INFO","message":"cron trigger fired","trigger_id":"trg_01m2qhgf9zkwrg36mr48q36x9k","scheduled_at":"2026-09-17T11:20:20Z","invocation_id":"inv_01m2qhh6914nxjxw1mz878ebr7","revision_id":"rev_01m2qhge2cm2936q1bqc8azea0","replayed":false,"target":"tachyon_serverless_application::services::triggers"}
{"timestamp":"2026-09-17T11:20:20.013458Z","level":"INFO","message":"asynchronous run claimed","invocation_id":"inv_01m2qhh6914nxjxw1mz878ebr7","attempt":1,"generation":0,"delivery_count":1,"target":"tachyon_serverless_application::services::invoke_async::dispatch"}
{"timestamp":"2026-09-17T11:20:20.215100Z","level":"INFO","message":"bridge spawned","environment_id":"env_01m2qhh69dze9nteypr3155f08","pid":39265,"target":"tachyon_serverless_provider_process"}
{"timestamp":"2026-09-17T11:20:20.227796Z","level":"INFO","message":"invocation finished","invocation_id":"inv_01m2qhh6914nxjxw1mz878ebr7","status":"succeeded (async run)","handler_ms":0,"environment_boot_ms":5,"runtime_init_ms":6,"target":"tachyon_serverless_application::services::invoke"}
{"timestamp":"2026-09-17T11:20:20.229485Z","level":"INFO","message":"terminating bridge","environment_id":"env_01m2qhh69dze9nteypr3155f08","pid":39265,"reason":"Completed","graceful":true,"target":"tachyon_serverless_provider_process"}
{"timestamp":"2026-09-17T11:20:20.232604Z","level":"INFO","message":"asynchronous invocation settled","invocation_id":"inv_01m2qhh6914nxjxw1mz878ebr7","status":"succeeded","target":"tachyon_serverless_application::services::invoke_async::dispatch"}
{"timestamp":"2026-09-17T11:20:20.239381Z","level":"INFO","message":"async dispatch: delivery handled","message_id":"inv_01m2qhh6914nxjxw1mz878ebr7","sequence":27,"delivery_count":1,"outcome":"Completed { status: \"succeeded\" }","target":"tachyon_serverless_application::services::invoke_async::dispatch"}
{"timestamp":"2026-09-17T11:20:22.004287Z","level":"INFO","message":"asynchronous invocation accepted","invocation_id":"inv_01m2qhh87k8xz9z04gqzbw4mqn","tenant_id":"tn_01hzzzzzzzzzzzzzzzzzzzzzza","revision_id":"rev_01m2qhge2cm2936q1bqc8azea0","input_bytes":180,"input_storage":"inline","target":"tachyon_serverless_application::services::invoke_async"}
{"timestamp":"2026-09-17T11:20:22.004333Z","level":"INFO","message":"cron trigger fired","trigger_id":"trg_01m2qhgf9zkwrg36mr48q36x9k","scheduled_at":"2026-09-17T11:20:22Z","invocation_id":"inv_01m2qhh87k8xz9z04gqzbw4mqn","revision_id":"rev_01m2qhge2cm2936q1bqc8azea0","replayed":false,"target":"tachyon_serverless_application::services::triggers"}
{"timestamp":"2026-09-17T11:20:22.011805Z","level":"INFO","message":"asynchronous run claimed","invocation_id":"inv_01m2qhh87k8xz9z04gqzbw4mqn","attempt":1,"generation":0,"delivery_count":1,"target":"tachyon_serverless_application::services::invoke_async::dispatch"}
{"timestamp":"2026-09-17T11:20:22.184991Z","level":"INFO","message":"bridge spawned","environment_id":"env_01m2qhh87zt5wn8mz9bvq2cf5g","pid":39447,"target":"tachyon_serverless_provider_process"}
{"timestamp":"2026-09-17T11:20:22.197207Z","level":"INFO","message":"invocation finished","invocation_id":"inv_01m2qhh87k8xz9z04gqzbw4mqn","status":"succeeded (async run)","handler_ms":0,"environment_boot_ms":4,"runtime_init_ms":6,"target":"tachyon_serverless_application::services::invoke"}
{"timestamp":"2026-09-17T11:20:22.198873Z","level":"INFO","message":"terminating bridge","environment_id":"env_01m2qhh87zt5wn8mz9bvq2cf5g","pid":39447,"reason":"Completed","graceful":true,"target":"tachyon_serverless_provider_process"}
{"timestamp":"2026-09-17T11:20:22.202019Z","level":"INFO","message":"asynchronous invocation settled","invocation_id":"inv_01m2qhh87k8xz9z04gqzbw4mqn","status":"succeeded","target":"tachyon_serverless_application::services::invoke_async::dispatch"}
{"timestamp":"2026-09-17T11:20:22.208665Z","level":"INFO","message":"async dispatch: delivery handled","message_id":"inv_01m2qhh87k8xz9z04gqzbw4mqn","sequence":28,"delivery_count":1,"outcome":"Completed { status: \"succeeded\" }","target":"tachyon_serverless_application::services::invoke_async::dispatch"}
{"timestamp":"2026-09-17T11:20:24.003877Z","level":"INFO","message":"asynchronous invocation accepted","invocation_id":"inv_01m2qhha63yms560kjh5nj4ab9","tenant_id":"tn_01hzzzzzzzzzzzzzzzzzzzzzza","revision_id":"rev_01m2qhge2cm2936q1bqc8azea0","input_bytes":180,"input_storage":"inline","target":"tachyon_serverless_application::services::invoke_async"}
{"timestamp":"2026-09-17T11:20:24.003921Z","level":"INFO","message":"cron trigger fired","trigger_id":"trg_01m2qhgf9zkwrg36mr48q36x9k","scheduled_at":"2026-09-17T11:20:24Z","invocation_id":"inv_01m2qhha63yms560kjh5nj4ab9","revision_id":"rev_01m2qhge2cm2936q1bqc8azea0","replayed":false,"target":"tachyon_serverless_application::services::triggers"}
{"timestamp":"2026-09-17T11:20:24.013917Z","level":"INFO","message":"asynchronous run claimed","invocation_id":"inv_01m2qhha63yms560kjh5nj4ab9","attempt":1,"generation":0,"delivery_count":1,"target":"tachyon_serverless_application::services::invoke_async::dispatch"}
{"timestamp":"2026-09-17T11:20:24.171615Z","level":"INFO","message":"bridge spawned","environment_id":"env_01m2qhha6exw7w7wswptkzrmz7","pid":39646,"target":"tachyon_serverless_provider_process"}
{"timestamp":"2026-09-17T11:20:24.181633Z","level":"INFO","message":"invocation finished","invocation_id":"inv_01m2qhha63yms560kjh5nj4ab9","status":"succeeded (async run)","handler_ms":0,"environment_boot_ms":3,"runtime_init_ms":5,"target":"tachyon_serverless_application::services::invoke"}
{"timestamp":"2026-09-17T11:20:24.183257Z","level":"INFO","message":"terminating bridge","environment_id":"env_01m2qhha6exw7w7wswptkzrmz7","pid":39646,"reason":"Completed","graceful":true,"target":"tachyon_serverless_provider_process"}
{"timestamp":"2026-09-17T11:20:24.185729Z","level":"INFO","message":"asynchronous invocation settled","invocation_id":"inv_01m2qhha63yms560kjh5nj4ab9","status":"succeeded","target":"tachyon_serverless_application::services::invoke_async::dispatch"}
{"timestamp":"2026-09-17T11:20:24.202172Z","level":"INFO","message":"async dispatch: delivery handled","message_id":"inv_01m2qhha63yms560kjh5nj4ab9","sequence":29,"delivery_count":1,"outcome":"Completed { status: \"succeeded\" }","target":"tachyon_serverless_application::services::invoke_async::dispatch"}
{"timestamp":"2026-09-17T11:20:26.004665Z","level":"INFO","message":"asynchronous invocation accepted","invocation_id":"inv_01m2qhhc4k8jk6z15a4gycf9y1","tenant_id":"tn_01hzzzzzzzzzzzzzzzzzzzzzza","revision_id":"rev_01m2qhge2cm2936q1bqc8azea0","input_bytes":180,"input_storage":"inline","target":"tachyon_serverless_application::services::invoke_async"}
{"timestamp":"2026-09-17T11:20:26.004724Z","level":"INFO","message":"cron trigger fired","trigger_id":"trg_01m2qhgf9zkwrg36mr48q36x9k","scheduled_at":"2026-09-17T11:20:26Z","invocation_id":"inv_01m2qhhc4k8jk6z15a4gycf9y1","revision_id":"rev_01m2qhge2cm2936q1bqc8azea0","replayed":false,"target":"tachyon_serverless_application::services::triggers"}
{"timestamp":"2026-09-17T11:20:26.011380Z","level":"INFO","message":"asynchronous run claimed","invocation_id":"inv_01m2qhhc4k8jk6z15a4gycf9y1","attempt":1,"generation":0,"delivery_count":1,"target":"tachyon_serverless_application::services::invoke_async::dispatch"}
{"timestamp":"2026-09-17T11:20:26.157947Z","level":"INFO","message":"bridge spawned","environment_id":"env_01m2qhhc4vjp2etp7d58ga5cpe","pid":39814,"target":"tachyon_serverless_provider_process"}
{"timestamp":"2026-09-17T11:20:26.168189Z","level":"INFO","message":"invocation finished","invocation_id":"inv_01m2qhhc4k8jk6z15a4gycf9y1","status":"succeeded (async run)","handler_ms":0,"environment_boot_ms":4,"runtime_init_ms":4,"target":"tachyon_serverless_application::services::invoke"}
{"timestamp":"2026-09-17T11:20:26.169745Z","level":"INFO","message":"terminating bridge","environment_id":"env_01m2qhhc4vjp2etp7d58ga5cpe","pid":39814,"reason":"Completed","graceful":true,"target":"tachyon_serverless_provider_process"}
{"timestamp":"2026-09-17T11:20:26.172188Z","level":"INFO","message":"asynchronous invocation settled","invocation_id":"inv_01m2qhhc4k8jk6z15a4gycf9y1","status":"succeeded","target":"tachyon_serverless_application::services::invoke_async::dispatch"}
{"timestamp":"2026-09-17T11:20:26.178977Z","level":"INFO","message":"async dispatch: delivery handled","message_id":"inv_01m2qhhc4k8jk6z15a4gycf9y1","sequence":30,"delivery_count":1,"outcome":"Completed { status: \"succeeded\" }","target":"tachyon_serverless_application::services::invoke_async::dispatch"}
{"timestamp":"2026-09-17T11:20:28.002378Z","level":"INFO","message":"asynchronous invocation accepted","invocation_id":"inv_01m2qhhe311r6wf442g1xdx911","tenant_id":"tn_01hzzzzzzzzzzzzzzzzzzzzzza","revision_id":"rev_01m2qhge2cm2936q1bqc8azea0","input_bytes":180,"input_storage":"inline","target":"tachyon_serverless_application::services::invoke_async"}
{"timestamp":"2026-09-17T11:20:28.002418Z","level":"INFO","message":"cron trigger fired","trigger_id":"trg_01m2qhgf9zkwrg36mr48q36x9k","scheduled_at":"2026-09-17T11:20:28Z","invocation_id":"inv_01m2qhhe311r6wf442g1xdx911","revision_id":"rev_01m2qhge2cm2936q1bqc8azea0","replayed":false,"target":"tachyon_serverless_application::services::triggers"}
{"timestamp":"2026-09-17T11:20:28.014520Z","level":"INFO","message":"asynchronous run claimed","invocation_id":"inv_01m2qhhe311r6wf442g1xdx911","attempt":1,"generation":0,"delivery_count":1,"target":"tachyon_serverless_application::services::invoke_async::dispatch"}
{"timestamp":"2026-09-17T11:20:28.148703Z","level":"INFO","message":"bridge spawned","environment_id":"env_01m2qhhe3eq40szm14vx0x7cf4","pid":40024,"target":"tachyon_serverless_provider_process"}
{"timestamp":"2026-09-17T11:20:28.158246Z","level":"INFO","message":"invocation finished","invocation_id":"inv_01m2qhhe311r6wf442g1xdx911","status":"succeeded (async run)","handler_ms":0,"environment_boot_ms":3,"runtime_init_ms":4,"target":"tachyon_serverless_application::services::invoke"}
{"timestamp":"2026-09-17T11:20:28.159819Z","level":"INFO","message":"terminating bridge","environment_id":"env_01m2qhhe3eq40szm14vx0x7cf4","pid":40024,"reason":"Completed","graceful":true,"target":"tachyon_serverless_provider_process"}
{"timestamp":"2026-09-17T11:20:28.162274Z","level":"INFO","message":"asynchronous invocation settled","invocation_id":"inv_01m2qhhe311r6wf442g1xdx911","status":"succeeded","target":"tachyon_serverless_application::services::invoke_async::dispatch"}
{"timestamp":"2026-09-17T11:20:28.169895Z","level":"INFO","message":"async dispatch: delivery handled","message_id":"inv_01m2qhhe311r6wf442g1xdx911","sequence":31,"delivery_count":1,"outcome":"Completed { status: \"succeeded\" }","target":"tachyon_serverless_application::services::invoke_async::dispatch"}
{"timestamp":"2026-09-17T11:20:30.005001Z","level":"INFO","message":"asynchronous invocation accepted","invocation_id":"inv_01m2qhhg1kzwg5tysks6ha0rjt","tenant_id":"tn_01hzzzzzzzzzzzzzzzzzzzzzza","revision_id":"rev_01m2qhge2cm2936q1bqc8azea0","input_bytes":180,"input_storage":"inline","target":"tachyon_serverless_application::services::invoke_async"}
{"timestamp":"2026-09-17T11:20:30.005111Z","level":"INFO","message":"cron trigger fired","trigger_id":"trg_01m2qhgf9zkwrg36mr48q36x9k","scheduled_at":"2026-09-17T11:20:30Z","invocation_id":"inv_01m2qhhg1kzwg5tysks6ha0rjt","revision_id":"rev_01m2qhge2cm2936q1bqc8azea0","replayed":false,"target":"tachyon_serverless_application::services::triggers"}
{"timestamp":"2026-09-17T11:20:30.018913Z","level":"INFO","message":"asynchronous run claimed","invocation_id":"inv_01m2qhhg1kzwg5tysks6ha0rjt","attempt":1,"generation":0,"delivery_count":1,"target":"tachyon_serverless_application::services::invoke_async::dispatch"}
{"timestamp":"2026-09-17T11:20:30.173884Z","level":"INFO","message":"bridge spawned","environment_id":"env_01m2qhhg23srt8km7s6t9wx65f","pid":40218,"target":"tachyon_serverless_provider_process"}
{"timestamp":"2026-09-17T11:20:30.183162Z","level":"INFO","message":"invocation finished","invocation_id":"inv_01m2qhhg1kzwg5tysks6ha0rjt","status":"succeeded (async run)","handler_ms":0,"environment_boot_ms":3,"runtime_init_ms":4,"target":"tachyon_serverless_application::services::invoke"}
{"timestamp":"2026-09-17T11:20:30.184665Z","level":"INFO","message":"terminating bridge","environment_id":"env_01m2qhhg23srt8km7s6t9wx65f","pid":40218,"reason":"Completed","graceful":true,"target":"tachyon_serverless_provider_process"}
{"timestamp":"2026-09-17T11:20:30.187077Z","level":"INFO","message":"asynchronous invocation settled","invocation_id":"inv_01m2qhhg1kzwg5tysks6ha0rjt","status":"succeeded","target":"tachyon_serverless_application::services::invoke_async::dispatch"}
{"timestamp":"2026-09-17T11:20:30.193254Z","level":"INFO","message":"async dispatch: delivery handled","message_id":"inv_01m2qhhg1kzwg5tysks6ha0rjt","sequence":32,"delivery_count":1,"outcome":"Completed { status: \"succeeded\" }","target":"tachyon_serverless_application::services::invoke_async::dispatch"}
{"timestamp":"2026-09-17T11:20:32.003961Z","level":"INFO","message":"asynchronous invocation accepted","invocation_id":"inv_01m2qhhj03j0kv1hwyzpb3crdk","tenant_id":"tn_01hzzzzzzzzzzzzzzzzzzzzzza","revision_id":"rev_01m2qhge2cm2936q1bqc8azea0","input_bytes":180,"input_storage":"inline","target":"tachyon_serverless_application::services::invoke_async"}
{"timestamp":"2026-09-17T11:20:32.003997Z","level":"INFO","message":"cron trigger fired","trigger_id":"trg_01m2qhgf9zkwrg36mr48q36x9k","scheduled_at":"2026-09-17T11:20:32Z","invocation_id":"inv_01m2qhhj03j0kv1hwyzpb3crdk","revision_id":"rev_01m2qhge2cm2936q1bqc8azea0","replayed":false,"target":"tachyon_serverless_application::services::triggers"}
{"timestamp":"2026-09-17T11:20:32.010678Z","level":"INFO","message":"asynchronous run claimed","invocation_id":"inv_01m2qhhj03j0kv1hwyzpb3crdk","attempt":1,"generation":0,"delivery_count":1,"target":"tachyon_serverless_application::services::invoke_async::dispatch"}
{"timestamp":"2026-09-17T11:20:32.146443Z","level":"INFO","message":"bridge spawned","environment_id":"env_01m2qhhj0ebrvjrh6yz7fak475","pid":40404,"target":"tachyon_serverless_provider_process"}
{"timestamp":"2026-09-17T11:20:32.155479Z","level":"INFO","message":"invocation finished","invocation_id":"inv_01m2qhhj03j0kv1hwyzpb3crdk","status":"succeeded (async run)","handler_ms":0,"environment_boot_ms":3,"runtime_init_ms":4,"target":"tachyon_serverless_application::services::invoke"}
{"timestamp":"2026-09-17T11:20:32.157095Z","level":"INFO","message":"terminating bridge","environment_id":"env_01m2qhhj0ebrvjrh6yz7fak475","pid":40404,"reason":"Completed","graceful":true,"target":"tachyon_serverless_provider_process"}
{"timestamp":"2026-09-17T11:20:32.159330Z","level":"INFO","message":"asynchronous invocation settled","invocation_id":"inv_01m2qhhj03j0kv1hwyzpb3crdk","status":"succeeded","target":"tachyon_serverless_application::services::invoke_async::dispatch"}
{"timestamp":"2026-09-17T11:20:32.166252Z","level":"INFO","message":"async dispatch: delivery handled","message_id":"inv_01m2qhhj03j0kv1hwyzpb3crdk","sequence":33,"delivery_count":1,"outcome":"Completed { status: \"succeeded\" }","target":"tachyon_serverless_application::services::invoke_async::dispatch"}
{"timestamp":"2026-09-17T11:20:34.007177Z","level":"INFO","message":"asynchronous invocation accepted","invocation_id":"inv_01m2qhhkymd6t1r0dna8s9rf8w","tenant_id":"tn_01hzzzzzzzzzzzzzzzzzzzzzza","revision_id":"rev_01m2qhge2cm2936q1bqc8azea0","input_bytes":180,"input_storage":"inline","target":"tachyon_serverless_application::services::invoke_async"}
{"timestamp":"2026-09-17T11:20:34.007376Z","level":"INFO","message":"cron trigger fired","trigger_id":"trg_01m2qhgf9zkwrg36mr48q36x9k","scheduled_at":"2026-09-17T11:20:34Z","invocation_id":"inv_01m2qhhkymd6t1r0dna8s9rf8w","revision_id":"rev_01m2qhge2cm2936q1bqc8azea0","replayed":false,"target":"tachyon_serverless_application::services::triggers"}
{"timestamp":"2026-09-17T11:20:34.022917Z","level":"INFO","message":"asynchronous run claimed","invocation_id":"inv_01m2qhhkymd6t1r0dna8s9rf8w","attempt":1,"generation":0,"delivery_count":1,"target":"tachyon_serverless_application::services::invoke_async::dispatch"}
{"timestamp":"2026-09-17T11:20:34.196632Z","level":"INFO","message":"bridge spawned","environment_id":"env_01m2qhhkz7zrxzbc1600kx4vk4","pid":40607,"target":"tachyon_serverless_provider_process"}
{"timestamp":"2026-09-17T11:20:34.205427Z","level":"INFO","message":"invocation finished","invocation_id":"inv_01m2qhhkymd6t1r0dna8s9rf8w","status":"succeeded (async run)","handler_ms":0,"environment_boot_ms":3,"runtime_init_ms":4,"target":"tachyon_serverless_application::services::invoke"}
{"timestamp":"2026-09-17T11:20:34.207009Z","level":"INFO","message":"terminating bridge","environment_id":"env_01m2qhhkz7zrxzbc1600kx4vk4","pid":40607,"reason":"Completed","graceful":true,"target":"tachyon_serverless_provider_process"}
{"timestamp":"2026-09-17T11:20:34.210349Z","level":"INFO","message":"asynchronous invocation settled","invocation_id":"inv_01m2qhhkymd6t1r0dna8s9rf8w","status":"succeeded","target":"tachyon_serverless_application::services::invoke_async::dispatch"}
{"timestamp":"2026-09-17T11:20:34.216535Z","level":"INFO","message":"async dispatch: delivery handled","message_id":"inv_01m2qhhkymd6t1r0dna8s9rf8w","sequence":34,"delivery_count":1,"outcome":"Completed { status: \"succeeded\" }","target":"tachyon_serverless_application::services::invoke_async::dispatch"}
{"timestamp":"2026-09-17T11:20:36.003036Z","level":"INFO","message":"asynchronous invocation accepted","invocation_id":"inv_01m2qhhnx2x8kbdh18m3t06z6j","tenant_id":"tn_01hzzzzzzzzzzzzzzzzzzzzzza","revision_id":"rev_01m2qhge2cm2936q1bqc8azea0","input_bytes":180,"input_storage":"inline","target":"tachyon_serverless_application::services::invoke_async"}
{"timestamp":"2026-09-17T11:20:36.003078Z","level":"INFO","message":"cron trigger fired","trigger_id":"trg_01m2qhgf9zkwrg36mr48q36x9k","scheduled_at":"2026-09-17T11:20:36Z","invocation_id":"inv_01m2qhhnx2x8kbdh18m3t06z6j","revision_id":"rev_01m2qhge2cm2936q1bqc8azea0","replayed":false,"target":"tachyon_serverless_application::services::triggers"}
{"timestamp":"2026-09-17T11:20:36.010870Z","level":"INFO","message":"asynchronous run claimed","invocation_id":"inv_01m2qhhnx2x8kbdh18m3t06z6j","attempt":1,"generation":0,"delivery_count":1,"target":"tachyon_serverless_application::services::invoke_async::dispatch"}
{"timestamp":"2026-09-17T11:20:36.150491Z","level":"INFO","message":"bridge spawned","environment_id":"env_01m2qhhnxbyfpg4msqxg4fcxgb","pid":40784,"target":"tachyon_serverless_provider_process"}
{"timestamp":"2026-09-17T11:20:36.160298Z","level":"INFO","message":"invocation finished","invocation_id":"inv_01m2qhhnx2x8kbdh18m3t06z6j","status":"succeeded (async run)","handler_ms":0,"environment_boot_ms":4,"runtime_init_ms":4,"target":"tachyon_serverless_application::services::invoke"}
{"timestamp":"2026-09-17T11:20:36.161870Z","level":"INFO","message":"terminating bridge","environment_id":"env_01m2qhhnxbyfpg4msqxg4fcxgb","pid":40784,"reason":"Completed","graceful":true,"target":"tachyon_serverless_provider_process"}
{"timestamp":"2026-09-17T11:20:36.164134Z","level":"INFO","message":"asynchronous invocation settled","invocation_id":"inv_01m2qhhnx2x8kbdh18m3t06z6j","status":"succeeded","target":"tachyon_serverless_application::services::invoke_async::dispatch"}
{"timestamp":"2026-09-17T11:20:36.170795Z","level":"INFO","message":"async dispatch: delivery handled","message_id":"inv_01m2qhhnx2x8kbdh18m3t06z6j","sequence":35,"delivery_count":1,"outcome":"Completed { status: \"succeeded\" }","target":"tachyon_serverless_application::services::invoke_async::dispatch"}
{"timestamp":"2026-09-17T11:20:38.004442Z","level":"INFO","message":"asynchronous invocation accepted","invocation_id":"inv_01m2qhhqvkam1j2pwv468nsdj2","tenant_id":"tn_01hzzzzzzzzzzzzzzzzzzzzzza","revision_id":"rev_01m2qhge2cm2936q1bqc8azea0","input_bytes":180,"input_storage":"inline","target":"tachyon_serverless_application::services::invoke_async"}
{"timestamp":"2026-09-17T11:20:38.004482Z","level":"INFO","message":"cron trigger fired","trigger_id":"trg_01m2qhgf9zkwrg36mr48q36x9k","scheduled_at":"2026-09-17T11:20:38Z","invocation_id":"inv_01m2qhhqvkam1j2pwv468nsdj2","revision_id":"rev_01m2qhge2cm2936q1bqc8azea0","replayed":false,"target":"tachyon_serverless_application::services::triggers"}
{"timestamp":"2026-09-17T11:20:38.014921Z","level":"INFO","message":"asynchronous run claimed","invocation_id":"inv_01m2qhhqvkam1j2pwv468nsdj2","attempt":1,"generation":0,"delivery_count":1,"target":"tachyon_serverless_application::services::invoke_async::dispatch"}
{"timestamp":"2026-09-17T11:20:38.148525Z","level":"INFO","message":"bridge spawned","environment_id":"env_01m2qhhqvzvcha32dk9ed23eg6","pid":40999,"target":"tachyon_serverless_provider_process"}
{"timestamp":"2026-09-17T11:20:38.158570Z","level":"INFO","message":"invocation finished","invocation_id":"inv_01m2qhhqvkam1j2pwv468nsdj2","status":"succeeded (async run)","handler_ms":0,"environment_boot_ms":3,"runtime_init_ms":5,"target":"tachyon_serverless_application::services::invoke"}
{"timestamp":"2026-09-17T11:20:38.160221Z","level":"INFO","message":"terminating bridge","environment_id":"env_01m2qhhqvzvcha32dk9ed23eg6","pid":40999,"reason":"Completed","graceful":true,"target":"tachyon_serverless_provider_process"}
{"timestamp":"2026-09-17T11:20:38.162504Z","level":"INFO","message":"asynchronous invocation settled","invocation_id":"inv_01m2qhhqvkam1j2pwv468nsdj2","status":"succeeded","target":"tachyon_serverless_application::services::invoke_async::dispatch"}
{"timestamp":"2026-09-17T11:20:38.170035Z","level":"INFO","message":"async dispatch: delivery handled","message_id":"inv_01m2qhhqvkam1j2pwv468nsdj2","sequence":36,"delivery_count":1,"outcome":"Completed { status: \"succeeded\" }","target":"tachyon_serverless_application::services::invoke_async::dispatch"}
{"timestamp":"2026-09-17T11:20:40.005602Z","level":"INFO","message":"asynchronous invocation accepted","invocation_id":"inv_01m2qhhst4jjggdj0g0rp71b8p","tenant_id":"tn_01hzzzzzzzzzzzzzzzzzzzzzza","revision_id":"rev_01m2qhge2cm2936q1bqc8azea0","input_bytes":180,"input_storage":"inline","target":"tachyon_serverless_application::services::invoke_async"}
{"timestamp":"2026-09-17T11:20:40.005717Z","level":"INFO","message":"cron trigger fired","trigger_id":"trg_01m2qhgf9zkwrg36mr48q36x9k","scheduled_at":"2026-09-17T11:20:40Z","invocation_id":"inv_01m2qhhst4jjggdj0g0rp71b8p","revision_id":"rev_01m2qhge2cm2936q1bqc8azea0","replayed":false,"target":"tachyon_serverless_application::services::triggers"}
{"timestamp":"2026-09-17T11:20:40.020221Z","level":"INFO","message":"asynchronous run claimed","invocation_id":"inv_01m2qhhst4jjggdj0g0rp71b8p","attempt":1,"generation":0,"delivery_count":1,"target":"tachyon_serverless_application::services::invoke_async::dispatch"}
{"timestamp":"2026-09-17T11:20:40.183059Z","level":"INFO","message":"bridge spawned","environment_id":"env_01m2qhhstm5qzsr52px5tr0pnc","pid":41190,"target":"tachyon_serverless_provider_process"}
{"timestamp":"2026-09-17T11:20:40.192035Z","level":"INFO","message":"invocation finished","invocation_id":"inv_01m2qhhst4jjggdj0g0rp71b8p","status":"succeeded (async run)","handler_ms":0,"environment_boot_ms":3,"runtime_init_ms":4,"target":"tachyon_serverless_application::services::invoke"}
{"timestamp":"2026-09-17T11:20:40.193651Z","level":"INFO","message":"terminating bridge","environment_id":"env_01m2qhhstm5qzsr52px5tr0pnc","pid":41190,"reason":"Completed","graceful":true,"target":"tachyon_serverless_provider_process"}
{"timestamp":"2026-09-17T11:20:40.196224Z","level":"INFO","message":"asynchronous invocation settled","invocation_id":"inv_01m2qhhst4jjggdj0g0rp71b8p","status":"succeeded","target":"tachyon_serverless_application::services::invoke_async::dispatch"}
{"timestamp":"2026-09-17T11:20:40.202619Z","level":"INFO","message":"async dispatch: delivery handled","message_id":"inv_01m2qhhst4jjggdj0g0rp71b8p","sequence":37,"delivery_count":1,"outcome":"Completed { status: \"succeeded\" }","target":"tachyon_serverless_application::services::invoke_async::dispatch"}
{"timestamp":"2026-09-17T11:20:42.003972Z","level":"INFO","message":"asynchronous invocation accepted","invocation_id":"inv_01m2qhhvrkzbkb0m4h5wf8wxhm","tenant_id":"tn_01hzzzzzzzzzzzzzzzzzzzzzza","revision_id":"rev_01m2qhge2cm2936q1bqc8azea0","input_bytes":180,"input_storage":"inline","target":"tachyon_serverless_application::services::invoke_async"}
{"timestamp":"2026-09-17T11:20:42.004008Z","level":"INFO","message":"cron trigger fired","trigger_id":"trg_01m2qhgf9zkwrg36mr48q36x9k","scheduled_at":"2026-09-17T11:20:42Z","invocation_id":"inv_01m2qhhvrkzbkb0m4h5wf8wxhm","revision_id":"rev_01m2qhge2cm2936q1bqc8azea0","replayed":false,"target":"tachyon_serverless_application::services::triggers"}
{"timestamp":"2026-09-17T11:20:42.015373Z","level":"INFO","message":"asynchronous run claimed","invocation_id":"inv_01m2qhhvrkzbkb0m4h5wf8wxhm","attempt":1,"generation":0,"delivery_count":1,"target":"tachyon_serverless_application::services::invoke_async::dispatch"}
{"timestamp":"2026-09-17T11:20:42.148110Z","level":"INFO","message":"bridge spawned","environment_id":"env_01m2qhhvrzws0dcheb2pswbzna","pid":41387,"target":"tachyon_serverless_provider_process"}
{"timestamp":"2026-09-17T11:20:42.157261Z","level":"INFO","message":"invocation finished","invocation_id":"inv_01m2qhhvrkzbkb0m4h5wf8wxhm","status":"succeeded (async run)","handler_ms":0,"environment_boot_ms":3,"runtime_init_ms":4,"target":"tachyon_serverless_application::services::invoke"}
{"timestamp":"2026-09-17T11:20:42.158848Z","level":"INFO","message":"terminating bridge","environment_id":"env_01m2qhhvrzws0dcheb2pswbzna","pid":41387,"reason":"Completed","graceful":true,"target":"tachyon_serverless_provider_process"}
{"timestamp":"2026-09-17T11:20:42.161056Z","level":"INFO","message":"asynchronous invocation settled","invocation_id":"inv_01m2qhhvrkzbkb0m4h5wf8wxhm","status":"succeeded","target":"tachyon_serverless_application::services::invoke_async::dispatch"}
{"timestamp":"2026-09-17T11:20:42.168493Z","level":"INFO","message":"async dispatch: delivery handled","message_id":"inv_01m2qhhvrkzbkb0m4h5wf8wxhm","sequence":38,"delivery_count":1,"outcome":"Completed { status: \"succeeded\" }","target":"tachyon_serverless_application::services::invoke_async::dispatch"}
{"timestamp":"2026-09-17T11:20:42.641485Z","level":"INFO","message":"object retention pass","report":"GcReport { examined: 1, collected_expired: 0, collected_orphans: 0, kept_in_use: 0, kept_referenced: 1, incomplete_removed: 0, tombstones_purged: 0, failed: 0 }","target":"tachyon_serverless_gateway"}
{"timestamp":"2026-09-17T11:20:44.004863Z","level":"INFO","message":"asynchronous invocation accepted","invocation_id":"inv_01m2qhhxq3gdtrqaqegdmq899s","tenant_id":"tn_01hzzzzzzzzzzzzzzzzzzzzzza","revision_id":"rev_01m2qhge2cm2936q1bqc8azea0","input_bytes":180,"input_storage":"inline","target":"tachyon_serverless_application::services::invoke_async"}
{"timestamp":"2026-09-17T11:20:44.005002Z","level":"INFO","message":"cron trigger fired","trigger_id":"trg_01m2qhgf9zkwrg36mr48q36x9k","scheduled_at":"2026-09-17T11:20:44Z","invocation_id":"inv_01m2qhhxq3gdtrqaqegdmq899s","revision_id":"rev_01m2qhge2cm2936q1bqc8azea0","replayed":false,"target":"tachyon_serverless_application::services::triggers"}
{"timestamp":"2026-09-17T11:20:44.019170Z","level":"INFO","message":"asynchronous run claimed","invocation_id":"inv_01m2qhhxq3gdtrqaqegdmq899s","attempt":1,"generation":0,"delivery_count":1,"target":"tachyon_serverless_application::services::invoke_async::dispatch"}
{"timestamp":"2026-09-17T11:20:44.172332Z","level":"INFO","message":"bridge spawned","environment_id":"env_01m2qhhxqk3rwyx7qwvbpxhfqg","pid":41594,"target":"tachyon_serverless_provider_process"}
{"timestamp":"2026-09-17T11:20:44.181212Z","level":"INFO","message":"invocation finished","invocation_id":"inv_01m2qhhxq3gdtrqaqegdmq899s","status":"succeeded (async run)","handler_ms":0,"environment_boot_ms":3,"runtime_init_ms":4,"target":"tachyon_serverless_application::services::invoke"}
{"timestamp":"2026-09-17T11:20:44.182858Z","level":"INFO","message":"terminating bridge","environment_id":"env_01m2qhhxqk3rwyx7qwvbpxhfqg","pid":41594,"reason":"Completed","graceful":true,"target":"tachyon_serverless_provider_process"}
{"timestamp":"2026-09-17T11:20:44.185014Z","level":"INFO","message":"asynchronous invocation settled","invocation_id":"inv_01m2qhhxq3gdtrqaqegdmq899s","status":"succeeded","target":"tachyon_serverless_application::services::invoke_async::dispatch"}
{"timestamp":"2026-09-17T11:20:44.192715Z","level":"INFO","message":"async dispatch: delivery handled","message_id":"inv_01m2qhhxq3gdtrqaqegdmq899s","sequence":39,"delivery_count":1,"outcome":"Completed { status: \"succeeded\" }","target":"tachyon_serverless_application::services::invoke_async::dispatch"}
{"timestamp":"2026-09-17T11:20:44.642187Z","level":"INFO","message":"object retention pass","report":"GcReport { examined: 4, collected_expired: 0, collected_orphans: 1, kept_in_use: 0, kept_referenced: 3, incomplete_removed: 0, tombstones_purged: 0, failed: 0 }","target":"tachyon_serverless_gateway"}
{"timestamp":"2026-09-17T11:20:46.004192Z","level":"INFO","message":"asynchronous invocation accepted","invocation_id":"inv_01m2qhhznk4am39137gh7pr5wk","tenant_id":"tn_01hzzzzzzzzzzzzzzzzzzzzzza","revision_id":"rev_01m2qhge2cm2936q1bqc8azea0","input_bytes":180,"input_storage":"inline","target":"tachyon_serverless_application::services::invoke_async"}
{"timestamp":"2026-09-17T11:20:46.004230Z","level":"INFO","message":"cron trigger fired","trigger_id":"trg_01m2qhgf9zkwrg36mr48q36x9k","scheduled_at":"2026-09-17T11:20:46Z","invocation_id":"inv_01m2qhhznk4am39137gh7pr5wk","revision_id":"rev_01m2qhge2cm2936q1bqc8azea0","replayed":false,"target":"tachyon_serverless_application::services::triggers"}
{"timestamp":"2026-09-17T11:20:46.015061Z","level":"INFO","message":"asynchronous run claimed","invocation_id":"inv_01m2qhhznk4am39137gh7pr5wk","attempt":1,"generation":0,"delivery_count":1,"target":"tachyon_serverless_application::services::invoke_async::dispatch"}
{"timestamp":"2026-09-17T11:20:46.154393Z","level":"INFO","message":"bridge spawned","environment_id":"env_01m2qhhzp327jc4mmbvw2s0b3g","pid":41852,"target":"tachyon_serverless_provider_process"}
{"timestamp":"2026-09-17T11:20:46.155365Z","level":"INFO","message":"bridge spawned","environment_id":"env_01m2qhhznz4wzdbv2karcdfebf","pid":41853,"target":"tachyon_serverless_provider_process"}
{"timestamp":"2026-09-17T11:20:46.164627Z","level":"INFO","message":"invocation finished","invocation_id":"inv_01m2qhhzp30qds36eqg204p2mz","status":"succeeded","handler_ms":0,"environment_boot_ms":4,"runtime_init_ms":4,"target":"tachyon_serverless_application::services::invoke"}
{"timestamp":"2026-09-17T11:20:46.164800Z","level":"INFO","message":"invocation finished","invocation_id":"inv_01m2qhhznk4am39137gh7pr5wk","status":"succeeded (async run)","handler_ms":0,"environment_boot_ms":3,"runtime_init_ms":4,"target":"tachyon_serverless_application::services::invoke"}
{"timestamp":"2026-09-17T11:20:46.166249Z","level":"INFO","message":"terminating bridge","environment_id":"env_01m2qhhzp327jc4mmbvw2s0b3g","pid":41852,"reason":"Completed","graceful":true,"target":"tachyon_serverless_provider_process"}
{"timestamp":"2026-09-17T11:20:46.166249Z","level":"INFO","message":"terminating bridge","environment_id":"env_01m2qhhznz4wzdbv2karcdfebf","pid":41853,"reason":"Completed","graceful":true,"target":"tachyon_serverless_provider_process"}
{"timestamp":"2026-09-17T11:20:46.168720Z","level":"INFO","message":"asynchronous invocation settled","invocation_id":"inv_01m2qhhznk4am39137gh7pr5wk","status":"succeeded","target":"tachyon_serverless_application::services::invoke_async::dispatch"}
{"timestamp":"2026-09-17T11:20:46.174880Z","level":"INFO","message":"async dispatch: delivery handled","message_id":"inv_01m2qhhznk4am39137gh7pr5wk","sequence":40,"delivery_count":1,"outcome":"Completed { status: \"succeeded\" }","target":"tachyon_serverless_application::services::invoke_async::dispatch"}
{"timestamp":"2026-09-17T11:20:46.216366Z","level":"INFO","message":"asynchronous invocation accepted","invocation_id":"inv_01m2qhhzw7995mw9224yht9yqs","tenant_id":"tn_01hzzzzzzzzzzzzzzzzzzzzzza","revision_id":"rev_01m2qhgd6znb2jn9hefazbgfcc","input_bytes":48,"input_storage":"inline","target":"tachyon_serverless_application::services::invoke_async"}
{"timestamp":"2026-09-17T11:20:46.221181Z","level":"INFO","message":"asynchronous run claimed","invocation_id":"inv_01m2qhhzw7995mw9224yht9yqs","attempt":1,"generation":0,"delivery_count":1,"target":"tachyon_serverless_application::services::invoke_async::dispatch"}
{"timestamp":"2026-09-17T11:20:46.275947Z","level":"INFO","message":"asynchronous invocation accepted","invocation_id":"inv_01m2qhhzxmmp3p1hysfw9eqh96","tenant_id":"tn_01hzzzzzzzzzzzzzzzzzzzzzza","revision_id":"rev_01m2qhgd6znb2jn9hefazbgfcc","input_bytes":4128,"input_storage":"object","target":"tachyon_serverless_application::services::invoke_async"}
{"timestamp":"2026-09-17T11:20:46.286340Z","level":"INFO","message":"asynchronous run claimed","invocation_id":"inv_01m2qhhzxmmp3p1hysfw9eqh96","attempt":1,"generation":0,"delivery_count":1,"target":"tachyon_serverless_application::services::invoke_async::dispatch"}
{"timestamp":"2026-09-17T11:20:46.306950Z","level":"INFO","message":"asynchronous invocation accepted","invocation_id":"inv_01m2qhhzz21x7epewkpfyfhzm9","tenant_id":"tn_01hzzzzzzzzzzzzzzzzzzzzzza","revision_id":"rev_01m2qhge2cm2936q1bqc8azea0","input_bytes":191,"input_storage":"inline","target":"tachyon_serverless_application::services::invoke_async"}
{"timestamp":"2026-09-17T11:20:46.306986Z","level":"INFO","message":"webhook trigger fired","trigger_id":"trg_01m2qhgfag81kj4mef5cdtf8v9","event_id":"evt-post-w1","invocation_id":"inv_01m2qhhzz21x7epewkpfyfhzm9","revision_id":"rev_01m2qhge2cm2936q1bqc8azea0","replayed":false,"target":"tachyon_serverless_application::services::triggers"}
{"timestamp":"2026-09-17T11:20:46.324990Z","level":"INFO","message":"trigger updated","trigger_id":"trg_01m2qhgf9zkwrg36mr48q36x9k","generation":4,"status":"disabled","next_fire_at":"None","rotated_secret":false,"target":"tachyon_serverless_application::services::triggers"}
{"timestamp":"2026-09-17T11:20:46.360578Z","level":"INFO","message":"bridge spawned","environment_id":"env_01m2qhhzwdqwrzxcpt14c4073q","pid":41953,"target":"tachyon_serverless_provider_process"}
{"timestamp":"2026-09-17T11:20:46.370868Z","level":"INFO","message":"invocation finished","invocation_id":"inv_01m2qhhzw7995mw9224yht9yqs","status":"succeeded (async run)","handler_ms":0,"environment_boot_ms":3,"runtime_init_ms":5,"target":"tachyon_serverless_application::services::invoke"}
{"timestamp":"2026-09-17T11:20:46.372421Z","level":"INFO","message":"terminating bridge","environment_id":"env_01m2qhhzwdqwrzxcpt14c4073q","pid":41953,"reason":"Completed","graceful":true,"target":"tachyon_serverless_provider_process"}
{"timestamp":"2026-09-17T11:20:46.374862Z","level":"INFO","message":"asynchronous invocation settled","invocation_id":"inv_01m2qhhzw7995mw9224yht9yqs","status":"succeeded","target":"tachyon_serverless_application::services::invoke_async::dispatch"}
{"timestamp":"2026-09-17T11:20:46.380397Z","level":"INFO","message":"async dispatch: delivery handled","message_id":"inv_01m2qhhzw7995mw9224yht9yqs","sequence":41,"delivery_count":1,"outcome":"Completed { status: \"succeeded\" }","target":"tachyon_serverless_application::services::invoke_async::dispatch"}
{"timestamp":"2026-09-17T11:20:46.380876Z","level":"INFO","message":"asynchronous run claimed","invocation_id":"inv_01m2qhhzz21x7epewkpfyfhzm9","attempt":1,"generation":0,"delivery_count":1,"target":"tachyon_serverless_application::services::invoke_async::dispatch"}
{"timestamp":"2026-09-17T11:20:46.427727Z","level":"INFO","message":"bridge spawned","environment_id":"env_01m2qhhzyft2v67hsztmqt2zxg","pid":41966,"target":"tachyon_serverless_provider_process"}
{"timestamp":"2026-09-17T11:20:46.436750Z","level":"INFO","message":"invocation finished","invocation_id":"inv_01m2qhhzxmmp3p1hysfw9eqh96","status":"succeeded (async run)","handler_ms":0,"environment_boot_ms":3,"runtime_init_ms":4,"target":"tachyon_serverless_application::services::invoke"}
{"timestamp":"2026-09-17T11:20:46.437986Z","level":"INFO","message":"terminating bridge","environment_id":"env_01m2qhhzyft2v67hsztmqt2zxg","pid":41966,"reason":"Completed","graceful":true,"target":"tachyon_serverless_provider_process"}
{"timestamp":"2026-09-17T11:20:46.440092Z","level":"INFO","message":"asynchronous invocation settled","invocation_id":"inv_01m2qhhzxmmp3p1hysfw9eqh96","status":"succeeded","target":"tachyon_serverless_application::services::invoke_async::dispatch"}
{"timestamp":"2026-09-17T11:20:46.445350Z","level":"INFO","message":"async dispatch: delivery handled","message_id":"inv_01m2qhhzxmmp3p1hysfw9eqh96","sequence":42,"delivery_count":1,"outcome":"Completed { status: \"succeeded\" }","target":"tachyon_serverless_application::services::invoke_async::dispatch"}
{"timestamp":"2026-09-17T11:20:46.515108Z","level":"INFO","message":"bridge spawned","environment_id":"env_01m2qhj01dgvrrs2vf75mdgfk2","pid":41968,"target":"tachyon_serverless_provider_process"}
{"timestamp":"2026-09-17T11:20:46.523856Z","level":"INFO","message":"invocation finished","invocation_id":"inv_01m2qhhzz21x7epewkpfyfhzm9","status":"succeeded (async run)","handler_ms":0,"environment_boot_ms":3,"runtime_init_ms":4,"target":"tachyon_serverless_application::services::invoke"}
{"timestamp":"2026-09-17T11:20:46.525455Z","level":"INFO","message":"terminating bridge","environment_id":"env_01m2qhj01dgvrrs2vf75mdgfk2","pid":41968,"reason":"Completed","graceful":true,"target":"tachyon_serverless_provider_process"}
{"timestamp":"2026-09-17T11:20:46.527515Z","level":"INFO","message":"asynchronous invocation settled","invocation_id":"inv_01m2qhhzz21x7epewkpfyfhzm9","status":"succeeded","target":"tachyon_serverless_application::services::invoke_async::dispatch"}
{"timestamp":"2026-09-17T11:20:46.532533Z","level":"INFO","message":"async dispatch: delivery handled","message_id":"inv_01m2qhhzz21x7epewkpfyfhzm9","sequence":43,"delivery_count":1,"outcome":"Completed { status: \"succeeded\" }","target":"tachyon_serverless_application::services::invoke_async::dispatch"}
{"timestamp":"2026-09-17T11:20:46.637881Z","level":"INFO","message":"object retention pass","report":"GcReport { examined: 3, collected_expired: 0, collected_orphans: 0, kept_in_use: 0, kept_referenced: 3, incomplete_removed: 0, tombstones_purged: 0, failed: 0 }","target":"tachyon_serverless_gateway"}
{"timestamp":"2026-09-17T11:20:47.967787Z","level":"INFO","message":"SIGTERM received","target":"tachyon_serverless_gateway"}
{"timestamp":"2026-09-17T11:20:47.967814Z","level":"INFO","message":"shutdown requested; cancelling in-flight invocations","target":"tachyon_serverless_gateway"}
{"timestamp":"2026-09-17T11:20:47.968015Z","level":"INFO","message":"final usage collection","report":"CollectReport { batches: 0, read: 0, inserted: 0, duplicates: 0, cursor_seq: 228 }","target":"tachyon_serverless_gateway"}
{"timestamp":"2026-09-17T11:20:47.969157Z","level":"INFO","message":"gateway stopped","target":"tachyon_serverless_gateway"}
{"timestamp":"2026-09-17T11:20:47.969239Z","level":"INFO","message":"event: closed","target":"async_nats"}
