
===== a start (failpoints: none) 12:00:32 =====
{"timestamp":"2026-09-17T12:00:32.322572Z","level":"INFO","message":"configuration loaded","config":"/private/var/folders/z7/khzdjrt95cg_fcmcnh4j1b5h0000gn/T/tsls-chaos.wKKuSg/gw-a.toml","target":"tachyon_serverless_gateway"}
{"timestamp":"2026-09-17T12:00:32.324658Z","level":"INFO","message":"connected successfully","server":"62198","max_payload":"1048576","target":"async_nats::connector"}
{"timestamp":"2026-09-17T12:00:32.324739Z","level":"INFO","message":"event: connected","target":"async_nats"}
{"timestamp":"2026-09-17T12:00:32.338419Z","level":"INFO","message":"JetStream queue connected and stream bootstrapped","url":"nats://127.0.0.1:62198","stream":"TACHYON_EVENTS","target":"tachyon_serverless_gateway::durable"}
{"timestamp":"2026-09-17T12:00:32.344983Z","level":"INFO","message":"state store opened","path":"/private/var/folders/z7/khzdjrt95cg_fcmcnh4j1b5h0000gn/T/tsls-chaos.wKKuSg/data/state.db","schema_version":8,"migrations_applied":"[1, 2, 3, 4, 5, 6, 7, 8]","imported_state_json":"None","settled_invocations":0,"settled_attempts":0,"settled_environments":0,"released_leases":0,"dropped_idempotency_keys":0,"purged_idempotency_keys":0,"outputs_purged":0,"target":"tachyon_serverless_application::app"}
{"timestamp":"2026-09-17T12:00:32.345175Z","level":"INFO","message":"dispatcher registered","dispatcher_id":"dsp_01m2qktt2svat1nk2nj7drb13d","instance":"chaos-a","pid":11434,"lease_ttl_seconds":6,"target":"tachyon_serverless_application::services::dispatcher"}
{"timestamp":"2026-09-17T12:00:32.348098Z","level":"INFO","message":"application bootstrapped","profile":"dev","provider":"process","dev_only":true,"environment_reuse":false,"reuse_verified":false,"reuse_reason":"[pool] enabled is false","reuse_disabled":"Some(Configuration)","idle_quiesce":"unsupported","idle_resume":"unsupported","data_dir":"/private/var/folders/z7/khzdjrt95cg_fcmcnh4j1b5h0000gn/T/tsls-chaos.wKKuSg/data","store":"sqlite","dispatcher_id":"dsp_01m2qktt2svat1nk2nj7drb13d","node":"local","node_region":"none","node_memory_mib":"None","max_concurrency":8,"queue":"nats","objects":"filesystem","invoke_async":true,"triggers":true,"target":"tachyon_serverless_application::app"}
{"timestamp":"2026-09-17T12:00:32.348244Z","level":"INFO","message":"startup reconcile finished","provider":"process","found":0,"adopted":0,"terminated":0,"disowned":0,"failed":0,"lost":0,"foreign":0,"reclaimed_dispatchers":0,"fenced_terminated":0,"fenced_pending":0,"target":"tachyon_serverless_application::services::reconcile"}
{"timestamp":"2026-09-17T12:00:32.348287Z","level":"INFO","message":"gateway listening","addr":"127.0.0.1:62202","profile":"dev","provider":"process","target":"tachyon_serverless_gateway"}
{"timestamp":"2026-09-17T12:00:32.349275Z","level":"INFO","message":"asynchronous dispatcher started","workers":2,"owner":"dsp_01m2qktt2svat1nk2nj7drb13d","target":"tachyon_serverless_gateway"}
{"timestamp":"2026-09-17T12:00:33.060924Z","level":"INFO","message":"revision ready","revision_id":"rev_01m2qkttmr2dt04gdnbt321ax6","function_id":"fn_01m2qkttb0jxgpb5bzekawx542","target":"tachyon_serverless_application::services::revision"}
{"timestamp":"2026-09-17T12:00:33.529409Z","level":"INFO","message":"revision ready","revision_id":"rev_01m2qktv3kq2gmedwrp4nbwqnx","function_id":"fn_01m2qkttt4qebjgz9p0dmcgbwx","target":"tachyon_serverless_application::services::revision"}
{"timestamp":"2026-09-17T12:00:33.994544Z","level":"INFO","message":"revision ready","revision_id":"rev_01m2qktvj31v00xng4tywb99yq","function_id":"fn_01m2qktv8q3md45dk7fq0a6a2s","target":"tachyon_serverless_application::services::revision"}
{"timestamp":"2026-09-17T12:00:34.029947Z","level":"INFO","message":"trigger created","trigger_id":"trg_01m2qktvqdq2xs98vkde9mw7jh","function_id":"fn_01m2qkttt4qebjgz9p0dmcgbwx","kind":"cron","enabled":true,"next_fire_at":"Some(2026-09-17T12:00:36Z)","target":"tachyon_serverless_application::services::triggers"}
{"timestamp":"2026-09-17T12:00:34.040496Z","level":"INFO","message":"trigger created","trigger_id":"trg_01m2qktvqr22pmq6nawv9e0a8b","function_id":"fn_01m2qkttt4qebjgz9p0dmcgbwx","kind":"webhook","enabled":true,"next_fire_at":"None","target":"tachyon_serverless_application::services::triggers"}
{"timestamp":"2026-09-17T12:00:34.193565Z","level":"INFO","message":"bridge spawned","environment_id":"env_01m2qktvrb4qte94296zadxjdx","pid":11699,"target":"tachyon_serverless_provider_process"}
{"timestamp":"2026-09-17T12:00:34.585078Z","level":"INFO","message":"invocation finished","invocation_id":"inv_01m2qktvrb827kkwmp95azaf9n","status":"succeeded","handler_ms":1,"environment_boot_ms":3,"runtime_init_ms":382,"target":"tachyon_serverless_application::services::invoke"}
{"timestamp":"2026-09-17T12:00:34.587655Z","level":"INFO","message":"terminating bridge","environment_id":"env_01m2qktvrb4qte94296zadxjdx","pid":11699,"reason":"Completed","graceful":true,"target":"tachyon_serverless_provider_process"}
{"timestamp":"2026-09-17T12:00:34.653019Z","level":"INFO","message":"asynchronous invocation accepted","invocation_id":"inv_01m2qktwaw70tvtaz0cq8aha0j","tenant_id":"tn_01hzzzzzzzzzzzzzzzzzzzzzza","revision_id":"rev_01m2qkttmr2dt04gdnbt321ax6","input_bytes":47,"input_storage":"inline","target":"tachyon_serverless_application::services::invoke_async"}
{"timestamp":"2026-09-17T12:00:34.663072Z","level":"INFO","message":"asynchronous run claimed","invocation_id":"inv_01m2qktwaw70tvtaz0cq8aha0j","attempt":1,"generation":0,"delivery_count":1,"target":"tachyon_serverless_application::services::invoke_async::dispatch"}
{"timestamp":"2026-09-17T12:00:34.712766Z","level":"INFO","message":"asynchronous invocation accepted","invocation_id":"inv_01m2qktwc9z66pq6n1wgr6qca6","tenant_id":"tn_01hzzzzzzzzzzzzzzzzzzzzzza","revision_id":"rev_01m2qkttmr2dt04gdnbt321ax6","input_bytes":4127,"input_storage":"object","target":"tachyon_serverless_application::services::invoke_async"}
{"timestamp":"2026-09-17T12:00:34.717738Z","level":"INFO","message":"asynchronous run claimed","invocation_id":"inv_01m2qktwc9z66pq6n1wgr6qca6","attempt":1,"generation":0,"delivery_count":1,"target":"tachyon_serverless_application::services::invoke_async::dispatch"}
{"timestamp":"2026-09-17T12:00:34.739316Z","level":"INFO","message":"asynchronous invocation accepted","invocation_id":"inv_01m2qktwdj7dsr32zw8c8834qr","tenant_id":"tn_01hzzzzzzzzzzzzzzzzzzzzzza","revision_id":"rev_01m2qktv3kq2gmedwrp4nbwqnx","input_bytes":189,"input_storage":"inline","target":"tachyon_serverless_application::services::invoke_async"}
{"timestamp":"2026-09-17T12:00:34.739353Z","level":"INFO","message":"webhook trigger fired","trigger_id":"trg_01m2qktvqr22pmq6nawv9e0a8b","event_id":"evt-pre-w1","invocation_id":"inv_01m2qktwdj7dsr32zw8c8834qr","revision_id":"rev_01m2qktv3kq2gmedwrp4nbwqnx","replayed":false,"target":"tachyon_serverless_application::services::triggers"}
{"timestamp":"2026-09-17T12:00:34.803793Z","level":"INFO","message":"bridge spawned","environment_id":"env_01m2qktwb7arwbqb4cvwza3znt","pid":11775,"target":"tachyon_serverless_provider_process"}
{"timestamp":"2026-09-17T12:00:34.861896Z","level":"INFO","message":"bridge spawned","environment_id":"env_01m2qktwcz0xqh13mxwsz4gtzc","pid":11782,"target":"tachyon_serverless_provider_process"}
{"timestamp":"2026-09-17T12:00:34.894725Z","level":"INFO","message":"bridge spawned","environment_id":"env_01m2qktwe2sdcdw7dgc4j79prd","pid":11785,"target":"tachyon_serverless_provider_process"}
{"timestamp":"2026-09-17T12:00:34.905548Z","level":"INFO","message":"invocation finished","invocation_id":"inv_01m2qktwe18mzxnzcngan65ffs","status":"succeeded","handler_ms":0,"environment_boot_ms":4,"runtime_init_ms":4,"target":"tachyon_serverless_application::services::invoke"}
{"timestamp":"2026-09-17T12:00:34.907138Z","level":"INFO","message":"terminating bridge","environment_id":"env_01m2qktwe2sdcdw7dgc4j79prd","pid":11785,"reason":"Completed","graceful":true,"target":"tachyon_serverless_provider_process"}
{"timestamp":"2026-09-17T12:00:34.961761Z","level":"INFO","message":"asynchronous invocation accepted","invocation_id":"inv_01m2qktwmh0h5xtq2qecnhywf1","tenant_id":"tn_01hzzzzzzzzzzzzzzzzzzzzzza","revision_id":"rev_01m2qkttmr2dt04gdnbt321ax6","input_bytes":47,"input_storage":"inline","target":"tachyon_serverless_application::services::invoke_async"}
{"timestamp":"2026-09-17T12:00:35.000317Z","level":"INFO","message":"invocation finished","invocation_id":"inv_01m2qktwc9z66pq6n1wgr6qca6","status":"succeeded (async run)","handler_ms":1,"environment_boot_ms":4,"runtime_init_ms":132,"target":"tachyon_serverless_application::services::invoke"}
{"timestamp":"2026-09-17T12:00:35.000849Z","level":"INFO","message":"invocation finished","invocation_id":"inv_01m2qktwaw70tvtaz0cq8aha0j","status":"succeeded (async run)","handler_ms":1,"environment_boot_ms":3,"runtime_init_ms":191,"target":"tachyon_serverless_application::services::invoke"}
{"timestamp":"2026-09-17T12:00:35.002390Z","level":"INFO","message":"terminating bridge","environment_id":"env_01m2qktwb7arwbqb4cvwza3znt","pid":11775,"reason":"Completed","graceful":true,"target":"tachyon_serverless_provider_process"}
{"timestamp":"2026-09-17T12:00:35.002390Z","level":"INFO","message":"terminating bridge","environment_id":"env_01m2qktwcz0xqh13mxwsz4gtzc","pid":11782,"reason":"Completed","graceful":true,"target":"tachyon_serverless_provider_process"}
{"timestamp":"2026-09-17T12:00:35.005633Z","level":"INFO","message":"asynchronous invocation settled","invocation_id":"inv_01m2qktwc9z66pq6n1wgr6qca6","status":"succeeded","target":"tachyon_serverless_application::services::invoke_async::dispatch"}
{"timestamp":"2026-09-17T12:00:35.006208Z","level":"INFO","message":"asynchronous invocation settled","invocation_id":"inv_01m2qktwaw70tvtaz0cq8aha0j","status":"succeeded","target":"tachyon_serverless_application::services::invoke_async::dispatch"}
{"timestamp":"2026-09-17T12:00:35.010357Z","level":"INFO","message":"async dispatch: delivery handled","message_id":"inv_01m2qktwc9z66pq6n1wgr6qca6","sequence":2,"delivery_count":1,"outcome":"Completed { status: \"succeeded\" }","target":"tachyon_serverless_application::services::invoke_async::dispatch"}
{"timestamp":"2026-09-17T12:00:35.019251Z","level":"INFO","message":"async dispatch: delivery handled","message_id":"inv_01m2qktwaw70tvtaz0cq8aha0j","sequence":1,"delivery_count":1,"outcome":"Completed { status: \"succeeded\" }","target":"tachyon_serverless_application::services::invoke_async::dispatch"}
{"timestamp":"2026-09-17T12:00:35.019532Z","level":"INFO","message":"asynchronous run claimed","invocation_id":"inv_01m2qktwdj7dsr32zw8c8834qr","attempt":1,"generation":0,"delivery_count":1,"target":"tachyon_serverless_application::services::invoke_async::dispatch"}
{"timestamp":"2026-09-17T12:00:35.023078Z","level":"INFO","message":"asynchronous run claimed","invocation_id":"inv_01m2qktwmh0h5xtq2qecnhywf1","attempt":1,"generation":0,"delivery_count":1,"target":"tachyon_serverless_application::services::invoke_async::dispatch"}
{"timestamp":"2026-09-17T12:00:35.031658Z","level":"INFO","message":"asynchronous invocation accepted","invocation_id":"inv_01m2qktwp8xdn6xkxqk3wj4eq4","tenant_id":"tn_01hzzzzzzzzzzzzzzzzzzzzzza","revision_id":"rev_01m2qkttmr2dt04gdnbt321ax6","input_bytes":4127,"input_storage":"object","target":"tachyon_serverless_application::services::invoke_async"}
{"timestamp":"2026-09-17T12:00:35.067616Z","level":"INFO","message":"asynchronous invocation accepted","invocation_id":"inv_01m2qktwqvvtg3ycbgm9gq3ak2","tenant_id":"tn_01hzzzzzzzzzzzzzzzzzzzzzza","revision_id":"rev_01m2qktv3kq2gmedwrp4nbwqnx","input_bytes":189,"input_storage":"inline","target":"tachyon_serverless_application::services::invoke_async"}
{"timestamp":"2026-09-17T12:00:35.067656Z","level":"INFO","message":"webhook trigger fired","trigger_id":"trg_01m2qktvqr22pmq6nawv9e0a8b","event_id":"evt-pre-w2","invocation_id":"inv_01m2qktwqvvtg3ycbgm9gq3ak2","revision_id":"rev_01m2qktv3kq2gmedwrp4nbwqnx","replayed":false,"target":"tachyon_serverless_application::services::triggers"}
{"timestamp":"2026-09-17T12:00:35.196102Z","level":"INFO","message":"bridge spawned","environment_id":"env_01m2qktwpb26etjk0eqgqqjrf2","pid":11868,"target":"tachyon_serverless_provider_process"}
{"timestamp":"2026-09-17T12:00:35.207398Z","level":"INFO","message":"bridge spawned","environment_id":"env_01m2qktwpf84xm50t5sk19d6c6","pid":11870,"target":"tachyon_serverless_provider_process"}
{"timestamp":"2026-09-17T12:00:35.207974Z","level":"INFO","message":"invocation finished","invocation_id":"inv_01m2qktwdj7dsr32zw8c8834qr","status":"succeeded (async run)","handler_ms":0,"environment_boot_ms":4,"runtime_init_ms":5,"target":"tachyon_serverless_application::services::invoke"}
{"timestamp":"2026-09-17T12:00:35.209599Z","level":"INFO","message":"terminating bridge","environment_id":"env_01m2qktwpb26etjk0eqgqqjrf2","pid":11868,"reason":"Completed","graceful":true,"target":"tachyon_serverless_provider_process"}
{"timestamp":"2026-09-17T12:00:35.213219Z","level":"INFO","message":"asynchronous invocation settled","invocation_id":"inv_01m2qktwdj7dsr32zw8c8834qr","status":"succeeded","target":"tachyon_serverless_application::services::invoke_async::dispatch"}
{"timestamp":"2026-09-17T12:00:35.218818Z","level":"INFO","message":"async dispatch: delivery handled","message_id":"inv_01m2qktwdj7dsr32zw8c8834qr","sequence":3,"delivery_count":1,"outcome":"Completed { status: \"succeeded\" }","target":"tachyon_serverless_application::services::invoke_async::dispatch"}
{"timestamp":"2026-09-17T12:00:35.219385Z","level":"INFO","message":"asynchronous run claimed","invocation_id":"inv_01m2qktwp8xdn6xkxqk3wj4eq4","attempt":1,"generation":0,"delivery_count":1,"target":"tachyon_serverless_application::services::invoke_async::dispatch"}
{"timestamp":"2026-09-17T12:00:35.219852Z","level":"INFO","message":"invocation finished","invocation_id":"inv_01m2qktwmh0h5xtq2qecnhywf1","status":"succeeded (async run)","handler_ms":1,"environment_boot_ms":4,"runtime_init_ms":6,"target":"tachyon_serverless_application::services::invoke"}
{"timestamp":"2026-09-17T12:00:35.220821Z","level":"INFO","message":"terminating bridge","environment_id":"env_01m2qktwpf84xm50t5sk19d6c6","pid":11870,"reason":"Completed","graceful":true,"target":"tachyon_serverless_provider_process"}
{"timestamp":"2026-09-17T12:00:35.229952Z","level":"INFO","message":"asynchronous invocation settled","invocation_id":"inv_01m2qktwmh0h5xtq2qecnhywf1","status":"succeeded","target":"tachyon_serverless_application::services::invoke_async::dispatch"}
{"timestamp":"2026-09-17T12:00:35.234084Z","level":"INFO","message":"async dispatch: delivery handled","message_id":"inv_01m2qktwmh0h5xtq2qecnhywf1","sequence":4,"delivery_count":1,"outcome":"Completed { status: \"succeeded\" }","target":"tachyon_serverless_application::services::invoke_async::dispatch"}
{"timestamp":"2026-09-17T12:00:35.234577Z","level":"INFO","message":"asynchronous run claimed","invocation_id":"inv_01m2qktwqvvtg3ycbgm9gq3ak2","attempt":1,"generation":0,"delivery_count":1,"target":"tachyon_serverless_application::services::invoke_async::dispatch"}
{"timestamp":"2026-09-17T12:00:35.266591Z","level":"INFO","message":"bridge spawned","environment_id":"env_01m2qktwrec0wa4qjx3hd6f5fa","pid":11872,"target":"tachyon_serverless_provider_process"}
{"timestamp":"2026-09-17T12:00:35.279636Z","level":"INFO","message":"invocation finished","invocation_id":"inv_01m2qktwrdk2bx5wmp2fwh0mdk","status":"succeeded","handler_ms":0,"environment_boot_ms":5,"runtime_init_ms":6,"target":"tachyon_serverless_application::services::invoke"}
{"timestamp":"2026-09-17T12:00:35.281266Z","level":"INFO","message":"terminating bridge","environment_id":"env_01m2qktwrec0wa4qjx3hd6f5fa","pid":11872,"reason":"Completed","graceful":true,"target":"tachyon_serverless_provider_process"}
{"timestamp":"2026-09-17T12:00:35.350933Z","level":"INFO","message":"asynchronous invocation accepted","invocation_id":"inv_01m2qktx0pawjdsrkh9t7xsewz","tenant_id":"tn_01hzzzzzzzzzzzzzzzzzzzzzza","revision_id":"rev_01m2qkttmr2dt04gdnbt321ax6","input_bytes":47,"input_storage":"inline","target":"tachyon_serverless_application::services::invoke_async"}
{"timestamp":"2026-09-17T12:00:35.434777Z","level":"INFO","message":"asynchronous invocation accepted","invocation_id":"inv_01m2qktx2ts302r36xw9fnwsyv","tenant_id":"tn_01hzzzzzzzzzzzzzzzzzzzzzza","revision_id":"rev_01m2qkttmr2dt04gdnbt321ax6","input_bytes":4127,"input_storage":"object","target":"tachyon_serverless_application::services::invoke_async"}
{"timestamp":"2026-09-17T12:00:35.439128Z","level":"INFO","message":"bridge spawned","environment_id":"env_01m2qktwwnsx7dmxwarxcnkdsm","pid":11911,"target":"tachyon_serverless_provider_process"}
{"timestamp":"2026-09-17T12:00:35.445119Z","level":"INFO","message":"bridge spawned","environment_id":"env_01m2qktwx2p99yaz8r9jp0kdjg","pid":11918,"target":"tachyon_serverless_provider_process"}
{"timestamp":"2026-09-17T12:00:35.453911Z","level":"INFO","message":"invocation finished","invocation_id":"inv_01m2qktwp8xdn6xkxqk3wj4eq4","status":"succeeded (async run)","handler_ms":1,"environment_boot_ms":5,"runtime_init_ms":10,"target":"tachyon_serverless_application::services::invoke"}
{"timestamp":"2026-09-17T12:00:35.455614Z","level":"INFO","message":"terminating bridge","environment_id":"env_01m2qktwwnsx7dmxwarxcnkdsm","pid":11911,"reason":"Completed","graceful":true,"target":"tachyon_serverless_provider_process"}
{"timestamp":"2026-09-17T12:00:35.458802Z","level":"INFO","message":"invocation finished","invocation_id":"inv_01m2qktwqvvtg3ycbgm9gq3ak2","status":"succeeded (async run)","handler_ms":0,"environment_boot_ms":5,"runtime_init_ms":6,"target":"tachyon_serverless_application::services::invoke"}
{"timestamp":"2026-09-17T12:00:35.460085Z","level":"INFO","message":"asynchronous invocation settled","invocation_id":"inv_01m2qktwp8xdn6xkxqk3wj4eq4","status":"succeeded","target":"tachyon_serverless_application::services::invoke_async::dispatch"}
{"timestamp":"2026-09-17T12:00:35.460205Z","level":"INFO","message":"terminating bridge","environment_id":"env_01m2qktwx2p99yaz8r9jp0kdjg","pid":11918,"reason":"Completed","graceful":true,"target":"tachyon_serverless_provider_process"}
{"timestamp":"2026-09-17T12:00:35.469114Z","level":"INFO","message":"asynchronous invocation settled","invocation_id":"inv_01m2qktwqvvtg3ycbgm9gq3ak2","status":"succeeded","target":"tachyon_serverless_application::services::invoke_async::dispatch"}
{"timestamp":"2026-09-17T12:00:35.469281Z","level":"INFO","message":"async dispatch: delivery handled","message_id":"inv_01m2qktwp8xdn6xkxqk3wj4eq4","sequence":5,"delivery_count":1,"outcome":"Completed { status: \"succeeded\" }","target":"tachyon_serverless_application::services::invoke_async::dispatch"}
{"timestamp":"2026-09-17T12:00:35.473162Z","level":"INFO","message":"async dispatch: delivery handled","message_id":"inv_01m2qktwqvvtg3ycbgm9gq3ak2","sequence":6,"delivery_count":1,"outcome":"Completed { status: \"succeeded\" }","target":"tachyon_serverless_application::services::invoke_async::dispatch"}
{"timestamp":"2026-09-17T12:00:35.473518Z","level":"INFO","message":"asynchronous run claimed","invocation_id":"inv_01m2qktx0pawjdsrkh9t7xsewz","attempt":1,"generation":0,"delivery_count":1,"target":"tachyon_serverless_application::services::invoke_async::dispatch"}
{"timestamp":"2026-09-17T12:00:35.473864Z","level":"INFO","message":"asynchronous run claimed","invocation_id":"inv_01m2qktx2ts302r36xw9fnwsyv","attempt":1,"generation":0,"delivery_count":1,"target":"tachyon_serverless_application::services::invoke_async::dispatch"}
{"timestamp":"2026-09-17T12:00:35.476029Z","level":"INFO","message":"asynchronous invocation accepted","invocation_id":"inv_01m2qktx4kxbr8hnzzvtj7ysq5","tenant_id":"tn_01hzzzzzzzzzzzzzzzzzzzzzza","revision_id":"rev_01m2qktv3kq2gmedwrp4nbwqnx","input_bytes":189,"input_storage":"inline","target":"tachyon_serverless_application::services::invoke_async"}
{"timestamp":"2026-09-17T12:00:35.476062Z","level":"INFO","message":"webhook trigger fired","trigger_id":"trg_01m2qktvqr22pmq6nawv9e0a8b","event_id":"evt-pre-w3","invocation_id":"inv_01m2qktx4kxbr8hnzzvtj7ysq5","revision_id":"rev_01m2qktv3kq2gmedwrp4nbwqnx","replayed":false,"target":"tachyon_serverless_application::services::triggers"}
{"timestamp":"2026-09-17T12:00:35.506832Z","level":"INFO","message":"trigger updated","trigger_id":"trg_01m2qktvqdq2xs98vkde9mw7jh","generation":2,"status":"disabled","next_fire_at":"None","rotated_secret":false,"target":"tachyon_serverless_application::services::triggers"}
{"timestamp":"2026-09-17T12:00:35.510943Z","level":"INFO","message":"SIGTERM received","target":"tachyon_serverless_gateway"}
{"timestamp":"2026-09-17T12:00:35.510966Z","level":"INFO","message":"shutdown requested; cancelling in-flight invocations","target":"tachyon_serverless_gateway"}
{"timestamp":"2026-09-17T12:00:35.510986Z","level":"INFO","message":"cancelling in-flight invocations for shutdown","count":2,"target":"tachyon_serverless_application::services::invoke"}
{"timestamp":"2026-09-17T12:00:35.709427Z","level":"INFO","message":"bridge spawned","environment_id":"env_01m2qktx4hxdvvh2hpw42dn8cv","pid":11961,"target":"tachyon_serverless_provider_process"}
{"timestamp":"2026-09-17T12:00:35.709762Z","level":"INFO","message":"terminating bridge","environment_id":"env_01m2qktx4hxdvvh2hpw42dn8cv","pid":11961,"reason":"Shutdown","graceful":true,"target":"tachyon_serverless_provider_process"}
{"timestamp":"2026-09-17T12:00:35.718106Z","level":"INFO","message":"asynchronous invocation rescheduled","invocation_id":"inv_01m2qktx2ts302r36xw9fnwsyv","next_attempt_at":"2026-09-17T12:00:35.909636+00:00","counted":false,"error_type":"Host.GatewayShutdown","target":"tachyon_serverless_application::services::invoke_async::dispatch"}
{"timestamp":"2026-09-17T12:00:35.722225Z","level":"INFO","message":"async dispatch: delivery handled","message_id":"inv_01m2qktx2ts302r36xw9fnwsyv","sequence":8,"delivery_count":1,"outcome":"Rescheduled { next_attempt_at: 2026-09-17T12:00:35.909636Z, counted: false }","target":"tachyon_serverless_application::services::invoke_async::dispatch"}
{"timestamp":"2026-09-17T12:00:38.217920Z","level":"INFO","message":"asynchronous invocation rescheduled","invocation_id":"inv_01m2qktx0pawjdsrkh9t7xsewz","next_attempt_at":"2026-09-17T12:00:38.316684+00:00","counted":false,"error_type":"Host.GatewayShutdown","target":"tachyon_serverless_application::services::invoke_async::dispatch"}
{"timestamp":"2026-09-17T12:00:38.224863Z","level":"INFO","message":"async dispatch: delivery handled","message_id":"inv_01m2qktx0pawjdsrkh9t7xsewz","sequence":7,"delivery_count":1,"outcome":"Rescheduled { next_attempt_at: 2026-09-17T12:00:38.316684Z, counted: false }","target":"tachyon_serverless_application::services::invoke_async::dispatch"}
{"timestamp":"2026-09-17T12:00:38.229164Z","level":"INFO","message":"final usage collection","report":"CollectReport { batches: 1, read: 1, inserted: 1, duplicates: 0, cursor_seq: 47 }","target":"tachyon_serverless_gateway"}
{"timestamp":"2026-09-17T12:00:38.231462Z","level":"INFO","message":"gateway stopped","target":"tachyon_serverless_gateway"}
{"timestamp":"2026-09-17T12:00:38.232445Z","level":"INFO","message":"event: closed","target":"async_nats"}

===== a start (failpoints: accept.after_object_put=kill) 12:00:38 =====
{"timestamp":"2026-09-17T12:00:38.359383Z","level":"INFO","message":"configuration loaded","config":"/private/var/folders/z7/khzdjrt95cg_fcmcnh4j1b5h0000gn/T/tsls-chaos.wKKuSg/gw-a.toml","target":"tachyon_serverless_gateway"}
{"timestamp":"2026-09-17T12:00:38.362053Z","level":"INFO","message":"connected successfully","server":"62198","max_payload":"1048576","target":"async_nats::connector"}
{"timestamp":"2026-09-17T12:00:38.362232Z","level":"INFO","message":"event: connected","target":"async_nats"}
{"timestamp":"2026-09-17T12:00:38.378304Z","level":"INFO","message":"JetStream queue connected and stream bootstrapped","url":"nats://127.0.0.1:62198","stream":"TACHYON_EVENTS","target":"tachyon_serverless_gateway::durable"}
{"timestamp":"2026-09-17T12:00:38.380883Z","level":"INFO","message":"state store opened","path":"/private/var/folders/z7/khzdjrt95cg_fcmcnh4j1b5h0000gn/T/tsls-chaos.wKKuSg/data/state.db","schema_version":8,"migrations_applied":"[]","imported_state_json":"None","settled_invocations":0,"settled_attempts":0,"settled_environments":0,"released_leases":0,"dropped_idempotency_keys":0,"purged_idempotency_keys":0,"outputs_purged":0,"target":"tachyon_serverless_application::app"}
{"timestamp":"2026-09-17T12:00:38.381495Z","level":"INFO","message":"dispatcher registered","dispatcher_id":"dsp_01m2qktzzcjs532c3va7473zbq","instance":"chaos-a","pid":11996,"lease_ttl_seconds":6,"target":"tachyon_serverless_application::services::dispatcher"}
{"timestamp":"2026-09-17T12:00:38.382125Z","level":"WARN","message":"reclaimed the work of dispatchers that lost their lease","dispatcher_id":"dsp_01m2qktzzcjs532c3va7473zbq","reclaimed_dispatchers":"[DispatcherId(dsp_01m2qktt2svat1nk2nj7drb13d)]","leases":0,"invocations":0,"attempts":0,"fenced":0,"target":"tachyon_serverless_application::services::dispatcher"}
{"timestamp":"2026-09-17T12:00:38.384612Z","level":"WARN","message":"failpoint armed from TSLS_FAILPOINTS","name":"accept.after_object_put","action":"Kill","count":"None","target":"tachyon_serverless_application::failpoints"}
{"timestamp":"2026-09-17T12:00:38.384743Z","level":"INFO","message":"application bootstrapped","profile":"dev","provider":"process","dev_only":true,"environment_reuse":false,"reuse_verified":false,"reuse_reason":"[pool] enabled is false","reuse_disabled":"Some(Configuration)","idle_quiesce":"unsupported","idle_resume":"unsupported","data_dir":"/private/var/folders/z7/khzdjrt95cg_fcmcnh4j1b5h0000gn/T/tsls-chaos.wKKuSg/data","store":"sqlite","dispatcher_id":"dsp_01m2qktzzcjs532c3va7473zbq","node":"local","node_region":"none","node_memory_mib":"None","max_concurrency":8,"queue":"nats","objects":"filesystem","invoke_async":true,"triggers":true,"target":"tachyon_serverless_application::app"}
{"timestamp":"2026-09-17T12:00:38.385214Z","level":"INFO","message":"startup reconcile finished","provider":"process","found":0,"adopted":0,"terminated":0,"disowned":0,"failed":0,"lost":0,"foreign":0,"reclaimed_dispatchers":0,"fenced_terminated":0,"fenced_pending":0,"target":"tachyon_serverless_application::services::reconcile"}
{"timestamp":"2026-09-17T12:00:38.385298Z","level":"INFO","message":"gateway listening","addr":"127.0.0.1:62202","profile":"dev","provider":"process","target":"tachyon_serverless_gateway"}
{"timestamp":"2026-09-17T12:00:38.387336Z","level":"INFO","message":"asynchronous dispatcher started","workers":2,"owner":"dsp_01m2qktzzcjs532c3va7473zbq","target":"tachyon_serverless_gateway"}
{"timestamp":"2026-09-17T12:00:38.393989Z","level":"INFO","message":"asynchronous run claimed","invocation_id":"inv_01m2qktx4kxbr8hnzzvtj7ysq5","attempt":1,"generation":0,"delivery_count":1,"target":"tachyon_serverless_application::services::invoke_async::dispatch"}
{"timestamp":"2026-09-17T12:00:38.394261Z","level":"INFO","message":"asynchronous run claimed","invocation_id":"inv_01m2qktx2ts302r36xw9fnwsyv","attempt":1,"generation":1,"delivery_count":1,"target":"tachyon_serverless_application::services::invoke_async::dispatch"}
{"timestamp":"2026-09-17T12:00:38.546773Z","level":"INFO","message":"bridge spawned","environment_id":"env_01m2qktzztak87cgqs3hevxc3w","pid":12001,"target":"tachyon_serverless_provider_process"}
{"timestamp":"2026-09-17T12:00:38.552596Z","level":"INFO","message":"bridge spawned","environment_id":"env_01m2qkv000y28d5mbqfbr4hrya","pid":12003,"target":"tachyon_serverless_provider_process"}
{"timestamp":"2026-09-17T12:00:38.556680Z","level":"INFO","message":"invocation finished","invocation_id":"inv_01m2qktx4kxbr8hnzzvtj7ysq5","status":"succeeded (async run)","handler_ms":0,"environment_boot_ms":4,"runtime_init_ms":4,"target":"tachyon_serverless_application::services::invoke"}
{"timestamp":"2026-09-17T12:00:38.557126Z","level":"INFO","message":"terminating bridge","environment_id":"env_01m2qktzztak87cgqs3hevxc3w","pid":12001,"reason":"Completed","graceful":true,"target":"tachyon_serverless_provider_process"}
{"timestamp":"2026-09-17T12:00:38.559591Z","level":"INFO","message":"asynchronous invocation settled","invocation_id":"inv_01m2qktx4kxbr8hnzzvtj7ysq5","status":"succeeded","target":"tachyon_serverless_application::services::invoke_async::dispatch"}
{"timestamp":"2026-09-17T12:00:38.566640Z","level":"INFO","message":"async dispatch: delivery handled","message_id":"inv_01m2qktx4kxbr8hnzzvtj7ysq5","sequence":9,"delivery_count":1,"outcome":"Completed { status: \"succeeded\" }","target":"tachyon_serverless_application::services::invoke_async::dispatch"}
{"timestamp":"2026-09-17T12:00:38.567452Z","level":"INFO","message":"invocation finished","invocation_id":"inv_01m2qktx2ts302r36xw9fnwsyv","status":"succeeded (async run)","handler_ms":0,"environment_boot_ms":4,"runtime_init_ms":9,"target":"tachyon_serverless_application::services::invoke"}
{"timestamp":"2026-09-17T12:00:38.568010Z","level":"INFO","message":"asynchronous run claimed","invocation_id":"inv_01m2qktx0pawjdsrkh9t7xsewz","attempt":1,"generation":1,"delivery_count":1,"target":"tachyon_serverless_application::services::invoke_async::dispatch"}
{"timestamp":"2026-09-17T12:00:38.568130Z","level":"INFO","message":"terminating bridge","environment_id":"env_01m2qkv000y28d5mbqfbr4hrya","pid":12003,"reason":"Completed","graceful":true,"target":"tachyon_serverless_provider_process"}
{"timestamp":"2026-09-17T12:00:38.570551Z","level":"INFO","message":"asynchronous invocation settled","invocation_id":"inv_01m2qktx2ts302r36xw9fnwsyv","status":"succeeded","target":"tachyon_serverless_application::services::invoke_async::dispatch"}
{"timestamp":"2026-09-17T12:00:38.575930Z","level":"INFO","message":"async dispatch: delivery handled","message_id":"inv_01m2qktx2ts302r36xw9fnwsyv.g1","sequence":10,"delivery_count":1,"outcome":"Completed { status: \"succeeded\" }","target":"tachyon_serverless_application::services::invoke_async::dispatch"}
{"timestamp":"2026-09-17T12:00:38.667914Z","level":"ERROR","message":"failpoint fired: SIGKILL","name":"accept.after_object_put","target":"tachyon_serverless_application::failpoints"}

===== a start (failpoints: none) 12:00:38 =====
{"timestamp":"2026-09-17T12:00:38.688558Z","level":"INFO","message":"configuration loaded","config":"/private/var/folders/z7/khzdjrt95cg_fcmcnh4j1b5h0000gn/T/tsls-chaos.wKKuSg/gw-a.toml","target":"tachyon_serverless_gateway"}
{"timestamp":"2026-09-17T12:00:38.690519Z","level":"INFO","message":"connected successfully","server":"62198","max_payload":"1048576","target":"async_nats::connector"}
{"timestamp":"2026-09-17T12:00:38.690599Z","level":"INFO","message":"event: connected","target":"async_nats"}
{"timestamp":"2026-09-17T12:00:38.702277Z","level":"INFO","message":"JetStream queue connected and stream bootstrapped","url":"nats://127.0.0.1:62198","stream":"TACHYON_EVENTS","target":"tachyon_serverless_gateway::durable"}
{"timestamp":"2026-09-17T12:00:38.703893Z","level":"INFO","message":"state store opened","path":"/private/var/folders/z7/khzdjrt95cg_fcmcnh4j1b5h0000gn/T/tsls-chaos.wKKuSg/data/state.db","schema_version":8,"migrations_applied":"[]","imported_state_json":"None","settled_invocations":0,"settled_attempts":0,"settled_environments":0,"released_leases":0,"dropped_idempotency_keys":0,"purged_idempotency_keys":0,"outputs_purged":0,"target":"tachyon_serverless_application::app"}
{"timestamp":"2026-09-17T12:00:38.704115Z","level":"INFO","message":"dispatcher registered","dispatcher_id":"dsp_01m2qkv09fyaa2qjvp7gpzspmd","instance":"chaos-a","pid":12026,"lease_ttl_seconds":6,"target":"tachyon_serverless_application::services::dispatcher"}
{"timestamp":"2026-09-17T12:00:38.704576Z","level":"WARN","message":"reclaimed the work of dispatchers that lost their lease","dispatcher_id":"dsp_01m2qkv09fyaa2qjvp7gpzspmd","reclaimed_dispatchers":"[DispatcherId(dsp_01m2qktzzcjs532c3va7473zbq)]","leases":0,"invocations":0,"attempts":0,"fenced":1,"target":"tachyon_serverless_application::services::dispatcher"}
{"timestamp":"2026-09-17T12:00:38.706102Z","level":"INFO","message":"application bootstrapped","profile":"dev","provider":"process","dev_only":true,"environment_reuse":false,"reuse_verified":false,"reuse_reason":"[pool] enabled is false","reuse_disabled":"Some(Configuration)","idle_quiesce":"unsupported","idle_resume":"unsupported","data_dir":"/private/var/folders/z7/khzdjrt95cg_fcmcnh4j1b5h0000gn/T/tsls-chaos.wKKuSg/data","store":"sqlite","dispatcher_id":"dsp_01m2qkv09fyaa2qjvp7gpzspmd","node":"local","node_region":"none","node_memory_mib":"None","max_concurrency":8,"queue":"nats","objects":"filesystem","invoke_async":true,"triggers":true,"target":"tachyon_serverless_application::app"}
{"timestamp":"2026-09-17T12:00:38.706482Z","level":"INFO","message":"fenced environment terminated and settled","environment_id":"env_01m2qkv058tzdwwx8frwk1vx56","owner":"Some(DispatcherId(dsp_01m2qktzzcjs532c3va7473zbq))","was_running":false,"target":"tachyon_serverless_application::services::reconcile"}
{"timestamp":"2026-09-17T12:00:38.706591Z","level":"INFO","message":"startup reconcile finished","provider":"process","found":0,"adopted":0,"terminated":0,"disowned":0,"failed":0,"lost":0,"foreign":0,"reclaimed_dispatchers":0,"fenced_terminated":1,"fenced_pending":0,"target":"tachyon_serverless_application::services::reconcile"}
{"timestamp":"2026-09-17T12:00:38.706630Z","level":"INFO","message":"gateway listening","addr":"127.0.0.1:62202","profile":"dev","provider":"process","target":"tachyon_serverless_gateway"}
{"timestamp":"2026-09-17T12:00:38.707600Z","level":"INFO","message":"asynchronous dispatcher started","workers":2,"owner":"dsp_01m2qkv09fyaa2qjvp7gpzspmd","target":"tachyon_serverless_gateway"}
{"timestamp":"2026-09-17T12:00:39.007633Z","level":"INFO","message":"trigger updated","trigger_id":"trg_01m2qktvqdq2xs98vkde9mw7jh","generation":3,"status":"enabled","next_fire_at":"Some(2026-09-17T12:00:40Z)","rotated_secret":false,"target":"tachyon_serverless_application::services::triggers"}
{"timestamp":"2026-09-17T12:00:40.005738Z","level":"INFO","message":"asynchronous invocation accepted","invocation_id":"inv_01m2qkv1j4peesenaj1a5y9hga","tenant_id":"tn_01hzzzzzzzzzzzzzzzzzzzzzza","revision_id":"rev_01m2qktv3kq2gmedwrp4nbwqnx","input_bytes":180,"input_storage":"inline","target":"tachyon_serverless_application::services::invoke_async"}
{"timestamp":"2026-09-17T12:00:40.005852Z","level":"INFO","message":"cron trigger fired","trigger_id":"trg_01m2qktvqdq2xs98vkde9mw7jh","scheduled_at":"2026-09-17T12:00:40Z","invocation_id":"inv_01m2qkv1j4peesenaj1a5y9hga","revision_id":"rev_01m2qktv3kq2gmedwrp4nbwqnx","replayed":false,"target":"tachyon_serverless_application::services::triggers"}
{"timestamp":"2026-09-17T12:00:40.019224Z","level":"INFO","message":"asynchronous run claimed","invocation_id":"inv_01m2qkv1j4peesenaj1a5y9hga","attempt":1,"generation":0,"delivery_count":1,"target":"tachyon_serverless_application::services::invoke_async::dispatch"}
{"timestamp":"2026-09-17T12:00:40.186385Z","level":"INFO","message":"bridge spawned","environment_id":"env_01m2qkv1jmvbcvq13r5mv9qga2","pid":12042,"target":"tachyon_serverless_provider_process"}
{"timestamp":"2026-09-17T12:00:40.195901Z","level":"INFO","message":"invocation finished","invocation_id":"inv_01m2qkv1j4peesenaj1a5y9hga","status":"succeeded (async run)","handler_ms":0,"environment_boot_ms":3,"runtime_init_ms":4,"target":"tachyon_serverless_application::services::invoke"}
{"timestamp":"2026-09-17T12:00:40.197492Z","level":"INFO","message":"terminating bridge","environment_id":"env_01m2qkv1jmvbcvq13r5mv9qga2","pid":12042,"reason":"Completed","graceful":true,"target":"tachyon_serverless_provider_process"}
{"timestamp":"2026-09-17T12:00:40.199753Z","level":"INFO","message":"asynchronous invocation settled","invocation_id":"inv_01m2qkv1j4peesenaj1a5y9hga","status":"succeeded","target":"tachyon_serverless_application::services::invoke_async::dispatch"}
{"timestamp":"2026-09-17T12:00:40.205492Z","level":"INFO","message":"async dispatch: delivery handled","message_id":"inv_01m2qkv1j4peesenaj1a5y9hga","sequence":12,"delivery_count":1,"outcome":"Completed { status: \"succeeded\" }","target":"tachyon_serverless_application::services::invoke_async::dispatch"}
{"timestamp":"2026-09-17T12:00:42.007639Z","level":"INFO","message":"asynchronous invocation accepted","invocation_id":"inv_01m2qkv3gnaexqtb1k7paa4snb","tenant_id":"tn_01hzzzzzzzzzzzzzzzzzzzzzza","revision_id":"rev_01m2qktv3kq2gmedwrp4nbwqnx","input_bytes":180,"input_storage":"inline","target":"tachyon_serverless_application::services::invoke_async"}
{"timestamp":"2026-09-17T12:00:42.007796Z","level":"INFO","message":"cron trigger fired","trigger_id":"trg_01m2qktvqdq2xs98vkde9mw7jh","scheduled_at":"2026-09-17T12:00:42Z","invocation_id":"inv_01m2qkv3gnaexqtb1k7paa4snb","revision_id":"rev_01m2qktv3kq2gmedwrp4nbwqnx","replayed":false,"target":"tachyon_serverless_application::services::triggers"}
{"timestamp":"2026-09-17T12:00:42.024919Z","level":"INFO","message":"asynchronous run claimed","invocation_id":"inv_01m2qkv3gnaexqtb1k7paa4snb","attempt":1,"generation":0,"delivery_count":1,"target":"tachyon_serverless_application::services::invoke_async::dispatch"}
{"timestamp":"2026-09-17T12:00:42.194775Z","level":"INFO","message":"bridge spawned","environment_id":"env_01m2qkv3h96j2cph1phc1cfp8t","pid":12058,"target":"tachyon_serverless_provider_process"}
{"timestamp":"2026-09-17T12:00:42.204590Z","level":"INFO","message":"invocation finished","invocation_id":"inv_01m2qkv3gnaexqtb1k7paa4snb","status":"succeeded (async run)","handler_ms":0,"environment_boot_ms":4,"runtime_init_ms":4,"target":"tachyon_serverless_application::services::invoke"}
{"timestamp":"2026-09-17T12:00:42.206161Z","level":"INFO","message":"terminating bridge","environment_id":"env_01m2qkv3h96j2cph1phc1cfp8t","pid":12058,"reason":"Completed","graceful":true,"target":"tachyon_serverless_provider_process"}
{"timestamp":"2026-09-17T12:00:42.208479Z","level":"INFO","message":"asynchronous invocation settled","invocation_id":"inv_01m2qkv3gnaexqtb1k7paa4snb","status":"succeeded","target":"tachyon_serverless_application::services::invoke_async::dispatch"}
{"timestamp":"2026-09-17T12:00:42.214093Z","level":"INFO","message":"async dispatch: delivery handled","message_id":"inv_01m2qkv3gnaexqtb1k7paa4snb","sequence":13,"delivery_count":1,"outcome":"Completed { status: \"succeeded\" }","target":"tachyon_serverless_application::services::invoke_async::dispatch"}
{"timestamp":"2026-09-17T12:00:42.221977Z","level":"INFO","message":"bridge spawned","environment_id":"env_01m2qkv3je4cyj5ab9bj7ka73f","pid":12060,"target":"tachyon_serverless_provider_process"}
{"timestamp":"2026-09-17T12:00:42.221976Z","level":"INFO","message":"bridge spawned","environment_id":"env_01m2qkv3jedy1bt4jjze8zrssz","pid":12061,"target":"tachyon_serverless_provider_process"}
{"timestamp":"2026-09-17T12:00:42.569371Z","level":"INFO","message":"asynchronous run claimed","invocation_id":"inv_01m2qktx0pawjdsrkh9t7xsewz","attempt":2,"generation":1,"delivery_count":2,"target":"tachyon_serverless_application::services::invoke_async::dispatch"}
{"timestamp":"2026-09-17T12:00:42.715395Z","level":"INFO","message":"bridge spawned","environment_id":"env_01m2qkv429caxbrapzsqsj13zn","pid":12078,"target":"tachyon_serverless_provider_process"}
{"timestamp":"2026-09-17T12:00:42.724751Z","level":"INFO","message":"invocation finished","invocation_id":"inv_01m2qktx0pawjdsrkh9t7xsewz","status":"succeeded (async run)","handler_ms":0,"environment_boot_ms":3,"runtime_init_ms":4,"target":"tachyon_serverless_application::services::invoke"}
{"timestamp":"2026-09-17T12:00:42.726316Z","level":"INFO","message":"terminating bridge","environment_id":"env_01m2qkv429caxbrapzsqsj13zn","pid":12078,"reason":"Completed","graceful":true,"target":"tachyon_serverless_provider_process"}
{"timestamp":"2026-09-17T12:00:42.728539Z","level":"INFO","message":"asynchronous invocation settled","invocation_id":"inv_01m2qktx0pawjdsrkh9t7xsewz","status":"succeeded","target":"tachyon_serverless_application::services::invoke_async::dispatch"}
{"timestamp":"2026-09-17T12:00:42.734013Z","level":"INFO","message":"async dispatch: delivery handled","message_id":"inv_01m2qktx0pawjdsrkh9t7xsewz.g1","sequence":11,"delivery_count":2,"outcome":"Completed { status: \"succeeded\" }","target":"tachyon_serverless_application::services::invoke_async::dispatch"}
{"timestamp":"2026-09-17T12:00:43.720255Z","level":"INFO","message":"asynchronous invocation accepted","invocation_id":"inv_01m2qkv55t8mfwj3mek25f9bwr","tenant_id":"tn_01hzzzzzzzzzzzzzzzzzzzzzza","revision_id":"rev_01m2qkttmr2dt04gdnbt321ax6","input_bytes":4127,"input_storage":"object","target":"tachyon_serverless_application::services::invoke_async"}
{"timestamp":"2026-09-17T12:00:43.779159Z","level":"INFO","message":"asynchronous invocation accepted","invocation_id":"inv_01m2qkv57nkywgk8ghpqawn7t3","tenant_id":"tn_01hzzzzzzzzzzzzzzzzzzzzzza","revision_id":"rev_01m2qkttmr2dt04gdnbt321ax6","input_bytes":4127,"input_storage":"object","target":"tachyon_serverless_application::services::invoke_async"}
{"timestamp":"2026-09-17T12:00:43.840162Z","level":"INFO","message":"asynchronous invocation accepted","invocation_id":"inv_01m2qkv59jdb99eec3f3wfn91b","tenant_id":"tn_01hzzzzzzzzzzzzzzzzzzzzzza","revision_id":"rev_01m2qkttmr2dt04gdnbt321ax6","input_bytes":4127,"input_storage":"object","target":"tachyon_serverless_application::services::invoke_async"}
{"timestamp":"2026-09-17T12:00:44.001881Z","level":"INFO","message":"asynchronous invocation accepted","invocation_id":"inv_01m2qkv5f1zz61qv99qvhgena7","tenant_id":"tn_01hzzzzzzzzzzzzzzzzzzzzzza","revision_id":"rev_01m2qktv3kq2gmedwrp4nbwqnx","input_bytes":180,"input_storage":"inline","target":"tachyon_serverless_application::services::invoke_async"}
{"timestamp":"2026-09-17T12:00:44.001915Z","level":"INFO","message":"cron trigger fired","trigger_id":"trg_01m2qktvqdq2xs98vkde9mw7jh","scheduled_at":"2026-09-17T12:00:44Z","invocation_id":"inv_01m2qkv5f1zz61qv99qvhgena7","revision_id":"rev_01m2qktv3kq2gmedwrp4nbwqnx","replayed":false,"target":"tachyon_serverless_application::services::triggers"}
{"timestamp":"2026-09-17T12:00:45.723998Z","level":"WARN","message":"outbox: publish failed","event":"inv_01m2qkv55t8mfwj3mek25f9bwr","attempts":1,"code":"unavailable","error":"queue unavailable: publish: timed out: didn't receive ack in time","target":"tachyon_serverless_application::services::invoke_async::publisher"}
{"timestamp":"2026-09-17T12:00:46.004291Z","level":"INFO","message":"asynchronous invocation accepted","invocation_id":"inv_01m2qkv7dkwr1mz7cyj86yj678","tenant_id":"tn_01hzzzzzzzzzzzzzzzzzzzzzza","revision_id":"rev_01m2qktv3kq2gmedwrp4nbwqnx","input_bytes":180,"input_storage":"inline","target":"tachyon_serverless_application::services::invoke_async"}
{"timestamp":"2026-09-17T12:00:46.004351Z","level":"INFO","message":"cron trigger fired","trigger_id":"trg_01m2qktvqdq2xs98vkde9mw7jh","scheduled_at":"2026-09-17T12:00:46Z","invocation_id":"inv_01m2qkv7dkwr1mz7cyj86yj678","revision_id":"rev_01m2qktv3kq2gmedwrp4nbwqnx","replayed":false,"target":"tachyon_serverless_application::services::triggers"}

===== a start (failpoints: none) 12:00:47 =====
{"timestamp":"2026-09-17T12:00:47.745875Z","level":"INFO","message":"configuration loaded","config":"/private/var/folders/z7/khzdjrt95cg_fcmcnh4j1b5h0000gn/T/tsls-chaos.wKKuSg/gw-a.toml","target":"tachyon_serverless_gateway"}
{"timestamp":"2026-09-17T12:00:47.748342Z","level":"INFO","message":"connected successfully","server":"62198","max_payload":"1048576","target":"async_nats::connector"}
{"timestamp":"2026-09-17T12:00:47.748496Z","level":"INFO","message":"event: connected","target":"async_nats"}
{"timestamp":"2026-09-17T12:00:47.758960Z","level":"INFO","message":"JetStream queue connected and stream bootstrapped","url":"nats://127.0.0.1:62198","stream":"TACHYON_EVENTS","target":"tachyon_serverless_gateway::durable"}
{"timestamp":"2026-09-17T12:00:47.765687Z","level":"INFO","message":"state store opened","path":"/private/var/folders/z7/khzdjrt95cg_fcmcnh4j1b5h0000gn/T/tsls-chaos.wKKuSg/data/state.db","schema_version":8,"migrations_applied":"[]","imported_state_json":"None","settled_invocations":0,"settled_attempts":0,"settled_environments":0,"released_leases":0,"dropped_idempotency_keys":0,"purged_idempotency_keys":0,"outputs_purged":0,"target":"tachyon_serverless_application::app"}
{"timestamp":"2026-09-17T12:00:47.766098Z","level":"INFO","message":"dispatcher registered","dispatcher_id":"dsp_01m2qkv94na56ysbva852rnzgz","instance":"chaos-a","pid":12253,"lease_ttl_seconds":6,"target":"tachyon_serverless_application::services::dispatcher"}
{"timestamp":"2026-09-17T12:00:47.768694Z","level":"WARN","message":"reclaimed the work of dispatchers that lost their lease","dispatcher_id":"dsp_01m2qkv94na56ysbva852rnzgz","reclaimed_dispatchers":"[DispatcherId(dsp_01m2qkv09fyaa2qjvp7gpzspmd)]","leases":2,"invocations":2,"attempts":2,"fenced":2,"target":"tachyon_serverless_application::services::dispatcher"}
{"timestamp":"2026-09-17T12:00:47.772385Z","level":"INFO","message":"application bootstrapped","profile":"dev","provider":"process","dev_only":true,"environment_reuse":false,"reuse_verified":false,"reuse_reason":"[pool] enabled is false","reuse_disabled":"Some(Configuration)","idle_quiesce":"unsupported","idle_resume":"unsupported","data_dir":"/private/var/folders/z7/khzdjrt95cg_fcmcnh4j1b5h0000gn/T/tsls-chaos.wKKuSg/data","store":"sqlite","dispatcher_id":"dsp_01m2qkv94na56ysbva852rnzgz","node":"local","node_region":"none","node_memory_mib":"None","max_concurrency":8,"queue":"nats","objects":"filesystem","invoke_async":true,"triggers":true,"target":"tachyon_serverless_application::app"}
{"timestamp":"2026-09-17T12:00:47.773936Z","level":"INFO","message":"fenced environment terminated and settled","environment_id":"env_01m2qkv3je4cyj5ab9bj7ka73f","owner":"Some(DispatcherId(dsp_01m2qkv09fyaa2qjvp7gpzspmd))","was_running":false,"target":"tachyon_serverless_application::services::reconcile"}
{"timestamp":"2026-09-17T12:00:47.774989Z","level":"INFO","message":"fenced environment terminated and settled","environment_id":"env_01m2qkv3jedy1bt4jjze8zrssz","owner":"Some(DispatcherId(dsp_01m2qkv09fyaa2qjvp7gpzspmd))","was_running":false,"target":"tachyon_serverless_application::services::reconcile"}
{"timestamp":"2026-09-17T12:00:47.775267Z","level":"INFO","message":"startup reconcile finished","provider":"process","found":0,"adopted":0,"terminated":0,"disowned":0,"failed":0,"lost":0,"foreign":0,"reclaimed_dispatchers":0,"fenced_terminated":2,"fenced_pending":0,"target":"tachyon_serverless_application::services::reconcile"}
{"timestamp":"2026-09-17T12:00:47.775373Z","level":"INFO","message":"gateway listening","addr":"127.0.0.1:62202","profile":"dev","provider":"process","target":"tachyon_serverless_gateway"}
{"timestamp":"2026-09-17T12:00:47.777550Z","level":"INFO","message":"asynchronous dispatcher started","workers":2,"owner":"dsp_01m2qkv94na56ysbva852rnzgz","target":"tachyon_serverless_gateway"}
{"timestamp":"2026-09-17T12:00:47.790461Z","level":"INFO","message":"asynchronous run claimed","invocation_id":"inv_01m2qkv55t8mfwj3mek25f9bwr","attempt":1,"generation":0,"delivery_count":1,"target":"tachyon_serverless_application::services::invoke_async::dispatch"}
{"timestamp":"2026-09-17T12:00:47.794439Z","level":"INFO","message":"outbox: re-published events the broker already had, or whose claim moved on","duplicates":1,"lost_claims":0,"marked":2,"target":"tachyon_serverless_application::services::invoke_async::publisher"}
{"timestamp":"2026-09-17T12:00:47.795624Z","level":"INFO","message":"asynchronous run claimed","invocation_id":"inv_01m2qkv57nkywgk8ghpqawn7t3","attempt":1,"generation":0,"delivery_count":1,"target":"tachyon_serverless_application::services::invoke_async::dispatch"}
{"timestamp":"2026-09-17T12:00:48.003876Z","level":"INFO","message":"asynchronous invocation accepted","invocation_id":"inv_01m2qkv9c2z0tb4mb22xff9knx","tenant_id":"tn_01hzzzzzzzzzzzzzzzzzzzzzza","revision_id":"rev_01m2qktv3kq2gmedwrp4nbwqnx","input_bytes":180,"input_storage":"inline","target":"tachyon_serverless_application::services::invoke_async"}
{"timestamp":"2026-09-17T12:00:48.003953Z","level":"INFO","message":"cron trigger fired","trigger_id":"trg_01m2qktvqdq2xs98vkde9mw7jh","scheduled_at":"2026-09-17T12:00:48Z","invocation_id":"inv_01m2qkv9c2z0tb4mb22xff9knx","revision_id":"rev_01m2qktv3kq2gmedwrp4nbwqnx","replayed":false,"target":"tachyon_serverless_application::services::triggers"}
{"timestamp":"2026-09-17T12:00:48.103305Z","level":"INFO","message":"bridge spawned","environment_id":"env_01m2qkv95h9q9dp0frqx2sta7c","pid":12283,"target":"tachyon_serverless_provider_process"}
{"timestamp":"2026-09-17T12:00:48.106426Z","level":"INFO","message":"bridge spawned","environment_id":"env_01m2qkv95p70dtfnyms8b6y2vb","pid":12284,"target":"tachyon_serverless_provider_process"}
{"timestamp":"2026-09-17T12:00:48.124583Z","level":"INFO","message":"invocation finished","invocation_id":"inv_01m2qkv55t8mfwj3mek25f9bwr","status":"succeeded (async run)","handler_ms":3,"environment_boot_ms":7,"runtime_init_ms":9,"target":"tachyon_serverless_application::services::invoke"}
{"timestamp":"2026-09-17T12:00:48.125566Z","level":"INFO","message":"invocation finished","invocation_id":"inv_01m2qkv57nkywgk8ghpqawn7t3","status":"succeeded (async run)","handler_ms":1,"environment_boot_ms":6,"runtime_init_ms":9,"target":"tachyon_serverless_application::services::invoke"}
{"timestamp":"2026-09-17T12:00:48.126123Z","level":"INFO","message":"terminating bridge","environment_id":"env_01m2qkv95h9q9dp0frqx2sta7c","pid":12283,"reason":"Completed","graceful":true,"target":"tachyon_serverless_provider_process"}
{"timestamp":"2026-09-17T12:00:48.127388Z","level":"INFO","message":"terminating bridge","environment_id":"env_01m2qkv95p70dtfnyms8b6y2vb","pid":12284,"reason":"Completed","graceful":true,"target":"tachyon_serverless_provider_process"}
{"timestamp":"2026-09-17T12:00:48.131070Z","level":"INFO","message":"asynchronous invocation settled","invocation_id":"inv_01m2qkv55t8mfwj3mek25f9bwr","status":"succeeded","target":"tachyon_serverless_application::services::invoke_async::dispatch"}
{"timestamp":"2026-09-17T12:00:48.138649Z","level":"INFO","message":"async dispatch: delivery handled","message_id":"inv_01m2qkv55t8mfwj3mek25f9bwr","sequence":14,"delivery_count":1,"outcome":"Completed { status: \"succeeded\" }","target":"tachyon_serverless_application::services::invoke_async::dispatch"}
{"timestamp":"2026-09-17T12:00:48.139042Z","level":"INFO","message":"asynchronous invocation settled","invocation_id":"inv_01m2qkv57nkywgk8ghpqawn7t3","status":"succeeded","target":"tachyon_serverless_application::services::invoke_async::dispatch"}
{"timestamp":"2026-09-17T12:00:48.145190Z","level":"INFO","message":"asynchronous run claimed","invocation_id":"inv_01m2qkv7dkwr1mz7cyj86yj678","attempt":1,"generation":0,"delivery_count":1,"target":"tachyon_serverless_application::services::invoke_async::dispatch"}
{"timestamp":"2026-09-17T12:00:48.151467Z","level":"INFO","message":"async dispatch: delivery handled","message_id":"inv_01m2qkv57nkywgk8ghpqawn7t3","sequence":15,"delivery_count":1,"outcome":"Completed { status: \"succeeded\" }","target":"tachyon_serverless_application::services::invoke_async::dispatch"}
{"timestamp":"2026-09-17T12:00:48.152651Z","level":"INFO","message":"asynchronous run claimed","invocation_id":"inv_01m2qkv9c2z0tb4mb22xff9knx","attempt":1,"generation":0,"delivery_count":1,"target":"tachyon_serverless_application::services::invoke_async::dispatch"}
{"timestamp":"2026-09-17T12:00:48.450068Z","level":"INFO","message":"bridge spawned","environment_id":"env_01m2qkv9ghc5t3gzkfpwd8q2ww","pid":12295,"target":"tachyon_serverless_provider_process"}
{"timestamp":"2026-09-17T12:00:48.452163Z","level":"INFO","message":"bridge spawned","environment_id":"env_01m2qkv9grrkep23ppf94je3ng","pid":12296,"target":"tachyon_serverless_provider_process"}
{"timestamp":"2026-09-17T12:00:48.469675Z","level":"INFO","message":"invocation finished","invocation_id":"inv_01m2qkv7dkwr1mz7cyj86yj678","status":"succeeded (async run)","handler_ms":0,"environment_boot_ms":7,"runtime_init_ms":9,"target":"tachyon_serverless_application::services::invoke"}
{"timestamp":"2026-09-17T12:00:48.470238Z","level":"INFO","message":"invocation finished","invocation_id":"inv_01m2qkv9c2z0tb4mb22xff9knx","status":"succeeded (async run)","handler_ms":0,"environment_boot_ms":6,"runtime_init_ms":8,"target":"tachyon_serverless_application::services::invoke"}
{"timestamp":"2026-09-17T12:00:48.471536Z","level":"INFO","message":"terminating bridge","environment_id":"env_01m2qkv9ghc5t3gzkfpwd8q2ww","pid":12295,"reason":"Completed","graceful":true,"target":"tachyon_serverless_provider_process"}
{"timestamp":"2026-09-17T12:00:48.471538Z","level":"INFO","message":"terminating bridge","environment_id":"env_01m2qkv9grrkep23ppf94je3ng","pid":12296,"reason":"Completed","graceful":true,"target":"tachyon_serverless_provider_process"}
{"timestamp":"2026-09-17T12:00:48.476308Z","level":"INFO","message":"asynchronous invocation settled","invocation_id":"inv_01m2qkv7dkwr1mz7cyj86yj678","status":"succeeded","target":"tachyon_serverless_application::services::invoke_async::dispatch"}
{"timestamp":"2026-09-17T12:00:48.476938Z","level":"INFO","message":"asynchronous invocation settled","invocation_id":"inv_01m2qkv9c2z0tb4mb22xff9knx","status":"succeeded","target":"tachyon_serverless_application::services::invoke_async::dispatch"}
{"timestamp":"2026-09-17T12:00:48.481841Z","level":"INFO","message":"async dispatch: delivery handled","message_id":"inv_01m2qkv7dkwr1mz7cyj86yj678","sequence":16,"delivery_count":1,"outcome":"Completed { status: \"succeeded\" }","target":"tachyon_serverless_application::services::invoke_async::dispatch"}
{"timestamp":"2026-09-17T12:00:48.490747Z","level":"INFO","message":"async dispatch: delivery handled","message_id":"inv_01m2qkv9c2z0tb4mb22xff9knx","sequence":17,"delivery_count":1,"outcome":"Completed { status: \"succeeded\" }","target":"tachyon_serverless_application::services::invoke_async::dispatch"}
{"timestamp":"2026-09-17T12:00:48.740779Z","level":"INFO","message":"asynchronous run claimed","invocation_id":"inv_01m2qkv59jdb99eec3f3wfn91b","attempt":1,"generation":0,"delivery_count":1,"target":"tachyon_serverless_application::services::invoke_async::dispatch"}
{"timestamp":"2026-09-17T12:00:48.745649Z","level":"INFO","message":"asynchronous run claimed","invocation_id":"inv_01m2qkv5f1zz61qv99qvhgena7","attempt":1,"generation":0,"delivery_count":1,"target":"tachyon_serverless_application::services::invoke_async::dispatch"}
{"timestamp":"2026-09-17T12:00:49.020451Z","level":"INFO","message":"bridge spawned","environment_id":"env_01m2qkva39p4fmfwp4cspez1hr","pid":12330,"target":"tachyon_serverless_provider_process"}
{"timestamp":"2026-09-17T12:00:49.025510Z","level":"INFO","message":"bridge spawned","environment_id":"env_01m2qkva3764rame4hxqrqtv4f","pid":12331,"target":"tachyon_serverless_provider_process"}
{"timestamp":"2026-09-17T12:00:49.039335Z","level":"INFO","message":"invocation finished","invocation_id":"inv_01m2qkv5f1zz61qv99qvhgena7","status":"succeeded (async run)","handler_ms":0,"environment_boot_ms":7,"runtime_init_ms":9,"target":"tachyon_serverless_application::services::invoke"}
{"timestamp":"2026-09-17T12:00:49.042089Z","level":"INFO","message":"terminating bridge","environment_id":"env_01m2qkva39p4fmfwp4cspez1hr","pid":12330,"reason":"Completed","graceful":true,"target":"tachyon_serverless_provider_process"}
{"timestamp":"2026-09-17T12:00:49.043472Z","level":"INFO","message":"invocation finished","invocation_id":"inv_01m2qkv59jdb99eec3f3wfn91b","status":"succeeded (async run)","handler_ms":1,"environment_boot_ms":6,"runtime_init_ms":8,"target":"tachyon_serverless_application::services::invoke"}
{"timestamp":"2026-09-17T12:00:49.046527Z","level":"INFO","message":"asynchronous invocation settled","invocation_id":"inv_01m2qkv5f1zz61qv99qvhgena7","status":"succeeded","target":"tachyon_serverless_application::services::invoke_async::dispatch"}
{"timestamp":"2026-09-17T12:00:49.046695Z","level":"INFO","message":"terminating bridge","environment_id":"env_01m2qkva3764rame4hxqrqtv4f","pid":12331,"reason":"Completed","graceful":true,"target":"tachyon_serverless_provider_process"}
{"timestamp":"2026-09-17T12:00:49.060619Z","level":"INFO","message":"asynchronous invocation settled","invocation_id":"inv_01m2qkv59jdb99eec3f3wfn91b","status":"succeeded","target":"tachyon_serverless_application::services::invoke_async::dispatch"}
{"timestamp":"2026-09-17T12:00:49.060794Z","level":"INFO","message":"async dispatch: delivery handled","message_id":"inv_01m2qkv5f1zz61qv99qvhgena7","sequence":19,"delivery_count":1,"outcome":"Completed { status: \"succeeded\" }","target":"tachyon_serverless_application::services::invoke_async::dispatch"}
{"timestamp":"2026-09-17T12:00:49.064533Z","level":"INFO","message":"async dispatch: delivery handled","message_id":"inv_01m2qkv59jdb99eec3f3wfn91b","sequence":18,"delivery_count":1,"outcome":"Completed { status: \"succeeded\" }","target":"tachyon_serverless_application::services::invoke_async::dispatch"}
{"timestamp":"2026-09-17T12:00:50.008294Z","level":"INFO","message":"asynchronous invocation accepted","invocation_id":"inv_01m2qkvbanxe9we2v7f78phrd0","tenant_id":"tn_01hzzzzzzzzzzzzzzzzzzzzzza","revision_id":"rev_01m2qktv3kq2gmedwrp4nbwqnx","input_bytes":180,"input_storage":"inline","target":"tachyon_serverless_application::services::invoke_async"}
{"timestamp":"2026-09-17T12:00:50.008486Z","level":"INFO","message":"cron trigger fired","trigger_id":"trg_01m2qktvqdq2xs98vkde9mw7jh","scheduled_at":"2026-09-17T12:00:50Z","invocation_id":"inv_01m2qkvbanxe9we2v7f78phrd0","revision_id":"rev_01m2qktv3kq2gmedwrp4nbwqnx","replayed":false,"target":"tachyon_serverless_application::services::triggers"}
{"timestamp":"2026-09-17T12:00:50.024544Z","level":"INFO","message":"asynchronous run claimed","invocation_id":"inv_01m2qkvbanxe9we2v7f78phrd0","attempt":1,"generation":0,"delivery_count":1,"target":"tachyon_serverless_application::services::invoke_async::dispatch"}
{"timestamp":"2026-09-17T12:00:50.196940Z","level":"INFO","message":"bridge spawned","environment_id":"env_01m2qkvbb966mq5grnphwantf7","pid":12442,"target":"tachyon_serverless_provider_process"}
{"timestamp":"2026-09-17T12:00:50.207429Z","level":"INFO","message":"invocation finished","invocation_id":"inv_01m2qkvbanxe9we2v7f78phrd0","status":"succeeded (async run)","handler_ms":0,"environment_boot_ms":4,"runtime_init_ms":5,"target":"tachyon_serverless_application::services::invoke"}
{"timestamp":"2026-09-17T12:00:50.209059Z","level":"INFO","message":"terminating bridge","environment_id":"env_01m2qkvbb966mq5grnphwantf7","pid":12442,"reason":"Completed","graceful":true,"target":"tachyon_serverless_provider_process"}
{"timestamp":"2026-09-17T12:00:50.211600Z","level":"INFO","message":"asynchronous invocation settled","invocation_id":"inv_01m2qkvbanxe9we2v7f78phrd0","status":"succeeded","target":"tachyon_serverless_application::services::invoke_async::dispatch"}
{"timestamp":"2026-09-17T12:00:50.218805Z","level":"INFO","message":"async dispatch: delivery handled","message_id":"inv_01m2qkvbanxe9we2v7f78phrd0","sequence":20,"delivery_count":1,"outcome":"Completed { status: \"succeeded\" }","target":"tachyon_serverless_application::services::invoke_async::dispatch"}
{"timestamp":"2026-09-17T12:00:52.004294Z","level":"INFO","message":"asynchronous invocation accepted","invocation_id":"inv_01m2qkvd93sv2zpwmekgkdnb3m","tenant_id":"tn_01hzzzzzzzzzzzzzzzzzzzzzza","revision_id":"rev_01m2qktv3kq2gmedwrp4nbwqnx","input_bytes":180,"input_storage":"inline","target":"tachyon_serverless_application::services::invoke_async"}
{"timestamp":"2026-09-17T12:00:52.004345Z","level":"INFO","message":"cron trigger fired","trigger_id":"trg_01m2qktvqdq2xs98vkde9mw7jh","scheduled_at":"2026-09-17T12:00:52Z","invocation_id":"inv_01m2qkvd93sv2zpwmekgkdnb3m","revision_id":"rev_01m2qktv3kq2gmedwrp4nbwqnx","replayed":false,"target":"tachyon_serverless_application::services::triggers"}
{"timestamp":"2026-09-17T12:00:52.012873Z","level":"INFO","message":"asynchronous run claimed","invocation_id":"inv_01m2qkvd93sv2zpwmekgkdnb3m","attempt":1,"generation":0,"delivery_count":1,"target":"tachyon_serverless_application::services::invoke_async::dispatch"}
{"timestamp":"2026-09-17T12:00:52.150578Z","level":"INFO","message":"bridge spawned","environment_id":"env_01m2qkvd9gtw0ybnj6vb9zd9r5","pid":12634,"target":"tachyon_serverless_provider_process"}
{"timestamp":"2026-09-17T12:00:52.159742Z","level":"INFO","message":"invocation finished","invocation_id":"inv_01m2qkvd93sv2zpwmekgkdnb3m","status":"succeeded (async run)","handler_ms":0,"environment_boot_ms":3,"runtime_init_ms":4,"target":"tachyon_serverless_application::services::invoke"}
{"timestamp":"2026-09-17T12:00:52.161368Z","level":"INFO","message":"terminating bridge","environment_id":"env_01m2qkvd9gtw0ybnj6vb9zd9r5","pid":12634,"reason":"Completed","graceful":true,"target":"tachyon_serverless_provider_process"}
{"timestamp":"2026-09-17T12:00:52.163575Z","level":"INFO","message":"asynchronous invocation settled","invocation_id":"inv_01m2qkvd93sv2zpwmekgkdnb3m","status":"succeeded","target":"tachyon_serverless_application::services::invoke_async::dispatch"}
{"timestamp":"2026-09-17T12:00:52.171088Z","level":"INFO","message":"async dispatch: delivery handled","message_id":"inv_01m2qkvd93sv2zpwmekgkdnb3m","sequence":21,"delivery_count":1,"outcome":"Completed { status: \"succeeded\" }","target":"tachyon_serverless_application::services::invoke_async::dispatch"}
{"timestamp":"2026-09-17T12:00:54.003854Z","level":"INFO","message":"asynchronous invocation accepted","invocation_id":"inv_01m2qkvf7kayt4vpwdr11ks0x5","tenant_id":"tn_01hzzzzzzzzzzzzzzzzzzzzzza","revision_id":"rev_01m2qktv3kq2gmedwrp4nbwqnx","input_bytes":180,"input_storage":"inline","target":"tachyon_serverless_application::services::invoke_async"}
{"timestamp":"2026-09-17T12:00:54.003900Z","level":"INFO","message":"cron trigger fired","trigger_id":"trg_01m2qktvqdq2xs98vkde9mw7jh","scheduled_at":"2026-09-17T12:00:54Z","invocation_id":"inv_01m2qkvf7kayt4vpwdr11ks0x5","revision_id":"rev_01m2qktv3kq2gmedwrp4nbwqnx","replayed":false,"target":"tachyon_serverless_application::services::triggers"}
{"timestamp":"2026-09-17T12:00:54.016572Z","level":"INFO","message":"asynchronous run claimed","invocation_id":"inv_01m2qkvf7kayt4vpwdr11ks0x5","attempt":1,"generation":0,"delivery_count":1,"target":"tachyon_serverless_application::services::invoke_async::dispatch"}
{"timestamp":"2026-09-17T12:00:54.153855Z","level":"INFO","message":"bridge spawned","environment_id":"env_01m2qkvf80997s80w9ygr6z7s2","pid":12841,"target":"tachyon_serverless_provider_process"}
{"timestamp":"2026-09-17T12:00:54.163059Z","level":"INFO","message":"invocation finished","invocation_id":"inv_01m2qkvf7kayt4vpwdr11ks0x5","status":"succeeded (async run)","handler_ms":0,"environment_boot_ms":3,"runtime_init_ms":4,"target":"tachyon_serverless_application::services::invoke"}
{"timestamp":"2026-09-17T12:00:54.164663Z","level":"INFO","message":"terminating bridge","environment_id":"env_01m2qkvf80997s80w9ygr6z7s2","pid":12841,"reason":"Completed","graceful":true,"target":"tachyon_serverless_provider_process"}
{"timestamp":"2026-09-17T12:00:54.166923Z","level":"INFO","message":"asynchronous invocation settled","invocation_id":"inv_01m2qkvf7kayt4vpwdr11ks0x5","status":"succeeded","target":"tachyon_serverless_application::services::invoke_async::dispatch"}
{"timestamp":"2026-09-17T12:00:54.174145Z","level":"INFO","message":"async dispatch: delivery handled","message_id":"inv_01m2qkvf7kayt4vpwdr11ks0x5","sequence":22,"delivery_count":1,"outcome":"Completed { status: \"succeeded\" }","target":"tachyon_serverless_application::services::invoke_async::dispatch"}
{"timestamp":"2026-09-17T12:00:56.003396Z","level":"INFO","message":"asynchronous invocation accepted","invocation_id":"inv_01m2qkvh627tvd8av81mfck05w","tenant_id":"tn_01hzzzzzzzzzzzzzzzzzzzzzza","revision_id":"rev_01m2qktv3kq2gmedwrp4nbwqnx","input_bytes":180,"input_storage":"inline","target":"tachyon_serverless_application::services::invoke_async"}
{"timestamp":"2026-09-17T12:00:56.003453Z","level":"INFO","message":"cron trigger fired","trigger_id":"trg_01m2qktvqdq2xs98vkde9mw7jh","scheduled_at":"2026-09-17T12:00:56Z","invocation_id":"inv_01m2qkvh627tvd8av81mfck05w","revision_id":"rev_01m2qktv3kq2gmedwrp4nbwqnx","replayed":false,"target":"tachyon_serverless_application::services::triggers"}
{"timestamp":"2026-09-17T12:00:56.014002Z","level":"INFO","message":"asynchronous run claimed","invocation_id":"inv_01m2qkvh627tvd8av81mfck05w","attempt":1,"generation":0,"delivery_count":1,"target":"tachyon_serverless_application::services::invoke_async::dispatch"}
{"timestamp":"2026-09-17T12:00:56.158639Z","level":"INFO","message":"bridge spawned","environment_id":"env_01m2qkvh6etsfjyhgab09nazxp","pid":13012,"target":"tachyon_serverless_provider_process"}
{"timestamp":"2026-09-17T12:00:56.168551Z","level":"INFO","message":"invocation finished","invocation_id":"inv_01m2qkvh627tvd8av81mfck05w","status":"succeeded (async run)","handler_ms":0,"environment_boot_ms":3,"runtime_init_ms":5,"target":"tachyon_serverless_application::services::invoke"}
{"timestamp":"2026-09-17T12:00:56.170102Z","level":"INFO","message":"terminating bridge","environment_id":"env_01m2qkvh6etsfjyhgab09nazxp","pid":13012,"reason":"Completed","graceful":true,"target":"tachyon_serverless_provider_process"}
{"timestamp":"2026-09-17T12:00:56.172574Z","level":"INFO","message":"asynchronous invocation settled","invocation_id":"inv_01m2qkvh627tvd8av81mfck05w","status":"succeeded","target":"tachyon_serverless_application::services::invoke_async::dispatch"}
{"timestamp":"2026-09-17T12:00:56.178761Z","level":"INFO","message":"async dispatch: delivery handled","message_id":"inv_01m2qkvh627tvd8av81mfck05w","sequence":23,"delivery_count":1,"outcome":"Completed { status: \"succeeded\" }","target":"tachyon_serverless_application::services::invoke_async::dispatch"}
{"timestamp":"2026-09-17T12:00:58.002521Z","level":"INFO","message":"asynchronous invocation accepted","invocation_id":"inv_01m2qkvk4h5a54w44hxmcqq24r","tenant_id":"tn_01hzzzzzzzzzzzzzzzzzzzzzza","revision_id":"rev_01m2qktv3kq2gmedwrp4nbwqnx","input_bytes":180,"input_storage":"inline","target":"tachyon_serverless_application::services::invoke_async"}
{"timestamp":"2026-09-17T12:00:58.002580Z","level":"INFO","message":"cron trigger fired","trigger_id":"trg_01m2qktvqdq2xs98vkde9mw7jh","scheduled_at":"2026-09-17T12:00:58Z","invocation_id":"inv_01m2qkvk4h5a54w44hxmcqq24r","revision_id":"rev_01m2qktv3kq2gmedwrp4nbwqnx","replayed":false,"target":"tachyon_serverless_application::services::triggers"}
{"timestamp":"2026-09-17T12:00:58.016442Z","level":"INFO","message":"asynchronous run claimed","invocation_id":"inv_01m2qkvk4h5a54w44hxmcqq24r","attempt":1,"generation":0,"delivery_count":1,"target":"tachyon_serverless_application::services::invoke_async::dispatch"}
{"timestamp":"2026-09-17T12:00:58.153363Z","level":"INFO","message":"bridge spawned","environment_id":"env_01m2qkvk500nctw7nrx4ym696x","pid":13221,"target":"tachyon_serverless_provider_process"}
{"timestamp":"2026-09-17T12:00:58.163011Z","level":"INFO","message":"invocation finished","invocation_id":"inv_01m2qkvk4h5a54w44hxmcqq24r","status":"succeeded (async run)","handler_ms":0,"environment_boot_ms":4,"runtime_init_ms":4,"target":"tachyon_serverless_application::services::invoke"}
{"timestamp":"2026-09-17T12:00:58.164556Z","level":"INFO","message":"terminating bridge","environment_id":"env_01m2qkvk500nctw7nrx4ym696x","pid":13221,"reason":"Completed","graceful":true,"target":"tachyon_serverless_provider_process"}
{"timestamp":"2026-09-17T12:00:58.166788Z","level":"INFO","message":"asynchronous invocation settled","invocation_id":"inv_01m2qkvk4h5a54w44hxmcqq24r","status":"succeeded","target":"tachyon_serverless_application::services::invoke_async::dispatch"}
{"timestamp":"2026-09-17T12:00:58.174456Z","level":"INFO","message":"async dispatch: delivery handled","message_id":"inv_01m2qkvk4h5a54w44hxmcqq24r","sequence":24,"delivery_count":1,"outcome":"Completed { status: \"succeeded\" }","target":"tachyon_serverless_application::services::invoke_async::dispatch"}
{"timestamp":"2026-09-17T12:01:00.002913Z","level":"INFO","message":"asynchronous invocation accepted","invocation_id":"inv_01m2qkvn31azt4djf0t54vdqr8","tenant_id":"tn_01hzzzzzzzzzzzzzzzzzzzzzza","revision_id":"rev_01m2qktv3kq2gmedwrp4nbwqnx","input_bytes":180,"input_storage":"inline","target":"tachyon_serverless_application::services::invoke_async"}
{"timestamp":"2026-09-17T12:01:00.002986Z","level":"INFO","message":"cron trigger fired","trigger_id":"trg_01m2qktvqdq2xs98vkde9mw7jh","scheduled_at":"2026-09-17T12:01:00Z","invocation_id":"inv_01m2qkvn31azt4djf0t54vdqr8","revision_id":"rev_01m2qktv3kq2gmedwrp4nbwqnx","replayed":false,"target":"tachyon_serverless_application::services::triggers"}
{"timestamp":"2026-09-17T12:01:00.015399Z","level":"INFO","message":"asynchronous run claimed","invocation_id":"inv_01m2qkvn31azt4djf0t54vdqr8","attempt":1,"generation":0,"delivery_count":1,"target":"tachyon_serverless_application::services::invoke_async::dispatch"}
{"timestamp":"2026-09-17T12:01:00.169825Z","level":"INFO","message":"bridge spawned","environment_id":"env_01m2qkvn3f230a3qnf1mfmqfvr","pid":13409,"target":"tachyon_serverless_provider_process"}
{"timestamp":"2026-09-17T12:01:00.178281Z","level":"INFO","message":"invocation finished","invocation_id":"inv_01m2qkvn31azt4djf0t54vdqr8","status":"succeeded (async run)","handler_ms":0,"environment_boot_ms":3,"runtime_init_ms":4,"target":"tachyon_serverless_application::services::invoke"}
{"timestamp":"2026-09-17T12:01:00.179850Z","level":"INFO","message":"terminating bridge","environment_id":"env_01m2qkvn3f230a3qnf1mfmqfvr","pid":13409,"reason":"Completed","graceful":true,"target":"tachyon_serverless_provider_process"}
{"timestamp":"2026-09-17T12:01:00.182167Z","level":"INFO","message":"asynchronous invocation settled","invocation_id":"inv_01m2qkvn31azt4djf0t54vdqr8","status":"succeeded","target":"tachyon_serverless_application::services::invoke_async::dispatch"}
{"timestamp":"2026-09-17T12:01:00.188080Z","level":"INFO","message":"async dispatch: delivery handled","message_id":"inv_01m2qkvn31azt4djf0t54vdqr8","sequence":25,"delivery_count":1,"outcome":"Completed { status: \"succeeded\" }","target":"tachyon_serverless_application::services::invoke_async::dispatch"}
{"timestamp":"2026-09-17T12:01:02.003676Z","level":"INFO","message":"asynchronous invocation accepted","invocation_id":"inv_01m2qkvq1k11x7202jjtvwja1r","tenant_id":"tn_01hzzzzzzzzzzzzzzzzzzzzzza","revision_id":"rev_01m2qktv3kq2gmedwrp4nbwqnx","input_bytes":180,"input_storage":"inline","target":"tachyon_serverless_application::services::invoke_async"}
{"timestamp":"2026-09-17T12:01:02.003712Z","level":"INFO","message":"cron trigger fired","trigger_id":"trg_01m2qktvqdq2xs98vkde9mw7jh","scheduled_at":"2026-09-17T12:01:02Z","invocation_id":"inv_01m2qkvq1k11x7202jjtvwja1r","revision_id":"rev_01m2qktv3kq2gmedwrp4nbwqnx","replayed":false,"target":"tachyon_serverless_application::services::triggers"}
{"timestamp":"2026-09-17T12:01:02.011058Z","level":"INFO","message":"asynchronous run claimed","invocation_id":"inv_01m2qkvq1k11x7202jjtvwja1r","attempt":1,"generation":0,"delivery_count":1,"target":"tachyon_serverless_application::services::invoke_async::dispatch"}
{"timestamp":"2026-09-17T12:01:02.151013Z","level":"INFO","message":"bridge spawned","environment_id":"env_01m2qkvq1vfwk9bqt1zd3c81hr","pid":13615,"target":"tachyon_serverless_provider_process"}
{"timestamp":"2026-09-17T12:01:02.160185Z","level":"INFO","message":"invocation finished","invocation_id":"inv_01m2qkvq1k11x7202jjtvwja1r","status":"succeeded (async run)","handler_ms":0,"environment_boot_ms":3,"runtime_init_ms":4,"target":"tachyon_serverless_application::services::invoke"}
{"timestamp":"2026-09-17T12:01:02.161833Z","level":"INFO","message":"terminating bridge","environment_id":"env_01m2qkvq1vfwk9bqt1zd3c81hr","pid":13615,"reason":"Completed","graceful":true,"target":"tachyon_serverless_provider_process"}
{"timestamp":"2026-09-17T12:01:02.164003Z","level":"INFO","message":"asynchronous invocation settled","invocation_id":"inv_01m2qkvq1k11x7202jjtvwja1r","status":"succeeded","target":"tachyon_serverless_application::services::invoke_async::dispatch"}
{"timestamp":"2026-09-17T12:01:02.171432Z","level":"INFO","message":"async dispatch: delivery handled","message_id":"inv_01m2qkvq1k11x7202jjtvwja1r","sequence":26,"delivery_count":1,"outcome":"Completed { status: \"succeeded\" }","target":"tachyon_serverless_application::services::invoke_async::dispatch"}
{"timestamp":"2026-09-17T12:01:04.004983Z","level":"INFO","message":"asynchronous invocation accepted","invocation_id":"inv_01m2qkvs03gq72dasr4er1gkxz","tenant_id":"tn_01hzzzzzzzzzzzzzzzzzzzzzza","revision_id":"rev_01m2qktv3kq2gmedwrp4nbwqnx","input_bytes":180,"input_storage":"inline","target":"tachyon_serverless_application::services::invoke_async"}
{"timestamp":"2026-09-17T12:01:04.005102Z","level":"INFO","message":"cron trigger fired","trigger_id":"trg_01m2qktvqdq2xs98vkde9mw7jh","scheduled_at":"2026-09-17T12:01:04Z","invocation_id":"inv_01m2qkvs03gq72dasr4er1gkxz","revision_id":"rev_01m2qktv3kq2gmedwrp4nbwqnx","replayed":false,"target":"tachyon_serverless_application::services::triggers"}
{"timestamp":"2026-09-17T12:01:04.019633Z","level":"INFO","message":"asynchronous run claimed","invocation_id":"inv_01m2qkvs03gq72dasr4er1gkxz","attempt":1,"generation":0,"delivery_count":1,"target":"tachyon_serverless_application::services::invoke_async::dispatch"}
{"timestamp":"2026-09-17T12:01:04.173471Z","level":"INFO","message":"bridge spawned","environment_id":"env_01m2qkvs0mg1pjnet9eqdjg0tn","pid":13824,"target":"tachyon_serverless_provider_process"}
{"timestamp":"2026-09-17T12:01:04.182585Z","level":"INFO","message":"invocation finished","invocation_id":"inv_01m2qkvs03gq72dasr4er1gkxz","status":"succeeded (async run)","handler_ms":0,"environment_boot_ms":3,"runtime_init_ms":4,"target":"tachyon_serverless_application::services::invoke"}
{"timestamp":"2026-09-17T12:01:04.184193Z","level":"INFO","message":"terminating bridge","environment_id":"env_01m2qkvs0mg1pjnet9eqdjg0tn","pid":13824,"reason":"Completed","graceful":true,"target":"tachyon_serverless_provider_process"}
{"timestamp":"2026-09-17T12:01:04.186437Z","level":"INFO","message":"asynchronous invocation settled","invocation_id":"inv_01m2qkvs03gq72dasr4er1gkxz","status":"succeeded","target":"tachyon_serverless_application::services::invoke_async::dispatch"}
{"timestamp":"2026-09-17T12:01:04.193252Z","level":"INFO","message":"async dispatch: delivery handled","message_id":"inv_01m2qkvs03gq72dasr4er1gkxz","sequence":27,"delivery_count":1,"outcome":"Completed { status: \"succeeded\" }","target":"tachyon_serverless_application::services::invoke_async::dispatch"}
{"timestamp":"2026-09-17T12:01:06.004265Z","level":"INFO","message":"asynchronous invocation accepted","invocation_id":"inv_01m2qkvtyk24szytfa9b7r9hpj","tenant_id":"tn_01hzzzzzzzzzzzzzzzzzzzzzza","revision_id":"rev_01m2qktv3kq2gmedwrp4nbwqnx","input_bytes":180,"input_storage":"inline","target":"tachyon_serverless_application::services::invoke_async"}
{"timestamp":"2026-09-17T12:01:06.004313Z","level":"INFO","message":"cron trigger fired","trigger_id":"trg_01m2qktvqdq2xs98vkde9mw7jh","scheduled_at":"2026-09-17T12:01:06Z","invocation_id":"inv_01m2qkvtyk24szytfa9b7r9hpj","revision_id":"rev_01m2qktv3kq2gmedwrp4nbwqnx","replayed":false,"target":"tachyon_serverless_application::services::triggers"}
{"timestamp":"2026-09-17T12:01:06.011727Z","level":"INFO","message":"asynchronous run claimed","invocation_id":"inv_01m2qkvtyk24szytfa9b7r9hpj","attempt":1,"generation":0,"delivery_count":1,"target":"tachyon_serverless_application::services::invoke_async::dispatch"}
{"timestamp":"2026-09-17T12:01:06.156262Z","level":"INFO","message":"bridge spawned","environment_id":"env_01m2qkvtyv02ep4nhevf5z7s2x","pid":13992,"target":"tachyon_serverless_provider_process"}
{"timestamp":"2026-09-17T12:01:06.165538Z","level":"INFO","message":"invocation finished","invocation_id":"inv_01m2qkvtyk24szytfa9b7r9hpj","status":"succeeded (async run)","handler_ms":0,"environment_boot_ms":3,"runtime_init_ms":4,"target":"tachyon_serverless_application::services::invoke"}
{"timestamp":"2026-09-17T12:01:06.167156Z","level":"INFO","message":"terminating bridge","environment_id":"env_01m2qkvtyv02ep4nhevf5z7s2x","pid":13992,"reason":"Completed","graceful":true,"target":"tachyon_serverless_provider_process"}
{"timestamp":"2026-09-17T12:01:06.169376Z","level":"INFO","message":"asynchronous invocation settled","invocation_id":"inv_01m2qkvtyk24szytfa9b7r9hpj","status":"succeeded","target":"tachyon_serverless_application::services::invoke_async::dispatch"}
{"timestamp":"2026-09-17T12:01:06.176490Z","level":"INFO","message":"async dispatch: delivery handled","message_id":"inv_01m2qkvtyk24szytfa9b7r9hpj","sequence":28,"delivery_count":1,"outcome":"Completed { status: \"succeeded\" }","target":"tachyon_serverless_application::services::invoke_async::dispatch"}
{"timestamp":"2026-09-17T12:01:08.002595Z","level":"INFO","message":"asynchronous invocation accepted","invocation_id":"inv_01m2qkvwx2ffn0dzw4qrnmxaaj","tenant_id":"tn_01hzzzzzzzzzzzzzzzzzzzzzza","revision_id":"rev_01m2qktv3kq2gmedwrp4nbwqnx","input_bytes":180,"input_storage":"inline","target":"tachyon_serverless_application::services::invoke_async"}
{"timestamp":"2026-09-17T12:01:08.002635Z","level":"INFO","message":"cron trigger fired","trigger_id":"trg_01m2qktvqdq2xs98vkde9mw7jh","scheduled_at":"2026-09-17T12:01:08Z","invocation_id":"inv_01m2qkvwx2ffn0dzw4qrnmxaaj","revision_id":"rev_01m2qktv3kq2gmedwrp4nbwqnx","replayed":false,"target":"tachyon_serverless_application::services::triggers"}
{"timestamp":"2026-09-17T12:01:08.009111Z","level":"INFO","message":"asynchronous run claimed","invocation_id":"inv_01m2qkvwx2ffn0dzw4qrnmxaaj","attempt":1,"generation":0,"delivery_count":1,"target":"tachyon_serverless_application::services::invoke_async::dispatch"}
{"timestamp":"2026-09-17T12:01:08.148811Z","level":"INFO","message":"bridge spawned","environment_id":"env_01m2qkvwxcqk13b9ybdmve4qq7","pid":14202,"target":"tachyon_serverless_provider_process"}
{"timestamp":"2026-09-17T12:01:08.158282Z","level":"INFO","message":"invocation finished","invocation_id":"inv_01m2qkvwx2ffn0dzw4qrnmxaaj","status":"succeeded (async run)","handler_ms":0,"environment_boot_ms":3,"runtime_init_ms":4,"target":"tachyon_serverless_application::services::invoke"}
{"timestamp":"2026-09-17T12:01:08.159934Z","level":"INFO","message":"terminating bridge","environment_id":"env_01m2qkvwxcqk13b9ybdmve4qq7","pid":14202,"reason":"Completed","graceful":true,"target":"tachyon_serverless_provider_process"}
{"timestamp":"2026-09-17T12:01:08.162321Z","level":"INFO","message":"asynchronous invocation settled","invocation_id":"inv_01m2qkvwx2ffn0dzw4qrnmxaaj","status":"succeeded","target":"tachyon_serverless_application::services::invoke_async::dispatch"}
{"timestamp":"2026-09-17T12:01:08.169280Z","level":"INFO","message":"async dispatch: delivery handled","message_id":"inv_01m2qkvwx2ffn0dzw4qrnmxaaj","sequence":29,"delivery_count":1,"outcome":"Completed { status: \"succeeded\" }","target":"tachyon_serverless_application::services::invoke_async::dispatch"}
{"timestamp":"2026-09-17T12:01:10.004598Z","level":"INFO","message":"asynchronous invocation accepted","invocation_id":"inv_01m2qkvyvkaf89wvq65vkrdpsr","tenant_id":"tn_01hzzzzzzzzzzzzzzzzzzzzzza","revision_id":"rev_01m2qktv3kq2gmedwrp4nbwqnx","input_bytes":180,"input_storage":"inline","target":"tachyon_serverless_application::services::invoke_async"}
{"timestamp":"2026-09-17T12:01:10.004657Z","level":"INFO","message":"cron trigger fired","trigger_id":"trg_01m2qktvqdq2xs98vkde9mw7jh","scheduled_at":"2026-09-17T12:01:10Z","invocation_id":"inv_01m2qkvyvkaf89wvq65vkrdpsr","revision_id":"rev_01m2qktv3kq2gmedwrp4nbwqnx","replayed":false,"target":"tachyon_serverless_application::services::triggers"}
{"timestamp":"2026-09-17T12:01:10.013384Z","level":"INFO","message":"asynchronous run claimed","invocation_id":"inv_01m2qkvyvkaf89wvq65vkrdpsr","attempt":1,"generation":0,"delivery_count":1,"target":"tachyon_serverless_application::services::invoke_async::dispatch"}
{"timestamp":"2026-09-17T12:01:10.164942Z","level":"INFO","message":"bridge spawned","environment_id":"env_01m2qkvyvxncfre1xjfh09g9cn","pid":14377,"target":"tachyon_serverless_provider_process"}
{"timestamp":"2026-09-17T12:01:10.175075Z","level":"INFO","message":"invocation finished","invocation_id":"inv_01m2qkvyvkaf89wvq65vkrdpsr","status":"succeeded (async run)","handler_ms":0,"environment_boot_ms":3,"runtime_init_ms":4,"target":"tachyon_serverless_application::services::invoke"}
{"timestamp":"2026-09-17T12:01:10.176701Z","level":"INFO","message":"terminating bridge","environment_id":"env_01m2qkvyvxncfre1xjfh09g9cn","pid":14377,"reason":"Completed","graceful":true,"target":"tachyon_serverless_provider_process"}
{"timestamp":"2026-09-17T12:01:10.179759Z","level":"INFO","message":"asynchronous invocation settled","invocation_id":"inv_01m2qkvyvkaf89wvq65vkrdpsr","status":"succeeded","target":"tachyon_serverless_application::services::invoke_async::dispatch"}
{"timestamp":"2026-09-17T12:01:10.186153Z","level":"INFO","message":"async dispatch: delivery handled","message_id":"inv_01m2qkvyvkaf89wvq65vkrdpsr","sequence":30,"delivery_count":1,"outcome":"Completed { status: \"succeeded\" }","target":"tachyon_serverless_application::services::invoke_async::dispatch"}
{"timestamp":"2026-09-17T12:01:12.001716Z","level":"INFO","message":"asynchronous invocation accepted","invocation_id":"inv_01m2qkw0t1kyv8mm25a7v7722p","tenant_id":"tn_01hzzzzzzzzzzzzzzzzzzzzzza","revision_id":"rev_01m2qktv3kq2gmedwrp4nbwqnx","input_bytes":180,"input_storage":"inline","target":"tachyon_serverless_application::services::invoke_async"}
{"timestamp":"2026-09-17T12:01:12.001759Z","level":"INFO","message":"cron trigger fired","trigger_id":"trg_01m2qktvqdq2xs98vkde9mw7jh","scheduled_at":"2026-09-17T12:01:12Z","invocation_id":"inv_01m2qkw0t1kyv8mm25a7v7722p","revision_id":"rev_01m2qktv3kq2gmedwrp4nbwqnx","replayed":false,"target":"tachyon_serverless_application::services::triggers"}
{"timestamp":"2026-09-17T12:01:12.009156Z","level":"INFO","message":"asynchronous run claimed","invocation_id":"inv_01m2qkw0t1kyv8mm25a7v7722p","attempt":1,"generation":0,"delivery_count":1,"target":"tachyon_serverless_application::services::invoke_async::dispatch"}
{"timestamp":"2026-09-17T12:01:12.149553Z","level":"INFO","message":"bridge spawned","environment_id":"env_01m2qkw0t93x7bb9ex4xm69t6j","pid":14579,"target":"tachyon_serverless_provider_process"}
{"timestamp":"2026-09-17T12:01:12.158665Z","level":"INFO","message":"invocation finished","invocation_id":"inv_01m2qkw0t1kyv8mm25a7v7722p","status":"succeeded (async run)","handler_ms":0,"environment_boot_ms":3,"runtime_init_ms":4,"target":"tachyon_serverless_application::services::invoke"}
{"timestamp":"2026-09-17T12:01:12.160277Z","level":"INFO","message":"terminating bridge","environment_id":"env_01m2qkw0t93x7bb9ex4xm69t6j","pid":14579,"reason":"Completed","graceful":true,"target":"tachyon_serverless_provider_process"}
{"timestamp":"2026-09-17T12:01:12.162986Z","level":"INFO","message":"asynchronous invocation settled","invocation_id":"inv_01m2qkw0t1kyv8mm25a7v7722p","status":"succeeded","target":"tachyon_serverless_application::services::invoke_async::dispatch"}
{"timestamp":"2026-09-17T12:01:12.169722Z","level":"INFO","message":"async dispatch: delivery handled","message_id":"inv_01m2qkw0t1kyv8mm25a7v7722p","sequence":31,"delivery_count":1,"outcome":"Completed { status: \"succeeded\" }","target":"tachyon_serverless_application::services::invoke_async::dispatch"}
{"timestamp":"2026-09-17T12:01:14.008706Z","level":"INFO","message":"asynchronous invocation accepted","invocation_id":"inv_01m2qkw2rmr09gg1a4tkrjtema","tenant_id":"tn_01hzzzzzzzzzzzzzzzzzzzzzza","revision_id":"rev_01m2qktv3kq2gmedwrp4nbwqnx","input_bytes":180,"input_storage":"inline","target":"tachyon_serverless_application::services::invoke_async"}
{"timestamp":"2026-09-17T12:01:14.008892Z","level":"INFO","message":"cron trigger fired","trigger_id":"trg_01m2qktvqdq2xs98vkde9mw7jh","scheduled_at":"2026-09-17T12:01:14Z","invocation_id":"inv_01m2qkw2rmr09gg1a4tkrjtema","revision_id":"rev_01m2qktv3kq2gmedwrp4nbwqnx","replayed":false,"target":"tachyon_serverless_application::services::triggers"}
{"timestamp":"2026-09-17T12:01:14.026595Z","level":"INFO","message":"asynchronous run claimed","invocation_id":"inv_01m2qkw2rmr09gg1a4tkrjtema","attempt":1,"generation":0,"delivery_count":1,"target":"tachyon_serverless_application::services::invoke_async::dispatch"}
{"timestamp":"2026-09-17T12:01:14.188158Z","level":"INFO","message":"bridge spawned","environment_id":"env_01m2qkw2sbhq6hr9w3txxkqqer","pid":14786,"target":"tachyon_serverless_provider_process"}
{"timestamp":"2026-09-17T12:01:14.197990Z","level":"INFO","message":"invocation finished","invocation_id":"inv_01m2qkw2rmr09gg1a4tkrjtema","status":"succeeded (async run)","handler_ms":0,"environment_boot_ms":3,"runtime_init_ms":5,"target":"tachyon_serverless_application::services::invoke"}
{"timestamp":"2026-09-17T12:01:14.199637Z","level":"INFO","message":"terminating bridge","environment_id":"env_01m2qkw2sbhq6hr9w3txxkqqer","pid":14786,"reason":"Completed","graceful":true,"target":"tachyon_serverless_provider_process"}
{"timestamp":"2026-09-17T12:01:14.201929Z","level":"INFO","message":"asynchronous invocation settled","invocation_id":"inv_01m2qkw2rmr09gg1a4tkrjtema","status":"succeeded","target":"tachyon_serverless_application::services::invoke_async::dispatch"}
{"timestamp":"2026-09-17T12:01:14.208940Z","level":"INFO","message":"async dispatch: delivery handled","message_id":"inv_01m2qkw2rmr09gg1a4tkrjtema","sequence":32,"delivery_count":1,"outcome":"Completed { status: \"succeeded\" }","target":"tachyon_serverless_application::services::invoke_async::dispatch"}
{"timestamp":"2026-09-17T12:01:16.002950Z","level":"INFO","message":"asynchronous invocation accepted","invocation_id":"inv_01m2qkw4q2avgf0jh37gd636ak","tenant_id":"tn_01hzzzzzzzzzzzzzzzzzzzzzza","revision_id":"rev_01m2qktv3kq2gmedwrp4nbwqnx","input_bytes":180,"input_storage":"inline","target":"tachyon_serverless_application::services::invoke_async"}
{"timestamp":"2026-09-17T12:01:16.002987Z","level":"INFO","message":"cron trigger fired","trigger_id":"trg_01m2qktvqdq2xs98vkde9mw7jh","scheduled_at":"2026-09-17T12:01:16Z","invocation_id":"inv_01m2qkw4q2avgf0jh37gd636ak","revision_id":"rev_01m2qktv3kq2gmedwrp4nbwqnx","replayed":false,"target":"tachyon_serverless_application::services::triggers"}
{"timestamp":"2026-09-17T12:01:16.011031Z","level":"INFO","message":"asynchronous run claimed","invocation_id":"inv_01m2qkw4q2avgf0jh37gd636ak","attempt":1,"generation":0,"delivery_count":1,"target":"tachyon_serverless_application::services::invoke_async::dispatch"}
{"timestamp":"2026-09-17T12:01:16.150508Z","level":"INFO","message":"bridge spawned","environment_id":"env_01m2qkw4qbcwpp59fds235174y","pid":14973,"target":"tachyon_serverless_provider_process"}
{"timestamp":"2026-09-17T12:01:16.159588Z","level":"INFO","message":"invocation finished","invocation_id":"inv_01m2qkw4q2avgf0jh37gd636ak","status":"succeeded (async run)","handler_ms":0,"environment_boot_ms":3,"runtime_init_ms":4,"target":"tachyon_serverless_application::services::invoke"}
{"timestamp":"2026-09-17T12:01:16.161220Z","level":"INFO","message":"terminating bridge","environment_id":"env_01m2qkw4qbcwpp59fds235174y","pid":14973,"reason":"Completed","graceful":true,"target":"tachyon_serverless_provider_process"}
{"timestamp":"2026-09-17T12:01:16.163483Z","level":"INFO","message":"asynchronous invocation settled","invocation_id":"inv_01m2qkw4q2avgf0jh37gd636ak","status":"succeeded","target":"tachyon_serverless_application::services::invoke_async::dispatch"}
{"timestamp":"2026-09-17T12:01:16.170518Z","level":"INFO","message":"async dispatch: delivery handled","message_id":"inv_01m2qkw4q2avgf0jh37gd636ak","sequence":33,"delivery_count":1,"outcome":"Completed { status: \"succeeded\" }","target":"tachyon_serverless_application::services::invoke_async::dispatch"}
{"timestamp":"2026-09-17T12:01:18.004293Z","level":"INFO","message":"asynchronous invocation accepted","invocation_id":"inv_01m2qkw6nkjw5ys3qxeajed059","tenant_id":"tn_01hzzzzzzzzzzzzzzzzzzzzzza","revision_id":"rev_01m2qktv3kq2gmedwrp4nbwqnx","input_bytes":180,"input_storage":"inline","target":"tachyon_serverless_application::services::invoke_async"}
{"timestamp":"2026-09-17T12:01:18.004334Z","level":"INFO","message":"cron trigger fired","trigger_id":"trg_01m2qktvqdq2xs98vkde9mw7jh","scheduled_at":"2026-09-17T12:01:18Z","invocation_id":"inv_01m2qkw6nkjw5ys3qxeajed059","revision_id":"rev_01m2qktv3kq2gmedwrp4nbwqnx","replayed":false,"target":"tachyon_serverless_application::services::triggers"}
{"timestamp":"2026-09-17T12:01:18.014112Z","level":"INFO","message":"asynchronous run claimed","invocation_id":"inv_01m2qkw6nkjw5ys3qxeajed059","attempt":1,"generation":0,"delivery_count":1,"target":"tachyon_serverless_application::services::invoke_async::dispatch"}
{"timestamp":"2026-09-17T12:01:18.151310Z","level":"INFO","message":"bridge spawned","environment_id":"env_01m2qkw6nyz1pxk4mw02qwh6ta","pid":15187,"target":"tachyon_serverless_provider_process"}
{"timestamp":"2026-09-17T12:01:18.160357Z","level":"INFO","message":"invocation finished","invocation_id":"inv_01m2qkw6nkjw5ys3qxeajed059","status":"succeeded (async run)","handler_ms":0,"environment_boot_ms":3,"runtime_init_ms":4,"target":"tachyon_serverless_application::services::invoke"}
{"timestamp":"2026-09-17T12:01:18.161983Z","level":"INFO","message":"terminating bridge","environment_id":"env_01m2qkw6nyz1pxk4mw02qwh6ta","pid":15187,"reason":"Completed","graceful":true,"target":"tachyon_serverless_provider_process"}
{"timestamp":"2026-09-17T12:01:18.164157Z","level":"INFO","message":"asynchronous invocation settled","invocation_id":"inv_01m2qkw6nkjw5ys3qxeajed059","status":"succeeded","target":"tachyon_serverless_application::services::invoke_async::dispatch"}
{"timestamp":"2026-09-17T12:01:18.170727Z","level":"INFO","message":"async dispatch: delivery handled","message_id":"inv_01m2qkw6nkjw5ys3qxeajed059","sequence":34,"delivery_count":1,"outcome":"Completed { status: \"succeeded\" }","target":"tachyon_serverless_application::services::invoke_async::dispatch"}
{"timestamp":"2026-09-17T12:01:19.780461Z","level":"INFO","message":"object retention pass","report":"GcReport { examined: 1, collected_expired: 0, collected_orphans: 0, kept_in_use: 0, kept_referenced: 1, incomplete_removed: 0, tombstones_purged: 0, failed: 0 }","target":"tachyon_serverless_gateway"}
{"timestamp":"2026-09-17T12:01:20.004418Z","level":"INFO","message":"asynchronous invocation accepted","invocation_id":"inv_01m2qkw8m36kfqnh2xt7w280er","tenant_id":"tn_01hzzzzzzzzzzzzzzzzzzzzzza","revision_id":"rev_01m2qktv3kq2gmedwrp4nbwqnx","input_bytes":180,"input_storage":"inline","target":"tachyon_serverless_application::services::invoke_async"}
{"timestamp":"2026-09-17T12:01:20.004470Z","level":"INFO","message":"cron trigger fired","trigger_id":"trg_01m2qktvqdq2xs98vkde9mw7jh","scheduled_at":"2026-09-17T12:01:20Z","invocation_id":"inv_01m2qkw8m36kfqnh2xt7w280er","revision_id":"rev_01m2qktv3kq2gmedwrp4nbwqnx","replayed":false,"target":"tachyon_serverless_application::services::triggers"}
{"timestamp":"2026-09-17T12:01:20.011792Z","level":"INFO","message":"asynchronous run claimed","invocation_id":"inv_01m2qkw8m36kfqnh2xt7w280er","attempt":1,"generation":0,"delivery_count":1,"target":"tachyon_serverless_application::services::invoke_async::dispatch"}
{"timestamp":"2026-09-17T12:01:20.159554Z","level":"INFO","message":"bridge spawned","environment_id":"env_01m2qkw8mc2xkfd5st8kgqqdwv","pid":15367,"target":"tachyon_serverless_provider_process"}
{"timestamp":"2026-09-17T12:01:20.170155Z","level":"INFO","message":"invocation finished","invocation_id":"inv_01m2qkw8m36kfqnh2xt7w280er","status":"succeeded (async run)","handler_ms":0,"environment_boot_ms":4,"runtime_init_ms":5,"target":"tachyon_serverless_application::services::invoke"}
{"timestamp":"2026-09-17T12:01:20.171730Z","level":"INFO","message":"terminating bridge","environment_id":"env_01m2qkw8mc2xkfd5st8kgqqdwv","pid":15367,"reason":"Completed","graceful":true,"target":"tachyon_serverless_provider_process"}
{"timestamp":"2026-09-17T12:01:20.174615Z","level":"INFO","message":"asynchronous invocation settled","invocation_id":"inv_01m2qkw8m36kfqnh2xt7w280er","status":"succeeded","target":"tachyon_serverless_application::services::invoke_async::dispatch"}
{"timestamp":"2026-09-17T12:01:20.180819Z","level":"INFO","message":"async dispatch: delivery handled","message_id":"inv_01m2qkw8m36kfqnh2xt7w280er","sequence":35,"delivery_count":1,"outcome":"Completed { status: \"succeeded\" }","target":"tachyon_serverless_application::services::invoke_async::dispatch"}
{"timestamp":"2026-09-17T12:01:21.781360Z","level":"INFO","message":"object retention pass","report":"GcReport { examined: 3, collected_expired: 0, collected_orphans: 0, kept_in_use: 0, kept_referenced: 3, incomplete_removed: 0, tombstones_purged: 0, failed: 0 }","target":"tachyon_serverless_gateway"}
{"timestamp":"2026-09-17T12:01:22.004520Z","level":"INFO","message":"asynchronous invocation accepted","invocation_id":"inv_01m2qkwajkng2zgqs1vgbhx015","tenant_id":"tn_01hzzzzzzzzzzzzzzzzzzzzzza","revision_id":"rev_01m2qktv3kq2gmedwrp4nbwqnx","input_bytes":180,"input_storage":"inline","target":"tachyon_serverless_application::services::invoke_async"}
{"timestamp":"2026-09-17T12:01:22.004561Z","level":"INFO","message":"cron trigger fired","trigger_id":"trg_01m2qktvqdq2xs98vkde9mw7jh","scheduled_at":"2026-09-17T12:01:22Z","invocation_id":"inv_01m2qkwajkng2zgqs1vgbhx015","revision_id":"rev_01m2qktv3kq2gmedwrp4nbwqnx","replayed":false,"target":"tachyon_serverless_application::services::triggers"}
{"timestamp":"2026-09-17T12:01:22.014777Z","level":"INFO","message":"asynchronous run claimed","invocation_id":"inv_01m2qkwajkng2zgqs1vgbhx015","attempt":1,"generation":0,"delivery_count":1,"target":"tachyon_serverless_application::services::invoke_async::dispatch"}
{"timestamp":"2026-09-17T12:01:22.150066Z","level":"INFO","message":"bridge spawned","environment_id":"env_01m2qkwajytt27faxcssp1yqe9","pid":15568,"target":"tachyon_serverless_provider_process"}
{"timestamp":"2026-09-17T12:01:22.159450Z","level":"INFO","message":"invocation finished","invocation_id":"inv_01m2qkwajkng2zgqs1vgbhx015","status":"succeeded (async run)","handler_ms":0,"environment_boot_ms":3,"runtime_init_ms":4,"target":"tachyon_serverless_application::services::invoke"}
{"timestamp":"2026-09-17T12:01:22.161086Z","level":"INFO","message":"terminating bridge","environment_id":"env_01m2qkwajytt27faxcssp1yqe9","pid":15568,"reason":"Completed","graceful":true,"target":"tachyon_serverless_provider_process"}
{"timestamp":"2026-09-17T12:01:22.163333Z","level":"INFO","message":"asynchronous invocation settled","invocation_id":"inv_01m2qkwajkng2zgqs1vgbhx015","status":"succeeded","target":"tachyon_serverless_application::services::invoke_async::dispatch"}
{"timestamp":"2026-09-17T12:01:22.170287Z","level":"INFO","message":"async dispatch: delivery handled","message_id":"inv_01m2qkwajkng2zgqs1vgbhx015","sequence":36,"delivery_count":1,"outcome":"Completed { status: \"succeeded\" }","target":"tachyon_serverless_application::services::invoke_async::dispatch"}
{"timestamp":"2026-09-17T12:01:23.783414Z","level":"INFO","message":"object retention pass","report":"GcReport { examined: 4, collected_expired: 0, collected_orphans: 1, kept_in_use: 0, kept_referenced: 3, incomplete_removed: 0, tombstones_purged: 0, failed: 0 }","target":"tachyon_serverless_gateway"}
{"timestamp":"2026-09-17T12:01:24.004283Z","level":"INFO","message":"asynchronous invocation accepted","invocation_id":"inv_01m2qkwch3vy6dsvz4e3b2x4kw","tenant_id":"tn_01hzzzzzzzzzzzzzzzzzzzzzza","revision_id":"rev_01m2qktv3kq2gmedwrp4nbwqnx","input_bytes":180,"input_storage":"inline","target":"tachyon_serverless_application::services::invoke_async"}
{"timestamp":"2026-09-17T12:01:24.004318Z","level":"INFO","message":"cron trigger fired","trigger_id":"trg_01m2qktvqdq2xs98vkde9mw7jh","scheduled_at":"2026-09-17T12:01:24Z","invocation_id":"inv_01m2qkwch3vy6dsvz4e3b2x4kw","revision_id":"rev_01m2qktv3kq2gmedwrp4nbwqnx","replayed":false,"target":"tachyon_serverless_application::services::triggers"}
{"timestamp":"2026-09-17T12:01:24.012823Z","level":"INFO","message":"asynchronous run claimed","invocation_id":"inv_01m2qkwch3vy6dsvz4e3b2x4kw","attempt":1,"generation":0,"delivery_count":1,"target":"tachyon_serverless_application::services::invoke_async::dispatch"}
{"timestamp":"2026-09-17T12:01:24.153985Z","level":"INFO","message":"bridge spawned","environment_id":"env_01m2qkwchce3k4yzeycsges7nw","pid":15798,"target":"tachyon_serverless_provider_process"}
{"timestamp":"2026-09-17T12:01:24.164836Z","level":"INFO","message":"invocation finished","invocation_id":"inv_01m2qkwch3vy6dsvz4e3b2x4kw","status":"succeeded (async run)","handler_ms":0,"environment_boot_ms":4,"runtime_init_ms":5,"target":"tachyon_serverless_application::services::invoke"}
{"timestamp":"2026-09-17T12:01:24.166420Z","level":"INFO","message":"terminating bridge","environment_id":"env_01m2qkwchce3k4yzeycsges7nw","pid":15798,"reason":"Completed","graceful":true,"target":"tachyon_serverless_provider_process"}
{"timestamp":"2026-09-17T12:01:24.168880Z","level":"INFO","message":"asynchronous invocation settled","invocation_id":"inv_01m2qkwch3vy6dsvz4e3b2x4kw","status":"succeeded","target":"tachyon_serverless_application::services::invoke_async::dispatch"}
{"timestamp":"2026-09-17T12:01:24.175288Z","level":"INFO","message":"async dispatch: delivery handled","message_id":"inv_01m2qkwch3vy6dsvz4e3b2x4kw","sequence":37,"delivery_count":1,"outcome":"Completed { status: \"succeeded\" }","target":"tachyon_serverless_application::services::invoke_async::dispatch"}
{"timestamp":"2026-09-17T12:01:24.897976Z","level":"INFO","message":"bridge spawned","environment_id":"env_01m2qkwd8w7ye84djfzcmjkxc1","pid":15912,"target":"tachyon_serverless_provider_process"}
{"timestamp":"2026-09-17T12:01:24.907456Z","level":"INFO","message":"invocation finished","invocation_id":"inv_01m2qkwd8vddapaahf56qj8r2c","status":"succeeded","handler_ms":0,"environment_boot_ms":3,"runtime_init_ms":4,"target":"tachyon_serverless_application::services::invoke"}
{"timestamp":"2026-09-17T12:01:24.909050Z","level":"INFO","message":"terminating bridge","environment_id":"env_01m2qkwd8w7ye84djfzcmjkxc1","pid":15912,"reason":"Completed","graceful":true,"target":"tachyon_serverless_provider_process"}
{"timestamp":"2026-09-17T12:01:24.956493Z","level":"INFO","message":"asynchronous invocation accepted","invocation_id":"inv_01m2qkwdev1e1myrm0sjvjbms6","tenant_id":"tn_01hzzzzzzzzzzzzzzzzzzzzzza","revision_id":"rev_01m2qkttmr2dt04gdnbt321ax6","input_bytes":48,"input_storage":"inline","target":"tachyon_serverless_application::services::invoke_async"}
{"timestamp":"2026-09-17T12:01:24.968941Z","level":"INFO","message":"asynchronous run claimed","invocation_id":"inv_01m2qkwdev1e1myrm0sjvjbms6","attempt":1,"generation":0,"delivery_count":1,"target":"tachyon_serverless_application::services::invoke_async::dispatch"}
{"timestamp":"2026-09-17T12:01:25.016270Z","level":"INFO","message":"asynchronous invocation accepted","invocation_id":"inv_01m2qkwdg9k3gyqgkbjggybs72","tenant_id":"tn_01hzzzzzzzzzzzzzzzzzzzzzza","revision_id":"rev_01m2qkttmr2dt04gdnbt321ax6","input_bytes":4128,"input_storage":"object","target":"tachyon_serverless_application::services::invoke_async"}
{"timestamp":"2026-09-17T12:01:25.020530Z","level":"INFO","message":"asynchronous run claimed","invocation_id":"inv_01m2qkwdg9k3gyqgkbjggybs72","attempt":1,"generation":0,"delivery_count":1,"target":"tachyon_serverless_application::services::invoke_async::dispatch"}
{"timestamp":"2026-09-17T12:01:25.042911Z","level":"INFO","message":"asynchronous invocation accepted","invocation_id":"inv_01m2qkwdhjah1whmfr5amg58j0","tenant_id":"tn_01hzzzzzzzzzzzzzzzzzzzzzza","revision_id":"rev_01m2qktv3kq2gmedwrp4nbwqnx","input_bytes":191,"input_storage":"inline","target":"tachyon_serverless_application::services::invoke_async"}
{"timestamp":"2026-09-17T12:01:25.042950Z","level":"INFO","message":"webhook trigger fired","trigger_id":"trg_01m2qktvqr22pmq6nawv9e0a8b","event_id":"evt-post-w1","invocation_id":"inv_01m2qkwdhjah1whmfr5amg58j0","revision_id":"rev_01m2qktv3kq2gmedwrp4nbwqnx","replayed":false,"target":"tachyon_serverless_application::services::triggers"}
{"timestamp":"2026-09-17T12:01:25.061714Z","level":"INFO","message":"trigger updated","trigger_id":"trg_01m2qktvqdq2xs98vkde9mw7jh","generation":4,"status":"disabled","next_fire_at":"None","rotated_secret":false,"target":"tachyon_serverless_application::services::triggers"}
{"timestamp":"2026-09-17T12:01:25.110596Z","level":"INFO","message":"bridge spawned","environment_id":"env_01m2qkwdf979cg78k5p54s0qmv","pid":16022,"target":"tachyon_serverless_provider_process"}
{"timestamp":"2026-09-17T12:01:25.120956Z","level":"INFO","message":"invocation finished","invocation_id":"inv_01m2qkwdev1e1myrm0sjvjbms6","status":"succeeded (async run)","handler_ms":0,"environment_boot_ms":3,"runtime_init_ms":4,"target":"tachyon_serverless_application::services::invoke"}
{"timestamp":"2026-09-17T12:01:25.122544Z","level":"INFO","message":"terminating bridge","environment_id":"env_01m2qkwdf979cg78k5p54s0qmv","pid":16022,"reason":"Completed","graceful":true,"target":"tachyon_serverless_provider_process"}
{"timestamp":"2026-09-17T12:01:25.125095Z","level":"INFO","message":"asynchronous invocation settled","invocation_id":"inv_01m2qkwdev1e1myrm0sjvjbms6","status":"succeeded","target":"tachyon_serverless_application::services::invoke_async::dispatch"}
{"timestamp":"2026-09-17T12:01:25.129977Z","level":"INFO","message":"async dispatch: delivery handled","message_id":"inv_01m2qkwdev1e1myrm0sjvjbms6","sequence":38,"delivery_count":1,"outcome":"Completed { status: \"succeeded\" }","target":"tachyon_serverless_application::services::invoke_async::dispatch"}
{"timestamp":"2026-09-17T12:01:25.130724Z","level":"INFO","message":"asynchronous run claimed","invocation_id":"inv_01m2qkwdhjah1whmfr5amg58j0","attempt":1,"generation":0,"delivery_count":1,"target":"tachyon_serverless_application::services::invoke_async::dispatch"}
{"timestamp":"2026-09-17T12:01:25.163100Z","level":"INFO","message":"bridge spawned","environment_id":"env_01m2qkwdgxarmw3tfv9fmgw7fj","pid":16027,"target":"tachyon_serverless_provider_process"}
{"timestamp":"2026-09-17T12:01:25.172320Z","level":"INFO","message":"invocation finished","invocation_id":"inv_01m2qkwdg9k3gyqgkbjggybs72","status":"succeeded (async run)","handler_ms":0,"environment_boot_ms":3,"runtime_init_ms":4,"target":"tachyon_serverless_application::services::invoke"}
{"timestamp":"2026-09-17T12:01:25.173833Z","level":"INFO","message":"terminating bridge","environment_id":"env_01m2qkwdgxarmw3tfv9fmgw7fj","pid":16027,"reason":"Completed","graceful":true,"target":"tachyon_serverless_provider_process"}
{"timestamp":"2026-09-17T12:01:25.176837Z","level":"INFO","message":"asynchronous invocation settled","invocation_id":"inv_01m2qkwdg9k3gyqgkbjggybs72","status":"succeeded","target":"tachyon_serverless_application::services::invoke_async::dispatch"}
{"timestamp":"2026-09-17T12:01:25.185937Z","level":"INFO","message":"async dispatch: delivery handled","message_id":"inv_01m2qkwdg9k3gyqgkbjggybs72","sequence":39,"delivery_count":1,"outcome":"Completed { status: \"succeeded\" }","target":"tachyon_serverless_application::services::invoke_async::dispatch"}
{"timestamp":"2026-09-17T12:01:25.265843Z","level":"INFO","message":"bridge spawned","environment_id":"env_01m2qkwdmadfsqzvpmy827ax27","pid":16029,"target":"tachyon_serverless_provider_process"}
{"timestamp":"2026-09-17T12:01:25.275268Z","level":"INFO","message":"invocation finished","invocation_id":"inv_01m2qkwdhjah1whmfr5amg58j0","status":"succeeded (async run)","handler_ms":0,"environment_boot_ms":3,"runtime_init_ms":4,"target":"tachyon_serverless_application::services::invoke"}
{"timestamp":"2026-09-17T12:01:25.276789Z","level":"INFO","message":"terminating bridge","environment_id":"env_01m2qkwdmadfsqzvpmy827ax27","pid":16029,"reason":"Completed","graceful":true,"target":"tachyon_serverless_provider_process"}
{"timestamp":"2026-09-17T12:01:25.279108Z","level":"INFO","message":"asynchronous invocation settled","invocation_id":"inv_01m2qkwdhjah1whmfr5amg58j0","status":"succeeded","target":"tachyon_serverless_application::services::invoke_async::dispatch"}
{"timestamp":"2026-09-17T12:01:25.285081Z","level":"INFO","message":"async dispatch: delivery handled","message_id":"inv_01m2qkwdhjah1whmfr5amg58j0","sequence":40,"delivery_count":1,"outcome":"Completed { status: \"succeeded\" }","target":"tachyon_serverless_application::services::invoke_async::dispatch"}
{"timestamp":"2026-09-17T12:01:25.780577Z","level":"INFO","message":"object retention pass","report":"GcReport { examined: 3, collected_expired: 0, collected_orphans: 0, kept_in_use: 0, kept_referenced: 3, incomplete_removed: 0, tombstones_purged: 0, failed: 0 }","target":"tachyon_serverless_gateway"}
{"timestamp":"2026-09-17T12:01:26.716106Z","level":"INFO","message":"SIGTERM received","target":"tachyon_serverless_gateway"}
{"timestamp":"2026-09-17T12:01:26.716139Z","level":"INFO","message":"shutdown requested; cancelling in-flight invocations","target":"tachyon_serverless_gateway"}
{"timestamp":"2026-09-17T12:01:26.716341Z","level":"INFO","message":"final usage collection","report":"CollectReport { batches: 0, read: 0, inserted: 0, duplicates: 0, cursor_seq: 216 }","target":"tachyon_serverless_gateway"}
{"timestamp":"2026-09-17T12:01:26.717360Z","level":"INFO","message":"gateway stopped","target":"tachyon_serverless_gateway"}
{"timestamp":"2026-09-17T12:01:26.717448Z","level":"INFO","message":"event: closed","target":"async_nats"}
