
===== a start (failpoints: none) 18:33:08 =====
{"timestamp":"2026-09-17T18:33:08.865995Z","level":"INFO","message":"configuration loaded","config":"/private/var/folders/z7/khzdjrt95cg_fcmcnh4j1b5h0000gn/T/tsls-chaos.Qw14cr/gw-a.toml","target":"tachyon_serverless_gateway"}
{"timestamp":"2026-09-17T18:33:08.868074Z","level":"INFO","message":"connected successfully","server":"54259","max_payload":"1048576","target":"async_nats::connector"}
{"timestamp":"2026-09-17T18:33:08.868160Z","level":"INFO","message":"event: connected","target":"async_nats"}
{"timestamp":"2026-09-17T18:33:08.881039Z","level":"INFO","message":"JetStream queue connected and stream bootstrapped","url":"nats://127.0.0.1:54259","stream":"TACHYON_EVENTS","target":"tachyon_serverless_gateway::durable"}
{"timestamp":"2026-09-17T18:33:08.886891Z","level":"INFO","message":"state store opened","path":"/private/var/folders/z7/khzdjrt95cg_fcmcnh4j1b5h0000gn/T/tsls-chaos.Qw14cr/data/state.db","schema_version":8,"migrations_applied":"[1, 2, 3, 4, 5, 6, 7, 8]","imported_state_json":"None","settled_invocations":0,"settled_attempts":0,"settled_environments":0,"released_leases":0,"dropped_idempotency_keys":0,"purged_idempotency_keys":0,"outputs_purged":0,"target":"tachyon_serverless_application::app"}
{"timestamp":"2026-09-17T18:33:08.889340Z","level":"INFO","message":"log store opened","path":"/private/var/folders/z7/khzdjrt95cg_fcmcnh4j1b5h0000gn/T/tsls-chaos.Qw14cr/data/logs/logs.db","healthy":true,"retention_seconds":604800,"max_total_bytes":1073741824,"target":"tachyon_serverless_application::app"}
{"timestamp":"2026-09-17T18:33:08.889539Z","level":"INFO","message":"dispatcher registered","dispatcher_id":"dsp_01m2ra9pgs7dkfq46zze20zqsx","instance":"chaos-a","pid":86426,"lease_ttl_seconds":6,"target":"tachyon_serverless_application::services::dispatcher"}
{"timestamp":"2026-09-17T18:33:08.893335Z","level":"INFO","message":"application bootstrapped","profile":"dev","provider":"process","dev_only":true,"environment_reuse":false,"reuse_verified":false,"reuse_reason":"[pool] enabled is false","reuse_disabled":"Some(Configuration)","idle_quiesce":"unsupported","idle_resume":"unsupported","data_dir":"/private/var/folders/z7/khzdjrt95cg_fcmcnh4j1b5h0000gn/T/tsls-chaos.Qw14cr/data","store":"sqlite","dispatcher_id":"dsp_01m2ra9pgs7dkfq46zze20zqsx","node":"local","node_region":"none","node_memory_mib":"None","max_concurrency":8,"queue":"nats","objects":"filesystem","invoke_async":true,"triggers":true,"target":"tachyon_serverless_application::app"}
{"timestamp":"2026-09-17T18:33:08.893514Z","level":"INFO","message":"startup reconcile finished","provider":"process","found":0,"adopted":0,"terminated":0,"disowned":0,"failed":0,"lost":0,"foreign":0,"reclaimed_dispatchers":0,"fenced_terminated":0,"fenced_pending":0,"target":"tachyon_serverless_application::services::reconcile"}
{"timestamp":"2026-09-17T18:33:08.893563Z","level":"INFO","message":"gateway listening","addr":"127.0.0.1:54263","profile":"dev","provider":"process","target":"tachyon_serverless_gateway"}
{"timestamp":"2026-09-17T18:33:08.894579Z","level":"INFO","message":"asynchronous dispatcher started","workers":2,"owner":"dsp_01m2ra9pgs7dkfq46zze20zqsx","target":"tachyon_serverless_gateway"}
{"timestamp":"2026-09-17T18:33:09.635837Z","level":"INFO","message":"revision ready","revision_id":"rev_01m2ra9q3hxjgzc9wpsydejh13","function_id":"fn_01m2ra9ps9mpesqtczqbeba05k","target":"tachyon_serverless_application::services::revision"}
{"timestamp":"2026-09-17T18:33:10.226623Z","level":"INFO","message":"revision ready","revision_id":"rev_01m2ra9qpbv8sge7jp19yw95z7","function_id":"fn_01m2ra9qczsfzerj1fzganassy","target":"tachyon_serverless_application::services::revision"}
{"timestamp":"2026-09-17T18:33:10.699920Z","level":"INFO","message":"revision ready","revision_id":"rev_01m2ra9r568bw6sndehvwrtzzs","function_id":"fn_01m2ra9qvsca2jhck3890f4rmn","target":"tachyon_serverless_application::services::revision"}
{"timestamp":"2026-09-17T18:33:10.733400Z","level":"INFO","message":"trigger created","trigger_id":"trg_01m2ra9radh1tr42fc5f0601pj","function_id":"fn_01m2ra9qczsfzerj1fzganassy","kind":"cron","enabled":true,"next_fire_at":"Some(2026-09-17T18:33:12Z)","target":"tachyon_serverless_application::services::triggers"}
{"timestamp":"2026-09-17T18:33:10.743959Z","level":"INFO","message":"trigger created","trigger_id":"trg_01m2ra9raqsv8hb5v3k0zsmwv7","function_id":"fn_01m2ra9qczsfzerj1fzganassy","kind":"webhook","enabled":true,"next_fire_at":"None","target":"tachyon_serverless_application::services::triggers"}
{"timestamp":"2026-09-17T18:33:10.897419Z","level":"INFO","message":"bridge spawned","environment_id":"env_01m2ra9rbb12cwt3kmy5cvmsb6","pid":86703,"target":"tachyon_serverless_provider_process"}
{"timestamp":"2026-09-17T18:33:11.088800Z","level":"INFO","message":"invocation finished","invocation_id":"inv_01m2ra9rbbyne2fc57wbv9w6s7","status":"succeeded","handler_ms":0,"environment_boot_ms":4,"runtime_init_ms":185,"target":"tachyon_serverless_application::services::invoke"}
{"timestamp":"2026-09-17T18:33:11.090388Z","level":"INFO","message":"terminating bridge","environment_id":"env_01m2ra9rbb12cwt3kmy5cvmsb6","pid":86703,"reason":"Completed","graceful":true,"target":"tachyon_serverless_provider_process"}
{"timestamp":"2026-09-17T18:33:11.145926Z","level":"INFO","message":"asynchronous invocation accepted","invocation_id":"inv_01m2ra9rq97x159692kynnqdk8","tenant_id":"tn_01hzzzzzzzzzzzzzzzzzzzzzza","revision_id":"rev_01m2ra9q3hxjgzc9wpsydejh13","input_bytes":47,"input_storage":"inline","target":"tachyon_serverless_application::services::invoke_async"}
{"timestamp":"2026-09-17T18:33:11.155014Z","level":"INFO","message":"asynchronous run claimed","invocation_id":"inv_01m2ra9rq97x159692kynnqdk8","attempt":1,"generation":0,"delivery_count":1,"target":"tachyon_serverless_application::services::invoke_async::dispatch"}
{"timestamp":"2026-09-17T18:33:11.211650Z","level":"INFO","message":"asynchronous invocation accepted","invocation_id":"inv_01m2ra9rrrhs82vhyc9x4xvsdc","tenant_id":"tn_01hzzzzzzzzzzzzzzzzzzzzzza","revision_id":"rev_01m2ra9q3hxjgzc9wpsydejh13","input_bytes":4127,"input_storage":"object","target":"tachyon_serverless_application::services::invoke_async"}
{"timestamp":"2026-09-17T18:33:11.216578Z","level":"INFO","message":"asynchronous run claimed","invocation_id":"inv_01m2ra9rrrhs82vhyc9x4xvsdc","attempt":1,"generation":0,"delivery_count":1,"target":"tachyon_serverless_application::services::invoke_async::dispatch"}
{"timestamp":"2026-09-17T18:33:11.238862Z","level":"INFO","message":"asynchronous invocation accepted","invocation_id":"inv_01m2ra9rt6am3a7ap9ttcfqv85","tenant_id":"tn_01hzzzzzzzzzzzzzzzzzzzzzza","revision_id":"rev_01m2ra9qpbv8sge7jp19yw95z7","input_bytes":189,"input_storage":"inline","target":"tachyon_serverless_application::services::invoke_async"}
{"timestamp":"2026-09-17T18:33:11.238901Z","level":"INFO","message":"webhook trigger fired","trigger_id":"trg_01m2ra9raqsv8hb5v3k0zsmwv7","event_id":"evt-pre-w1","invocation_id":"inv_01m2ra9rt6am3a7ap9ttcfqv85","revision_id":"rev_01m2ra9qpbv8sge7jp19yw95z7","replayed":false,"target":"tachyon_serverless_application::services::triggers"}
{"timestamp":"2026-09-17T18:33:11.306648Z","level":"INFO","message":"bridge spawned","environment_id":"env_01m2ra9rqk9pn00mka8jxr8emn","pid":86779,"target":"tachyon_serverless_provider_process"}
{"timestamp":"2026-09-17T18:33:11.365831Z","level":"INFO","message":"bridge spawned","environment_id":"env_01m2ra9rsh891kg0gzfenhe9k6","pid":86781,"target":"tachyon_serverless_provider_process"}
{"timestamp":"2026-09-17T18:33:11.390862Z","level":"INFO","message":"bridge spawned","environment_id":"env_01m2ra9rtp5bb2w4nhwrkfhh54","pid":86783,"target":"tachyon_serverless_provider_process"}
{"timestamp":"2026-09-17T18:33:11.400621Z","level":"INFO","message":"invocation finished","invocation_id":"inv_01m2ra9rtphtd3z6yffjmk7mwb","status":"succeeded","handler_ms":0,"environment_boot_ms":3,"runtime_init_ms":4,"target":"tachyon_serverless_application::services::invoke"}
{"timestamp":"2026-09-17T18:33:11.402213Z","level":"INFO","message":"terminating bridge","environment_id":"env_01m2ra9rtp5bb2w4nhwrkfhh54","pid":86783,"reason":"Completed","graceful":true,"target":"tachyon_serverless_provider_process"}
{"timestamp":"2026-09-17T18:33:11.448685Z","level":"INFO","message":"asynchronous invocation accepted","invocation_id":"inv_01m2ra9s0rx59g47jdt45k4b4c","tenant_id":"tn_01hzzzzzzzzzzzzzzzzzzzzzza","revision_id":"rev_01m2ra9q3hxjgzc9wpsydejh13","input_bytes":47,"input_storage":"inline","target":"tachyon_serverless_application::services::invoke_async"}
{"timestamp":"2026-09-17T18:33:11.475213Z","level":"INFO","message":"invocation finished","invocation_id":"inv_01m2ra9rq97x159692kynnqdk8","status":"succeeded (async run)","handler_ms":0,"environment_boot_ms":3,"runtime_init_ms":162,"target":"tachyon_serverless_application::services::invoke"}
{"timestamp":"2026-09-17T18:33:11.475664Z","level":"INFO","message":"invocation finished","invocation_id":"inv_01m2ra9rrrhs82vhyc9x4xvsdc","status":"succeeded (async run)","handler_ms":1,"environment_boot_ms":3,"runtime_init_ms":103,"target":"tachyon_serverless_application::services::invoke"}
{"timestamp":"2026-09-17T18:33:11.477167Z","level":"INFO","message":"terminating bridge","environment_id":"env_01m2ra9rsh891kg0gzfenhe9k6","pid":86781,"reason":"Completed","graceful":true,"target":"tachyon_serverless_provider_process"}
{"timestamp":"2026-09-17T18:33:11.477167Z","level":"INFO","message":"terminating bridge","environment_id":"env_01m2ra9rqk9pn00mka8jxr8emn","pid":86779,"reason":"Completed","graceful":true,"target":"tachyon_serverless_provider_process"}
{"timestamp":"2026-09-17T18:33:11.479932Z","level":"INFO","message":"asynchronous invocation settled","invocation_id":"inv_01m2ra9rrrhs82vhyc9x4xvsdc","status":"succeeded","target":"tachyon_serverless_application::services::invoke_async::dispatch"}
{"timestamp":"2026-09-17T18:33:11.480429Z","level":"INFO","message":"asynchronous invocation settled","invocation_id":"inv_01m2ra9rq97x159692kynnqdk8","status":"succeeded","target":"tachyon_serverless_application::services::invoke_async::dispatch"}
{"timestamp":"2026-09-17T18:33:11.485330Z","level":"INFO","message":"async dispatch: delivery handled","message_id":"inv_01m2ra9rrrhs82vhyc9x4xvsdc","sequence":2,"delivery_count":1,"outcome":"Completed { status: \"succeeded\" }","target":"tachyon_serverless_application::services::invoke_async::dispatch"}
{"timestamp":"2026-09-17T18:33:11.495335Z","level":"INFO","message":"async dispatch: delivery handled","message_id":"inv_01m2ra9rq97x159692kynnqdk8","sequence":1,"delivery_count":1,"outcome":"Completed { status: \"succeeded\" }","target":"tachyon_serverless_application::services::invoke_async::dispatch"}
{"timestamp":"2026-09-17T18:33:11.495604Z","level":"INFO","message":"asynchronous run claimed","invocation_id":"inv_01m2ra9rt6am3a7ap9ttcfqv85","attempt":1,"generation":0,"delivery_count":1,"target":"tachyon_serverless_application::services::invoke_async::dispatch"}
{"timestamp":"2026-09-17T18:33:11.495790Z","level":"INFO","message":"asynchronous run claimed","invocation_id":"inv_01m2ra9s0rx59g47jdt45k4b4c","attempt":1,"generation":0,"delivery_count":1,"target":"tachyon_serverless_application::services::invoke_async::dispatch"}
{"timestamp":"2026-09-17T18:33:11.519273Z","level":"INFO","message":"asynchronous invocation accepted","invocation_id":"inv_01m2ra9s2ghmry0q5scg517zt2","tenant_id":"tn_01hzzzzzzzzzzzzzzzzzzzzzza","revision_id":"rev_01m2ra9q3hxjgzc9wpsydejh13","input_bytes":4127,"input_storage":"object","target":"tachyon_serverless_application::services::invoke_async"}
{"timestamp":"2026-09-17T18:33:11.545022Z","level":"INFO","message":"asynchronous invocation accepted","invocation_id":"inv_01m2ra9s3rg7dampwdz60e2tee","tenant_id":"tn_01hzzzzzzzzzzzzzzzzzzzzzza","revision_id":"rev_01m2ra9qpbv8sge7jp19yw95z7","input_bytes":189,"input_storage":"inline","target":"tachyon_serverless_application::services::invoke_async"}
{"timestamp":"2026-09-17T18:33:11.545055Z","level":"INFO","message":"webhook trigger fired","trigger_id":"trg_01m2ra9raqsv8hb5v3k0zsmwv7","event_id":"evt-pre-w2","invocation_id":"inv_01m2ra9s3rg7dampwdz60e2tee","revision_id":"rev_01m2ra9qpbv8sge7jp19yw95z7","replayed":false,"target":"tachyon_serverless_application::services::triggers"}
{"timestamp":"2026-09-17T18:33:11.632962Z","level":"INFO","message":"bridge spawned","environment_id":"env_01m2ra9s27zjqqmtdqc42hhwg5","pid":86857,"target":"tachyon_serverless_provider_process"}
{"timestamp":"2026-09-17T18:33:11.642341Z","level":"INFO","message":"invocation finished","invocation_id":"inv_01m2ra9rt6am3a7ap9ttcfqv85","status":"succeeded (async run)","handler_ms":0,"environment_boot_ms":3,"runtime_init_ms":4,"target":"tachyon_serverless_application::services::invoke"}
{"timestamp":"2026-09-17T18:33:11.643273Z","level":"INFO","message":"terminating bridge","environment_id":"env_01m2ra9s27zjqqmtdqc42hhwg5","pid":86857,"reason":"Completed","graceful":true,"target":"tachyon_serverless_provider_process"}
{"timestamp":"2026-09-17T18:33:11.643749Z","level":"INFO","message":"bridge spawned","environment_id":"env_01m2ra9s27qvft03td1wmhxnhy","pid":86859,"target":"tachyon_serverless_provider_process"}
{"timestamp":"2026-09-17T18:33:11.645609Z","level":"INFO","message":"asynchronous invocation settled","invocation_id":"inv_01m2ra9rt6am3a7ap9ttcfqv85","status":"succeeded","target":"tachyon_serverless_application::services::invoke_async::dispatch"}
{"timestamp":"2026-09-17T18:33:11.651565Z","level":"INFO","message":"async dispatch: delivery handled","message_id":"inv_01m2ra9rt6am3a7ap9ttcfqv85","sequence":3,"delivery_count":1,"outcome":"Completed { status: \"succeeded\" }","target":"tachyon_serverless_application::services::invoke_async::dispatch"}
{"timestamp":"2026-09-17T18:33:11.651996Z","level":"INFO","message":"asynchronous run claimed","invocation_id":"inv_01m2ra9s2ghmry0q5scg517zt2","attempt":1,"generation":0,"delivery_count":1,"target":"tachyon_serverless_application::services::invoke_async::dispatch"}
{"timestamp":"2026-09-17T18:33:11.657677Z","level":"INFO","message":"invocation finished","invocation_id":"inv_01m2ra9s0rx59g47jdt45k4b4c","status":"succeeded (async run)","handler_ms":0,"environment_boot_ms":3,"runtime_init_ms":9,"target":"tachyon_serverless_application::services::invoke"}
{"timestamp":"2026-09-17T18:33:11.659174Z","level":"INFO","message":"terminating bridge","environment_id":"env_01m2ra9s27qvft03td1wmhxnhy","pid":86859,"reason":"Completed","graceful":true,"target":"tachyon_serverless_provider_process"}
{"timestamp":"2026-09-17T18:33:11.661685Z","level":"INFO","message":"asynchronous invocation settled","invocation_id":"inv_01m2ra9s0rx59g47jdt45k4b4c","status":"succeeded","target":"tachyon_serverless_application::services::invoke_async::dispatch"}
{"timestamp":"2026-09-17T18:33:11.667119Z","level":"INFO","message":"async dispatch: delivery handled","message_id":"inv_01m2ra9s0rx59g47jdt45k4b4c","sequence":4,"delivery_count":1,"outcome":"Completed { status: \"succeeded\" }","target":"tachyon_serverless_application::services::invoke_async::dispatch"}
{"timestamp":"2026-09-17T18:33:11.667541Z","level":"INFO","message":"asynchronous run claimed","invocation_id":"inv_01m2ra9s3rg7dampwdz60e2tee","attempt":1,"generation":0,"delivery_count":1,"target":"tachyon_serverless_application::services::invoke_async::dispatch"}
{"timestamp":"2026-09-17T18:33:11.697330Z","level":"INFO","message":"bridge spawned","environment_id":"env_01m2ra9s488tm8d299whb2kzpf","pid":86861,"target":"tachyon_serverless_provider_process"}
{"timestamp":"2026-09-17T18:33:11.710471Z","level":"INFO","message":"invocation finished","invocation_id":"inv_01m2ra9s481f6ss030mm142rb5","status":"succeeded","handler_ms":0,"environment_boot_ms":4,"runtime_init_ms":8,"target":"tachyon_serverless_application::services::invoke"}
{"timestamp":"2026-09-17T18:33:11.711996Z","level":"INFO","message":"terminating bridge","environment_id":"env_01m2ra9s488tm8d299whb2kzpf","pid":86861,"reason":"Completed","graceful":true,"target":"tachyon_serverless_provider_process"}
{"timestamp":"2026-09-17T18:33:11.758669Z","level":"INFO","message":"asynchronous invocation accepted","invocation_id":"inv_01m2ra9saeq8g5r9mn6qc8fqek","tenant_id":"tn_01hzzzzzzzzzzzzzzzzzzzzzza","revision_id":"rev_01m2ra9q3hxjgzc9wpsydejh13","input_bytes":47,"input_storage":"inline","target":"tachyon_serverless_application::services::invoke_async"}
{"timestamp":"2026-09-17T18:33:11.802021Z","level":"INFO","message":"bridge spawned","environment_id":"env_01m2ra9s75qdne12bz70rjm2tt","pid":86901,"target":"tachyon_serverless_provider_process"}
{"timestamp":"2026-09-17T18:33:11.803428Z","level":"INFO","message":"bridge spawned","environment_id":"env_01m2ra9s7kn6s23nhcpgnx8b3n","pid":86902,"target":"tachyon_serverless_provider_process"}
{"timestamp":"2026-09-17T18:33:11.824167Z","level":"INFO","message":"asynchronous invocation accepted","invocation_id":"inv_01m2ra9sbt5p3ay79gj1ff5qcz","tenant_id":"tn_01hzzzzzzzzzzzzzzzzzzzzzza","revision_id":"rev_01m2ra9q3hxjgzc9wpsydejh13","input_bytes":4127,"input_storage":"object","target":"tachyon_serverless_application::services::invoke_async"}
{"timestamp":"2026-09-17T18:33:11.831428Z","level":"INFO","message":"invocation finished","invocation_id":"inv_01m2ra9s2ghmry0q5scg517zt2","status":"succeeded (async run)","handler_ms":5,"environment_boot_ms":3,"runtime_init_ms":18,"target":"tachyon_serverless_application::services::invoke"}
{"timestamp":"2026-09-17T18:33:11.832037Z","level":"INFO","message":"invocation finished","invocation_id":"inv_01m2ra9s3rg7dampwdz60e2tee","status":"succeeded (async run)","handler_ms":0,"environment_boot_ms":6,"runtime_init_ms":20,"target":"tachyon_serverless_application::services::invoke"}
{"timestamp":"2026-09-17T18:33:11.832321Z","level":"INFO","message":"terminating bridge","environment_id":"env_01m2ra9s75qdne12bz70rjm2tt","pid":86901,"reason":"Completed","graceful":true,"target":"tachyon_serverless_provider_process"}
{"timestamp":"2026-09-17T18:33:11.833539Z","level":"INFO","message":"terminating bridge","environment_id":"env_01m2ra9s7kn6s23nhcpgnx8b3n","pid":86902,"reason":"Completed","graceful":true,"target":"tachyon_serverless_provider_process"}
{"timestamp":"2026-09-17T18:33:11.834885Z","level":"INFO","message":"asynchronous invocation settled","invocation_id":"inv_01m2ra9s2ghmry0q5scg517zt2","status":"succeeded","target":"tachyon_serverless_application::services::invoke_async::dispatch"}
{"timestamp":"2026-09-17T18:33:11.840314Z","level":"INFO","message":"async dispatch: delivery handled","message_id":"inv_01m2ra9s2ghmry0q5scg517zt2","sequence":5,"delivery_count":1,"outcome":"Completed { status: \"succeeded\" }","target":"tachyon_serverless_application::services::invoke_async::dispatch"}
{"timestamp":"2026-09-17T18:33:11.840554Z","level":"INFO","message":"asynchronous invocation settled","invocation_id":"inv_01m2ra9s3rg7dampwdz60e2tee","status":"succeeded","target":"tachyon_serverless_application::services::invoke_async::dispatch"}
{"timestamp":"2026-09-17T18:33:11.840808Z","level":"INFO","message":"asynchronous run claimed","invocation_id":"inv_01m2ra9saeq8g5r9mn6qc8fqek","attempt":1,"generation":0,"delivery_count":1,"target":"tachyon_serverless_application::services::invoke_async::dispatch"}
{"timestamp":"2026-09-17T18:33:11.846346Z","level":"INFO","message":"async dispatch: delivery handled","message_id":"inv_01m2ra9s3rg7dampwdz60e2tee","sequence":6,"delivery_count":1,"outcome":"Completed { status: \"succeeded\" }","target":"tachyon_serverless_application::services::invoke_async::dispatch"}
{"timestamp":"2026-09-17T18:33:11.846836Z","level":"INFO","message":"asynchronous run claimed","invocation_id":"inv_01m2ra9sbt5p3ay79gj1ff5qcz","attempt":1,"generation":0,"delivery_count":1,"target":"tachyon_serverless_application::services::invoke_async::dispatch"}
{"timestamp":"2026-09-17T18:33:11.855315Z","level":"INFO","message":"asynchronous invocation accepted","invocation_id":"inv_01m2ra9sdep25qfdq9vrebdd6s","tenant_id":"tn_01hzzzzzzzzzzzzzzzzzzzzzza","revision_id":"rev_01m2ra9qpbv8sge7jp19yw95z7","input_bytes":189,"input_storage":"inline","target":"tachyon_serverless_application::services::invoke_async"}
{"timestamp":"2026-09-17T18:33:11.855344Z","level":"INFO","message":"webhook trigger fired","trigger_id":"trg_01m2ra9raqsv8hb5v3k0zsmwv7","event_id":"evt-pre-w3","invocation_id":"inv_01m2ra9sdep25qfdq9vrebdd6s","revision_id":"rev_01m2ra9qpbv8sge7jp19yw95z7","replayed":false,"target":"tachyon_serverless_application::services::triggers"}
{"timestamp":"2026-09-17T18:33:11.875700Z","level":"INFO","message":"trigger updated","trigger_id":"trg_01m2ra9radh1tr42fc5f0601pj","generation":2,"status":"disabled","next_fire_at":"None","rotated_secret":false,"target":"tachyon_serverless_application::services::triggers"}
{"timestamp":"2026-09-17T18:33:11.878303Z","level":"INFO","message":"SIGTERM received","target":"tachyon_serverless_gateway"}
{"timestamp":"2026-09-17T18:33:11.878320Z","level":"INFO","message":"shutdown requested; cancelling in-flight invocations","target":"tachyon_serverless_gateway"}
{"timestamp":"2026-09-17T18:33:11.878335Z","level":"INFO","message":"cancelling in-flight invocations for shutdown","count":2,"target":"tachyon_serverless_application::services::invoke"}
{"timestamp":"2026-09-17T18:33:11.992197Z","level":"INFO","message":"bridge spawned","environment_id":"env_01m2ra9sd029rq8zpyvzzy9fqn","pid":86952,"target":"tachyon_serverless_provider_process"}
{"timestamp":"2026-09-17T18:33:11.992467Z","level":"INFO","message":"terminating bridge","environment_id":"env_01m2ra9sd029rq8zpyvzzy9fqn","pid":86952,"reason":"Shutdown","graceful":true,"target":"tachyon_serverless_provider_process"}
{"timestamp":"2026-09-17T18:33:11.994495Z","level":"INFO","message":"asynchronous invocation rescheduled","invocation_id":"inv_01m2ra9sbt5p3ay79gj1ff5qcz","next_attempt_at":"2026-09-17T18:33:12.272218+00:00","counted":false,"error_type":"Host.GatewayShutdown","target":"tachyon_serverless_application::services::invoke_async::dispatch"}
{"timestamp":"2026-09-17T18:33:12.000315Z","level":"INFO","message":"async dispatch: delivery handled","message_id":"inv_01m2ra9sbt5p3ay79gj1ff5qcz","sequence":8,"delivery_count":1,"outcome":"Rescheduled { next_attempt_at: 2026-09-17T18:33:12.272218Z, counted: false }","target":"tachyon_serverless_application::services::invoke_async::dispatch"}
{"timestamp":"2026-09-17T18:33:14.497042Z","level":"INFO","message":"asynchronous invocation rescheduled","invocation_id":"inv_01m2ra9saeq8g5r9mn6qc8fqek","next_attempt_at":"2026-09-17T18:33:14.650714+00:00","counted":false,"error_type":"Host.GatewayShutdown","target":"tachyon_serverless_application::services::invoke_async::dispatch"}
{"timestamp":"2026-09-17T18:33:14.503471Z","level":"INFO","message":"async dispatch: delivery handled","message_id":"inv_01m2ra9saeq8g5r9mn6qc8fqek","sequence":7,"delivery_count":1,"outcome":"Rescheduled { next_attempt_at: 2026-09-17T18:33:14.650714Z, counted: false }","target":"tachyon_serverless_application::services::invoke_async::dispatch"}
{"timestamp":"2026-09-17T18:33:14.507966Z","level":"INFO","message":"final usage collection","report":"CollectReport { batches: 1, read: 1, inserted: 1, duplicates: 0, cursor_seq: 47 }","target":"tachyon_serverless_gateway"}
{"timestamp":"2026-09-17T18:33:14.508701Z","level":"INFO","message":"gateway stopped","target":"tachyon_serverless_gateway"}
{"timestamp":"2026-09-17T18:33:14.508792Z","level":"INFO","message":"event: closed","target":"async_nats"}

===== a start (failpoints: accept.after_object_put=kill) 18:33:14 =====
{"timestamp":"2026-09-17T18:33:14.590405Z","level":"INFO","message":"configuration loaded","config":"/private/var/folders/z7/khzdjrt95cg_fcmcnh4j1b5h0000gn/T/tsls-chaos.Qw14cr/gw-a.toml","target":"tachyon_serverless_gateway"}
{"timestamp":"2026-09-17T18:33:14.592383Z","level":"INFO","message":"connected successfully","server":"54259","max_payload":"1048576","target":"async_nats::connector"}
{"timestamp":"2026-09-17T18:33:14.592476Z","level":"INFO","message":"event: connected","target":"async_nats"}
{"timestamp":"2026-09-17T18:33:14.607653Z","level":"INFO","message":"JetStream queue connected and stream bootstrapped","url":"nats://127.0.0.1:54259","stream":"TACHYON_EVENTS","target":"tachyon_serverless_gateway::durable"}
{"timestamp":"2026-09-17T18:33:14.608969Z","level":"INFO","message":"state store opened","path":"/private/var/folders/z7/khzdjrt95cg_fcmcnh4j1b5h0000gn/T/tsls-chaos.Qw14cr/data/state.db","schema_version":8,"migrations_applied":"[]","imported_state_json":"None","settled_invocations":0,"settled_attempts":0,"settled_environments":0,"released_leases":0,"dropped_idempotency_keys":0,"purged_idempotency_keys":0,"outputs_purged":0,"target":"tachyon_serverless_application::app"}
{"timestamp":"2026-09-17T18:33:14.609617Z","level":"INFO","message":"log store opened","path":"/private/var/folders/z7/khzdjrt95cg_fcmcnh4j1b5h0000gn/T/tsls-chaos.Qw14cr/data/logs/logs.db","healthy":true,"retention_seconds":604800,"max_total_bytes":1073741824,"target":"tachyon_serverless_application::app"}
{"timestamp":"2026-09-17T18:33:14.609882Z","level":"INFO","message":"dispatcher registered","dispatcher_id":"dsp_01m2ra9w3hk2sq46z9ty16h4tx","instance":"chaos-a","pid":86988,"lease_ttl_seconds":6,"target":"tachyon_serverless_application::services::dispatcher"}
{"timestamp":"2026-09-17T18:33:14.610154Z","level":"WARN","message":"reclaimed the work of dispatchers that lost their lease","dispatcher_id":"dsp_01m2ra9w3hk2sq46z9ty16h4tx","reclaimed_dispatchers":"[DispatcherId(dsp_01m2ra9pgs7dkfq46zze20zqsx)]","leases":0,"invocations":0,"attempts":0,"fenced":0,"target":"tachyon_serverless_application::services::dispatcher"}
{"timestamp":"2026-09-17T18:33:14.611217Z","level":"WARN","message":"failpoint armed from TSLS_FAILPOINTS","name":"accept.after_object_put","action":"Kill","count":"None","target":"tachyon_serverless_application::failpoints"}
{"timestamp":"2026-09-17T18:33:14.611279Z","level":"INFO","message":"application bootstrapped","profile":"dev","provider":"process","dev_only":true,"environment_reuse":false,"reuse_verified":false,"reuse_reason":"[pool] enabled is false","reuse_disabled":"Some(Configuration)","idle_quiesce":"unsupported","idle_resume":"unsupported","data_dir":"/private/var/folders/z7/khzdjrt95cg_fcmcnh4j1b5h0000gn/T/tsls-chaos.Qw14cr/data","store":"sqlite","dispatcher_id":"dsp_01m2ra9w3hk2sq46z9ty16h4tx","node":"local","node_region":"none","node_memory_mib":"None","max_concurrency":8,"queue":"nats","objects":"filesystem","invoke_async":true,"triggers":true,"target":"tachyon_serverless_application::app"}
{"timestamp":"2026-09-17T18:33:14.611524Z","level":"INFO","message":"startup reconcile finished","provider":"process","found":0,"adopted":0,"terminated":0,"disowned":0,"failed":0,"lost":0,"foreign":0,"reclaimed_dispatchers":0,"fenced_terminated":0,"fenced_pending":0,"target":"tachyon_serverless_application::services::reconcile"}
{"timestamp":"2026-09-17T18:33:14.611581Z","level":"INFO","message":"gateway listening","addr":"127.0.0.1:54263","profile":"dev","provider":"process","target":"tachyon_serverless_gateway"}
{"timestamp":"2026-09-17T18:33:14.612650Z","level":"INFO","message":"asynchronous dispatcher started","workers":2,"owner":"dsp_01m2ra9w3hk2sq46z9ty16h4tx","target":"tachyon_serverless_gateway"}
{"timestamp":"2026-09-17T18:33:14.632979Z","level":"INFO","message":"asynchronous run claimed","invocation_id":"inv_01m2ra9sbt5p3ay79gj1ff5qcz","attempt":1,"generation":1,"delivery_count":1,"target":"tachyon_serverless_application::services::invoke_async::dispatch"}
{"timestamp":"2026-09-17T18:33:14.636327Z","level":"INFO","message":"asynchronous run claimed","invocation_id":"inv_01m2ra9sdep25qfdq9vrebdd6s","attempt":1,"generation":0,"delivery_count":1,"target":"tachyon_serverless_application::services::invoke_async::dispatch"}
{"timestamp":"2026-09-17T18:33:14.771684Z","level":"INFO","message":"bridge spawned","environment_id":"env_01m2ra9w4caksjc287a8yx67be","pid":86993,"target":"tachyon_serverless_provider_process"}
{"timestamp":"2026-09-17T18:33:14.781764Z","level":"INFO","message":"invocation finished","invocation_id":"inv_01m2ra9sdep25qfdq9vrebdd6s","status":"succeeded (async run)","handler_ms":0,"environment_boot_ms":4,"runtime_init_ms":4,"target":"tachyon_serverless_application::services::invoke"}
{"timestamp":"2026-09-17T18:33:14.783305Z","level":"INFO","message":"terminating bridge","environment_id":"env_01m2ra9w4caksjc287a8yx67be","pid":86993,"reason":"Completed","graceful":true,"target":"tachyon_serverless_provider_process"}
{"timestamp":"2026-09-17T18:33:14.783853Z","level":"INFO","message":"bridge spawned","environment_id":"env_01m2ra9w4dxvp2ab8mc2pk6ave","pid":86995,"target":"tachyon_serverless_provider_process"}
{"timestamp":"2026-09-17T18:33:14.785858Z","level":"INFO","message":"asynchronous invocation settled","invocation_id":"inv_01m2ra9sdep25qfdq9vrebdd6s","status":"succeeded","target":"tachyon_serverless_application::services::invoke_async::dispatch"}
{"timestamp":"2026-09-17T18:33:14.791956Z","level":"INFO","message":"async dispatch: delivery handled","message_id":"inv_01m2ra9sdep25qfdq9vrebdd6s","sequence":9,"delivery_count":1,"outcome":"Completed { status: \"succeeded\" }","target":"tachyon_serverless_application::services::invoke_async::dispatch"}
{"timestamp":"2026-09-17T18:33:14.792936Z","level":"INFO","message":"asynchronous run claimed","invocation_id":"inv_01m2ra9saeq8g5r9mn6qc8fqek","attempt":1,"generation":1,"delivery_count":1,"target":"tachyon_serverless_application::services::invoke_async::dispatch"}
{"timestamp":"2026-09-17T18:33:14.798509Z","level":"INFO","message":"invocation finished","invocation_id":"inv_01m2ra9sbt5p3ay79gj1ff5qcz","status":"succeeded (async run)","handler_ms":0,"environment_boot_ms":3,"runtime_init_ms":9,"target":"tachyon_serverless_application::services::invoke"}
{"timestamp":"2026-09-17T18:33:14.800080Z","level":"INFO","message":"terminating bridge","environment_id":"env_01m2ra9w4dxvp2ab8mc2pk6ave","pid":86995,"reason":"Completed","graceful":true,"target":"tachyon_serverless_provider_process"}
{"timestamp":"2026-09-17T18:33:14.802738Z","level":"INFO","message":"asynchronous invocation settled","invocation_id":"inv_01m2ra9sbt5p3ay79gj1ff5qcz","status":"succeeded","target":"tachyon_serverless_application::services::invoke_async::dispatch"}
{"timestamp":"2026-09-17T18:33:14.807686Z","level":"INFO","message":"async dispatch: delivery handled","message_id":"inv_01m2ra9sbt5p3ay79gj1ff5qcz.g1","sequence":10,"delivery_count":1,"outcome":"Completed { status: \"succeeded\" }","target":"tachyon_serverless_application::services::invoke_async::dispatch"}
{"timestamp":"2026-09-17T18:33:14.899691Z","level":"ERROR","message":"failpoint fired: SIGKILL","name":"accept.after_object_put","target":"tachyon_serverless_application::failpoints"}

===== a start (failpoints: none) 18:33:14 =====
{"timestamp":"2026-09-17T18:33:14.921461Z","level":"INFO","message":"configuration loaded","config":"/private/var/folders/z7/khzdjrt95cg_fcmcnh4j1b5h0000gn/T/tsls-chaos.Qw14cr/gw-a.toml","target":"tachyon_serverless_gateway"}
{"timestamp":"2026-09-17T18:33:14.923467Z","level":"INFO","message":"connected successfully","server":"54259","max_payload":"1048576","target":"async_nats::connector"}
{"timestamp":"2026-09-17T18:33:14.923554Z","level":"INFO","message":"event: connected","target":"async_nats"}
{"timestamp":"2026-09-17T18:33:14.933843Z","level":"INFO","message":"JetStream queue connected and stream bootstrapped","url":"nats://127.0.0.1:54259","stream":"TACHYON_EVENTS","target":"tachyon_serverless_gateway::durable"}
{"timestamp":"2026-09-17T18:33:14.935620Z","level":"INFO","message":"state store opened","path":"/private/var/folders/z7/khzdjrt95cg_fcmcnh4j1b5h0000gn/T/tsls-chaos.Qw14cr/data/state.db","schema_version":8,"migrations_applied":"[]","imported_state_json":"None","settled_invocations":0,"settled_attempts":0,"settled_environments":0,"released_leases":0,"dropped_idempotency_keys":0,"purged_idempotency_keys":0,"outputs_purged":0,"target":"tachyon_serverless_application::app"}
{"timestamp":"2026-09-17T18:33:14.936375Z","level":"INFO","message":"log store opened","path":"/private/var/folders/z7/khzdjrt95cg_fcmcnh4j1b5h0000gn/T/tsls-chaos.Qw14cr/data/logs/logs.db","healthy":true,"retention_seconds":604800,"max_total_bytes":1073741824,"target":"tachyon_serverless_application::app"}
{"timestamp":"2026-09-17T18:33:14.936610Z","level":"INFO","message":"dispatcher registered","dispatcher_id":"dsp_01m2ra9wdrqate0ehq5ersf32g","instance":"chaos-a","pid":87018,"lease_ttl_seconds":6,"target":"tachyon_serverless_application::services::dispatcher"}
{"timestamp":"2026-09-17T18:33:14.937118Z","level":"WARN","message":"reclaimed the work of dispatchers that lost their lease","dispatcher_id":"dsp_01m2ra9wdrqate0ehq5ersf32g","reclaimed_dispatchers":"[DispatcherId(dsp_01m2ra9w3hk2sq46z9ty16h4tx)]","leases":0,"invocations":0,"attempts":0,"fenced":1,"target":"tachyon_serverless_application::services::dispatcher"}
{"timestamp":"2026-09-17T18:33:14.938679Z","level":"INFO","message":"application bootstrapped","profile":"dev","provider":"process","dev_only":true,"environment_reuse":false,"reuse_verified":false,"reuse_reason":"[pool] enabled is false","reuse_disabled":"Some(Configuration)","idle_quiesce":"unsupported","idle_resume":"unsupported","data_dir":"/private/var/folders/z7/khzdjrt95cg_fcmcnh4j1b5h0000gn/T/tsls-chaos.Qw14cr/data","store":"sqlite","dispatcher_id":"dsp_01m2ra9wdrqate0ehq5ersf32g","node":"local","node_region":"none","node_memory_mib":"None","max_concurrency":8,"queue":"nats","objects":"filesystem","invoke_async":true,"triggers":true,"target":"tachyon_serverless_application::app"}
{"timestamp":"2026-09-17T18:33:14.938989Z","level":"INFO","message":"environment stop metered by a path that did not drive it","environment_id":"env_01m2ra9w99xpj3mc8arksmcx91","stopped_by":"reclaim","cgroup_cpu_usec":"unknown","lifetime_ms":"Some(145)","target":"tachyon_serverless_application::services::stopped"}
{"timestamp":"2026-09-17T18:33:14.939461Z","level":"INFO","message":"fenced environment terminated and settled","environment_id":"env_01m2ra9w99xpj3mc8arksmcx91","owner":"Some(DispatcherId(dsp_01m2ra9w3hk2sq46z9ty16h4tx))","was_running":false,"target":"tachyon_serverless_application::services::reconcile"}
{"timestamp":"2026-09-17T18:33:14.939574Z","level":"INFO","message":"startup reconcile finished","provider":"process","found":0,"adopted":0,"terminated":0,"disowned":0,"failed":0,"lost":0,"foreign":0,"reclaimed_dispatchers":0,"fenced_terminated":1,"fenced_pending":0,"target":"tachyon_serverless_application::services::reconcile"}
{"timestamp":"2026-09-17T18:33:14.939626Z","level":"INFO","message":"gateway listening","addr":"127.0.0.1:54263","profile":"dev","provider":"process","target":"tachyon_serverless_gateway"}
{"timestamp":"2026-09-17T18:33:14.940699Z","level":"INFO","message":"asynchronous dispatcher started","workers":2,"owner":"dsp_01m2ra9wdrqate0ehq5ersf32g","target":"tachyon_serverless_gateway"}
{"timestamp":"2026-09-17T18:33:15.200098Z","level":"INFO","message":"trigger updated","trigger_id":"trg_01m2ra9radh1tr42fc5f0601pj","generation":3,"status":"enabled","next_fire_at":"Some(2026-09-17T18:33:16Z)","rotated_secret":false,"target":"tachyon_serverless_application::services::triggers"}
{"timestamp":"2026-09-17T18:33:16.001980Z","level":"INFO","message":"asynchronous invocation accepted","invocation_id":"inv_01m2ra9xf1pn9zz34h6wak2hdm","tenant_id":"tn_01hzzzzzzzzzzzzzzzzzzzzzza","revision_id":"rev_01m2ra9qpbv8sge7jp19yw95z7","input_bytes":180,"input_storage":"inline","target":"tachyon_serverless_application::services::invoke_async"}
{"timestamp":"2026-09-17T18:33:16.002015Z","level":"INFO","message":"cron trigger fired","trigger_id":"trg_01m2ra9radh1tr42fc5f0601pj","scheduled_at":"2026-09-17T18:33:16Z","invocation_id":"inv_01m2ra9xf1pn9zz34h6wak2hdm","revision_id":"rev_01m2ra9qpbv8sge7jp19yw95z7","replayed":false,"target":"tachyon_serverless_application::services::triggers"}
{"timestamp":"2026-09-17T18:33:16.008738Z","level":"INFO","message":"asynchronous run claimed","invocation_id":"inv_01m2ra9xf1pn9zz34h6wak2hdm","attempt":1,"generation":0,"delivery_count":1,"target":"tachyon_serverless_application::services::invoke_async::dispatch"}
{"timestamp":"2026-09-17T18:33:16.148652Z","level":"INFO","message":"bridge spawned","environment_id":"env_01m2ra9xf94bhk5xz8jzjk1bav","pid":87037,"target":"tachyon_serverless_provider_process"}
{"timestamp":"2026-09-17T18:33:16.158423Z","level":"INFO","message":"invocation finished","invocation_id":"inv_01m2ra9xf1pn9zz34h6wak2hdm","status":"succeeded (async run)","handler_ms":0,"environment_boot_ms":4,"runtime_init_ms":4,"target":"tachyon_serverless_application::services::invoke"}
{"timestamp":"2026-09-17T18:33:16.159499Z","level":"INFO","message":"terminating bridge","environment_id":"env_01m2ra9xf94bhk5xz8jzjk1bav","pid":87037,"reason":"Completed","graceful":true,"target":"tachyon_serverless_provider_process"}
{"timestamp":"2026-09-17T18:33:16.161904Z","level":"INFO","message":"asynchronous invocation settled","invocation_id":"inv_01m2ra9xf1pn9zz34h6wak2hdm","status":"succeeded","target":"tachyon_serverless_application::services::invoke_async::dispatch"}
{"timestamp":"2026-09-17T18:33:16.167611Z","level":"INFO","message":"async dispatch: delivery handled","message_id":"inv_01m2ra9xf1pn9zz34h6wak2hdm","sequence":12,"delivery_count":1,"outcome":"Completed { status: \"succeeded\" }","target":"tachyon_serverless_application::services::invoke_async::dispatch"}
{"timestamp":"2026-09-17T18:33:18.002108Z","level":"INFO","message":"asynchronous invocation accepted","invocation_id":"inv_01m2ra9zdhnvwmm1gqhj95kbwz","tenant_id":"tn_01hzzzzzzzzzzzzzzzzzzzzzza","revision_id":"rev_01m2ra9qpbv8sge7jp19yw95z7","input_bytes":180,"input_storage":"inline","target":"tachyon_serverless_application::services::invoke_async"}
{"timestamp":"2026-09-17T18:33:18.002145Z","level":"INFO","message":"cron trigger fired","trigger_id":"trg_01m2ra9radh1tr42fc5f0601pj","scheduled_at":"2026-09-17T18:33:18Z","invocation_id":"inv_01m2ra9zdhnvwmm1gqhj95kbwz","revision_id":"rev_01m2ra9qpbv8sge7jp19yw95z7","replayed":false,"target":"tachyon_serverless_application::services::triggers"}
{"timestamp":"2026-09-17T18:33:18.008639Z","level":"INFO","message":"asynchronous run claimed","invocation_id":"inv_01m2ra9zdhnvwmm1gqhj95kbwz","attempt":1,"generation":0,"delivery_count":1,"target":"tachyon_serverless_application::services::invoke_async::dispatch"}
{"timestamp":"2026-09-17T18:33:18.147047Z","level":"INFO","message":"bridge spawned","environment_id":"env_01m2ra9zdrj5yvf2x82xn1vy2b","pid":87042,"target":"tachyon_serverless_provider_process"}
{"timestamp":"2026-09-17T18:33:18.156764Z","level":"INFO","message":"invocation finished","invocation_id":"inv_01m2ra9zdhnvwmm1gqhj95kbwz","status":"succeeded (async run)","handler_ms":0,"environment_boot_ms":4,"runtime_init_ms":4,"target":"tachyon_serverless_application::services::invoke"}
{"timestamp":"2026-09-17T18:33:18.158300Z","level":"INFO","message":"terminating bridge","environment_id":"env_01m2ra9zdrj5yvf2x82xn1vy2b","pid":87042,"reason":"Completed","graceful":true,"target":"tachyon_serverless_provider_process"}
{"timestamp":"2026-09-17T18:33:18.160921Z","level":"INFO","message":"asynchronous invocation settled","invocation_id":"inv_01m2ra9zdhnvwmm1gqhj95kbwz","status":"succeeded","target":"tachyon_serverless_application::services::invoke_async::dispatch"}
{"timestamp":"2026-09-17T18:33:18.166650Z","level":"INFO","message":"async dispatch: delivery handled","message_id":"inv_01m2ra9zdhnvwmm1gqhj95kbwz","sequence":13,"delivery_count":1,"outcome":"Completed { status: \"succeeded\" }","target":"tachyon_serverless_application::services::invoke_async::dispatch"}
{"timestamp":"2026-09-17T18:33:18.364681Z","level":"INFO","message":"bridge spawned","environment_id":"env_01m2ra9zmk0srhfxk7w435skqq","pid":87056,"target":"tachyon_serverless_provider_process"}
{"timestamp":"2026-09-17T18:33:18.364885Z","level":"INFO","message":"bridge spawned","environment_id":"env_01m2ra9zmktpmwm31hw8q6ehbv","pid":87057,"target":"tachyon_serverless_provider_process"}
{"timestamp":"2026-09-17T18:33:18.795606Z","level":"INFO","message":"asynchronous run claimed","invocation_id":"inv_01m2ra9saeq8g5r9mn6qc8fqek","attempt":2,"generation":1,"delivery_count":2,"target":"tachyon_serverless_application::services::invoke_async::dispatch"}
{"timestamp":"2026-09-17T18:33:18.949716Z","level":"INFO","message":"bridge spawned","environment_id":"env_01m2raa06bat9mvxjycxaxz7x3","pid":87076,"target":"tachyon_serverless_provider_process"}
{"timestamp":"2026-09-17T18:33:18.959510Z","level":"INFO","message":"invocation finished","invocation_id":"inv_01m2ra9saeq8g5r9mn6qc8fqek","status":"succeeded (async run)","handler_ms":0,"environment_boot_ms":3,"runtime_init_ms":4,"target":"tachyon_serverless_application::services::invoke"}
{"timestamp":"2026-09-17T18:33:18.961046Z","level":"INFO","message":"terminating bridge","environment_id":"env_01m2raa06bat9mvxjycxaxz7x3","pid":87076,"reason":"Completed","graceful":true,"target":"tachyon_serverless_provider_process"}
{"timestamp":"2026-09-17T18:33:18.963472Z","level":"INFO","message":"asynchronous invocation settled","invocation_id":"inv_01m2ra9saeq8g5r9mn6qc8fqek","status":"succeeded","target":"tachyon_serverless_application::services::invoke_async::dispatch"}
{"timestamp":"2026-09-17T18:33:18.969525Z","level":"INFO","message":"async dispatch: delivery handled","message_id":"inv_01m2ra9saeq8g5r9mn6qc8fqek.g1","sequence":11,"delivery_count":2,"outcome":"Completed { status: \"succeeded\" }","target":"tachyon_serverless_application::services::invoke_async::dispatch"}
{"timestamp":"2026-09-17T18:33:19.894211Z","level":"INFO","message":"asynchronous invocation accepted","invocation_id":"inv_01m2raa187c40fp75mjyskfbac","tenant_id":"tn_01hzzzzzzzzzzzzzzzzzzzzzza","revision_id":"rev_01m2ra9q3hxjgzc9wpsydejh13","input_bytes":4127,"input_storage":"object","target":"tachyon_serverless_application::services::invoke_async"}
{"timestamp":"2026-09-17T18:33:19.956095Z","level":"INFO","message":"asynchronous invocation accepted","invocation_id":"inv_01m2raa1a49svz9ehe5vdqbxh1","tenant_id":"tn_01hzzzzzzzzzzzzzzzzzzzzzza","revision_id":"rev_01m2ra9q3hxjgzc9wpsydejh13","input_bytes":4127,"input_storage":"object","target":"tachyon_serverless_application::services::invoke_async"}
{"timestamp":"2026-09-17T18:33:20.001802Z","level":"INFO","message":"asynchronous invocation accepted","invocation_id":"inv_01m2raa1c1mrsga8wx8yewvt97","tenant_id":"tn_01hzzzzzzzzzzzzzzzzzzzzzza","revision_id":"rev_01m2ra9qpbv8sge7jp19yw95z7","input_bytes":180,"input_storage":"inline","target":"tachyon_serverless_application::services::invoke_async"}
{"timestamp":"2026-09-17T18:33:20.001834Z","level":"INFO","message":"cron trigger fired","trigger_id":"trg_01m2ra9radh1tr42fc5f0601pj","scheduled_at":"2026-09-17T18:33:20Z","invocation_id":"inv_01m2raa1c1mrsga8wx8yewvt97","revision_id":"rev_01m2ra9qpbv8sge7jp19yw95z7","replayed":false,"target":"tachyon_serverless_application::services::triggers"}
{"timestamp":"2026-09-17T18:33:20.016137Z","level":"INFO","message":"asynchronous invocation accepted","invocation_id":"inv_01m2raa1c0x9qb96zxgnkgyrm4","tenant_id":"tn_01hzzzzzzzzzzzzzzzzzzzzzza","revision_id":"rev_01m2ra9q3hxjgzc9wpsydejh13","input_bytes":4127,"input_storage":"object","target":"tachyon_serverless_application::services::invoke_async"}
{"timestamp":"2026-09-17T18:33:21.896808Z","level":"WARN","message":"outbox: publish failed","event":"inv_01m2raa187c40fp75mjyskfbac","attempts":1,"code":"unavailable","error":"queue unavailable: publish: timed out: didn't receive ack in time","target":"tachyon_serverless_application::services::invoke_async::publisher"}
{"timestamp":"2026-09-17T18:33:22.003270Z","level":"INFO","message":"asynchronous invocation accepted","invocation_id":"inv_01m2raa3ajrywve2b7ve2v7rs4","tenant_id":"tn_01hzzzzzzzzzzzzzzzzzzzzzza","revision_id":"rev_01m2ra9qpbv8sge7jp19yw95z7","input_bytes":180,"input_storage":"inline","target":"tachyon_serverless_application::services::invoke_async"}
{"timestamp":"2026-09-17T18:33:22.003302Z","level":"INFO","message":"cron trigger fired","trigger_id":"trg_01m2ra9radh1tr42fc5f0601pj","scheduled_at":"2026-09-17T18:33:22Z","invocation_id":"inv_01m2raa3ajrywve2b7ve2v7rs4","revision_id":"rev_01m2ra9qpbv8sge7jp19yw95z7","replayed":false,"target":"tachyon_serverless_application::services::triggers"}

===== a start (failpoints: none) 18:33:23 =====
{"timestamp":"2026-09-17T18:33:23.442311Z","level":"INFO","message":"configuration loaded","config":"/private/var/folders/z7/khzdjrt95cg_fcmcnh4j1b5h0000gn/T/tsls-chaos.Qw14cr/gw-a.toml","target":"tachyon_serverless_gateway"}
{"timestamp":"2026-09-17T18:33:23.444171Z","level":"INFO","message":"connected successfully","server":"54259","max_payload":"1048576","target":"async_nats::connector"}
{"timestamp":"2026-09-17T18:33:23.444256Z","level":"INFO","message":"event: connected","target":"async_nats"}
{"timestamp":"2026-09-17T18:33:23.454119Z","level":"INFO","message":"JetStream queue connected and stream bootstrapped","url":"nats://127.0.0.1:54259","stream":"TACHYON_EVENTS","target":"tachyon_serverless_gateway::durable"}
{"timestamp":"2026-09-17T18:33:23.457238Z","level":"INFO","message":"state store opened","path":"/private/var/folders/z7/khzdjrt95cg_fcmcnh4j1b5h0000gn/T/tsls-chaos.Qw14cr/data/state.db","schema_version":8,"migrations_applied":"[]","imported_state_json":"None","settled_invocations":0,"settled_attempts":0,"settled_environments":0,"released_leases":0,"dropped_idempotency_keys":0,"purged_idempotency_keys":0,"outputs_purged":0,"target":"tachyon_serverless_application::app"}
{"timestamp":"2026-09-17T18:33:23.458055Z","level":"INFO","message":"log store opened","path":"/private/var/folders/z7/khzdjrt95cg_fcmcnh4j1b5h0000gn/T/tsls-chaos.Qw14cr/data/logs/logs.db","healthy":true,"retention_seconds":604800,"max_total_bytes":1073741824,"target":"tachyon_serverless_application::app"}
{"timestamp":"2026-09-17T18:33:23.458264Z","level":"INFO","message":"dispatcher registered","dispatcher_id":"dsp_01m2raa4r2s62vmphjkvxa9pwy","instance":"chaos-a","pid":87256,"lease_ttl_seconds":6,"target":"tachyon_serverless_application::services::dispatcher"}
{"timestamp":"2026-09-17T18:33:23.459475Z","level":"WARN","message":"reclaimed the work of dispatchers that lost their lease","dispatcher_id":"dsp_01m2raa4r2s62vmphjkvxa9pwy","reclaimed_dispatchers":"[DispatcherId(dsp_01m2ra9wdrqate0ehq5ersf32g)]","leases":2,"invocations":2,"attempts":2,"fenced":2,"target":"tachyon_serverless_application::services::dispatcher"}
{"timestamp":"2026-09-17T18:33:23.461467Z","level":"INFO","message":"application bootstrapped","profile":"dev","provider":"process","dev_only":true,"environment_reuse":false,"reuse_verified":false,"reuse_reason":"[pool] enabled is false","reuse_disabled":"Some(Configuration)","idle_quiesce":"unsupported","idle_resume":"unsupported","data_dir":"/private/var/folders/z7/khzdjrt95cg_fcmcnh4j1b5h0000gn/T/tsls-chaos.Qw14cr/data","store":"sqlite","dispatcher_id":"dsp_01m2raa4r2s62vmphjkvxa9pwy","node":"local","node_region":"none","node_memory_mib":"None","max_concurrency":8,"queue":"nats","objects":"filesystem","invoke_async":true,"triggers":true,"target":"tachyon_serverless_application::app"}
{"timestamp":"2026-09-17T18:33:23.462156Z","level":"INFO","message":"environment stop metered by a path that did not drive it","environment_id":"env_01m2ra9zmk0srhfxk7w435skqq","stopped_by":"reclaim","cgroup_cpu_usec":"unknown","lifetime_ms":"Some(5234)","target":"tachyon_serverless_application::services::stopped"}
{"timestamp":"2026-09-17T18:33:23.462591Z","level":"INFO","message":"fenced environment terminated and settled","environment_id":"env_01m2ra9zmk0srhfxk7w435skqq","owner":"Some(DispatcherId(dsp_01m2ra9wdrqate0ehq5ersf32g))","was_running":false,"target":"tachyon_serverless_application::services::reconcile"}
{"timestamp":"2026-09-17T18:33:23.462933Z","level":"INFO","message":"environment stop metered by a path that did not drive it","environment_id":"env_01m2ra9zmktpmwm31hw8q6ehbv","stopped_by":"reclaim","cgroup_cpu_usec":"unknown","lifetime_ms":"Some(5235)","target":"tachyon_serverless_application::services::stopped"}
{"timestamp":"2026-09-17T18:33:23.463355Z","level":"INFO","message":"fenced environment terminated and settled","environment_id":"env_01m2ra9zmktpmwm31hw8q6ehbv","owner":"Some(DispatcherId(dsp_01m2ra9wdrqate0ehq5ersf32g))","was_running":false,"target":"tachyon_serverless_application::services::reconcile"}
{"timestamp":"2026-09-17T18:33:23.463492Z","level":"INFO","message":"startup reconcile finished","provider":"process","found":0,"adopted":0,"terminated":0,"disowned":0,"failed":0,"lost":0,"foreign":0,"reclaimed_dispatchers":0,"fenced_terminated":2,"fenced_pending":0,"target":"tachyon_serverless_application::services::reconcile"}
{"timestamp":"2026-09-17T18:33:23.463554Z","level":"INFO","message":"gateway listening","addr":"127.0.0.1:54263","profile":"dev","provider":"process","target":"tachyon_serverless_gateway"}
{"timestamp":"2026-09-17T18:33:23.464631Z","level":"INFO","message":"asynchronous dispatcher started","workers":2,"owner":"dsp_01m2raa4r2s62vmphjkvxa9pwy","target":"tachyon_serverless_gateway"}
{"timestamp":"2026-09-17T18:33:23.475397Z","level":"INFO","message":"asynchronous run claimed","invocation_id":"inv_01m2raa187c40fp75mjyskfbac","attempt":1,"generation":0,"delivery_count":1,"target":"tachyon_serverless_application::services::invoke_async::dispatch"}
{"timestamp":"2026-09-17T18:33:23.483302Z","level":"INFO","message":"outbox: re-published events the broker already had, or whose claim moved on","duplicates":1,"lost_claims":0,"marked":2,"target":"tachyon_serverless_application::services::invoke_async::publisher"}
{"timestamp":"2026-09-17T18:33:23.487789Z","level":"INFO","message":"asynchronous run claimed","invocation_id":"inv_01m2raa1a49svz9ehe5vdqbxh1","attempt":1,"generation":0,"delivery_count":1,"target":"tachyon_serverless_application::services::invoke_async::dispatch"}
{"timestamp":"2026-09-17T18:33:23.634910Z","level":"INFO","message":"bridge spawned","environment_id":"env_01m2raa4rwjpyt2smqwsc0a2wg","pid":87264,"target":"tachyon_serverless_provider_process"}
{"timestamp":"2026-09-17T18:33:23.637329Z","level":"INFO","message":"bridge spawned","environment_id":"env_01m2raa4s1j90v8trt5wbcbpzq","pid":87265,"target":"tachyon_serverless_provider_process"}
{"timestamp":"2026-09-17T18:33:23.644703Z","level":"INFO","message":"invocation finished","invocation_id":"inv_01m2raa187c40fp75mjyskfbac","status":"succeeded (async run)","handler_ms":0,"environment_boot_ms":4,"runtime_init_ms":4,"target":"tachyon_serverless_application::services::invoke"}
{"timestamp":"2026-09-17T18:33:23.646849Z","level":"INFO","message":"terminating bridge","environment_id":"env_01m2raa4rwjpyt2smqwsc0a2wg","pid":87264,"reason":"Completed","graceful":true,"target":"tachyon_serverless_provider_process"}
{"timestamp":"2026-09-17T18:33:23.648386Z","level":"INFO","message":"invocation finished","invocation_id":"inv_01m2raa1a49svz9ehe5vdqbxh1","status":"succeeded (async run)","handler_ms":1,"environment_boot_ms":3,"runtime_init_ms":4,"target":"tachyon_serverless_application::services::invoke"}
{"timestamp":"2026-09-17T18:33:23.649948Z","level":"INFO","message":"asynchronous invocation settled","invocation_id":"inv_01m2raa187c40fp75mjyskfbac","status":"succeeded","target":"tachyon_serverless_application::services::invoke_async::dispatch"}
{"timestamp":"2026-09-17T18:33:23.650149Z","level":"INFO","message":"terminating bridge","environment_id":"env_01m2raa4s1j90v8trt5wbcbpzq","pid":87265,"reason":"Completed","graceful":true,"target":"tachyon_serverless_provider_process"}
{"timestamp":"2026-09-17T18:33:23.659056Z","level":"INFO","message":"asynchronous invocation settled","invocation_id":"inv_01m2raa1a49svz9ehe5vdqbxh1","status":"succeeded","target":"tachyon_serverless_application::services::invoke_async::dispatch"}
{"timestamp":"2026-09-17T18:33:23.659207Z","level":"INFO","message":"async dispatch: delivery handled","message_id":"inv_01m2raa187c40fp75mjyskfbac","sequence":14,"delivery_count":1,"outcome":"Completed { status: \"succeeded\" }","target":"tachyon_serverless_application::services::invoke_async::dispatch"}
{"timestamp":"2026-09-17T18:33:23.664939Z","level":"INFO","message":"async dispatch: delivery handled","message_id":"inv_01m2raa1a49svz9ehe5vdqbxh1","sequence":15,"delivery_count":1,"outcome":"Completed { status: \"succeeded\" }","target":"tachyon_serverless_application::services::invoke_async::dispatch"}
{"timestamp":"2026-09-17T18:33:23.666302Z","level":"INFO","message":"asynchronous run claimed","invocation_id":"inv_01m2raa3ajrywve2b7ve2v7rs4","attempt":1,"generation":0,"delivery_count":1,"target":"tachyon_serverless_application::services::invoke_async::dispatch"}
{"timestamp":"2026-09-17T18:33:23.805795Z","level":"INFO","message":"bridge spawned","environment_id":"env_01m2raa4yj898jpmsphb191m0g","pid":87300,"target":"tachyon_serverless_provider_process"}
{"timestamp":"2026-09-17T18:33:23.815026Z","level":"INFO","message":"invocation finished","invocation_id":"inv_01m2raa3ajrywve2b7ve2v7rs4","status":"succeeded (async run)","handler_ms":0,"environment_boot_ms":5,"runtime_init_ms":4,"target":"tachyon_serverless_application::services::invoke"}
{"timestamp":"2026-09-17T18:33:23.816591Z","level":"INFO","message":"terminating bridge","environment_id":"env_01m2raa4yj898jpmsphb191m0g","pid":87300,"reason":"Completed","graceful":true,"target":"tachyon_serverless_provider_process"}
{"timestamp":"2026-09-17T18:33:23.819130Z","level":"INFO","message":"asynchronous invocation settled","invocation_id":"inv_01m2raa3ajrywve2b7ve2v7rs4","status":"succeeded","target":"tachyon_serverless_application::services::invoke_async::dispatch"}
{"timestamp":"2026-09-17T18:33:23.824631Z","level":"INFO","message":"async dispatch: delivery handled","message_id":"inv_01m2raa3ajrywve2b7ve2v7rs4","sequence":16,"delivery_count":1,"outcome":"Completed { status: \"succeeded\" }","target":"tachyon_serverless_application::services::invoke_async::dispatch"}
{"timestamp":"2026-09-17T18:33:24.002250Z","level":"INFO","message":"asynchronous invocation accepted","invocation_id":"inv_01m2raa591gywkq3pa9cfxew8n","tenant_id":"tn_01hzzzzzzzzzzzzzzzzzzzzzza","revision_id":"rev_01m2ra9qpbv8sge7jp19yw95z7","input_bytes":180,"input_storage":"inline","target":"tachyon_serverless_application::services::invoke_async"}
{"timestamp":"2026-09-17T18:33:24.002287Z","level":"INFO","message":"cron trigger fired","trigger_id":"trg_01m2ra9radh1tr42fc5f0601pj","scheduled_at":"2026-09-17T18:33:24Z","invocation_id":"inv_01m2raa591gywkq3pa9cfxew8n","revision_id":"rev_01m2ra9qpbv8sge7jp19yw95z7","replayed":false,"target":"tachyon_serverless_application::services::triggers"}
{"timestamp":"2026-09-17T18:33:24.008529Z","level":"INFO","message":"asynchronous run claimed","invocation_id":"inv_01m2raa591gywkq3pa9cfxew8n","attempt":1,"generation":0,"delivery_count":1,"target":"tachyon_serverless_application::services::invoke_async::dispatch"}
{"timestamp":"2026-09-17T18:33:24.145884Z","level":"INFO","message":"bridge spawned","environment_id":"env_01m2raa598mmefdrgfd2hwe3g4","pid":87323,"target":"tachyon_serverless_provider_process"}
{"timestamp":"2026-09-17T18:33:24.155731Z","level":"INFO","message":"invocation finished","invocation_id":"inv_01m2raa591gywkq3pa9cfxew8n","status":"succeeded (async run)","handler_ms":0,"environment_boot_ms":3,"runtime_init_ms":4,"target":"tachyon_serverless_application::services::invoke"}
{"timestamp":"2026-09-17T18:33:24.157326Z","level":"INFO","message":"terminating bridge","environment_id":"env_01m2raa598mmefdrgfd2hwe3g4","pid":87323,"reason":"Completed","graceful":true,"target":"tachyon_serverless_provider_process"}
{"timestamp":"2026-09-17T18:33:24.159938Z","level":"INFO","message":"asynchronous invocation settled","invocation_id":"inv_01m2raa591gywkq3pa9cfxew8n","status":"succeeded","target":"tachyon_serverless_application::services::invoke_async::dispatch"}
{"timestamp":"2026-09-17T18:33:24.167734Z","level":"INFO","message":"async dispatch: delivery handled","message_id":"inv_01m2raa591gywkq3pa9cfxew8n","sequence":17,"delivery_count":1,"outcome":"Completed { status: \"succeeded\" }","target":"tachyon_serverless_application::services::invoke_async::dispatch"}
{"timestamp":"2026-09-17T18:33:24.941858Z","level":"INFO","message":"asynchronous run claimed","invocation_id":"inv_01m2raa1c0x9qb96zxgnkgyrm4","attempt":1,"generation":0,"delivery_count":1,"target":"tachyon_serverless_application::services::invoke_async::dispatch"}
{"timestamp":"2026-09-17T18:33:24.947950Z","level":"INFO","message":"asynchronous run claimed","invocation_id":"inv_01m2raa1c1mrsga8wx8yewvt97","attempt":1,"generation":0,"delivery_count":1,"target":"tachyon_serverless_application::services::invoke_async::dispatch"}
{"timestamp":"2026-09-17T18:33:25.086250Z","level":"INFO","message":"bridge spawned","environment_id":"env_01m2raa66nee957k727spxsjyr","pid":87375,"target":"tachyon_serverless_provider_process"}
{"timestamp":"2026-09-17T18:33:25.094055Z","level":"INFO","message":"bridge spawned","environment_id":"env_01m2raa66fkexxh98wp0nmq28h","pid":87377,"target":"tachyon_serverless_provider_process"}
{"timestamp":"2026-09-17T18:33:25.095615Z","level":"INFO","message":"invocation finished","invocation_id":"inv_01m2raa1c1mrsga8wx8yewvt97","status":"succeeded (async run)","handler_ms":0,"environment_boot_ms":4,"runtime_init_ms":4,"target":"tachyon_serverless_application::services::invoke"}
{"timestamp":"2026-09-17T18:33:25.096825Z","level":"INFO","message":"terminating bridge","environment_id":"env_01m2raa66nee957k727spxsjyr","pid":87375,"reason":"Completed","graceful":true,"target":"tachyon_serverless_provider_process"}
{"timestamp":"2026-09-17T18:33:25.099195Z","level":"INFO","message":"asynchronous invocation settled","invocation_id":"inv_01m2raa1c1mrsga8wx8yewvt97","status":"succeeded","target":"tachyon_serverless_application::services::invoke_async::dispatch"}
{"timestamp":"2026-09-17T18:33:25.106028Z","level":"INFO","message":"async dispatch: delivery handled","message_id":"inv_01m2raa1c1mrsga8wx8yewvt97","sequence":19,"delivery_count":1,"outcome":"Completed { status: \"succeeded\" }","target":"tachyon_serverless_application::services::invoke_async::dispatch"}
{"timestamp":"2026-09-17T18:33:25.106757Z","level":"INFO","message":"invocation finished","invocation_id":"inv_01m2raa1c0x9qb96zxgnkgyrm4","status":"succeeded (async run)","handler_ms":0,"environment_boot_ms":3,"runtime_init_ms":8,"target":"tachyon_serverless_application::services::invoke"}
{"timestamp":"2026-09-17T18:33:25.108247Z","level":"INFO","message":"terminating bridge","environment_id":"env_01m2raa66fkexxh98wp0nmq28h","pid":87377,"reason":"Completed","graceful":true,"target":"tachyon_serverless_provider_process"}
{"timestamp":"2026-09-17T18:33:25.110479Z","level":"INFO","message":"asynchronous invocation settled","invocation_id":"inv_01m2raa1c0x9qb96zxgnkgyrm4","status":"succeeded","target":"tachyon_serverless_application::services::invoke_async::dispatch"}
{"timestamp":"2026-09-17T18:33:25.115979Z","level":"INFO","message":"async dispatch: delivery handled","message_id":"inv_01m2raa1c0x9qb96zxgnkgyrm4","sequence":18,"delivery_count":1,"outcome":"Completed { status: \"succeeded\" }","target":"tachyon_serverless_application::services::invoke_async::dispatch"}
{"timestamp":"2026-09-17T18:33:26.003996Z","level":"INFO","message":"asynchronous invocation accepted","invocation_id":"inv_01m2raa77k3my09c3pst1jr80h","tenant_id":"tn_01hzzzzzzzzzzzzzzzzzzzzzza","revision_id":"rev_01m2ra9qpbv8sge7jp19yw95z7","input_bytes":180,"input_storage":"inline","target":"tachyon_serverless_application::services::invoke_async"}
{"timestamp":"2026-09-17T18:33:26.004042Z","level":"INFO","message":"cron trigger fired","trigger_id":"trg_01m2ra9radh1tr42fc5f0601pj","scheduled_at":"2026-09-17T18:33:26Z","invocation_id":"inv_01m2raa77k3my09c3pst1jr80h","revision_id":"rev_01m2ra9qpbv8sge7jp19yw95z7","replayed":false,"target":"tachyon_serverless_application::services::triggers"}
{"timestamp":"2026-09-17T18:33:26.013917Z","level":"INFO","message":"asynchronous run claimed","invocation_id":"inv_01m2raa77k3my09c3pst1jr80h","attempt":1,"generation":0,"delivery_count":1,"target":"tachyon_serverless_application::services::invoke_async::dispatch"}
{"timestamp":"2026-09-17T18:33:26.150595Z","level":"INFO","message":"bridge spawned","environment_id":"env_01m2raa77y139x49gkkztbrz31","pid":87509,"target":"tachyon_serverless_provider_process"}
{"timestamp":"2026-09-17T18:33:26.160086Z","level":"INFO","message":"invocation finished","invocation_id":"inv_01m2raa77k3my09c3pst1jr80h","status":"succeeded (async run)","handler_ms":0,"environment_boot_ms":3,"runtime_init_ms":4,"target":"tachyon_serverless_application::services::invoke"}
{"timestamp":"2026-09-17T18:33:26.161626Z","level":"INFO","message":"terminating bridge","environment_id":"env_01m2raa77y139x49gkkztbrz31","pid":87509,"reason":"Completed","graceful":true,"target":"tachyon_serverless_provider_process"}
{"timestamp":"2026-09-17T18:33:26.164071Z","level":"INFO","message":"asynchronous invocation settled","invocation_id":"inv_01m2raa77k3my09c3pst1jr80h","status":"succeeded","target":"tachyon_serverless_application::services::invoke_async::dispatch"}
{"timestamp":"2026-09-17T18:33:26.170828Z","level":"INFO","message":"async dispatch: delivery handled","message_id":"inv_01m2raa77k3my09c3pst1jr80h","sequence":20,"delivery_count":1,"outcome":"Completed { status: \"succeeded\" }","target":"tachyon_serverless_application::services::invoke_async::dispatch"}
{"timestamp":"2026-09-17T18:33:28.003644Z","level":"INFO","message":"asynchronous invocation accepted","invocation_id":"inv_01m2raa9630b8yz5k1rtdxkhxz","tenant_id":"tn_01hzzzzzzzzzzzzzzzzzzzzzza","revision_id":"rev_01m2ra9qpbv8sge7jp19yw95z7","input_bytes":180,"input_storage":"inline","target":"tachyon_serverless_application::services::invoke_async"}
{"timestamp":"2026-09-17T18:33:28.003681Z","level":"INFO","message":"cron trigger fired","trigger_id":"trg_01m2ra9radh1tr42fc5f0601pj","scheduled_at":"2026-09-17T18:33:28Z","invocation_id":"inv_01m2raa9630b8yz5k1rtdxkhxz","revision_id":"rev_01m2ra9qpbv8sge7jp19yw95z7","replayed":false,"target":"tachyon_serverless_application::services::triggers"}
{"timestamp":"2026-09-17T18:33:28.011466Z","level":"INFO","message":"asynchronous run claimed","invocation_id":"inv_01m2raa9630b8yz5k1rtdxkhxz","attempt":1,"generation":0,"delivery_count":1,"target":"tachyon_serverless_application::services::invoke_async::dispatch"}
{"timestamp":"2026-09-17T18:33:28.152729Z","level":"INFO","message":"bridge spawned","environment_id":"env_01m2raa96b3wgv7ktj828pjj6s","pid":87709,"target":"tachyon_serverless_provider_process"}
{"timestamp":"2026-09-17T18:33:28.162409Z","level":"INFO","message":"invocation finished","invocation_id":"inv_01m2raa9630b8yz5k1rtdxkhxz","status":"succeeded (async run)","handler_ms":0,"environment_boot_ms":3,"runtime_init_ms":4,"target":"tachyon_serverless_application::services::invoke"}
{"timestamp":"2026-09-17T18:33:28.163960Z","level":"INFO","message":"terminating bridge","environment_id":"env_01m2raa96b3wgv7ktj828pjj6s","pid":87709,"reason":"Completed","graceful":true,"target":"tachyon_serverless_provider_process"}
{"timestamp":"2026-09-17T18:33:28.166563Z","level":"INFO","message":"asynchronous invocation settled","invocation_id":"inv_01m2raa9630b8yz5k1rtdxkhxz","status":"succeeded","target":"tachyon_serverless_application::services::invoke_async::dispatch"}
{"timestamp":"2026-09-17T18:33:28.172899Z","level":"INFO","message":"async dispatch: delivery handled","message_id":"inv_01m2raa9630b8yz5k1rtdxkhxz","sequence":21,"delivery_count":1,"outcome":"Completed { status: \"succeeded\" }","target":"tachyon_serverless_application::services::invoke_async::dispatch"}
{"timestamp":"2026-09-17T18:33:30.001640Z","level":"INFO","message":"asynchronous invocation accepted","invocation_id":"inv_01m2raab4hmeaywxwvm64zehh8","tenant_id":"tn_01hzzzzzzzzzzzzzzzzzzzzzza","revision_id":"rev_01m2ra9qpbv8sge7jp19yw95z7","input_bytes":180,"input_storage":"inline","target":"tachyon_serverless_application::services::invoke_async"}
{"timestamp":"2026-09-17T18:33:30.001819Z","level":"INFO","message":"cron trigger fired","trigger_id":"trg_01m2ra9radh1tr42fc5f0601pj","scheduled_at":"2026-09-17T18:33:30Z","invocation_id":"inv_01m2raab4hmeaywxwvm64zehh8","revision_id":"rev_01m2ra9qpbv8sge7jp19yw95z7","replayed":false,"target":"tachyon_serverless_application::services::triggers"}
{"timestamp":"2026-09-17T18:33:30.011359Z","level":"INFO","message":"asynchronous run claimed","invocation_id":"inv_01m2raab4hmeaywxwvm64zehh8","attempt":1,"generation":0,"delivery_count":1,"target":"tachyon_serverless_application::services::invoke_async::dispatch"}
{"timestamp":"2026-09-17T18:33:30.156570Z","level":"INFO","message":"bridge spawned","environment_id":"env_01m2raab4v1ehxt8ywc1n1mpts","pid":87914,"target":"tachyon_serverless_provider_process"}
{"timestamp":"2026-09-17T18:33:30.168990Z","level":"INFO","message":"invocation finished","invocation_id":"inv_01m2raab4hmeaywxwvm64zehh8","status":"succeeded (async run)","handler_ms":0,"environment_boot_ms":5,"runtime_init_ms":5,"target":"tachyon_serverless_application::services::invoke"}
{"timestamp":"2026-09-17T18:33:30.170581Z","level":"INFO","message":"terminating bridge","environment_id":"env_01m2raab4v1ehxt8ywc1n1mpts","pid":87914,"reason":"Completed","graceful":true,"target":"tachyon_serverless_provider_process"}
{"timestamp":"2026-09-17T18:33:30.173513Z","level":"INFO","message":"asynchronous invocation settled","invocation_id":"inv_01m2raab4hmeaywxwvm64zehh8","status":"succeeded","target":"tachyon_serverless_application::services::invoke_async::dispatch"}
{"timestamp":"2026-09-17T18:33:30.180999Z","level":"INFO","message":"async dispatch: delivery handled","message_id":"inv_01m2raab4hmeaywxwvm64zehh8","sequence":22,"delivery_count":1,"outcome":"Completed { status: \"succeeded\" }","target":"tachyon_serverless_application::services::invoke_async::dispatch"}
{"timestamp":"2026-09-17T18:33:32.004265Z","level":"INFO","message":"asynchronous invocation accepted","invocation_id":"inv_01m2raad321vbj0e0xsck4ybv4","tenant_id":"tn_01hzzzzzzzzzzzzzzzzzzzzzza","revision_id":"rev_01m2ra9qpbv8sge7jp19yw95z7","input_bytes":180,"input_storage":"inline","target":"tachyon_serverless_application::services::invoke_async"}
{"timestamp":"2026-09-17T18:33:32.004316Z","level":"INFO","message":"cron trigger fired","trigger_id":"trg_01m2ra9radh1tr42fc5f0601pj","scheduled_at":"2026-09-17T18:33:32Z","invocation_id":"inv_01m2raad321vbj0e0xsck4ybv4","revision_id":"rev_01m2ra9qpbv8sge7jp19yw95z7","replayed":false,"target":"tachyon_serverless_application::services::triggers"}
{"timestamp":"2026-09-17T18:33:32.014199Z","level":"INFO","message":"asynchronous run claimed","invocation_id":"inv_01m2raad321vbj0e0xsck4ybv4","attempt":1,"generation":0,"delivery_count":1,"target":"tachyon_serverless_application::services::invoke_async::dispatch"}
{"timestamp":"2026-09-17T18:33:32.162343Z","level":"INFO","message":"bridge spawned","environment_id":"env_01m2raad3e5swrceb3p4vqe9xk","pid":88120,"target":"tachyon_serverless_provider_process"}
{"timestamp":"2026-09-17T18:33:32.173549Z","level":"INFO","message":"invocation finished","invocation_id":"inv_01m2raad321vbj0e0xsck4ybv4","status":"succeeded (async run)","handler_ms":0,"environment_boot_ms":4,"runtime_init_ms":5,"target":"tachyon_serverless_application::services::invoke"}
{"timestamp":"2026-09-17T18:33:32.175115Z","level":"INFO","message":"terminating bridge","environment_id":"env_01m2raad3e5swrceb3p4vqe9xk","pid":88120,"reason":"Completed","graceful":true,"target":"tachyon_serverless_provider_process"}
{"timestamp":"2026-09-17T18:33:32.178058Z","level":"INFO","message":"asynchronous invocation settled","invocation_id":"inv_01m2raad321vbj0e0xsck4ybv4","status":"succeeded","target":"tachyon_serverless_application::services::invoke_async::dispatch"}
{"timestamp":"2026-09-17T18:33:32.184368Z","level":"INFO","message":"async dispatch: delivery handled","message_id":"inv_01m2raad321vbj0e0xsck4ybv4","sequence":23,"delivery_count":1,"outcome":"Completed { status: \"succeeded\" }","target":"tachyon_serverless_application::services::invoke_async::dispatch"}
{"timestamp":"2026-09-17T18:33:34.003253Z","level":"INFO","message":"asynchronous invocation accepted","invocation_id":"inv_01m2raaf1hnmhymvtv6x9k358h","tenant_id":"tn_01hzzzzzzzzzzzzzzzzzzzzzza","revision_id":"rev_01m2ra9qpbv8sge7jp19yw95z7","input_bytes":180,"input_storage":"inline","target":"tachyon_serverless_application::services::invoke_async"}
{"timestamp":"2026-09-17T18:33:34.003288Z","level":"INFO","message":"cron trigger fired","trigger_id":"trg_01m2ra9radh1tr42fc5f0601pj","scheduled_at":"2026-09-17T18:33:34Z","invocation_id":"inv_01m2raaf1hnmhymvtv6x9k358h","revision_id":"rev_01m2ra9qpbv8sge7jp19yw95z7","replayed":false,"target":"tachyon_serverless_application::services::triggers"}
{"timestamp":"2026-09-17T18:33:34.010071Z","level":"INFO","message":"asynchronous run claimed","invocation_id":"inv_01m2raaf1hnmhymvtv6x9k358h","attempt":1,"generation":0,"delivery_count":1,"target":"tachyon_serverless_application::services::invoke_async::dispatch"}
{"timestamp":"2026-09-17T18:33:34.151731Z","level":"INFO","message":"bridge spawned","environment_id":"env_01m2raaf1t8wgfkp9a31kd4cr5","pid":88316,"target":"tachyon_serverless_provider_process"}
{"timestamp":"2026-09-17T18:33:34.162013Z","level":"INFO","message":"invocation finished","invocation_id":"inv_01m2raaf1hnmhymvtv6x9k358h","status":"succeeded (async run)","handler_ms":0,"environment_boot_ms":4,"runtime_init_ms":4,"target":"tachyon_serverless_application::services::invoke"}
{"timestamp":"2026-09-17T18:33:34.163615Z","level":"INFO","message":"terminating bridge","environment_id":"env_01m2raaf1t8wgfkp9a31kd4cr5","pid":88316,"reason":"Completed","graceful":true,"target":"tachyon_serverless_provider_process"}
{"timestamp":"2026-09-17T18:33:34.166225Z","level":"INFO","message":"asynchronous invocation settled","invocation_id":"inv_01m2raaf1hnmhymvtv6x9k358h","status":"succeeded","target":"tachyon_serverless_application::services::invoke_async::dispatch"}
{"timestamp":"2026-09-17T18:33:34.172524Z","level":"INFO","message":"async dispatch: delivery handled","message_id":"inv_01m2raaf1hnmhymvtv6x9k358h","sequence":24,"delivery_count":1,"outcome":"Completed { status: \"succeeded\" }","target":"tachyon_serverless_application::services::invoke_async::dispatch"}
{"timestamp":"2026-09-17T18:33:36.002318Z","level":"INFO","message":"asynchronous invocation accepted","invocation_id":"inv_01m2raah018tmzewp5vncrqb4r","tenant_id":"tn_01hzzzzzzzzzzzzzzzzzzzzzza","revision_id":"rev_01m2ra9qpbv8sge7jp19yw95z7","input_bytes":180,"input_storage":"inline","target":"tachyon_serverless_application::services::invoke_async"}
{"timestamp":"2026-09-17T18:33:36.002355Z","level":"INFO","message":"cron trigger fired","trigger_id":"trg_01m2ra9radh1tr42fc5f0601pj","scheduled_at":"2026-09-17T18:33:36Z","invocation_id":"inv_01m2raah018tmzewp5vncrqb4r","revision_id":"rev_01m2ra9qpbv8sge7jp19yw95z7","replayed":false,"target":"tachyon_serverless_application::services::triggers"}
{"timestamp":"2026-09-17T18:33:36.008884Z","level":"INFO","message":"asynchronous run claimed","invocation_id":"inv_01m2raah018tmzewp5vncrqb4r","attempt":1,"generation":0,"delivery_count":1,"target":"tachyon_serverless_application::services::invoke_async::dispatch"}
{"timestamp":"2026-09-17T18:33:36.148394Z","level":"INFO","message":"bridge spawned","environment_id":"env_01m2raah0cvnfs2jmy0ks8n1y9","pid":88527,"target":"tachyon_serverless_provider_process"}
{"timestamp":"2026-09-17T18:33:36.158139Z","level":"INFO","message":"invocation finished","invocation_id":"inv_01m2raah018tmzewp5vncrqb4r","status":"succeeded (async run)","handler_ms":0,"environment_boot_ms":4,"runtime_init_ms":4,"target":"tachyon_serverless_application::services::invoke"}
{"timestamp":"2026-09-17T18:33:36.159693Z","level":"INFO","message":"terminating bridge","environment_id":"env_01m2raah0cvnfs2jmy0ks8n1y9","pid":88527,"reason":"Completed","graceful":true,"target":"tachyon_serverless_provider_process"}
{"timestamp":"2026-09-17T18:33:36.162074Z","level":"INFO","message":"asynchronous invocation settled","invocation_id":"inv_01m2raah018tmzewp5vncrqb4r","status":"succeeded","target":"tachyon_serverless_application::services::invoke_async::dispatch"}
{"timestamp":"2026-09-17T18:33:36.168314Z","level":"INFO","message":"async dispatch: delivery handled","message_id":"inv_01m2raah018tmzewp5vncrqb4r","sequence":25,"delivery_count":1,"outcome":"Completed { status: \"succeeded\" }","target":"tachyon_serverless_application::services::invoke_async::dispatch"}
{"timestamp":"2026-09-17T18:33:38.004329Z","level":"INFO","message":"asynchronous invocation accepted","invocation_id":"inv_01m2raajykk5bsra6b3fyjw7c1","tenant_id":"tn_01hzzzzzzzzzzzzzzzzzzzzzza","revision_id":"rev_01m2ra9qpbv8sge7jp19yw95z7","input_bytes":180,"input_storage":"inline","target":"tachyon_serverless_application::services::invoke_async"}
{"timestamp":"2026-09-17T18:33:38.004368Z","level":"INFO","message":"cron trigger fired","trigger_id":"trg_01m2ra9radh1tr42fc5f0601pj","scheduled_at":"2026-09-17T18:33:38Z","invocation_id":"inv_01m2raajykk5bsra6b3fyjw7c1","revision_id":"rev_01m2ra9qpbv8sge7jp19yw95z7","replayed":false,"target":"tachyon_serverless_application::services::triggers"}
{"timestamp":"2026-09-17T18:33:38.014069Z","level":"INFO","message":"asynchronous run claimed","invocation_id":"inv_01m2raajykk5bsra6b3fyjw7c1","attempt":1,"generation":0,"delivery_count":1,"target":"tachyon_serverless_application::services::invoke_async::dispatch"}
{"timestamp":"2026-09-17T18:33:38.149520Z","level":"INFO","message":"bridge spawned","environment_id":"env_01m2raajyygnvc7gryf7mmyhdb","pid":88739,"target":"tachyon_serverless_provider_process"}
{"timestamp":"2026-09-17T18:33:38.158905Z","level":"INFO","message":"invocation finished","invocation_id":"inv_01m2raajykk5bsra6b3fyjw7c1","status":"succeeded (async run)","handler_ms":0,"environment_boot_ms":4,"runtime_init_ms":4,"target":"tachyon_serverless_application::services::invoke"}
{"timestamp":"2026-09-17T18:33:38.160462Z","level":"INFO","message":"terminating bridge","environment_id":"env_01m2raajyygnvc7gryf7mmyhdb","pid":88739,"reason":"Completed","graceful":true,"target":"tachyon_serverless_provider_process"}
{"timestamp":"2026-09-17T18:33:38.162790Z","level":"INFO","message":"asynchronous invocation settled","invocation_id":"inv_01m2raajykk5bsra6b3fyjw7c1","status":"succeeded","target":"tachyon_serverless_application::services::invoke_async::dispatch"}
{"timestamp":"2026-09-17T18:33:38.169428Z","level":"INFO","message":"async dispatch: delivery handled","message_id":"inv_01m2raajykk5bsra6b3fyjw7c1","sequence":26,"delivery_count":1,"outcome":"Completed { status: \"succeeded\" }","target":"tachyon_serverless_application::services::invoke_async::dispatch"}
{"timestamp":"2026-09-17T18:33:40.003248Z","level":"INFO","message":"asynchronous invocation accepted","invocation_id":"inv_01m2raamx2nqxmfavmgwy91pjk","tenant_id":"tn_01hzzzzzzzzzzzzzzzzzzzzzza","revision_id":"rev_01m2ra9qpbv8sge7jp19yw95z7","input_bytes":180,"input_storage":"inline","target":"tachyon_serverless_application::services::invoke_async"}
{"timestamp":"2026-09-17T18:33:40.003287Z","level":"INFO","message":"cron trigger fired","trigger_id":"trg_01m2ra9radh1tr42fc5f0601pj","scheduled_at":"2026-09-17T18:33:40Z","invocation_id":"inv_01m2raamx2nqxmfavmgwy91pjk","revision_id":"rev_01m2ra9qpbv8sge7jp19yw95z7","replayed":false,"target":"tachyon_serverless_application::services::triggers"}
{"timestamp":"2026-09-17T18:33:40.010987Z","level":"INFO","message":"asynchronous run claimed","invocation_id":"inv_01m2raamx2nqxmfavmgwy91pjk","attempt":1,"generation":0,"delivery_count":1,"target":"tachyon_serverless_application::services::invoke_async::dispatch"}
{"timestamp":"2026-09-17T18:33:40.151713Z","level":"INFO","message":"bridge spawned","environment_id":"env_01m2raamxbcsbj3w2hk5crnbrf","pid":88948,"target":"tachyon_serverless_provider_process"}
{"timestamp":"2026-09-17T18:33:40.161319Z","level":"INFO","message":"invocation finished","invocation_id":"inv_01m2raamx2nqxmfavmgwy91pjk","status":"succeeded (async run)","handler_ms":0,"environment_boot_ms":4,"runtime_init_ms":4,"target":"tachyon_serverless_application::services::invoke"}
{"timestamp":"2026-09-17T18:33:40.162852Z","level":"INFO","message":"terminating bridge","environment_id":"env_01m2raamxbcsbj3w2hk5crnbrf","pid":88948,"reason":"Completed","graceful":true,"target":"tachyon_serverless_provider_process"}
{"timestamp":"2026-09-17T18:33:40.165314Z","level":"INFO","message":"asynchronous invocation settled","invocation_id":"inv_01m2raamx2nqxmfavmgwy91pjk","status":"succeeded","target":"tachyon_serverless_application::services::invoke_async::dispatch"}
{"timestamp":"2026-09-17T18:33:40.173009Z","level":"INFO","message":"async dispatch: delivery handled","message_id":"inv_01m2raamx2nqxmfavmgwy91pjk","sequence":27,"delivery_count":1,"outcome":"Completed { status: \"succeeded\" }","target":"tachyon_serverless_application::services::invoke_async::dispatch"}
{"timestamp":"2026-09-17T18:33:42.002881Z","level":"INFO","message":"asynchronous invocation accepted","invocation_id":"inv_01m2raapvj5zxyf3crgny368nd","tenant_id":"tn_01hzzzzzzzzzzzzzzzzzzzzzza","revision_id":"rev_01m2ra9qpbv8sge7jp19yw95z7","input_bytes":180,"input_storage":"inline","target":"tachyon_serverless_application::services::invoke_async"}
{"timestamp":"2026-09-17T18:33:42.002919Z","level":"INFO","message":"cron trigger fired","trigger_id":"trg_01m2ra9radh1tr42fc5f0601pj","scheduled_at":"2026-09-17T18:33:42Z","invocation_id":"inv_01m2raapvj5zxyf3crgny368nd","revision_id":"rev_01m2ra9qpbv8sge7jp19yw95z7","replayed":false,"target":"tachyon_serverless_application::services::triggers"}
{"timestamp":"2026-09-17T18:33:42.015862Z","level":"INFO","message":"asynchronous run claimed","invocation_id":"inv_01m2raapvj5zxyf3crgny368nd","attempt":1,"generation":0,"delivery_count":1,"target":"tachyon_serverless_application::services::invoke_async::dispatch"}
{"timestamp":"2026-09-17T18:33:42.152761Z","level":"INFO","message":"bridge spawned","environment_id":"env_01m2raapw0ha4k41cg5ed5ne30","pid":89164,"target":"tachyon_serverless_provider_process"}
{"timestamp":"2026-09-17T18:33:42.162420Z","level":"INFO","message":"invocation finished","invocation_id":"inv_01m2raapvj5zxyf3crgny368nd","status":"succeeded (async run)","handler_ms":0,"environment_boot_ms":4,"runtime_init_ms":4,"target":"tachyon_serverless_application::services::invoke"}
{"timestamp":"2026-09-17T18:33:42.163955Z","level":"INFO","message":"terminating bridge","environment_id":"env_01m2raapw0ha4k41cg5ed5ne30","pid":89164,"reason":"Completed","graceful":true,"target":"tachyon_serverless_provider_process"}
{"timestamp":"2026-09-17T18:33:42.166317Z","level":"INFO","message":"asynchronous invocation settled","invocation_id":"inv_01m2raapvj5zxyf3crgny368nd","status":"succeeded","target":"tachyon_serverless_application::services::invoke_async::dispatch"}
{"timestamp":"2026-09-17T18:33:42.172146Z","level":"INFO","message":"async dispatch: delivery handled","message_id":"inv_01m2raapvj5zxyf3crgny368nd","sequence":28,"delivery_count":1,"outcome":"Completed { status: \"succeeded\" }","target":"tachyon_serverless_application::services::invoke_async::dispatch"}
{"timestamp":"2026-09-17T18:33:44.003854Z","level":"INFO","message":"asynchronous invocation accepted","invocation_id":"inv_01m2raart376kqcvbd7yj6xnwg","tenant_id":"tn_01hzzzzzzzzzzzzzzzzzzzzzza","revision_id":"rev_01m2ra9qpbv8sge7jp19yw95z7","input_bytes":180,"input_storage":"inline","target":"tachyon_serverless_application::services::invoke_async"}
{"timestamp":"2026-09-17T18:33:44.003894Z","level":"INFO","message":"cron trigger fired","trigger_id":"trg_01m2ra9radh1tr42fc5f0601pj","scheduled_at":"2026-09-17T18:33:44Z","invocation_id":"inv_01m2raart376kqcvbd7yj6xnwg","revision_id":"rev_01m2ra9qpbv8sge7jp19yw95z7","replayed":false,"target":"tachyon_serverless_application::services::triggers"}
{"timestamp":"2026-09-17T18:33:44.018162Z","level":"INFO","message":"asynchronous run claimed","invocation_id":"inv_01m2raart376kqcvbd7yj6xnwg","attempt":1,"generation":0,"delivery_count":1,"target":"tachyon_serverless_application::services::invoke_async::dispatch"}
{"timestamp":"2026-09-17T18:33:44.157538Z","level":"INFO","message":"bridge spawned","environment_id":"env_01m2raartjbg7v0hwtm7xdg6hg","pid":89375,"target":"tachyon_serverless_provider_process"}
{"timestamp":"2026-09-17T18:33:44.167308Z","level":"INFO","message":"invocation finished","invocation_id":"inv_01m2raart376kqcvbd7yj6xnwg","status":"succeeded (async run)","handler_ms":0,"environment_boot_ms":4,"runtime_init_ms":4,"target":"tachyon_serverless_application::services::invoke"}
{"timestamp":"2026-09-17T18:33:44.168858Z","level":"INFO","message":"terminating bridge","environment_id":"env_01m2raartjbg7v0hwtm7xdg6hg","pid":89375,"reason":"Completed","graceful":true,"target":"tachyon_serverless_provider_process"}
{"timestamp":"2026-09-17T18:33:44.171234Z","level":"INFO","message":"asynchronous invocation settled","invocation_id":"inv_01m2raart376kqcvbd7yj6xnwg","status":"succeeded","target":"tachyon_serverless_application::services::invoke_async::dispatch"}
{"timestamp":"2026-09-17T18:33:44.178819Z","level":"INFO","message":"async dispatch: delivery handled","message_id":"inv_01m2raart376kqcvbd7yj6xnwg","sequence":29,"delivery_count":1,"outcome":"Completed { status: \"succeeded\" }","target":"tachyon_serverless_application::services::invoke_async::dispatch"}
{"timestamp":"2026-09-17T18:33:46.002937Z","level":"INFO","message":"asynchronous invocation accepted","invocation_id":"inv_01m2raatrjctqrr167nmcn1tdv","tenant_id":"tn_01hzzzzzzzzzzzzzzzzzzzzzza","revision_id":"rev_01m2ra9qpbv8sge7jp19yw95z7","input_bytes":180,"input_storage":"inline","target":"tachyon_serverless_application::services::invoke_async"}
{"timestamp":"2026-09-17T18:33:46.002976Z","level":"INFO","message":"cron trigger fired","trigger_id":"trg_01m2ra9radh1tr42fc5f0601pj","scheduled_at":"2026-09-17T18:33:46Z","invocation_id":"inv_01m2raatrjctqrr167nmcn1tdv","revision_id":"rev_01m2ra9qpbv8sge7jp19yw95z7","replayed":false,"target":"tachyon_serverless_application::services::triggers"}
{"timestamp":"2026-09-17T18:33:46.014853Z","level":"INFO","message":"asynchronous run claimed","invocation_id":"inv_01m2raatrjctqrr167nmcn1tdv","attempt":1,"generation":0,"delivery_count":1,"target":"tachyon_serverless_application::services::invoke_async::dispatch"}
{"timestamp":"2026-09-17T18:33:46.152092Z","level":"INFO","message":"bridge spawned","environment_id":"env_01m2raatrzhwz1fh26cdqg5tf7","pid":89583,"target":"tachyon_serverless_provider_process"}
{"timestamp":"2026-09-17T18:33:46.161890Z","level":"INFO","message":"invocation finished","invocation_id":"inv_01m2raatrjctqrr167nmcn1tdv","status":"succeeded (async run)","handler_ms":0,"environment_boot_ms":4,"runtime_init_ms":4,"target":"tachyon_serverless_application::services::invoke"}
{"timestamp":"2026-09-17T18:33:46.163447Z","level":"INFO","message":"terminating bridge","environment_id":"env_01m2raatrzhwz1fh26cdqg5tf7","pid":89583,"reason":"Completed","graceful":true,"target":"tachyon_serverless_provider_process"}
{"timestamp":"2026-09-17T18:33:46.165728Z","level":"INFO","message":"asynchronous invocation settled","invocation_id":"inv_01m2raatrjctqrr167nmcn1tdv","status":"succeeded","target":"tachyon_serverless_application::services::invoke_async::dispatch"}
{"timestamp":"2026-09-17T18:33:46.172826Z","level":"INFO","message":"async dispatch: delivery handled","message_id":"inv_01m2raatrjctqrr167nmcn1tdv","sequence":30,"delivery_count":1,"outcome":"Completed { status: \"succeeded\" }","target":"tachyon_serverless_application::services::invoke_async::dispatch"}
{"timestamp":"2026-09-17T18:33:48.002684Z","level":"INFO","message":"asynchronous invocation accepted","invocation_id":"inv_01m2raawq25qtny288egz00w9v","tenant_id":"tn_01hzzzzzzzzzzzzzzzzzzzzzza","revision_id":"rev_01m2ra9qpbv8sge7jp19yw95z7","input_bytes":180,"input_storage":"inline","target":"tachyon_serverless_application::services::invoke_async"}
{"timestamp":"2026-09-17T18:33:48.002721Z","level":"INFO","message":"cron trigger fired","trigger_id":"trg_01m2ra9radh1tr42fc5f0601pj","scheduled_at":"2026-09-17T18:33:48Z","invocation_id":"inv_01m2raawq25qtny288egz00w9v","revision_id":"rev_01m2ra9qpbv8sge7jp19yw95z7","replayed":false,"target":"tachyon_serverless_application::services::triggers"}
{"timestamp":"2026-09-17T18:33:48.011432Z","level":"INFO","message":"asynchronous run claimed","invocation_id":"inv_01m2raawq25qtny288egz00w9v","attempt":1,"generation":0,"delivery_count":1,"target":"tachyon_serverless_application::services::invoke_async::dispatch"}
{"timestamp":"2026-09-17T18:33:48.155395Z","level":"INFO","message":"bridge spawned","environment_id":"env_01m2raawqbb9q2cxyme5n003sa","pid":89785,"target":"tachyon_serverless_provider_process"}
{"timestamp":"2026-09-17T18:33:48.166284Z","level":"INFO","message":"invocation finished","invocation_id":"inv_01m2raawq25qtny288egz00w9v","status":"succeeded (async run)","handler_ms":0,"environment_boot_ms":3,"runtime_init_ms":6,"target":"tachyon_serverless_application::services::invoke"}
{"timestamp":"2026-09-17T18:33:48.167921Z","level":"INFO","message":"terminating bridge","environment_id":"env_01m2raawqbb9q2cxyme5n003sa","pid":89785,"reason":"Completed","graceful":true,"target":"tachyon_serverless_provider_process"}
{"timestamp":"2026-09-17T18:33:48.171307Z","level":"INFO","message":"asynchronous invocation settled","invocation_id":"inv_01m2raawq25qtny288egz00w9v","status":"succeeded","target":"tachyon_serverless_application::services::invoke_async::dispatch"}
{"timestamp":"2026-09-17T18:33:48.179098Z","level":"INFO","message":"async dispatch: delivery handled","message_id":"inv_01m2raawq25qtny288egz00w9v","sequence":31,"delivery_count":1,"outcome":"Completed { status: \"succeeded\" }","target":"tachyon_serverless_application::services::invoke_async::dispatch"}
{"timestamp":"2026-09-17T18:33:50.004813Z","level":"INFO","message":"asynchronous invocation accepted","invocation_id":"inv_01m2raaynk8sn73epgzg3fwbh5","tenant_id":"tn_01hzzzzzzzzzzzzzzzzzzzzzza","revision_id":"rev_01m2ra9qpbv8sge7jp19yw95z7","input_bytes":180,"input_storage":"inline","target":"tachyon_serverless_application::services::invoke_async"}
{"timestamp":"2026-09-17T18:33:50.004848Z","level":"INFO","message":"cron trigger fired","trigger_id":"trg_01m2ra9radh1tr42fc5f0601pj","scheduled_at":"2026-09-17T18:33:50Z","invocation_id":"inv_01m2raaynk8sn73epgzg3fwbh5","revision_id":"rev_01m2ra9qpbv8sge7jp19yw95z7","replayed":false,"target":"tachyon_serverless_application::services::triggers"}
{"timestamp":"2026-09-17T18:33:50.018366Z","level":"INFO","message":"asynchronous run claimed","invocation_id":"inv_01m2raaynk8sn73epgzg3fwbh5","attempt":1,"generation":0,"delivery_count":1,"target":"tachyon_serverless_application::services::invoke_async::dispatch"}
{"timestamp":"2026-09-17T18:33:50.155483Z","level":"INFO","message":"bridge spawned","environment_id":"env_01m2raayp2n1t34nwzrd5gdtd8","pid":89980,"target":"tachyon_serverless_provider_process"}
{"timestamp":"2026-09-17T18:33:50.172522Z","level":"INFO","message":"invocation finished","invocation_id":"inv_01m2raaynk8sn73epgzg3fwbh5","status":"succeeded (async run)","handler_ms":0,"environment_boot_ms":7,"runtime_init_ms":8,"target":"tachyon_serverless_application::services::invoke"}
{"timestamp":"2026-09-17T18:33:50.174133Z","level":"INFO","message":"terminating bridge","environment_id":"env_01m2raayp2n1t34nwzrd5gdtd8","pid":89980,"reason":"Completed","graceful":true,"target":"tachyon_serverless_provider_process"}
{"timestamp":"2026-09-17T18:33:50.177589Z","level":"INFO","message":"asynchronous invocation settled","invocation_id":"inv_01m2raaynk8sn73epgzg3fwbh5","status":"succeeded","target":"tachyon_serverless_application::services::invoke_async::dispatch"}
{"timestamp":"2026-09-17T18:33:50.184012Z","level":"INFO","message":"async dispatch: delivery handled","message_id":"inv_01m2raaynk8sn73epgzg3fwbh5","sequence":32,"delivery_count":1,"outcome":"Completed { status: \"succeeded\" }","target":"tachyon_serverless_application::services::invoke_async::dispatch"}
{"timestamp":"2026-09-17T18:33:52.002783Z","level":"INFO","message":"asynchronous invocation accepted","invocation_id":"inv_01m2rab0m2t1r6h9dj9664ngbr","tenant_id":"tn_01hzzzzzzzzzzzzzzzzzzzzzza","revision_id":"rev_01m2ra9qpbv8sge7jp19yw95z7","input_bytes":180,"input_storage":"inline","target":"tachyon_serverless_application::services::invoke_async"}
{"timestamp":"2026-09-17T18:33:52.002828Z","level":"INFO","message":"cron trigger fired","trigger_id":"trg_01m2ra9radh1tr42fc5f0601pj","scheduled_at":"2026-09-17T18:33:52Z","invocation_id":"inv_01m2rab0m2t1r6h9dj9664ngbr","revision_id":"rev_01m2ra9qpbv8sge7jp19yw95z7","replayed":false,"target":"tachyon_serverless_application::services::triggers"}
{"timestamp":"2026-09-17T18:33:52.012680Z","level":"INFO","message":"asynchronous run claimed","invocation_id":"inv_01m2rab0m2t1r6h9dj9664ngbr","attempt":1,"generation":0,"delivery_count":1,"target":"tachyon_serverless_application::services::invoke_async::dispatch"}
{"timestamp":"2026-09-17T18:33:52.149285Z","level":"INFO","message":"bridge spawned","environment_id":"env_01m2rab0mc9c6r148vjzcc68a7","pid":90186,"target":"tachyon_serverless_provider_process"}
{"timestamp":"2026-09-17T18:33:52.159758Z","level":"INFO","message":"invocation finished","invocation_id":"inv_01m2rab0m2t1r6h9dj9664ngbr","status":"succeeded (async run)","handler_ms":0,"environment_boot_ms":4,"runtime_init_ms":5,"target":"tachyon_serverless_application::services::invoke"}
{"timestamp":"2026-09-17T18:33:52.161309Z","level":"INFO","message":"terminating bridge","environment_id":"env_01m2rab0mc9c6r148vjzcc68a7","pid":90186,"reason":"Completed","graceful":true,"target":"tachyon_serverless_provider_process"}
{"timestamp":"2026-09-17T18:33:52.163840Z","level":"INFO","message":"asynchronous invocation settled","invocation_id":"inv_01m2rab0m2t1r6h9dj9664ngbr","status":"succeeded","target":"tachyon_serverless_application::services::invoke_async::dispatch"}
{"timestamp":"2026-09-17T18:33:52.169986Z","level":"INFO","message":"async dispatch: delivery handled","message_id":"inv_01m2rab0m2t1r6h9dj9664ngbr","sequence":33,"delivery_count":1,"outcome":"Completed { status: \"succeeded\" }","target":"tachyon_serverless_application::services::invoke_async::dispatch"}
{"timestamp":"2026-09-17T18:33:54.004646Z","level":"INFO","message":"asynchronous invocation accepted","invocation_id":"inv_01m2rab2jmdhmpwv66n2kby1y4","tenant_id":"tn_01hzzzzzzzzzzzzzzzzzzzzzza","revision_id":"rev_01m2ra9qpbv8sge7jp19yw95z7","input_bytes":180,"input_storage":"inline","target":"tachyon_serverless_application::services::invoke_async"}
{"timestamp":"2026-09-17T18:33:54.004686Z","level":"INFO","message":"cron trigger fired","trigger_id":"trg_01m2ra9radh1tr42fc5f0601pj","scheduled_at":"2026-09-17T18:33:54Z","invocation_id":"inv_01m2rab2jmdhmpwv66n2kby1y4","revision_id":"rev_01m2ra9qpbv8sge7jp19yw95z7","replayed":false,"target":"tachyon_serverless_application::services::triggers"}
{"timestamp":"2026-09-17T18:33:54.016278Z","level":"INFO","message":"asynchronous run claimed","invocation_id":"inv_01m2rab2jmdhmpwv66n2kby1y4","attempt":1,"generation":0,"delivery_count":1,"target":"tachyon_serverless_application::services::invoke_async::dispatch"}
{"timestamp":"2026-09-17T18:33:54.154757Z","level":"INFO","message":"bridge spawned","environment_id":"env_01m2rab2k0hnqem742d61wwvnt","pid":90398,"target":"tachyon_serverless_provider_process"}
{"timestamp":"2026-09-17T18:33:54.165933Z","level":"INFO","message":"invocation finished","invocation_id":"inv_01m2rab2jmdhmpwv66n2kby1y4","status":"succeeded (async run)","handler_ms":0,"environment_boot_ms":4,"runtime_init_ms":5,"target":"tachyon_serverless_application::services::invoke"}
{"timestamp":"2026-09-17T18:33:54.167510Z","level":"INFO","message":"terminating bridge","environment_id":"env_01m2rab2k0hnqem742d61wwvnt","pid":90398,"reason":"Completed","graceful":true,"target":"tachyon_serverless_provider_process"}
{"timestamp":"2026-09-17T18:33:54.170450Z","level":"INFO","message":"asynchronous invocation settled","invocation_id":"inv_01m2rab2jmdhmpwv66n2kby1y4","status":"succeeded","target":"tachyon_serverless_application::services::invoke_async::dispatch"}
{"timestamp":"2026-09-17T18:33:54.176463Z","level":"INFO","message":"async dispatch: delivery handled","message_id":"inv_01m2rab2jmdhmpwv66n2kby1y4","sequence":34,"delivery_count":1,"outcome":"Completed { status: \"succeeded\" }","target":"tachyon_serverless_application::services::invoke_async::dispatch"}
{"timestamp":"2026-09-17T18:33:56.003651Z","level":"INFO","message":"asynchronous invocation accepted","invocation_id":"inv_01m2rab4h3k005kjzyxhcrav1s","tenant_id":"tn_01hzzzzzzzzzzzzzzzzzzzzzza","revision_id":"rev_01m2ra9qpbv8sge7jp19yw95z7","input_bytes":180,"input_storage":"inline","target":"tachyon_serverless_application::services::invoke_async"}
{"timestamp":"2026-09-17T18:33:56.003875Z","level":"INFO","message":"cron trigger fired","trigger_id":"trg_01m2ra9radh1tr42fc5f0601pj","scheduled_at":"2026-09-17T18:33:56Z","invocation_id":"inv_01m2rab4h3k005kjzyxhcrav1s","revision_id":"rev_01m2ra9qpbv8sge7jp19yw95z7","replayed":false,"target":"tachyon_serverless_application::services::triggers"}
{"timestamp":"2026-09-17T18:33:56.016119Z","level":"INFO","message":"asynchronous run claimed","invocation_id":"inv_01m2rab4h3k005kjzyxhcrav1s","attempt":1,"generation":0,"delivery_count":1,"target":"tachyon_serverless_application::services::invoke_async::dispatch"}
{"timestamp":"2026-09-17T18:33:56.155180Z","level":"INFO","message":"bridge spawned","environment_id":"env_01m2rab4hg0pq4kp6n6ygaqj4j","pid":90613,"target":"tachyon_serverless_provider_process"}
{"timestamp":"2026-09-17T18:33:56.165424Z","level":"INFO","message":"invocation finished","invocation_id":"inv_01m2rab4h3k005kjzyxhcrav1s","status":"succeeded (async run)","handler_ms":0,"environment_boot_ms":4,"runtime_init_ms":5,"target":"tachyon_serverless_application::services::invoke"}
{"timestamp":"2026-09-17T18:33:56.166992Z","level":"INFO","message":"terminating bridge","environment_id":"env_01m2rab4hg0pq4kp6n6ygaqj4j","pid":90613,"reason":"Completed","graceful":true,"target":"tachyon_serverless_provider_process"}
{"timestamp":"2026-09-17T18:33:56.169724Z","level":"INFO","message":"asynchronous invocation settled","invocation_id":"inv_01m2rab4h3k005kjzyxhcrav1s","status":"succeeded","target":"tachyon_serverless_application::services::invoke_async::dispatch"}
{"timestamp":"2026-09-17T18:33:56.177631Z","level":"INFO","message":"async dispatch: delivery handled","message_id":"inv_01m2rab4h3k005kjzyxhcrav1s","sequence":35,"delivery_count":1,"outcome":"Completed { status: \"succeeded\" }","target":"tachyon_serverless_application::services::invoke_async::dispatch"}
{"timestamp":"2026-09-17T18:33:57.467292Z","level":"INFO","message":"object retention pass","report":"GcReport { examined: 3, collected_expired: 0, collected_orphans: 0, kept_in_use: 0, kept_referenced: 3, incomplete_removed: 0, tombstones_purged: 0, failed: 0 }","target":"tachyon_serverless_gateway"}
{"timestamp":"2026-09-17T18:33:58.003918Z","level":"INFO","message":"asynchronous invocation accepted","invocation_id":"inv_01m2rab6fkhweey57ce86p42aj","tenant_id":"tn_01hzzzzzzzzzzzzzzzzzzzzzza","revision_id":"rev_01m2ra9qpbv8sge7jp19yw95z7","input_bytes":180,"input_storage":"inline","target":"tachyon_serverless_application::services::invoke_async"}
{"timestamp":"2026-09-17T18:33:58.003956Z","level":"INFO","message":"cron trigger fired","trigger_id":"trg_01m2ra9radh1tr42fc5f0601pj","scheduled_at":"2026-09-17T18:33:58Z","invocation_id":"inv_01m2rab6fkhweey57ce86p42aj","revision_id":"rev_01m2ra9qpbv8sge7jp19yw95z7","replayed":false,"target":"tachyon_serverless_application::services::triggers"}
{"timestamp":"2026-09-17T18:33:58.018977Z","level":"INFO","message":"asynchronous run claimed","invocation_id":"inv_01m2rab6fkhweey57ce86p42aj","attempt":1,"generation":0,"delivery_count":1,"target":"tachyon_serverless_application::services::invoke_async::dispatch"}
{"timestamp":"2026-09-17T18:33:58.157028Z","level":"INFO","message":"bridge spawned","environment_id":"env_01m2rab6g3t8px3bmveeqfd4nv","pid":90822,"target":"tachyon_serverless_provider_process"}
{"timestamp":"2026-09-17T18:33:58.166565Z","level":"INFO","message":"invocation finished","invocation_id":"inv_01m2rab6fkhweey57ce86p42aj","status":"succeeded (async run)","handler_ms":0,"environment_boot_ms":3,"runtime_init_ms":4,"target":"tachyon_serverless_application::services::invoke"}
{"timestamp":"2026-09-17T18:33:58.168155Z","level":"INFO","message":"terminating bridge","environment_id":"env_01m2rab6g3t8px3bmveeqfd4nv","pid":90822,"reason":"Completed","graceful":true,"target":"tachyon_serverless_provider_process"}
{"timestamp":"2026-09-17T18:33:58.170512Z","level":"INFO","message":"asynchronous invocation settled","invocation_id":"inv_01m2rab6fkhweey57ce86p42aj","status":"succeeded","target":"tachyon_serverless_application::services::invoke_async::dispatch"}
{"timestamp":"2026-09-17T18:33:58.177810Z","level":"INFO","message":"async dispatch: delivery handled","message_id":"inv_01m2rab6fkhweey57ce86p42aj","sequence":36,"delivery_count":1,"outcome":"Completed { status: \"succeeded\" }","target":"tachyon_serverless_application::services::invoke_async::dispatch"}
{"timestamp":"2026-09-17T18:33:59.467888Z","level":"INFO","message":"object retention pass","report":"GcReport { examined: 3, collected_expired: 0, collected_orphans: 0, kept_in_use: 0, kept_referenced: 3, incomplete_removed: 0, tombstones_purged: 0, failed: 0 }","target":"tachyon_serverless_gateway"}
{"timestamp":"2026-09-17T18:34:00.004190Z","level":"INFO","message":"asynchronous invocation accepted","invocation_id":"inv_01m2rab8e3mxh0czmjpshnahsj","tenant_id":"tn_01hzzzzzzzzzzzzzzzzzzzzzza","revision_id":"rev_01m2ra9qpbv8sge7jp19yw95z7","input_bytes":180,"input_storage":"inline","target":"tachyon_serverless_application::services::invoke_async"}
{"timestamp":"2026-09-17T18:34:00.004227Z","level":"INFO","message":"cron trigger fired","trigger_id":"trg_01m2ra9radh1tr42fc5f0601pj","scheduled_at":"2026-09-17T18:34:00Z","invocation_id":"inv_01m2rab8e3mxh0czmjpshnahsj","revision_id":"rev_01m2ra9qpbv8sge7jp19yw95z7","replayed":false,"target":"tachyon_serverless_application::services::triggers"}
{"timestamp":"2026-09-17T18:34:00.011278Z","level":"INFO","message":"asynchronous run claimed","invocation_id":"inv_01m2rab8e3mxh0czmjpshnahsj","attempt":1,"generation":0,"delivery_count":1,"target":"tachyon_serverless_application::services::invoke_async::dispatch"}
{"timestamp":"2026-09-17T18:34:00.152617Z","level":"INFO","message":"bridge spawned","environment_id":"env_01m2rab8eb439hjvyqsbpfsn7x","pid":91025,"target":"tachyon_serverless_provider_process"}
{"timestamp":"2026-09-17T18:34:00.162538Z","level":"INFO","message":"invocation finished","invocation_id":"inv_01m2rab8e3mxh0czmjpshnahsj","status":"succeeded (async run)","handler_ms":0,"environment_boot_ms":3,"runtime_init_ms":4,"target":"tachyon_serverless_application::services::invoke"}
{"timestamp":"2026-09-17T18:34:00.164119Z","level":"INFO","message":"terminating bridge","environment_id":"env_01m2rab8eb439hjvyqsbpfsn7x","pid":91025,"reason":"Completed","graceful":true,"target":"tachyon_serverless_provider_process"}
{"timestamp":"2026-09-17T18:34:00.167940Z","level":"INFO","message":"asynchronous invocation settled","invocation_id":"inv_01m2rab8e3mxh0czmjpshnahsj","status":"succeeded","target":"tachyon_serverless_application::services::invoke_async::dispatch"}
{"timestamp":"2026-09-17T18:34:00.174119Z","level":"INFO","message":"async dispatch: delivery handled","message_id":"inv_01m2rab8e3mxh0czmjpshnahsj","sequence":37,"delivery_count":1,"outcome":"Completed { status: \"succeeded\" }","target":"tachyon_serverless_application::services::invoke_async::dispatch"}
{"timestamp":"2026-09-17T18:34:01.474958Z","level":"INFO","message":"object retention pass","report":"GcReport { examined: 4, collected_expired: 0, collected_orphans: 1, kept_in_use: 0, kept_referenced: 3, incomplete_removed: 0, tombstones_purged: 0, failed: 0 }","target":"tachyon_serverless_gateway"}
{"timestamp":"2026-09-17T18:34:02.004057Z","level":"INFO","message":"asynchronous invocation accepted","invocation_id":"inv_01m2rabackr3cnmd6ppneh4s5e","tenant_id":"tn_01hzzzzzzzzzzzzzzzzzzzzzza","revision_id":"rev_01m2ra9qpbv8sge7jp19yw95z7","input_bytes":180,"input_storage":"inline","target":"tachyon_serverless_application::services::invoke_async"}
{"timestamp":"2026-09-17T18:34:02.004093Z","level":"INFO","message":"cron trigger fired","trigger_id":"trg_01m2ra9radh1tr42fc5f0601pj","scheduled_at":"2026-09-17T18:34:02Z","invocation_id":"inv_01m2rabackr3cnmd6ppneh4s5e","revision_id":"rev_01m2ra9qpbv8sge7jp19yw95z7","replayed":false,"target":"tachyon_serverless_application::services::triggers"}
{"timestamp":"2026-09-17T18:34:02.015451Z","level":"INFO","message":"asynchronous run claimed","invocation_id":"inv_01m2rabackr3cnmd6ppneh4s5e","attempt":1,"generation":0,"delivery_count":1,"target":"tachyon_serverless_application::services::invoke_async::dispatch"}
{"timestamp":"2026-09-17T18:34:02.152879Z","level":"INFO","message":"bridge spawned","environment_id":"env_01m2rabacz31prkz6pv8qva35e","pid":91275,"target":"tachyon_serverless_provider_process"}
{"timestamp":"2026-09-17T18:34:02.162676Z","level":"INFO","message":"invocation finished","invocation_id":"inv_01m2rabackr3cnmd6ppneh4s5e","status":"succeeded (async run)","handler_ms":0,"environment_boot_ms":3,"runtime_init_ms":4,"target":"tachyon_serverless_application::services::invoke"}
{"timestamp":"2026-09-17T18:34:02.164234Z","level":"INFO","message":"terminating bridge","environment_id":"env_01m2rabacz31prkz6pv8qva35e","pid":91275,"reason":"Completed","graceful":true,"target":"tachyon_serverless_provider_process"}
{"timestamp":"2026-09-17T18:34:02.166771Z","level":"INFO","message":"asynchronous invocation settled","invocation_id":"inv_01m2rabackr3cnmd6ppneh4s5e","status":"succeeded","target":"tachyon_serverless_application::services::invoke_async::dispatch"}
{"timestamp":"2026-09-17T18:34:02.173485Z","level":"INFO","message":"async dispatch: delivery handled","message_id":"inv_01m2rabackr3cnmd6ppneh4s5e","sequence":38,"delivery_count":1,"outcome":"Completed { status: \"succeeded\" }","target":"tachyon_serverless_application::services::invoke_async::dispatch"}
{"timestamp":"2026-09-17T18:34:02.910757Z","level":"INFO","message":"bridge spawned","environment_id":"env_01m2rabb4qwzjzt1cjcrmxh9w5","pid":91380,"target":"tachyon_serverless_provider_process"}
{"timestamp":"2026-09-17T18:34:02.920479Z","level":"INFO","message":"invocation finished","invocation_id":"inv_01m2rabb4qz1znk2pvj54rypvd","status":"succeeded","handler_ms":0,"environment_boot_ms":4,"runtime_init_ms":4,"target":"tachyon_serverless_application::services::invoke"}
{"timestamp":"2026-09-17T18:34:02.921804Z","level":"INFO","message":"terminating bridge","environment_id":"env_01m2rabb4qwzjzt1cjcrmxh9w5","pid":91380,"reason":"Completed","graceful":true,"target":"tachyon_serverless_provider_process"}
{"timestamp":"2026-09-17T18:34:02.969404Z","level":"INFO","message":"asynchronous invocation accepted","invocation_id":"inv_01m2rabbarj0q88vxcs93sd4ja","tenant_id":"tn_01hzzzzzzzzzzzzzzzzzzzzzza","revision_id":"rev_01m2ra9q3hxjgzc9wpsydejh13","input_bytes":48,"input_storage":"inline","target":"tachyon_serverless_application::services::invoke_async"}
{"timestamp":"2026-09-17T18:34:02.980252Z","level":"INFO","message":"asynchronous run claimed","invocation_id":"inv_01m2rabbarj0q88vxcs93sd4ja","attempt":1,"generation":0,"delivery_count":1,"target":"tachyon_serverless_application::services::invoke_async::dispatch"}
{"timestamp":"2026-09-17T18:34:03.030127Z","level":"INFO","message":"asynchronous invocation accepted","invocation_id":"inv_01m2rabbc5w35swrgr13ccg6bs","tenant_id":"tn_01hzzzzzzzzzzzzzzzzzzzzzza","revision_id":"rev_01m2ra9q3hxjgzc9wpsydejh13","input_bytes":4128,"input_storage":"object","target":"tachyon_serverless_application::services::invoke_async"}
{"timestamp":"2026-09-17T18:34:03.035361Z","level":"INFO","message":"asynchronous run claimed","invocation_id":"inv_01m2rabbc5w35swrgr13ccg6bs","attempt":1,"generation":0,"delivery_count":1,"target":"tachyon_serverless_application::services::invoke_async::dispatch"}
{"timestamp":"2026-09-17T18:34:03.058511Z","level":"INFO","message":"asynchronous invocation accepted","invocation_id":"inv_01m2rabbdhb9jhxhbdhc0y4gfb","tenant_id":"tn_01hzzzzzzzzzzzzzzzzzzzzzza","revision_id":"rev_01m2ra9qpbv8sge7jp19yw95z7","input_bytes":191,"input_storage":"inline","target":"tachyon_serverless_application::services::invoke_async"}
{"timestamp":"2026-09-17T18:34:03.058549Z","level":"INFO","message":"webhook trigger fired","trigger_id":"trg_01m2ra9raqsv8hb5v3k0zsmwv7","event_id":"evt-post-w1","invocation_id":"inv_01m2rabbdhb9jhxhbdhc0y4gfb","revision_id":"rev_01m2ra9qpbv8sge7jp19yw95z7","replayed":false,"target":"tachyon_serverless_application::services::triggers"}
{"timestamp":"2026-09-17T18:34:03.077636Z","level":"INFO","message":"trigger updated","trigger_id":"trg_01m2ra9radh1tr42fc5f0601pj","generation":4,"status":"disabled","next_fire_at":"None","rotated_secret":false,"target":"tachyon_serverless_application::services::triggers"}
{"timestamp":"2026-09-17T18:34:03.130334Z","level":"INFO","message":"bridge spawned","environment_id":"env_01m2rabbb41jrbvw6m4c28yfjh","pid":91487,"target":"tachyon_serverless_provider_process"}
{"timestamp":"2026-09-17T18:34:03.139893Z","level":"INFO","message":"invocation finished","invocation_id":"inv_01m2rabbarj0q88vxcs93sd4ja","status":"succeeded (async run)","handler_ms":0,"environment_boot_ms":3,"runtime_init_ms":4,"target":"tachyon_serverless_application::services::invoke"}
{"timestamp":"2026-09-17T18:34:03.141442Z","level":"INFO","message":"terminating bridge","environment_id":"env_01m2rabbb41jrbvw6m4c28yfjh","pid":91487,"reason":"Completed","graceful":true,"target":"tachyon_serverless_provider_process"}
{"timestamp":"2026-09-17T18:34:03.144086Z","level":"INFO","message":"asynchronous invocation settled","invocation_id":"inv_01m2rabbarj0q88vxcs93sd4ja","status":"succeeded","target":"tachyon_serverless_application::services::invoke_async::dispatch"}
{"timestamp":"2026-09-17T18:34:03.149955Z","level":"INFO","message":"async dispatch: delivery handled","message_id":"inv_01m2rabbarj0q88vxcs93sd4ja","sequence":39,"delivery_count":1,"outcome":"Completed { status: \"succeeded\" }","target":"tachyon_serverless_application::services::invoke_async::dispatch"}
{"timestamp":"2026-09-17T18:34:03.150362Z","level":"INFO","message":"asynchronous run claimed","invocation_id":"inv_01m2rabbdhb9jhxhbdhc0y4gfb","attempt":1,"generation":0,"delivery_count":1,"target":"tachyon_serverless_application::services::invoke_async::dispatch"}
{"timestamp":"2026-09-17T18:34:03.186505Z","level":"INFO","message":"bridge spawned","environment_id":"env_01m2rabbcwdmhxydsqsdd2vn55","pid":91492,"target":"tachyon_serverless_provider_process"}
{"timestamp":"2026-09-17T18:34:03.202032Z","level":"INFO","message":"invocation finished","invocation_id":"inv_01m2rabbc5w35swrgr13ccg6bs","status":"succeeded (async run)","handler_ms":0,"environment_boot_ms":3,"runtime_init_ms":10,"target":"tachyon_serverless_application::services::invoke"}
{"timestamp":"2026-09-17T18:34:03.203557Z","level":"INFO","message":"terminating bridge","environment_id":"env_01m2rabbcwdmhxydsqsdd2vn55","pid":91492,"reason":"Completed","graceful":true,"target":"tachyon_serverless_provider_process"}
{"timestamp":"2026-09-17T18:34:03.205920Z","level":"INFO","message":"asynchronous invocation settled","invocation_id":"inv_01m2rabbc5w35swrgr13ccg6bs","status":"succeeded","target":"tachyon_serverless_application::services::invoke_async::dispatch"}
{"timestamp":"2026-09-17T18:34:03.210863Z","level":"INFO","message":"async dispatch: delivery handled","message_id":"inv_01m2rabbc5w35swrgr13ccg6bs","sequence":40,"delivery_count":1,"outcome":"Completed { status: \"succeeded\" }","target":"tachyon_serverless_application::services::invoke_async::dispatch"}
{"timestamp":"2026-09-17T18:34:03.287270Z","level":"INFO","message":"bridge spawned","environment_id":"env_01m2rabbgef08048gza5c9pq8t","pid":91496,"target":"tachyon_serverless_provider_process"}
{"timestamp":"2026-09-17T18:34:03.296795Z","level":"INFO","message":"invocation finished","invocation_id":"inv_01m2rabbdhb9jhxhbdhc0y4gfb","status":"succeeded (async run)","handler_ms":0,"environment_boot_ms":4,"runtime_init_ms":4,"target":"tachyon_serverless_application::services::invoke"}
{"timestamp":"2026-09-17T18:34:03.298344Z","level":"INFO","message":"terminating bridge","environment_id":"env_01m2rabbgef08048gza5c9pq8t","pid":91496,"reason":"Completed","graceful":true,"target":"tachyon_serverless_provider_process"}
{"timestamp":"2026-09-17T18:34:03.306638Z","level":"INFO","message":"asynchronous invocation settled","invocation_id":"inv_01m2rabbdhb9jhxhbdhc0y4gfb","status":"succeeded","target":"tachyon_serverless_application::services::invoke_async::dispatch"}
{"timestamp":"2026-09-17T18:34:03.311406Z","level":"INFO","message":"async dispatch: delivery handled","message_id":"inv_01m2rabbdhb9jhxhbdhc0y4gfb","sequence":41,"delivery_count":1,"outcome":"Completed { status: \"succeeded\" }","target":"tachyon_serverless_application::services::invoke_async::dispatch"}
{"timestamp":"2026-09-17T18:34:03.469501Z","level":"INFO","message":"object retention pass","report":"GcReport { examined: 3, collected_expired: 0, collected_orphans: 0, kept_in_use: 0, kept_referenced: 3, incomplete_removed: 0, tombstones_purged: 0, failed: 0 }","target":"tachyon_serverless_gateway"}
{"timestamp":"2026-09-17T18:34:04.782867Z","level":"INFO","message":"SIGTERM received","target":"tachyon_serverless_gateway"}
{"timestamp":"2026-09-17T18:34:04.782897Z","level":"INFO","message":"shutdown requested; cancelling in-flight invocations","target":"tachyon_serverless_gateway"}
{"timestamp":"2026-09-17T18:34:04.783145Z","level":"INFO","message":"final usage collection","report":"CollectReport { batches: 0, read: 0, inserted: 0, duplicates: 0, cursor_seq: 224 }","target":"tachyon_serverless_gateway"}
{"timestamp":"2026-09-17T18:34:04.784168Z","level":"INFO","message":"gateway stopped","target":"tachyon_serverless_gateway"}
{"timestamp":"2026-09-17T18:34:04.784255Z","level":"INFO","message":"event: closed","target":"async_nats"}
