
===== a start (failpoints: none) 11:02:08 =====
{"timestamp":"2026-09-17T11:02:08.862967Z","level":"INFO","message":"configuration loaded","config":"/private/var/folders/z7/khzdjrt95cg_fcmcnh4j1b5h0000gn/T/tsls-chaos.96Ungd/gw-a.toml","target":"tachyon_serverless_gateway"}
{"timestamp":"2026-09-17T11:02:08.865704Z","level":"INFO","message":"connected successfully","server":"61313","max_payload":"1048576","target":"async_nats::connector"}
{"timestamp":"2026-09-17T11:02:08.865895Z","level":"INFO","message":"event: connected","target":"async_nats"}
{"timestamp":"2026-09-17T11:02:08.881193Z","level":"INFO","message":"JetStream queue connected and stream bootstrapped","url":"nats://127.0.0.1:61313","stream":"TACHYON_EVENTS","target":"tachyon_serverless_gateway::durable"}
{"timestamp":"2026-09-17T11:02:08.894064Z","level":"INFO","message":"state store opened","path":"/private/var/folders/z7/khzdjrt95cg_fcmcnh4j1b5h0000gn/T/tsls-chaos.96Ungd/data/state.db","schema_version":8,"migrations_applied":"[1, 2, 3, 4, 5, 6, 7, 8]","imported_state_json":"None","settled_invocations":0,"settled_attempts":0,"settled_environments":0,"released_leases":0,"dropped_idempotency_keys":0,"purged_idempotency_keys":0,"outputs_purged":0,"target":"tachyon_serverless_application::app"}
{"timestamp":"2026-09-17T11:02:08.894542Z","level":"INFO","message":"dispatcher registered","dispatcher_id":"dsp_01m2qgfwqy7yy317tyt5svt4mf","instance":"chaos-a","pid":86807,"lease_ttl_seconds":6,"target":"tachyon_serverless_application::services::dispatcher"}
{"timestamp":"2026-09-17T11:02:08.899280Z","level":"INFO","message":"application bootstrapped","profile":"dev","provider":"process","dev_only":true,"environment_reuse":false,"reuse_verified":false,"reuse_reason":"[pool] enabled is false","reuse_disabled":"Some(Configuration)","idle_quiesce":"unsupported","idle_resume":"unsupported","data_dir":"/private/var/folders/z7/khzdjrt95cg_fcmcnh4j1b5h0000gn/T/tsls-chaos.96Ungd/data","store":"sqlite","dispatcher_id":"dsp_01m2qgfwqy7yy317tyt5svt4mf","node":"local","node_region":"none","node_memory_mib":"None","max_concurrency":8,"queue":"nats","objects":"filesystem","invoke_async":true,"triggers":true,"target":"tachyon_serverless_application::app"}
{"timestamp":"2026-09-17T11:02:08.899628Z","level":"INFO","message":"startup reconcile finished","provider":"process","found":0,"adopted":0,"terminated":0,"disowned":0,"failed":0,"lost":0,"foreign":0,"reclaimed_dispatchers":0,"fenced_terminated":0,"fenced_pending":0,"target":"tachyon_serverless_application::services::reconcile"}
{"timestamp":"2026-09-17T11:02:08.899747Z","level":"INFO","message":"gateway listening","addr":"127.0.0.1:61317","profile":"dev","provider":"process","target":"tachyon_serverless_gateway"}
{"timestamp":"2026-09-17T11:02:08.901911Z","level":"INFO","message":"asynchronous dispatcher started","workers":2,"owner":"dsp_01m2qgfwqy7yy317tyt5svt4mf","target":"tachyon_serverless_gateway"}
{"timestamp":"2026-09-17T11:02:10.171551Z","level":"INFO","message":"revision ready","revision_id":"rev_01m2qgfxp8985c7ra5frxbgq97","function_id":"fn_01m2qgfx190x0ab2baacnc6kej","target":"tachyon_serverless_application::services::revision"}
{"timestamp":"2026-09-17T11:02:11.210973Z","level":"INFO","message":"revision ready","revision_id":"rev_01m2qgfyq0m8phvvn089sz0n0h","function_id":"fn_01m2qgfy2fw3796ggy3wz62g11","target":"tachyon_serverless_application::services::revision"}
{"timestamp":"2026-09-17T11:02:12.271965Z","level":"INFO","message":"revision ready","revision_id":"rev_01m2qgfzr32eym18bqnbhj6m4z","function_id":"fn_01m2qgfz3dh7mgqv3y1cq32xyp","target":"tachyon_serverless_application::services::revision"}
{"timestamp":"2026-09-17T11:02:12.358228Z","level":"INFO","message":"trigger created","trigger_id":"trg_01m2qgg045863tn0d8s15qtv7v","function_id":"fn_01m2qgfy2fw3796ggy3wz62g11","kind":"cron","enabled":true,"next_fire_at":"Some(2026-09-17T11:02:14Z)","target":"tachyon_serverless_application::services::triggers"}
{"timestamp":"2026-09-17T11:02:12.379314Z","level":"INFO","message":"trigger created","trigger_id":"trg_01m2qgg04thwxjmmcf2nxjnrfa","function_id":"fn_01m2qgfy2fw3796ggy3wz62g11","kind":"webhook","enabled":true,"next_fire_at":"None","target":"tachyon_serverless_application::services::triggers"}
{"timestamp":"2026-09-17T11:02:12.715717Z","level":"INFO","message":"bridge spawned","environment_id":"env_01m2qgg063jatpe25cn5zxe5jc","pid":87128,"target":"tachyon_serverless_provider_process"}
{"timestamp":"2026-09-17T11:02:14.004187Z","level":"INFO","message":"asynchronous invocation accepted","invocation_id":"inv_01m2qgg1qk5evq1xt6tdzv9s7k","tenant_id":"tn_01hzzzzzzzzzzzzzzzzzzzzzza","revision_id":"rev_01m2qgfyq0m8phvvn089sz0n0h","input_bytes":180,"input_storage":"inline","target":"tachyon_serverless_application::services::invoke_async"}
{"timestamp":"2026-09-17T11:02:14.004240Z","level":"INFO","message":"cron trigger fired","trigger_id":"trg_01m2qgg045863tn0d8s15qtv7v","scheduled_at":"2026-09-17T11:02:14Z","invocation_id":"inv_01m2qgg1qk5evq1xt6tdzv9s7k","revision_id":"rev_01m2qgfyq0m8phvvn089sz0n0h","replayed":false,"target":"tachyon_serverless_application::services::triggers"}
{"timestamp":"2026-09-17T11:02:14.013730Z","level":"INFO","message":"asynchronous run claimed","invocation_id":"inv_01m2qgg1qk5evq1xt6tdzv9s7k","attempt":1,"generation":0,"delivery_count":1,"target":"tachyon_serverless_application::services::invoke_async::dispatch"}
{"timestamp":"2026-09-17T11:02:14.269549Z","level":"INFO","message":"bridge spawned","environment_id":"env_01m2qgg1qyw3zw4mt587vjtpbx","pid":87134,"target":"tachyon_serverless_provider_process"}
{"timestamp":"2026-09-17T11:02:15.313208Z","level":"INFO","message":"invocation finished","invocation_id":"inv_01m2qgg062xx5tyfw8nv0mhntx","status":"succeeded","handler_ms":1,"environment_boot_ms":7,"runtime_init_ms":2587,"target":"tachyon_serverless_application::services::invoke"}
{"timestamp":"2026-09-17T11:02:15.313796Z","level":"INFO","message":"invocation finished","invocation_id":"inv_01m2qgg1qk5evq1xt6tdzv9s7k","status":"succeeded (async run)","handler_ms":0,"environment_boot_ms":6,"runtime_init_ms":1033,"target":"tachyon_serverless_application::services::invoke"}
{"timestamp":"2026-09-17T11:02:15.315040Z","level":"INFO","message":"terminating bridge","environment_id":"env_01m2qgg1qyw3zw4mt587vjtpbx","pid":87134,"reason":"Completed","graceful":true,"target":"tachyon_serverless_provider_process"}
{"timestamp":"2026-09-17T11:02:15.315099Z","level":"INFO","message":"terminating bridge","environment_id":"env_01m2qgg063jatpe25cn5zxe5jc","pid":87128,"reason":"Completed","graceful":true,"target":"tachyon_serverless_provider_process"}
{"timestamp":"2026-09-17T11:02:15.319581Z","level":"INFO","message":"asynchronous invocation settled","invocation_id":"inv_01m2qgg1qk5evq1xt6tdzv9s7k","status":"succeeded","target":"tachyon_serverless_application::services::invoke_async::dispatch"}
{"timestamp":"2026-09-17T11:02:15.326073Z","level":"INFO","message":"async dispatch: delivery handled","message_id":"inv_01m2qgg1qk5evq1xt6tdzv9s7k","sequence":1,"delivery_count":1,"outcome":"Completed { status: \"succeeded\" }","target":"tachyon_serverless_application::services::invoke_async::dispatch"}
{"timestamp":"2026-09-17T11:02:15.399417Z","level":"INFO","message":"asynchronous invocation accepted","invocation_id":"inv_01m2qgg3369mzcvm6skc5svfrt","tenant_id":"tn_01hzzzzzzzzzzzzzzzzzzzzzza","revision_id":"rev_01m2qgfxp8985c7ra5frxbgq97","input_bytes":47,"input_storage":"inline","target":"tachyon_serverless_application::services::invoke_async"}
{"timestamp":"2026-09-17T11:02:15.410102Z","level":"INFO","message":"asynchronous run claimed","invocation_id":"inv_01m2qgg3369mzcvm6skc5svfrt","attempt":1,"generation":0,"delivery_count":1,"target":"tachyon_serverless_application::services::invoke_async::dispatch"}
{"timestamp":"2026-09-17T11:02:15.503814Z","level":"INFO","message":"asynchronous invocation accepted","invocation_id":"inv_01m2qgg35zqxtatgvv0rt2nye2","tenant_id":"tn_01hzzzzzzzzzzzzzzzzzzzzzza","revision_id":"rev_01m2qgfxp8985c7ra5frxbgq97","input_bytes":4127,"input_storage":"object","target":"tachyon_serverless_application::services::invoke_async"}
{"timestamp":"2026-09-17T11:02:15.510111Z","level":"INFO","message":"asynchronous run claimed","invocation_id":"inv_01m2qgg35zqxtatgvv0rt2nye2","attempt":1,"generation":0,"delivery_count":1,"target":"tachyon_serverless_application::services::invoke_async::dispatch"}
{"timestamp":"2026-09-17T11:02:15.558375Z","level":"INFO","message":"asynchronous invocation accepted","invocation_id":"inv_01m2qgg385mz50b91swxx2trwm","tenant_id":"tn_01hzzzzzzzzzzzzzzzzzzzzzza","revision_id":"rev_01m2qgfyq0m8phvvn089sz0n0h","input_bytes":189,"input_storage":"inline","target":"tachyon_serverless_application::services::invoke_async"}
{"timestamp":"2026-09-17T11:02:15.558442Z","level":"INFO","message":"webhook trigger fired","trigger_id":"trg_01m2qgg04thwxjmmcf2nxjnrfa","event_id":"evt-pre-w1","invocation_id":"inv_01m2qgg385mz50b91swxx2trwm","revision_id":"rev_01m2qgfyq0m8phvvn089sz0n0h","replayed":false,"target":"tachyon_serverless_application::services::triggers"}
{"timestamp":"2026-09-17T11:02:15.711824Z","level":"INFO","message":"bridge spawned","environment_id":"env_01m2qgg33jamn36spw4a7ees3b","pid":87208,"target":"tachyon_serverless_provider_process"}
{"timestamp":"2026-09-17T11:02:15.826466Z","level":"INFO","message":"bridge spawned","environment_id":"env_01m2qgg36rn53y3b9pb4vz8h7x","pid":87210,"target":"tachyon_serverless_provider_process"}
{"timestamp":"2026-09-17T11:02:15.896770Z","level":"INFO","message":"bridge spawned","environment_id":"env_01m2qgg398h34p22vrcq0j29nr","pid":87212,"target":"tachyon_serverless_provider_process"}
{"timestamp":"2026-09-17T11:02:15.925545Z","level":"INFO","message":"invocation finished","invocation_id":"inv_01m2qgg397nkhm02cb5vjsvtvm","status":"succeeded","handler_ms":0,"environment_boot_ms":6,"runtime_init_ms":18,"target":"tachyon_serverless_application::services::invoke"}
{"timestamp":"2026-09-17T11:02:15.927358Z","level":"INFO","message":"terminating bridge","environment_id":"env_01m2qgg398h34p22vrcq0j29nr","pid":87212,"reason":"Completed","graceful":true,"target":"tachyon_serverless_provider_process"}
{"timestamp":"2026-09-17T11:02:16.005207Z","level":"INFO","message":"asynchronous invocation accepted","invocation_id":"inv_01m2qgg3p4tpfvqvh0vgw07arn","tenant_id":"tn_01hzzzzzzzzzzzzzzzzzzzzzza","revision_id":"rev_01m2qgfyq0m8phvvn089sz0n0h","input_bytes":180,"input_storage":"inline","target":"tachyon_serverless_application::services::invoke_async"}
{"timestamp":"2026-09-17T11:02:16.005269Z","level":"INFO","message":"cron trigger fired","trigger_id":"trg_01m2qgg045863tn0d8s15qtv7v","scheduled_at":"2026-09-17T11:02:16Z","invocation_id":"inv_01m2qgg3p4tpfvqvh0vgw07arn","revision_id":"rev_01m2qgfyq0m8phvvn089sz0n0h","replayed":false,"target":"tachyon_serverless_application::services::triggers"}
{"timestamp":"2026-09-17T11:02:16.030512Z","level":"INFO","message":"asynchronous invocation accepted","invocation_id":"inv_01m2qgg3px39r7p785j7nhw4cd","tenant_id":"tn_01hzzzzzzzzzzzzzzzzzzzzzza","revision_id":"rev_01m2qgfxp8985c7ra5frxbgq97","input_bytes":47,"input_storage":"inline","target":"tachyon_serverless_application::services::invoke_async"}
{"timestamp":"2026-09-17T11:02:16.103052Z","level":"INFO","message":"invocation finished","invocation_id":"inv_01m2qgg3369mzcvm6skc5svfrt","status":"succeeded (async run)","handler_ms":1,"environment_boot_ms":7,"runtime_init_ms":378,"target":"tachyon_serverless_application::services::invoke"}
{"timestamp":"2026-09-17T11:02:16.103743Z","level":"INFO","message":"invocation finished","invocation_id":"inv_01m2qgg35zqxtatgvv0rt2nye2","status":"succeeded (async run)","handler_ms":3,"environment_boot_ms":6,"runtime_init_ms":263,"target":"tachyon_serverless_application::services::invoke"}
{"timestamp":"2026-09-17T11:02:16.105151Z","level":"INFO","message":"terminating bridge","environment_id":"env_01m2qgg33jamn36spw4a7ees3b","pid":87208,"reason":"Completed","graceful":true,"target":"tachyon_serverless_provider_process"}
{"timestamp":"2026-09-17T11:02:16.105163Z","level":"INFO","message":"terminating bridge","environment_id":"env_01m2qgg36rn53y3b9pb4vz8h7x","pid":87210,"reason":"Completed","graceful":true,"target":"tachyon_serverless_provider_process"}
{"timestamp":"2026-09-17T11:02:16.111925Z","level":"INFO","message":"asynchronous invocation settled","invocation_id":"inv_01m2qgg3369mzcvm6skc5svfrt","status":"succeeded","target":"tachyon_serverless_application::services::invoke_async::dispatch"}
{"timestamp":"2026-09-17T11:02:16.113076Z","level":"INFO","message":"asynchronous invocation settled","invocation_id":"inv_01m2qgg35zqxtatgvv0rt2nye2","status":"succeeded","target":"tachyon_serverless_application::services::invoke_async::dispatch"}
{"timestamp":"2026-09-17T11:02:16.117844Z","level":"INFO","message":"async dispatch: delivery handled","message_id":"inv_01m2qgg3369mzcvm6skc5svfrt","sequence":2,"delivery_count":1,"outcome":"Completed { status: \"succeeded\" }","target":"tachyon_serverless_application::services::invoke_async::dispatch"}
{"timestamp":"2026-09-17T11:02:16.125668Z","level":"INFO","message":"async dispatch: delivery handled","message_id":"inv_01m2qgg35zqxtatgvv0rt2nye2","sequence":3,"delivery_count":1,"outcome":"Completed { status: \"succeeded\" }","target":"tachyon_serverless_application::services::invoke_async::dispatch"}
{"timestamp":"2026-09-17T11:02:16.126288Z","level":"INFO","message":"asynchronous run claimed","invocation_id":"inv_01m2qgg385mz50b91swxx2trwm","attempt":1,"generation":0,"delivery_count":1,"target":"tachyon_serverless_application::services::invoke_async::dispatch"}
{"timestamp":"2026-09-17T11:02:16.126890Z","level":"INFO","message":"asynchronous run claimed","invocation_id":"inv_01m2qgg3p4tpfvqvh0vgw07arn","attempt":1,"generation":0,"delivery_count":1,"target":"tachyon_serverless_application::services::invoke_async::dispatch"}
{"timestamp":"2026-09-17T11:02:16.155799Z","level":"INFO","message":"asynchronous invocation accepted","invocation_id":"inv_01m2qgg3tam4kayc9qzkcncaxv","tenant_id":"tn_01hzzzzzzzzzzzzzzzzzzzzzza","revision_id":"rev_01m2qgfxp8985c7ra5frxbgq97","input_bytes":4127,"input_storage":"object","target":"tachyon_serverless_application::services::invoke_async"}
{"timestamp":"2026-09-17T11:02:16.223073Z","level":"INFO","message":"asynchronous invocation accepted","invocation_id":"inv_01m2qgg3wxr61r7j2y5vq917zh","tenant_id":"tn_01hzzzzzzzzzzzzzzzzzzzzzza","revision_id":"rev_01m2qgfyq0m8phvvn089sz0n0h","input_bytes":189,"input_storage":"inline","target":"tachyon_serverless_application::services::invoke_async"}
{"timestamp":"2026-09-17T11:02:16.223136Z","level":"INFO","message":"webhook trigger fired","trigger_id":"trg_01m2qgg04thwxjmmcf2nxjnrfa","event_id":"evt-pre-w2","invocation_id":"inv_01m2qgg3wxr61r7j2y5vq917zh","revision_id":"rev_01m2qgfyq0m8phvvn089sz0n0h","replayed":false,"target":"tachyon_serverless_application::services::triggers"}
{"timestamp":"2026-09-17T11:02:16.484915Z","level":"INFO","message":"bridge spawned","environment_id":"env_01m2qgg3sz8zxzd7xwgrme73dg","pid":87285,"target":"tachyon_serverless_provider_process"}
{"timestamp":"2026-09-17T11:02:16.485073Z","level":"INFO","message":"bridge spawned","environment_id":"env_01m2qgg3szcd6ez51xgnq6svef","pid":87286,"target":"tachyon_serverless_provider_process"}
{"timestamp":"2026-09-17T11:02:16.505990Z","level":"INFO","message":"invocation finished","invocation_id":"inv_01m2qgg3p4tpfvqvh0vgw07arn","status":"succeeded (async run)","handler_ms":1,"environment_boot_ms":8,"runtime_init_ms":10,"target":"tachyon_serverless_application::services::invoke"}
{"timestamp":"2026-09-17T11:02:16.507500Z","level":"INFO","message":"terminating bridge","environment_id":"env_01m2qgg3sz8zxzd7xwgrme73dg","pid":87285,"reason":"Completed","graceful":true,"target":"tachyon_serverless_provider_process"}
{"timestamp":"2026-09-17T11:02:16.508957Z","level":"INFO","message":"invocation finished","invocation_id":"inv_01m2qgg385mz50b91swxx2trwm","status":"succeeded (async run)","handler_ms":1,"environment_boot_ms":9,"runtime_init_ms":11,"target":"tachyon_serverless_application::services::invoke"}
{"timestamp":"2026-09-17T11:02:16.510023Z","level":"INFO","message":"terminating bridge","environment_id":"env_01m2qgg3szcd6ez51xgnq6svef","pid":87286,"reason":"Completed","graceful":true,"target":"tachyon_serverless_provider_process"}
{"timestamp":"2026-09-17T11:02:16.513332Z","level":"INFO","message":"asynchronous invocation settled","invocation_id":"inv_01m2qgg3p4tpfvqvh0vgw07arn","status":"succeeded","target":"tachyon_serverless_application::services::invoke_async::dispatch"}
{"timestamp":"2026-09-17T11:02:16.519075Z","level":"INFO","message":"async dispatch: delivery handled","message_id":"inv_01m2qgg3p4tpfvqvh0vgw07arn","sequence":5,"delivery_count":1,"outcome":"Completed { status: \"succeeded\" }","target":"tachyon_serverless_application::services::invoke_async::dispatch"}
{"timestamp":"2026-09-17T11:02:16.523904Z","level":"INFO","message":"asynchronous run claimed","invocation_id":"inv_01m2qgg3px39r7p785j7nhw4cd","attempt":1,"generation":0,"delivery_count":1,"target":"tachyon_serverless_application::services::invoke_async::dispatch"}
{"timestamp":"2026-09-17T11:02:16.524664Z","level":"INFO","message":"asynchronous invocation settled","invocation_id":"inv_01m2qgg385mz50b91swxx2trwm","status":"succeeded","target":"tachyon_serverless_application::services::invoke_async::dispatch"}
{"timestamp":"2026-09-17T11:02:16.532239Z","level":"INFO","message":"async dispatch: delivery handled","message_id":"inv_01m2qgg385mz50b91swxx2trwm","sequence":4,"delivery_count":1,"outcome":"Completed { status: \"succeeded\" }","target":"tachyon_serverless_application::services::invoke_async::dispatch"}
{"timestamp":"2026-09-17T11:02:16.533170Z","level":"INFO","message":"asynchronous run claimed","invocation_id":"inv_01m2qgg3tam4kayc9qzkcncaxv","attempt":1,"generation":0,"delivery_count":1,"target":"tachyon_serverless_application::services::invoke_async::dispatch"}
{"timestamp":"2026-09-17T11:02:16.900920Z","level":"INFO","message":"bridge spawned","environment_id":"env_01m2qgg46cekktqdtsk1rt06qz","pid":87289,"target":"tachyon_serverless_provider_process"}
{"timestamp":"2026-09-17T11:02:16.905531Z","level":"INFO","message":"bridge spawned","environment_id":"env_01m2qgg46rebs8ms8cg1mbj0sp","pid":87290,"target":"tachyon_serverless_provider_process"}
{"timestamp":"2026-09-17T11:02:16.934463Z","level":"INFO","message":"invocation finished","invocation_id":"inv_01m2qgg3tam4kayc9qzkcncaxv","status":"succeeded (async run)","handler_ms":3,"environment_boot_ms":11,"runtime_init_ms":13,"target":"tachyon_serverless_application::services::invoke"}
{"timestamp":"2026-09-17T11:02:16.935603Z","level":"INFO","message":"invocation finished","invocation_id":"inv_01m2qgg3px39r7p785j7nhw4cd","status":"succeeded (async run)","handler_ms":2,"environment_boot_ms":13,"runtime_init_ms":18,"target":"tachyon_serverless_application::services::invoke"}
{"timestamp":"2026-09-17T11:02:16.936276Z","level":"INFO","message":"terminating bridge","environment_id":"env_01m2qgg46rebs8ms8cg1mbj0sp","pid":87290,"reason":"Completed","graceful":true,"target":"tachyon_serverless_provider_process"}
{"timestamp":"2026-09-17T11:02:16.937758Z","level":"INFO","message":"terminating bridge","environment_id":"env_01m2qgg46cekktqdtsk1rt06qz","pid":87289,"reason":"Completed","graceful":true,"target":"tachyon_serverless_provider_process"}
{"timestamp":"2026-09-17T11:02:16.943537Z","level":"INFO","message":"asynchronous invocation settled","invocation_id":"inv_01m2qgg3tam4kayc9qzkcncaxv","status":"succeeded","target":"tachyon_serverless_application::services::invoke_async::dispatch"}
{"timestamp":"2026-09-17T11:02:16.944578Z","level":"INFO","message":"asynchronous invocation settled","invocation_id":"inv_01m2qgg3px39r7p785j7nhw4cd","status":"succeeded","target":"tachyon_serverless_application::services::invoke_async::dispatch"}
{"timestamp":"2026-09-17T11:02:16.949289Z","level":"INFO","message":"async dispatch: delivery handled","message_id":"inv_01m2qgg3tam4kayc9qzkcncaxv","sequence":7,"delivery_count":1,"outcome":"Completed { status: \"succeeded\" }","target":"tachyon_serverless_application::services::invoke_async::dispatch"}
{"timestamp":"2026-09-17T11:02:16.958463Z","level":"INFO","message":"async dispatch: delivery handled","message_id":"inv_01m2qgg3px39r7p785j7nhw4cd","sequence":6,"delivery_count":1,"outcome":"Completed { status: \"succeeded\" }","target":"tachyon_serverless_application::services::invoke_async::dispatch"}
{"timestamp":"2026-09-17T11:02:16.959282Z","level":"INFO","message":"asynchronous run claimed","invocation_id":"inv_01m2qgg3wxr61r7j2y5vq917zh","attempt":1,"generation":0,"delivery_count":1,"target":"tachyon_serverless_application::services::invoke_async::dispatch"}
{"timestamp":"2026-09-17T11:02:17.315913Z","level":"INFO","message":"bridge spawned","environment_id":"env_01m2qgg4kzwzjrxq01b6ynyks9","pid":87293,"target":"tachyon_serverless_provider_process"}
{"timestamp":"2026-09-17T11:02:17.337683Z","level":"INFO","message":"invocation finished","invocation_id":"inv_01m2qgg3wxr61r7j2y5vq917zh","status":"succeeded (async run)","handler_ms":1,"environment_boot_ms":8,"runtime_init_ms":10,"target":"tachyon_serverless_application::services::invoke"}
{"timestamp":"2026-09-17T11:02:17.339687Z","level":"INFO","message":"terminating bridge","environment_id":"env_01m2qgg4kzwzjrxq01b6ynyks9","pid":87293,"reason":"Completed","graceful":true,"target":"tachyon_serverless_provider_process"}
{"timestamp":"2026-09-17T11:02:17.345161Z","level":"INFO","message":"asynchronous invocation settled","invocation_id":"inv_01m2qgg3wxr61r7j2y5vq917zh","status":"succeeded","target":"tachyon_serverless_application::services::invoke_async::dispatch"}
{"timestamp":"2026-09-17T11:02:17.351305Z","level":"INFO","message":"async dispatch: delivery handled","message_id":"inv_01m2qgg3wxr61r7j2y5vq917zh","sequence":8,"delivery_count":1,"outcome":"Completed { status: \"succeeded\" }","target":"tachyon_serverless_application::services::invoke_async::dispatch"}
{"timestamp":"2026-09-17T11:02:18.005097Z","level":"INFO","message":"asynchronous invocation accepted","invocation_id":"inv_01m2qgg5mmsh7axzhzfyrddmrx","tenant_id":"tn_01hzzzzzzzzzzzzzzzzzzzzzza","revision_id":"rev_01m2qgfyq0m8phvvn089sz0n0h","input_bytes":180,"input_storage":"inline","target":"tachyon_serverless_application::services::invoke_async"}
{"timestamp":"2026-09-17T11:02:18.005165Z","level":"INFO","message":"cron trigger fired","trigger_id":"trg_01m2qgg045863tn0d8s15qtv7v","scheduled_at":"2026-09-17T11:02:18Z","invocation_id":"inv_01m2qgg5mmsh7axzhzfyrddmrx","revision_id":"rev_01m2qgfyq0m8phvvn089sz0n0h","replayed":false,"target":"tachyon_serverless_application::services::triggers"}
{"timestamp":"2026-09-17T11:02:18.018583Z","level":"INFO","message":"asynchronous run claimed","invocation_id":"inv_01m2qgg5mmsh7axzhzfyrddmrx","attempt":1,"generation":0,"delivery_count":1,"target":"tachyon_serverless_application::services::invoke_async::dispatch"}
{"timestamp":"2026-09-17T11:02:18.333064Z","level":"INFO","message":"bridge spawned","environment_id":"env_01m2qgg5n33ax3ae0nj2z4tm7h","pid":87326,"target":"tachyon_serverless_provider_process"}
{"timestamp":"2026-09-17T11:02:18.353156Z","level":"INFO","message":"invocation finished","invocation_id":"inv_01m2qgg5mmsh7axzhzfyrddmrx","status":"succeeded (async run)","handler_ms":1,"environment_boot_ms":7,"runtime_init_ms":9,"target":"tachyon_serverless_application::services::invoke"}
{"timestamp":"2026-09-17T11:02:18.355094Z","level":"INFO","message":"terminating bridge","environment_id":"env_01m2qgg5n33ax3ae0nj2z4tm7h","pid":87326,"reason":"Completed","graceful":true,"target":"tachyon_serverless_provider_process"}
{"timestamp":"2026-09-17T11:02:18.360103Z","level":"INFO","message":"asynchronous invocation settled","invocation_id":"inv_01m2qgg5mmsh7axzhzfyrddmrx","status":"succeeded","target":"tachyon_serverless_application::services::invoke_async::dispatch"}
{"timestamp":"2026-09-17T11:02:18.367490Z","level":"INFO","message":"async dispatch: delivery handled","message_id":"inv_01m2qgg5mmsh7axzhzfyrddmrx","sequence":9,"delivery_count":1,"outcome":"Completed { status: \"succeeded\" }","target":"tachyon_serverless_application::services::invoke_async::dispatch"}
{"timestamp":"2026-09-17T11:02:23.864025Z","level":"WARN","message":"outbox: claiming failed","error":"store: database is locked","target":"tachyon_serverless_application::services::invoke_async::publisher"}
{"timestamp":"2026-09-17T11:02:28.866731Z","level":"WARN","message":"async reaper: listing candidates failed","error":"store: the store connection stayed busy for 5 s (database locked?)","target":"tachyon_serverless_application::services::invoke_async::dispatch"}
{"timestamp":"2026-09-17T11:02:28.866732Z","level":"WARN","message":"object gc: claim failed","object":"obj_01m2qgg360666be1yg5ghwpazq","error":"store: the store connection stayed busy for 5 s (database locked?)","target":"tachyon_serverless_application::durable::gc"}
{"timestamp":"2026-09-17T11:02:28.873106Z","level":"WARN","message":"dispatcher heartbeat failed","error":"store: the store connection stayed busy for 5 s (database locked?)","target":"tachyon_serverless_application::app"}
{"timestamp":"2026-09-17T11:02:29.176969Z","level":"WARN","message":"cannot take the trigger scheduler lease","error":"store: database is locked","target":"tachyon_serverless_application::services::triggers"}
{"timestamp":"2026-09-17T11:02:30.497151Z","level":"INFO","message":"object retention pass","report":"GcReport { examined: 2, collected_expired: 0, collected_orphans: 0, kept_in_use: 0, kept_referenced: 1, incomplete_removed: 0, tombstones_purged: 0, failed: 1 }","target":"tachyon_serverless_gateway"}
{"timestamp":"2026-09-17T11:02:30.498762Z","level":"INFO","message":"late scheduled times skipped by the missed-run policy","trigger_id":"trg_01m2qgg045863tn0d8s15qtv7v","skipped":5,"policy":"Skip","target":"tachyon_serverless_application::services::triggers"}
{"timestamp":"2026-09-17T11:02:30.501068Z","level":"INFO","message":"asynchronous invocation accepted","invocation_id":"inv_01m2qgghv3gkt9jqxtqe36w80k","tenant_id":"tn_01hzzzzzzzzzzzzzzzzzzzzzza","revision_id":"rev_01m2qgfyq0m8phvvn089sz0n0h","input_bytes":180,"input_storage":"inline","target":"tachyon_serverless_application::services::invoke_async"}
{"timestamp":"2026-09-17T11:02:30.501133Z","level":"INFO","message":"cron trigger fired","trigger_id":"trg_01m2qgg045863tn0d8s15qtv7v","scheduled_at":"2026-09-17T11:02:30Z","invocation_id":"inv_01m2qgghv3gkt9jqxtqe36w80k","revision_id":"rev_01m2qgfyq0m8phvvn089sz0n0h","replayed":false,"target":"tachyon_serverless_application::services::triggers"}
{"timestamp":"2026-09-17T11:02:30.508357Z","level":"INFO","message":"object retention pass","report":"GcReport { examined: 2, collected_expired: 0, collected_orphans: 0, kept_in_use: 0, kept_referenced: 2, incomplete_removed: 0, tombstones_purged: 0, failed: 0 }","target":"tachyon_serverless_gateway"}
{"timestamp":"2026-09-17T11:02:30.518454Z","level":"ERROR","message":"dispatcher lease lost: refusing new invocations; in-flight completions will be refused if another dispatcher reclaimed them","dispatcher_id":"dsp_01m2qgfwqy7yy317tyt5svt4mf","target":"tachyon_serverless_application::services::dispatcher"}
{"timestamp":"2026-09-17T11:02:30.520478Z","level":"INFO","message":"asynchronous invocation accepted","invocation_id":"inv_01m2qgghvp84m3trcvyvsrfdaa","tenant_id":"tn_01hzzzzzzzzzzzzzzzzzzzzzza","revision_id":"rev_01m2qgfxp8985c7ra5frxbgq97","input_bytes":49,"input_storage":"inline","target":"tachyon_serverless_application::services::invoke_async"}
{"timestamp":"2026-09-17T11:02:30.521772Z","level":"INFO","message":"asynchronous run claimed","invocation_id":"inv_01m2qgghv3gkt9jqxtqe36w80k","attempt":1,"generation":0,"delivery_count":1,"target":"tachyon_serverless_application::services::invoke_async::dispatch"}
{"timestamp":"2026-09-17T11:02:30.522884Z","level":"INFO","message":"asynchronous invocation rescheduled","invocation_id":"inv_01m2qgghv3gkt9jqxtqe36w80k","next_attempt_at":"2026-09-17T11:02:30.746067+00:00","counted":false,"error_type":"Host.DispatcherFenced","target":"tachyon_serverless_application::services::invoke_async::dispatch"}
{"timestamp":"2026-09-17T11:02:30.536840Z","level":"INFO","message":"async dispatch: delivery handled","message_id":"inv_01m2qgghv3gkt9jqxtqe36w80k","sequence":10,"delivery_count":1,"outcome":"Rescheduled { next_attempt_at: 2026-09-17T11:02:30.746067Z, counted: false }","target":"tachyon_serverless_application::services::invoke_async::dispatch"}
{"timestamp":"2026-09-17T11:02:30.536898Z","level":"INFO","message":"asynchronous run claimed","invocation_id":"inv_01m2qgghvp84m3trcvyvsrfdaa","attempt":1,"generation":0,"delivery_count":1,"target":"tachyon_serverless_application::services::invoke_async::dispatch"}
{"timestamp":"2026-09-17T11:02:30.539696Z","level":"INFO","message":"asynchronous invocation rescheduled","invocation_id":"inv_01m2qgghvp84m3trcvyvsrfdaa","next_attempt_at":"2026-09-17T11:02:30.638804+00:00","counted":false,"error_type":"Host.DispatcherFenced","target":"tachyon_serverless_application::services::invoke_async::dispatch"}
{"timestamp":"2026-09-17T11:02:30.546626Z","level":"INFO","message":"async dispatch: delivery handled","message_id":"inv_01m2qgghvp84m3trcvyvsrfdaa","sequence":11,"delivery_count":1,"outcome":"Rescheduled { next_attempt_at: 2026-09-17T11:02:30.638804Z, counted: false }","target":"tachyon_serverless_application::services::invoke_async::dispatch"}
{"timestamp":"2026-09-17T11:02:30.652041Z","level":"INFO","message":"asynchronous run claimed","invocation_id":"inv_01m2qgghvp84m3trcvyvsrfdaa","attempt":1,"generation":1,"delivery_count":1,"target":"tachyon_serverless_application::services::invoke_async::dispatch"}
{"timestamp":"2026-09-17T11:02:30.653235Z","level":"INFO","message":"asynchronous invocation rescheduled","invocation_id":"inv_01m2qgghvp84m3trcvyvsrfdaa","next_attempt_at":"2026-09-17T11:02:30.752367+00:00","counted":false,"error_type":"Host.DispatcherFenced","target":"tachyon_serverless_application::services::invoke_async::dispatch"}
{"timestamp":"2026-09-17T11:02:30.658769Z","level":"INFO","message":"async dispatch: delivery handled","message_id":"inv_01m2qgghvp84m3trcvyvsrfdaa.g1","sequence":12,"delivery_count":1,"outcome":"Rescheduled { next_attempt_at: 2026-09-17T11:02:30.752367Z, counted: false }","target":"tachyon_serverless_application::services::invoke_async::dispatch"}
{"timestamp":"2026-09-17T11:02:30.770277Z","level":"INFO","message":"asynchronous run claimed","invocation_id":"inv_01m2qgghv3gkt9jqxtqe36w80k","attempt":1,"generation":1,"delivery_count":1,"target":"tachyon_serverless_application::services::invoke_async::dispatch"}
{"timestamp":"2026-09-17T11:02:30.771644Z","level":"INFO","message":"asynchronous invocation rescheduled","invocation_id":"inv_01m2qgghv3gkt9jqxtqe36w80k","next_attempt_at":"2026-09-17T11:02:30.908793+00:00","counted":false,"error_type":"Host.DispatcherFenced","target":"tachyon_serverless_application::services::invoke_async::dispatch"}
{"timestamp":"2026-09-17T11:02:30.778324Z","level":"INFO","message":"asynchronous run claimed","invocation_id":"inv_01m2qgghvp84m3trcvyvsrfdaa","attempt":1,"generation":2,"delivery_count":1,"target":"tachyon_serverless_application::services::invoke_async::dispatch"}
{"timestamp":"2026-09-17T11:02:30.778686Z","level":"INFO","message":"async dispatch: delivery handled","message_id":"inv_01m2qgghv3gkt9jqxtqe36w80k.g1","sequence":13,"delivery_count":1,"outcome":"Rescheduled { next_attempt_at: 2026-09-17T11:02:30.908793Z, counted: false }","target":"tachyon_serverless_application::services::invoke_async::dispatch"}
{"timestamp":"2026-09-17T11:02:30.779985Z","level":"INFO","message":"asynchronous invocation rescheduled","invocation_id":"inv_01m2qgghvp84m3trcvyvsrfdaa","next_attempt_at":"2026-09-17T11:02:31.071126+00:00","counted":false,"error_type":"Host.DispatcherFenced","target":"tachyon_serverless_application::services::invoke_async::dispatch"}
{"timestamp":"2026-09-17T11:02:30.785948Z","level":"INFO","message":"async dispatch: delivery handled","message_id":"inv_01m2qgghvp84m3trcvyvsrfdaa.g2","sequence":14,"delivery_count":1,"outcome":"Rescheduled { next_attempt_at: 2026-09-17T11:02:31.071126Z, counted: false }","target":"tachyon_serverless_application::services::invoke_async::dispatch"}
{"timestamp":"2026-09-17T11:02:30.917935Z","level":"INFO","message":"object retention pass","report":"GcReport { examined: 2, collected_expired: 0, collected_orphans: 0, kept_in_use: 0, kept_referenced: 2, incomplete_removed: 0, tombstones_purged: 0, failed: 0 }","target":"tachyon_serverless_gateway"}
{"timestamp":"2026-09-17T11:02:30.990042Z","level":"INFO","message":"asynchronous run claimed","invocation_id":"inv_01m2qgghv3gkt9jqxtqe36w80k","attempt":1,"generation":2,"delivery_count":1,"target":"tachyon_serverless_application::services::invoke_async::dispatch"}
{"timestamp":"2026-09-17T11:02:30.991289Z","level":"INFO","message":"asynchronous invocation rescheduled","invocation_id":"inv_01m2qgghv3gkt9jqxtqe36w80k","next_attempt_at":"2026-09-17T11:02:31.090459+00:00","counted":false,"error_type":"Host.DispatcherFenced","target":"tachyon_serverless_application::services::invoke_async::dispatch"}
{"timestamp":"2026-09-17T11:02:30.996594Z","level":"INFO","message":"async dispatch: delivery handled","message_id":"inv_01m2qgghv3gkt9jqxtqe36w80k.g2","sequence":15,"delivery_count":1,"outcome":"Rescheduled { next_attempt_at: 2026-09-17T11:02:31.090459Z, counted: false }","target":"tachyon_serverless_application::services::invoke_async::dispatch"}
{"timestamp":"2026-09-17T11:02:31.101526Z","level":"INFO","message":"asynchronous run claimed","invocation_id":"inv_01m2qgghvp84m3trcvyvsrfdaa","attempt":1,"generation":3,"delivery_count":1,"target":"tachyon_serverless_application::services::invoke_async::dispatch"}
{"timestamp":"2026-09-17T11:02:31.102951Z","level":"INFO","message":"asynchronous invocation rescheduled","invocation_id":"inv_01m2qgghvp84m3trcvyvsrfdaa","next_attempt_at":"2026-09-17T11:02:32.012173+00:00","counted":false,"error_type":"Host.DispatcherFenced","target":"tachyon_serverless_application::services::invoke_async::dispatch"}
{"timestamp":"2026-09-17T11:02:31.116580Z","level":"INFO","message":"async dispatch: delivery handled","message_id":"inv_01m2qgghvp84m3trcvyvsrfdaa.g3","sequence":16,"delivery_count":1,"outcome":"Rescheduled { next_attempt_at: 2026-09-17T11:02:32.012173Z, counted: false }","target":"tachyon_serverless_application::services::invoke_async::dispatch"}
{"timestamp":"2026-09-17T11:02:31.117746Z","level":"INFO","message":"outbox: re-published events the broker already had, or whose claim moved on","duplicates":0,"lost_claims":1,"marked":1,"target":"tachyon_serverless_application::services::invoke_async::publisher"}
{"timestamp":"2026-09-17T11:02:31.126104Z","level":"INFO","message":"asynchronous run claimed","invocation_id":"inv_01m2qgghv3gkt9jqxtqe36w80k","attempt":1,"generation":3,"delivery_count":1,"target":"tachyon_serverless_application::services::invoke_async::dispatch"}
{"timestamp":"2026-09-17T11:02:31.127295Z","level":"INFO","message":"asynchronous invocation rescheduled","invocation_id":"inv_01m2qgghv3gkt9jqxtqe36w80k","next_attempt_at":"2026-09-17T11:02:31.352433+00:00","counted":false,"error_type":"Host.DispatcherFenced","target":"tachyon_serverless_application::services::invoke_async::dispatch"}
{"timestamp":"2026-09-17T11:02:31.132777Z","level":"INFO","message":"async dispatch: delivery handled","message_id":"inv_01m2qgghv3gkt9jqxtqe36w80k.g3","sequence":17,"delivery_count":1,"outcome":"Rescheduled { next_attempt_at: 2026-09-17T11:02:31.352433Z, counted: false }","target":"tachyon_serverless_application::services::invoke_async::dispatch"}
{"timestamp":"2026-09-17T11:02:31.449339Z","level":"INFO","message":"asynchronous run claimed","invocation_id":"inv_01m2qgghv3gkt9jqxtqe36w80k","attempt":1,"generation":4,"delivery_count":1,"target":"tachyon_serverless_application::services::invoke_async::dispatch"}
{"timestamp":"2026-09-17T11:02:31.450626Z","level":"INFO","message":"asynchronous invocation rescheduled","invocation_id":"inv_01m2qgghv3gkt9jqxtqe36w80k","next_attempt_at":"2026-09-17T11:02:32.058730+00:00","counted":false,"error_type":"Host.DispatcherFenced","target":"tachyon_serverless_application::services::invoke_async::dispatch"}
{"timestamp":"2026-09-17T11:02:31.455563Z","level":"INFO","message":"async dispatch: delivery handled","message_id":"inv_01m2qgghv3gkt9jqxtqe36w80k.g4","sequence":18,"delivery_count":1,"outcome":"Rescheduled { next_attempt_at: 2026-09-17T11:02:32.058730Z, counted: false }","target":"tachyon_serverless_application::services::invoke_async::dispatch"}
{"timestamp":"2026-09-17T11:02:32.079818Z","level":"INFO","message":"asynchronous run claimed","invocation_id":"inv_01m2qgghvp84m3trcvyvsrfdaa","attempt":1,"generation":4,"delivery_count":1,"target":"tachyon_serverless_application::services::invoke_async::dispatch"}
{"timestamp":"2026-09-17T11:02:32.085502Z","level":"INFO","message":"asynchronous invocation rescheduled","invocation_id":"inv_01m2qgghvp84m3trcvyvsrfdaa","next_attempt_at":"2026-09-17T11:02:32.385238+00:00","counted":false,"error_type":"Host.DispatcherFenced","target":"tachyon_serverless_application::services::invoke_async::dispatch"}
{"timestamp":"2026-09-17T11:02:32.091480Z","level":"INFO","message":"asynchronous run claimed","invocation_id":"inv_01m2qgghv3gkt9jqxtqe36w80k","attempt":1,"generation":5,"delivery_count":1,"target":"tachyon_serverless_application::services::invoke_async::dispatch"}
{"timestamp":"2026-09-17T11:02:32.091648Z","level":"INFO","message":"async dispatch: delivery handled","message_id":"inv_01m2qgghvp84m3trcvyvsrfdaa.g4","sequence":19,"delivery_count":1,"outcome":"Rescheduled { next_attempt_at: 2026-09-17T11:02:32.385238Z, counted: false }","target":"tachyon_serverless_application::services::invoke_async::dispatch"}
{"timestamp":"2026-09-17T11:02:32.092798Z","level":"INFO","message":"asynchronous invocation rescheduled","invocation_id":"inv_01m2qgghv3gkt9jqxtqe36w80k","next_attempt_at":"2026-09-17T11:02:33.061769+00:00","counted":false,"error_type":"Host.DispatcherFenced","target":"tachyon_serverless_application::services::invoke_async::dispatch"}
{"timestamp":"2026-09-17T11:02:32.097904Z","level":"INFO","message":"async dispatch: delivery handled","message_id":"inv_01m2qgghv3gkt9jqxtqe36w80k.g5","sequence":20,"delivery_count":1,"outcome":"Rescheduled { next_attempt_at: 2026-09-17T11:02:33.061769Z, counted: false }","target":"tachyon_serverless_application::services::invoke_async::dispatch"}
{"timestamp":"2026-09-17T11:02:32.408718Z","level":"INFO","message":"asynchronous run claimed","invocation_id":"inv_01m2qgghvp84m3trcvyvsrfdaa","attempt":1,"generation":5,"delivery_count":1,"target":"tachyon_serverless_application::services::invoke_async::dispatch"}
{"timestamp":"2026-09-17T11:02:32.409868Z","level":"INFO","message":"asynchronous invocation rescheduled","invocation_id":"inv_01m2qgghvp84m3trcvyvsrfdaa","next_attempt_at":"2026-09-17T11:02:32.913105+00:00","counted":false,"error_type":"Host.DispatcherFenced","target":"tachyon_serverless_application::services::invoke_async::dispatch"}
{"timestamp":"2026-09-17T11:02:32.414815Z","level":"INFO","message":"async dispatch: delivery handled","message_id":"inv_01m2qgghvp84m3trcvyvsrfdaa.g5","sequence":21,"delivery_count":1,"outcome":"Rescheduled { next_attempt_at: 2026-09-17T11:02:32.913105Z, counted: false }","target":"tachyon_serverless_application::services::invoke_async::dispatch"}
{"timestamp":"2026-09-17T11:02:32.904988Z","level":"INFO","message":"object retention pass","report":"GcReport { examined: 2, collected_expired: 0, collected_orphans: 0, kept_in_use: 0, kept_referenced: 2, incomplete_removed: 0, tombstones_purged: 0, failed: 0 }","target":"tachyon_serverless_gateway"}
{"timestamp":"2026-09-17T11:02:32.928544Z","level":"INFO","message":"asynchronous run claimed","invocation_id":"inv_01m2qgghvp84m3trcvyvsrfdaa","attempt":1,"generation":6,"delivery_count":1,"target":"tachyon_serverless_application::services::invoke_async::dispatch"}
{"timestamp":"2026-09-17T11:02:32.929788Z","level":"INFO","message":"asynchronous invocation rescheduled","invocation_id":"inv_01m2qgghvp84m3trcvyvsrfdaa","next_attempt_at":"2026-09-17T11:02:33.619890+00:00","counted":false,"error_type":"Host.DispatcherFenced","target":"tachyon_serverless_application::services::invoke_async::dispatch"}
{"timestamp":"2026-09-17T11:02:32.934739Z","level":"INFO","message":"async dispatch: delivery handled","message_id":"inv_01m2qgghvp84m3trcvyvsrfdaa.g6","sequence":22,"delivery_count":1,"outcome":"Rescheduled { next_attempt_at: 2026-09-17T11:02:33.619890Z, counted: false }","target":"tachyon_serverless_application::services::invoke_async::dispatch"}
{"timestamp":"2026-09-17T11:02:33.145378Z","level":"INFO","message":"asynchronous run claimed","invocation_id":"inv_01m2qgghv3gkt9jqxtqe36w80k","attempt":1,"generation":6,"delivery_count":1,"target":"tachyon_serverless_application::services::invoke_async::dispatch"}
{"timestamp":"2026-09-17T11:02:33.146448Z","level":"INFO","message":"asynchronous invocation rescheduled","invocation_id":"inv_01m2qgghv3gkt9jqxtqe36w80k","next_attempt_at":"2026-09-17T11:02:33.883732+00:00","counted":false,"error_type":"Host.DispatcherFenced","target":"tachyon_serverless_application::services::invoke_async::dispatch"}
{"timestamp":"2026-09-17T11:02:33.150694Z","level":"INFO","message":"async dispatch: delivery handled","message_id":"inv_01m2qgghv3gkt9jqxtqe36w80k.g6","sequence":23,"delivery_count":1,"outcome":"Rescheduled { next_attempt_at: 2026-09-17T11:02:33.883732Z, counted: false }","target":"tachyon_serverless_application::services::invoke_async::dispatch"}
{"timestamp":"2026-09-17T11:02:33.658408Z","level":"INFO","message":"asynchronous run claimed","invocation_id":"inv_01m2qgghvp84m3trcvyvsrfdaa","attempt":1,"generation":7,"delivery_count":1,"target":"tachyon_serverless_application::services::invoke_async::dispatch"}
{"timestamp":"2026-09-17T11:02:33.665857Z","level":"INFO","message":"asynchronous invocation rescheduled","invocation_id":"inv_01m2qgghvp84m3trcvyvsrfdaa","next_attempt_at":"2026-09-17T11:02:34.127836+00:00","counted":false,"error_type":"Host.DispatcherFenced","target":"tachyon_serverless_application::services::invoke_async::dispatch"}
{"timestamp":"2026-09-17T11:02:33.670791Z","level":"INFO","message":"async dispatch: delivery handled","message_id":"inv_01m2qgghvp84m3trcvyvsrfdaa.g7","sequence":24,"delivery_count":1,"outcome":"Rescheduled { next_attempt_at: 2026-09-17T11:02:34.127836Z, counted: false }","target":"tachyon_serverless_application::services::invoke_async::dispatch"}
{"timestamp":"2026-09-17T11:02:33.976917Z","level":"INFO","message":"asynchronous run claimed","invocation_id":"inv_01m2qgghv3gkt9jqxtqe36w80k","attempt":1,"generation":7,"delivery_count":1,"target":"tachyon_serverless_application::services::invoke_async::dispatch"}
{"timestamp":"2026-09-17T11:02:33.985085Z","level":"INFO","message":"asynchronous invocation rescheduled","invocation_id":"inv_01m2qgghv3gkt9jqxtqe36w80k","next_attempt_at":"2026-09-17T11:02:34.179137+00:00","counted":false,"error_type":"Host.DispatcherFenced","target":"tachyon_serverless_application::services::invoke_async::dispatch"}
{"timestamp":"2026-09-17T11:02:33.990093Z","level":"INFO","message":"async dispatch: delivery handled","message_id":"inv_01m2qgghv3gkt9jqxtqe36w80k.g7","sequence":25,"delivery_count":1,"outcome":"Rescheduled { next_attempt_at: 2026-09-17T11:02:34.179137Z, counted: false }","target":"tachyon_serverless_application::services::invoke_async::dispatch"}
{"timestamp":"2026-09-17T11:02:34.200727Z","level":"INFO","message":"asynchronous run claimed","invocation_id":"inv_01m2qgghvp84m3trcvyvsrfdaa","attempt":1,"generation":8,"delivery_count":1,"target":"tachyon_serverless_application::services::invoke_async::dispatch"}
{"timestamp":"2026-09-17T11:02:34.207505Z","level":"INFO","message":"asynchronous run claimed","invocation_id":"inv_01m2qgghv3gkt9jqxtqe36w80k","attempt":1,"generation":8,"delivery_count":1,"target":"tachyon_serverless_application::services::invoke_async::dispatch"}
{"timestamp":"2026-09-17T11:02:34.208112Z","level":"INFO","message":"asynchronous invocation rescheduled","invocation_id":"inv_01m2qgghvp84m3trcvyvsrfdaa","next_attempt_at":"2026-09-17T11:02:34.769035+00:00","counted":false,"error_type":"Host.DispatcherFenced","target":"tachyon_serverless_application::services::invoke_async::dispatch"}
{"timestamp":"2026-09-17T11:02:34.214412Z","level":"INFO","message":"asynchronous invocation rescheduled","invocation_id":"inv_01m2qgghv3gkt9jqxtqe36w80k","next_attempt_at":"2026-09-17T11:02:34.627309+00:00","counted":false,"error_type":"Host.DispatcherFenced","target":"tachyon_serverless_application::services::invoke_async::dispatch"}
{"timestamp":"2026-09-17T11:02:34.214541Z","level":"INFO","message":"async dispatch: delivery handled","message_id":"inv_01m2qgghvp84m3trcvyvsrfdaa.g8","sequence":26,"delivery_count":1,"outcome":"Rescheduled { next_attempt_at: 2026-09-17T11:02:34.769035Z, counted: false }","target":"tachyon_serverless_application::services::invoke_async::dispatch"}
{"timestamp":"2026-09-17T11:02:34.218657Z","level":"INFO","message":"async dispatch: delivery handled","message_id":"inv_01m2qgghv3gkt9jqxtqe36w80k.g8","sequence":27,"delivery_count":1,"outcome":"Rescheduled { next_attempt_at: 2026-09-17T11:02:34.627309Z, counted: false }","target":"tachyon_serverless_application::services::invoke_async::dispatch"}
{"timestamp":"2026-09-17T11:02:34.733244Z","level":"INFO","message":"asynchronous run claimed","invocation_id":"inv_01m2qgghv3gkt9jqxtqe36w80k","attempt":1,"generation":9,"delivery_count":1,"target":"tachyon_serverless_application::services::invoke_async::dispatch"}
{"timestamp":"2026-09-17T11:02:34.734575Z","level":"INFO","message":"asynchronous invocation rescheduled","invocation_id":"inv_01m2qgghv3gkt9jqxtqe36w80k","next_attempt_at":"2026-09-17T11:02:35.377526+00:00","counted":false,"error_type":"Host.DispatcherFenced","target":"tachyon_serverless_application::services::invoke_async::dispatch"}
{"timestamp":"2026-09-17T11:02:34.739636Z","level":"INFO","message":"async dispatch: delivery handled","message_id":"inv_01m2qgghv3gkt9jqxtqe36w80k.g9","sequence":28,"delivery_count":1,"outcome":"Rescheduled { next_attempt_at: 2026-09-17T11:02:35.377526Z, counted: false }","target":"tachyon_serverless_application::services::invoke_async::dispatch"}
{"timestamp":"2026-09-17T11:02:34.845990Z","level":"INFO","message":"asynchronous run claimed","invocation_id":"inv_01m2qgghvp84m3trcvyvsrfdaa","attempt":1,"generation":9,"delivery_count":1,"target":"tachyon_serverless_application::services::invoke_async::dispatch"}
{"timestamp":"2026-09-17T11:02:34.846977Z","level":"INFO","message":"asynchronous invocation rescheduled","invocation_id":"inv_01m2qgghvp84m3trcvyvsrfdaa","next_attempt_at":"2026-09-17T11:02:35.219289+00:00","counted":false,"error_type":"Host.DispatcherFenced","target":"tachyon_serverless_application::services::invoke_async::dispatch"}
{"timestamp":"2026-09-17T11:02:34.851583Z","level":"INFO","message":"async dispatch: delivery handled","message_id":"inv_01m2qgghvp84m3trcvyvsrfdaa.g9","sequence":29,"delivery_count":1,"outcome":"Rescheduled { next_attempt_at: 2026-09-17T11:02:35.219289Z, counted: false }","target":"tachyon_serverless_application::services::invoke_async::dispatch"}
{"timestamp":"2026-09-17T11:02:34.904676Z","level":"INFO","message":"object retention pass","report":"GcReport { examined: 2, collected_expired: 0, collected_orphans: 0, kept_in_use: 0, kept_referenced: 2, incomplete_removed: 0, tombstones_purged: 0, failed: 0 }","target":"tachyon_serverless_gateway"}
{"timestamp":"2026-09-17T11:02:35.263482Z","level":"INFO","message":"asynchronous run claimed","invocation_id":"inv_01m2qgghvp84m3trcvyvsrfdaa","attempt":1,"generation":10,"delivery_count":1,"target":"tachyon_serverless_application::services::invoke_async::dispatch"}
{"timestamp":"2026-09-17T11:02:35.265098Z","level":"INFO","message":"asynchronous invocation rescheduled","invocation_id":"inv_01m2qgghvp84m3trcvyvsrfdaa","next_attempt_at":"2026-09-17T11:02:35.641902+00:00","counted":false,"error_type":"Host.DispatcherFenced","target":"tachyon_serverless_application::services::invoke_async::dispatch"}
{"timestamp":"2026-09-17T11:02:35.269812Z","level":"INFO","message":"async dispatch: delivery handled","message_id":"inv_01m2qgghvp84m3trcvyvsrfdaa.g10","sequence":30,"delivery_count":1,"outcome":"Rescheduled { next_attempt_at: 2026-09-17T11:02:35.641902Z, counted: false }","target":"tachyon_serverless_application::services::invoke_async::dispatch"}
{"timestamp":"2026-09-17T11:02:35.489968Z","level":"INFO","message":"asynchronous run claimed","invocation_id":"inv_01m2qgghv3gkt9jqxtqe36w80k","attempt":1,"generation":10,"delivery_count":1,"target":"tachyon_serverless_application::services::invoke_async::dispatch"}
{"timestamp":"2026-09-17T11:02:35.495382Z","level":"INFO","message":"asynchronous invocation rescheduled","invocation_id":"inv_01m2qgghv3gkt9jqxtqe36w80k","next_attempt_at":"2026-09-17T11:02:36.269251+00:00","counted":false,"error_type":"Host.DispatcherFenced","target":"tachyon_serverless_application::services::invoke_async::dispatch"}
{"timestamp":"2026-09-17T11:02:35.500878Z","level":"INFO","message":"outbox: re-published events the broker already had, or whose claim moved on","duplicates":0,"lost_claims":1,"marked":0,"target":"tachyon_serverless_application::services::invoke_async::publisher"}
{"timestamp":"2026-09-17T11:02:35.511321Z","level":"INFO","message":"async dispatch: delivery handled","message_id":"inv_01m2qgghv3gkt9jqxtqe36w80k.g10","sequence":31,"delivery_count":1,"outcome":"Rescheduled { next_attempt_at: 2026-09-17T11:02:36.269251Z, counted: false }","target":"tachyon_serverless_application::services::invoke_async::dispatch"}
{"timestamp":"2026-09-17T11:02:35.719722Z","level":"INFO","message":"asynchronous run claimed","invocation_id":"inv_01m2qgghvp84m3trcvyvsrfdaa","attempt":1,"generation":11,"delivery_count":1,"target":"tachyon_serverless_application::services::invoke_async::dispatch"}
{"timestamp":"2026-09-17T11:02:35.722064Z","level":"INFO","message":"asynchronous invocation rescheduled","invocation_id":"inv_01m2qgghvp84m3trcvyvsrfdaa","next_attempt_at":"2026-09-17T11:02:36.148141+00:00","counted":false,"error_type":"Host.DispatcherFenced","target":"tachyon_serverless_application::services::invoke_async::dispatch"}
{"timestamp":"2026-09-17T11:02:35.727132Z","level":"INFO","message":"async dispatch: delivery handled","message_id":"inv_01m2qgghvp84m3trcvyvsrfdaa.g11","sequence":32,"delivery_count":1,"outcome":"Rescheduled { next_attempt_at: 2026-09-17T11:02:36.148141Z, counted: false }","target":"tachyon_serverless_application::services::invoke_async::dispatch"}
{"timestamp":"2026-09-17T11:02:36.243335Z","level":"INFO","message":"asynchronous run claimed","invocation_id":"inv_01m2qgghvp84m3trcvyvsrfdaa","attempt":1,"generation":12,"delivery_count":1,"target":"tachyon_serverless_application::services::invoke_async::dispatch"}
{"timestamp":"2026-09-17T11:02:36.244394Z","level":"INFO","message":"asynchronous invocation rescheduled","invocation_id":"inv_01m2qgghvp84m3trcvyvsrfdaa","next_attempt_at":"2026-09-17T11:02:36.870699+00:00","counted":false,"error_type":"Host.DispatcherFenced","target":"tachyon_serverless_application::services::invoke_async::dispatch"}
{"timestamp":"2026-09-17T11:02:36.248679Z","level":"INFO","message":"async dispatch: delivery handled","message_id":"inv_01m2qgghvp84m3trcvyvsrfdaa.g12","sequence":33,"delivery_count":1,"outcome":"Rescheduled { next_attempt_at: 2026-09-17T11:02:36.870699Z, counted: false }","target":"tachyon_serverless_application::services::invoke_async::dispatch"}
{"timestamp":"2026-09-17T11:02:36.355896Z","level":"INFO","message":"asynchronous run claimed","invocation_id":"inv_01m2qgghv3gkt9jqxtqe36w80k","attempt":1,"generation":11,"delivery_count":1,"target":"tachyon_serverless_application::services::invoke_async::dispatch"}
{"timestamp":"2026-09-17T11:02:36.356968Z","level":"INFO","message":"asynchronous invocation rescheduled","invocation_id":"inv_01m2qgghv3gkt9jqxtqe36w80k","next_attempt_at":"2026-09-17T11:02:37.245224+00:00","counted":false,"error_type":"Host.DispatcherFenced","target":"tachyon_serverless_application::services::invoke_async::dispatch"}
{"timestamp":"2026-09-17T11:02:36.361695Z","level":"INFO","message":"async dispatch: delivery handled","message_id":"inv_01m2qgghv3gkt9jqxtqe36w80k.g11","sequence":34,"delivery_count":1,"outcome":"Rescheduled { next_attempt_at: 2026-09-17T11:02:37.245224Z, counted: false }","target":"tachyon_serverless_application::services::invoke_async::dispatch"}
{"timestamp":"2026-09-17T11:02:36.904916Z","level":"INFO","message":"object retention pass","report":"GcReport { examined: 2, collected_expired: 0, collected_orphans: 0, kept_in_use: 0, kept_referenced: 2, incomplete_removed: 0, tombstones_purged: 0, failed: 0 }","target":"tachyon_serverless_gateway"}
{"timestamp":"2026-09-17T11:02:36.980988Z","level":"INFO","message":"asynchronous run claimed","invocation_id":"inv_01m2qgghvp84m3trcvyvsrfdaa","attempt":1,"generation":13,"delivery_count":1,"target":"tachyon_serverless_application::services::invoke_async::dispatch"}
{"timestamp":"2026-09-17T11:02:36.982158Z","level":"INFO","message":"asynchronous invocation rescheduled","invocation_id":"inv_01m2qgghvp84m3trcvyvsrfdaa","next_attempt_at":"2026-09-17T11:02:37.583287+00:00","counted":false,"error_type":"Host.DispatcherFenced","target":"tachyon_serverless_application::services::invoke_async::dispatch"}
{"timestamp":"2026-09-17T11:02:36.987427Z","level":"INFO","message":"async dispatch: delivery handled","message_id":"inv_01m2qgghvp84m3trcvyvsrfdaa.g13","sequence":35,"delivery_count":1,"outcome":"Rescheduled { next_attempt_at: 2026-09-17T11:02:37.583287Z, counted: false }","target":"tachyon_serverless_application::services::invoke_async::dispatch"}
{"timestamp":"2026-09-17T11:02:37.297408Z","level":"INFO","message":"asynchronous run claimed","invocation_id":"inv_01m2qgghv3gkt9jqxtqe36w80k","attempt":1,"generation":12,"delivery_count":1,"target":"tachyon_serverless_application::services::invoke_async::dispatch"}
{"timestamp":"2026-09-17T11:02:37.298650Z","level":"INFO","message":"asynchronous invocation rescheduled","invocation_id":"inv_01m2qgghv3gkt9jqxtqe36w80k","next_attempt_at":"2026-09-17T11:02:38.039700+00:00","counted":false,"error_type":"Host.DispatcherFenced","target":"tachyon_serverless_application::services::invoke_async::dispatch"}
{"timestamp":"2026-09-17T11:02:37.303506Z","level":"INFO","message":"async dispatch: delivery handled","message_id":"inv_01m2qgghv3gkt9jqxtqe36w80k.g12","sequence":36,"delivery_count":1,"outcome":"Rescheduled { next_attempt_at: 2026-09-17T11:02:38.039700Z, counted: false }","target":"tachyon_serverless_application::services::invoke_async::dispatch"}
{"timestamp":"2026-09-17T11:02:37.615347Z","level":"INFO","message":"asynchronous run claimed","invocation_id":"inv_01m2qgghvp84m3trcvyvsrfdaa","attempt":1,"generation":14,"delivery_count":1,"target":"tachyon_serverless_application::services::invoke_async::dispatch"}
{"timestamp":"2026-09-17T11:02:37.616575Z","level":"INFO","message":"asynchronous invocation rescheduled","invocation_id":"inv_01m2qgghvp84m3trcvyvsrfdaa","next_attempt_at":"2026-09-17T11:02:38.356608+00:00","counted":false,"error_type":"Host.DispatcherFenced","target":"tachyon_serverless_application::services::invoke_async::dispatch"}
{"timestamp":"2026-09-17T11:02:37.620456Z","level":"INFO","message":"async dispatch: delivery handled","message_id":"inv_01m2qgghvp84m3trcvyvsrfdaa.g14","sequence":37,"delivery_count":1,"outcome":"Rescheduled { next_attempt_at: 2026-09-17T11:02:38.356608Z, counted: false }","target":"tachyon_serverless_application::services::invoke_async::dispatch"}
{"timestamp":"2026-09-17T11:02:38.132626Z","level":"INFO","message":"asynchronous run claimed","invocation_id":"inv_01m2qgghv3gkt9jqxtqe36w80k","attempt":1,"generation":13,"delivery_count":1,"target":"tachyon_serverless_application::services::invoke_async::dispatch"}
{"timestamp":"2026-09-17T11:02:38.133777Z","level":"INFO","message":"asynchronous invocation rescheduled","invocation_id":"inv_01m2qgghv3gkt9jqxtqe36w80k","next_attempt_at":"2026-09-17T11:02:38.929942+00:00","counted":false,"error_type":"Host.DispatcherFenced","target":"tachyon_serverless_application::services::invoke_async::dispatch"}
{"timestamp":"2026-09-17T11:02:38.137844Z","level":"INFO","message":"async dispatch: delivery handled","message_id":"inv_01m2qgghv3gkt9jqxtqe36w80k.g13","sequence":38,"delivery_count":1,"outcome":"Rescheduled { next_attempt_at: 2026-09-17T11:02:38.929942Z, counted: false }","target":"tachyon_serverless_application::services::invoke_async::dispatch"}
{"timestamp":"2026-09-17T11:02:38.450267Z","level":"INFO","message":"asynchronous run claimed","invocation_id":"inv_01m2qgghvp84m3trcvyvsrfdaa","attempt":1,"generation":15,"delivery_count":1,"target":"tachyon_serverless_application::services::invoke_async::dispatch"}
{"timestamp":"2026-09-17T11:02:38.451360Z","level":"INFO","message":"asynchronous invocation rescheduled","invocation_id":"inv_01m2qgghvp84m3trcvyvsrfdaa","next_attempt_at":"2026-09-17T11:02:39.240515+00:00","counted":false,"error_type":"Host.DispatcherFenced","target":"tachyon_serverless_application::services::invoke_async::dispatch"}
{"timestamp":"2026-09-17T11:02:38.455431Z","level":"INFO","message":"async dispatch: delivery handled","message_id":"inv_01m2qgghvp84m3trcvyvsrfdaa.g15","sequence":39,"delivery_count":1,"outcome":"Rescheduled { next_attempt_at: 2026-09-17T11:02:39.240515Z, counted: false }","target":"tachyon_serverless_application::services::invoke_async::dispatch"}
{"timestamp":"2026-09-17T11:02:38.904093Z","level":"INFO","message":"object retention pass","report":"GcReport { examined: 2, collected_expired: 0, collected_orphans: 0, kept_in_use: 0, kept_referenced: 2, incomplete_removed: 0, tombstones_purged: 0, failed: 0 }","target":"tachyon_serverless_gateway"}
{"timestamp":"2026-09-17T11:02:38.968646Z","level":"INFO","message":"asynchronous run claimed","invocation_id":"inv_01m2qgghv3gkt9jqxtqe36w80k","attempt":1,"generation":14,"delivery_count":1,"target":"tachyon_serverless_application::services::invoke_async::dispatch"}
{"timestamp":"2026-09-17T11:02:38.969655Z","level":"INFO","message":"asynchronous invocation rescheduled","invocation_id":"inv_01m2qgghv3gkt9jqxtqe36w80k","next_attempt_at":"2026-09-17T11:02:39.365958+00:00","counted":false,"error_type":"Host.DispatcherFenced","target":"tachyon_serverless_application::services::invoke_async::dispatch"}
{"timestamp":"2026-09-17T11:02:38.973942Z","level":"INFO","message":"async dispatch: delivery handled","message_id":"inv_01m2qgghv3gkt9jqxtqe36w80k.g14","sequence":40,"delivery_count":1,"outcome":"Rescheduled { next_attempt_at: 2026-09-17T11:02:39.365958Z, counted: false }","target":"tachyon_serverless_application::services::invoke_async::dispatch"}
{"timestamp":"2026-09-17T11:02:39.281713Z","level":"INFO","message":"asynchronous run claimed","invocation_id":"inv_01m2qgghvp84m3trcvyvsrfdaa","attempt":1,"generation":16,"delivery_count":1,"target":"tachyon_serverless_application::services::invoke_async::dispatch"}
{"timestamp":"2026-09-17T11:02:39.282652Z","level":"INFO","message":"asynchronous invocation rescheduled","invocation_id":"inv_01m2qgghvp84m3trcvyvsrfdaa","next_attempt_at":"2026-09-17T11:02:39.429981+00:00","counted":false,"error_type":"Host.DispatcherFenced","target":"tachyon_serverless_application::services::invoke_async::dispatch"}
{"timestamp":"2026-09-17T11:02:39.286967Z","level":"INFO","message":"async dispatch: delivery handled","message_id":"inv_01m2qgghvp84m3trcvyvsrfdaa.g16","sequence":41,"delivery_count":1,"outcome":"Rescheduled { next_attempt_at: 2026-09-17T11:02:39.429981Z, counted: false }","target":"tachyon_serverless_application::services::invoke_async::dispatch"}
{"timestamp":"2026-09-17T11:02:39.391344Z","level":"INFO","message":"asynchronous run claimed","invocation_id":"inv_01m2qgghv3gkt9jqxtqe36w80k","attempt":1,"generation":15,"delivery_count":1,"target":"tachyon_serverless_application::services::invoke_async::dispatch"}
{"timestamp":"2026-09-17T11:02:39.392063Z","level":"INFO","message":"asynchronous invocation rescheduled","invocation_id":"inv_01m2qgghv3gkt9jqxtqe36w80k","next_attempt_at":"2026-09-17T11:02:39.762526+00:00","counted":false,"error_type":"Host.DispatcherFenced","target":"tachyon_serverless_application::services::invoke_async::dispatch"}
{"timestamp":"2026-09-17T11:02:39.396437Z","level":"INFO","message":"async dispatch: delivery handled","message_id":"inv_01m2qgghv3gkt9jqxtqe36w80k.g15","sequence":42,"delivery_count":1,"outcome":"Rescheduled { next_attempt_at: 2026-09-17T11:02:39.762526Z, counted: false }","target":"tachyon_serverless_application::services::invoke_async::dispatch"}
{"timestamp":"2026-09-17T11:02:39.499522Z","level":"INFO","message":"asynchronous run claimed","invocation_id":"inv_01m2qgghvp84m3trcvyvsrfdaa","attempt":1,"generation":17,"delivery_count":1,"target":"tachyon_serverless_application::services::invoke_async::dispatch"}
{"timestamp":"2026-09-17T11:02:39.500436Z","level":"INFO","message":"asynchronous invocation rescheduled","invocation_id":"inv_01m2qgghvp84m3trcvyvsrfdaa","next_attempt_at":"2026-09-17T11:02:40.348716+00:00","counted":false,"error_type":"Host.DispatcherFenced","target":"tachyon_serverless_application::services::invoke_async::dispatch"}
{"timestamp":"2026-09-17T11:02:39.504296Z","level":"INFO","message":"async dispatch: delivery handled","message_id":"inv_01m2qgghvp84m3trcvyvsrfdaa.g17","sequence":43,"delivery_count":1,"outcome":"Rescheduled { next_attempt_at: 2026-09-17T11:02:40.348716Z, counted: false }","target":"tachyon_serverless_application::services::invoke_async::dispatch"}
{"timestamp":"2026-09-17T11:02:39.816167Z","level":"INFO","message":"asynchronous run claimed","invocation_id":"inv_01m2qgghv3gkt9jqxtqe36w80k","attempt":1,"generation":16,"delivery_count":1,"target":"tachyon_serverless_application::services::invoke_async::dispatch"}
{"timestamp":"2026-09-17T11:02:39.817080Z","level":"INFO","message":"asynchronous invocation rescheduled","invocation_id":"inv_01m2qgghv3gkt9jqxtqe36w80k","next_attempt_at":"2026-09-17T11:02:39.916473+00:00","counted":false,"error_type":"Host.DispatcherFenced","target":"tachyon_serverless_application::services::invoke_async::dispatch"}
{"timestamp":"2026-09-17T11:02:39.821586Z","level":"INFO","message":"async dispatch: delivery handled","message_id":"inv_01m2qgghv3gkt9jqxtqe36w80k.g16","sequence":44,"delivery_count":1,"outcome":"Rescheduled { next_attempt_at: 2026-09-17T11:02:39.916473Z, counted: false }","target":"tachyon_serverless_application::services::invoke_async::dispatch"}
{"timestamp":"2026-09-17T11:02:39.928583Z","level":"INFO","message":"asynchronous run claimed","invocation_id":"inv_01m2qgghv3gkt9jqxtqe36w80k","attempt":1,"generation":17,"delivery_count":1,"target":"tachyon_serverless_application::services::invoke_async::dispatch"}
{"timestamp":"2026-09-17T11:02:39.929655Z","level":"INFO","message":"asynchronous invocation rescheduled","invocation_id":"inv_01m2qgghv3gkt9jqxtqe36w80k","next_attempt_at":"2026-09-17T11:02:40.355864+00:00","counted":false,"error_type":"Host.DispatcherFenced","target":"tachyon_serverless_application::services::invoke_async::dispatch"}
{"timestamp":"2026-09-17T11:02:39.933560Z","level":"INFO","message":"async dispatch: delivery handled","message_id":"inv_01m2qgghv3gkt9jqxtqe36w80k.g17","sequence":45,"delivery_count":1,"outcome":"Rescheduled { next_attempt_at: 2026-09-17T11:02:40.355864Z, counted: false }","target":"tachyon_serverless_application::services::invoke_async::dispatch"}
{"timestamp":"2026-09-17T11:02:40.449420Z","level":"INFO","message":"asynchronous run claimed","invocation_id":"inv_01m2qgghvp84m3trcvyvsrfdaa","attempt":1,"generation":18,"delivery_count":1,"target":"tachyon_serverless_application::services::invoke_async::dispatch"}
{"timestamp":"2026-09-17T11:02:40.454977Z","level":"INFO","message":"asynchronous invocation rescheduled","invocation_id":"inv_01m2qgghvp84m3trcvyvsrfdaa","next_attempt_at":"2026-09-17T11:02:40.660702+00:00","counted":false,"error_type":"Host.DispatcherFenced","target":"tachyon_serverless_application::services::invoke_async::dispatch"}
{"timestamp":"2026-09-17T11:02:40.460928Z","level":"INFO","message":"asynchronous run claimed","invocation_id":"inv_01m2qgghv3gkt9jqxtqe36w80k","attempt":1,"generation":18,"delivery_count":1,"target":"tachyon_serverless_application::services::invoke_async::dispatch"}
{"timestamp":"2026-09-17T11:02:40.461051Z","level":"INFO","message":"async dispatch: delivery handled","message_id":"inv_01m2qgghvp84m3trcvyvsrfdaa.g18","sequence":46,"delivery_count":1,"outcome":"Rescheduled { next_attempt_at: 2026-09-17T11:02:40.660702Z, counted: false }","target":"tachyon_serverless_application::services::invoke_async::dispatch"}
{"timestamp":"2026-09-17T11:02:40.461619Z","level":"INFO","message":"asynchronous invocation rescheduled","invocation_id":"inv_01m2qgghv3gkt9jqxtqe36w80k","next_attempt_at":"2026-09-17T11:02:40.760213+00:00","counted":false,"error_type":"Host.DispatcherFenced","target":"tachyon_serverless_application::services::invoke_async::dispatch"}
{"timestamp":"2026-09-17T11:02:40.466208Z","level":"INFO","message":"async dispatch: delivery handled","message_id":"inv_01m2qgghv3gkt9jqxtqe36w80k.g18","sequence":47,"delivery_count":1,"outcome":"Rescheduled { next_attempt_at: 2026-09-17T11:02:40.760213Z, counted: false }","target":"tachyon_serverless_application::services::invoke_async::dispatch"}
{"timestamp":"2026-09-17T11:02:40.668752Z","level":"INFO","message":"asynchronous run claimed","invocation_id":"inv_01m2qgghvp84m3trcvyvsrfdaa","attempt":1,"generation":19,"delivery_count":1,"target":"tachyon_serverless_application::services::invoke_async::dispatch"}
{"timestamp":"2026-09-17T11:02:40.669581Z","level":"INFO","message":"asynchronous invocation rescheduled","invocation_id":"inv_01m2qgghvp84m3trcvyvsrfdaa","next_attempt_at":"2026-09-17T11:02:41.162967+00:00","counted":false,"error_type":"Host.DispatcherFenced","target":"tachyon_serverless_application::services::invoke_async::dispatch"}
{"timestamp":"2026-09-17T11:02:40.673740Z","level":"INFO","message":"async dispatch: delivery handled","message_id":"inv_01m2qgghvp84m3trcvyvsrfdaa.g19","sequence":48,"delivery_count":1,"outcome":"Rescheduled { next_attempt_at: 2026-09-17T11:02:41.162967Z, counted: false }","target":"tachyon_serverless_application::services::invoke_async::dispatch"}
{"timestamp":"2026-09-17T11:02:40.776447Z","level":"INFO","message":"asynchronous run claimed","invocation_id":"inv_01m2qgghv3gkt9jqxtqe36w80k","attempt":1,"generation":19,"delivery_count":1,"target":"tachyon_serverless_application::services::invoke_async::dispatch"}
{"timestamp":"2026-09-17T11:02:40.776945Z","level":"INFO","message":"asynchronous invocation rescheduled","invocation_id":"inv_01m2qgghv3gkt9jqxtqe36w80k","next_attempt_at":"2026-09-17T11:02:41.129630+00:00","counted":false,"error_type":"Host.DispatcherFenced","target":"tachyon_serverless_application::services::invoke_async::dispatch"}
{"timestamp":"2026-09-17T11:02:40.781796Z","level":"INFO","message":"async dispatch: delivery handled","message_id":"inv_01m2qgghv3gkt9jqxtqe36w80k.g19","sequence":49,"delivery_count":1,"outcome":"Rescheduled { next_attempt_at: 2026-09-17T11:02:41.129630Z, counted: false }","target":"tachyon_serverless_application::services::invoke_async::dispatch"}
{"timestamp":"2026-09-17T11:02:40.903923Z","level":"INFO","message":"object retention pass","report":"GcReport { examined: 2, collected_expired: 0, collected_orphans: 0, kept_in_use: 0, kept_referenced: 2, incomplete_removed: 0, tombstones_purged: 0, failed: 0 }","target":"tachyon_serverless_gateway"}
{"timestamp":"2026-09-17T11:02:41.194428Z","level":"INFO","message":"asynchronous run claimed","invocation_id":"inv_01m2qgghv3gkt9jqxtqe36w80k","attempt":1,"generation":20,"delivery_count":1,"target":"tachyon_serverless_application::services::invoke_async::dispatch"}
{"timestamp":"2026-09-17T11:02:41.202380Z","level":"INFO","message":"asynchronous invocation rescheduled","invocation_id":"inv_01m2qgghv3gkt9jqxtqe36w80k","next_attempt_at":"2026-09-17T11:02:42.023775+00:00","counted":false,"error_type":"Host.DispatcherFenced","target":"tachyon_serverless_application::services::invoke_async::dispatch"}
{"timestamp":"2026-09-17T11:02:41.209166Z","level":"INFO","message":"asynchronous run claimed","invocation_id":"inv_01m2qgghvp84m3trcvyvsrfdaa","attempt":1,"generation":20,"delivery_count":1,"target":"tachyon_serverless_application::services::invoke_async::dispatch"}
{"timestamp":"2026-09-17T11:02:41.209303Z","level":"INFO","message":"async dispatch: delivery handled","message_id":"inv_01m2qgghv3gkt9jqxtqe36w80k.g20","sequence":50,"delivery_count":1,"outcome":"Rescheduled { next_attempt_at: 2026-09-17T11:02:42.023775Z, counted: false }","target":"tachyon_serverless_application::services::invoke_async::dispatch"}
{"timestamp":"2026-09-17T11:02:41.209872Z","level":"INFO","message":"asynchronous invocation rescheduled","invocation_id":"inv_01m2qgghvp84m3trcvyvsrfdaa","next_attempt_at":"2026-09-17T11:02:41.875393+00:00","counted":false,"error_type":"Host.DispatcherFenced","target":"tachyon_serverless_application::services::invoke_async::dispatch"}
{"timestamp":"2026-09-17T11:02:41.214521Z","level":"INFO","message":"async dispatch: delivery handled","message_id":"inv_01m2qgghvp84m3trcvyvsrfdaa.g20","sequence":51,"delivery_count":1,"outcome":"Rescheduled { next_attempt_at: 2026-09-17T11:02:41.875393Z, counted: false }","target":"tachyon_serverless_application::services::invoke_async::dispatch"}
{"timestamp":"2026-09-17T11:02:41.925156Z","level":"INFO","message":"asynchronous run claimed","invocation_id":"inv_01m2qgghvp84m3trcvyvsrfdaa","attempt":1,"generation":21,"delivery_count":1,"target":"tachyon_serverless_application::services::invoke_async::dispatch"}
{"timestamp":"2026-09-17T11:02:41.930917Z","level":"INFO","message":"asynchronous invocation rescheduled","invocation_id":"inv_01m2qgghvp84m3trcvyvsrfdaa","next_attempt_at":"2026-09-17T11:02:42.252469+00:00","counted":false,"error_type":"Host.DispatcherFenced","target":"tachyon_serverless_application::services::invoke_async::dispatch"}
{"timestamp":"2026-09-17T11:02:41.935210Z","level":"INFO","message":"async dispatch: delivery handled","message_id":"inv_01m2qgghvp84m3trcvyvsrfdaa.g21","sequence":52,"delivery_count":1,"outcome":"Rescheduled { next_attempt_at: 2026-09-17T11:02:42.252469Z, counted: false }","target":"tachyon_serverless_application::services::invoke_async::dispatch"}
{"timestamp":"2026-09-17T11:02:42.042068Z","level":"INFO","message":"asynchronous run claimed","invocation_id":"inv_01m2qgghv3gkt9jqxtqe36w80k","attempt":1,"generation":21,"delivery_count":1,"target":"tachyon_serverless_application::services::invoke_async::dispatch"}
{"timestamp":"2026-09-17T11:02:42.042708Z","level":"INFO","message":"asynchronous invocation rescheduled","invocation_id":"inv_01m2qgghv3gkt9jqxtqe36w80k","next_attempt_at":"2026-09-17T11:02:42.142273+00:00","counted":false,"error_type":"Host.DispatcherFenced","target":"tachyon_serverless_application::services::invoke_async::dispatch"}
{"timestamp":"2026-09-17T11:02:42.047574Z","level":"INFO","message":"async dispatch: delivery handled","message_id":"inv_01m2qgghv3gkt9jqxtqe36w80k.g21","sequence":53,"delivery_count":1,"outcome":"Rescheduled { next_attempt_at: 2026-09-17T11:02:42.142273Z, counted: false }","target":"tachyon_serverless_application::services::invoke_async::dispatch"}
{"timestamp":"2026-09-17T11:02:42.152802Z","level":"INFO","message":"asynchronous run claimed","invocation_id":"inv_01m2qgghv3gkt9jqxtqe36w80k","attempt":1,"generation":22,"delivery_count":1,"target":"tachyon_serverless_application::services::invoke_async::dispatch"}
{"timestamp":"2026-09-17T11:02:42.153364Z","level":"INFO","message":"asynchronous invocation rescheduled","invocation_id":"inv_01m2qgghv3gkt9jqxtqe36w80k","next_attempt_at":"2026-09-17T11:02:42.633998+00:00","counted":false,"error_type":"Host.DispatcherFenced","target":"tachyon_serverless_application::services::invoke_async::dispatch"}
{"timestamp":"2026-09-17T11:02:42.158050Z","level":"INFO","message":"async dispatch: delivery handled","message_id":"inv_01m2qgghv3gkt9jqxtqe36w80k.g22","sequence":54,"delivery_count":1,"outcome":"Rescheduled { next_attempt_at: 2026-09-17T11:02:42.633998Z, counted: false }","target":"tachyon_serverless_application::services::invoke_async::dispatch"}
{"timestamp":"2026-09-17T11:02:42.260802Z","level":"INFO","message":"asynchronous run claimed","invocation_id":"inv_01m2qgghvp84m3trcvyvsrfdaa","attempt":1,"generation":22,"delivery_count":1,"target":"tachyon_serverless_application::services::invoke_async::dispatch"}
{"timestamp":"2026-09-17T11:02:42.261414Z","level":"INFO","message":"asynchronous invocation rescheduled","invocation_id":"inv_01m2qgghvp84m3trcvyvsrfdaa","next_attempt_at":"2026-09-17T11:02:42.450996+00:00","counted":false,"error_type":"Host.DispatcherFenced","target":"tachyon_serverless_application::services::invoke_async::dispatch"}
{"timestamp":"2026-09-17T11:02:42.265985Z","level":"INFO","message":"async dispatch: delivery handled","message_id":"inv_01m2qgghvp84m3trcvyvsrfdaa.g22","sequence":55,"delivery_count":1,"outcome":"Rescheduled { next_attempt_at: 2026-09-17T11:02:42.450996Z, counted: false }","target":"tachyon_serverless_application::services::invoke_async::dispatch"}
{"timestamp":"2026-09-17T11:02:42.474149Z","level":"INFO","message":"asynchronous run claimed","invocation_id":"inv_01m2qgghvp84m3trcvyvsrfdaa","attempt":1,"generation":23,"delivery_count":1,"target":"tachyon_serverless_application::services::invoke_async::dispatch"}
{"timestamp":"2026-09-17T11:02:42.474848Z","level":"INFO","message":"asynchronous invocation rescheduled","invocation_id":"inv_01m2qgghvp84m3trcvyvsrfdaa","next_attempt_at":"2026-09-17T11:02:42.574408+00:00","counted":false,"error_type":"Host.DispatcherFenced","target":"tachyon_serverless_application::services::invoke_async::dispatch"}
{"timestamp":"2026-09-17T11:02:42.479561Z","level":"INFO","message":"async dispatch: delivery handled","message_id":"inv_01m2qgghvp84m3trcvyvsrfdaa.g23","sequence":56,"delivery_count":1,"outcome":"Rescheduled { next_attempt_at: 2026-09-17T11:02:42.574408Z, counted: false }","target":"tachyon_serverless_application::services::invoke_async::dispatch"}
{"timestamp":"2026-09-17T11:02:42.582485Z","level":"INFO","message":"asynchronous run claimed","invocation_id":"inv_01m2qgghvp84m3trcvyvsrfdaa","attempt":1,"generation":24,"delivery_count":1,"target":"tachyon_serverless_application::services::invoke_async::dispatch"}
{"timestamp":"2026-09-17T11:02:42.583141Z","level":"INFO","message":"asynchronous invocation rescheduled","invocation_id":"inv_01m2qgghvp84m3trcvyvsrfdaa","next_attempt_at":"2026-09-17T11:02:42.788653+00:00","counted":false,"error_type":"Host.DispatcherFenced","target":"tachyon_serverless_application::services::invoke_async::dispatch"}
{"timestamp":"2026-09-17T11:02:42.587368Z","level":"INFO","message":"async dispatch: delivery handled","message_id":"inv_01m2qgghvp84m3trcvyvsrfdaa.g24","sequence":57,"delivery_count":1,"outcome":"Rescheduled { next_attempt_at: 2026-09-17T11:02:42.788653Z, counted: false }","target":"tachyon_serverless_application::services::invoke_async::dispatch"}
{"timestamp":"2026-09-17T11:02:42.690183Z","level":"INFO","message":"asynchronous run claimed","invocation_id":"inv_01m2qgghv3gkt9jqxtqe36w80k","attempt":1,"generation":23,"delivery_count":1,"target":"tachyon_serverless_application::services::invoke_async::dispatch"}
{"timestamp":"2026-09-17T11:02:42.690818Z","level":"INFO","message":"asynchronous invocation rescheduled","invocation_id":"inv_01m2qgghv3gkt9jqxtqe36w80k","next_attempt_at":"2026-09-17T11:02:43.491390+00:00","counted":false,"error_type":"Host.DispatcherFenced","target":"tachyon_serverless_application::services::invoke_async::dispatch"}
{"timestamp":"2026-09-17T11:02:42.695263Z","level":"INFO","message":"async dispatch: delivery handled","message_id":"inv_01m2qgghv3gkt9jqxtqe36w80k.g23","sequence":58,"delivery_count":1,"outcome":"Rescheduled { next_attempt_at: 2026-09-17T11:02:43.491390Z, counted: false }","target":"tachyon_serverless_application::services::invoke_async::dispatch"}
{"timestamp":"2026-09-17T11:02:42.798023Z","level":"INFO","message":"asynchronous run claimed","invocation_id":"inv_01m2qgghvp84m3trcvyvsrfdaa","attempt":1,"generation":25,"delivery_count":1,"target":"tachyon_serverless_application::services::invoke_async::dispatch"}
{"timestamp":"2026-09-17T11:02:42.798693Z","level":"INFO","message":"asynchronous invocation rescheduled","invocation_id":"inv_01m2qgghvp84m3trcvyvsrfdaa","next_attempt_at":"2026-09-17T11:02:42.898260+00:00","counted":false,"error_type":"Host.DispatcherFenced","target":"tachyon_serverless_application::services::invoke_async::dispatch"}
{"timestamp":"2026-09-17T11:02:42.803440Z","level":"INFO","message":"async dispatch: delivery handled","message_id":"inv_01m2qgghvp84m3trcvyvsrfdaa.g25","sequence":59,"delivery_count":1,"outcome":"Rescheduled { next_attempt_at: 2026-09-17T11:02:42.898260Z, counted: false }","target":"tachyon_serverless_application::services::invoke_async::dispatch"}
{"timestamp":"2026-09-17T11:02:42.904199Z","level":"INFO","message":"object retention pass","report":"GcReport { examined: 2, collected_expired: 0, collected_orphans: 0, kept_in_use: 0, kept_referenced: 2, incomplete_removed: 0, tombstones_purged: 0, failed: 0 }","target":"tachyon_serverless_gateway"}
{"timestamp":"2026-09-17T11:02:42.906173Z","level":"INFO","message":"asynchronous run claimed","invocation_id":"inv_01m2qgghvp84m3trcvyvsrfdaa","attempt":1,"generation":26,"delivery_count":1,"target":"tachyon_serverless_application::services::invoke_async::dispatch"}
{"timestamp":"2026-09-17T11:02:42.907229Z","level":"INFO","message":"asynchronous invocation rescheduled","invocation_id":"inv_01m2qgghvp84m3trcvyvsrfdaa","next_attempt_at":"2026-09-17T11:02:43.652766+00:00","counted":false,"error_type":"Host.DispatcherFenced","target":"tachyon_serverless_application::services::invoke_async::dispatch"}
{"timestamp":"2026-09-17T11:02:42.912288Z","level":"INFO","message":"async dispatch: delivery handled","message_id":"inv_01m2qgghvp84m3trcvyvsrfdaa.g26","sequence":60,"delivery_count":1,"outcome":"Rescheduled { next_attempt_at: 2026-09-17T11:02:43.652766Z, counted: false }","target":"tachyon_serverless_application::services::invoke_async::dispatch"}
{"timestamp":"2026-09-17T11:02:43.529633Z","level":"INFO","message":"asynchronous run claimed","invocation_id":"inv_01m2qgghv3gkt9jqxtqe36w80k","attempt":1,"generation":24,"delivery_count":1,"target":"tachyon_serverless_application::services::invoke_async::dispatch"}
{"timestamp":"2026-09-17T11:02:43.530428Z","level":"INFO","message":"asynchronous invocation rescheduled","invocation_id":"inv_01m2qgghv3gkt9jqxtqe36w80k","next_attempt_at":"2026-09-17T11:02:44.286989+00:00","counted":false,"error_type":"Host.DispatcherFenced","target":"tachyon_serverless_application::services::invoke_async::dispatch"}
{"timestamp":"2026-09-17T11:02:43.535222Z","level":"INFO","message":"async dispatch: delivery handled","message_id":"inv_01m2qgghv3gkt9jqxtqe36w80k.g24","sequence":61,"delivery_count":1,"outcome":"Rescheduled { next_attempt_at: 2026-09-17T11:02:44.286989Z, counted: false }","target":"tachyon_serverless_application::services::invoke_async::dispatch"}
{"timestamp":"2026-09-17T11:02:43.744448Z","level":"INFO","message":"asynchronous run claimed","invocation_id":"inv_01m2qgghvp84m3trcvyvsrfdaa","attempt":1,"generation":27,"delivery_count":1,"target":"tachyon_serverless_application::services::invoke_async::dispatch"}
{"timestamp":"2026-09-17T11:02:43.745203Z","level":"INFO","message":"asynchronous invocation rescheduled","invocation_id":"inv_01m2qgghvp84m3trcvyvsrfdaa","next_attempt_at":"2026-09-17T11:02:44.542771+00:00","counted":false,"error_type":"Host.DispatcherFenced","target":"tachyon_serverless_application::services::invoke_async::dispatch"}
{"timestamp":"2026-09-17T11:02:43.749948Z","level":"INFO","message":"async dispatch: delivery handled","message_id":"inv_01m2qgghvp84m3trcvyvsrfdaa.g27","sequence":62,"delivery_count":1,"outcome":"Rescheduled { next_attempt_at: 2026-09-17T11:02:44.542771Z, counted: false }","target":"tachyon_serverless_application::services::invoke_async::dispatch"}
{"timestamp":"2026-09-17T11:02:44.367365Z","level":"INFO","message":"asynchronous run claimed","invocation_id":"inv_01m2qgghv3gkt9jqxtqe36w80k","attempt":1,"generation":25,"delivery_count":1,"target":"tachyon_serverless_application::services::invoke_async::dispatch"}
{"timestamp":"2026-09-17T11:02:44.368223Z","level":"INFO","message":"asynchronous invocation rescheduled","invocation_id":"inv_01m2qgghv3gkt9jqxtqe36w80k","next_attempt_at":"2026-09-17T11:02:45.066728+00:00","counted":false,"error_type":"Host.DispatcherFenced","target":"tachyon_serverless_application::services::invoke_async::dispatch"}
{"timestamp":"2026-09-17T11:02:44.372685Z","level":"INFO","message":"async dispatch: delivery handled","message_id":"inv_01m2qgghv3gkt9jqxtqe36w80k.g25","sequence":63,"delivery_count":1,"outcome":"Rescheduled { next_attempt_at: 2026-09-17T11:02:45.066728Z, counted: false }","target":"tachyon_serverless_application::services::invoke_async::dispatch"}
{"timestamp":"2026-09-17T11:02:44.583472Z","level":"INFO","message":"asynchronous run claimed","invocation_id":"inv_01m2qgghvp84m3trcvyvsrfdaa","attempt":1,"generation":28,"delivery_count":1,"target":"tachyon_serverless_application::services::invoke_async::dispatch"}
{"timestamp":"2026-09-17T11:02:44.584190Z","level":"INFO","message":"asynchronous invocation rescheduled","invocation_id":"inv_01m2qgghvp84m3trcvyvsrfdaa","next_attempt_at":"2026-09-17T11:02:45.124776+00:00","counted":false,"error_type":"Host.DispatcherFenced","target":"tachyon_serverless_application::services::invoke_async::dispatch"}
{"timestamp":"2026-09-17T11:02:44.588780Z","level":"INFO","message":"async dispatch: delivery handled","message_id":"inv_01m2qgghvp84m3trcvyvsrfdaa.g28","sequence":64,"delivery_count":1,"outcome":"Rescheduled { next_attempt_at: 2026-09-17T11:02:45.124776Z, counted: false }","target":"tachyon_serverless_application::services::invoke_async::dispatch"}
{"timestamp":"2026-09-17T11:02:44.904479Z","level":"INFO","message":"object retention pass","report":"GcReport { examined: 2, collected_expired: 0, collected_orphans: 0, kept_in_use: 0, kept_referenced: 2, incomplete_removed: 0, tombstones_purged: 0, failed: 0 }","target":"tachyon_serverless_gateway"}
{"timestamp":"2026-09-17T11:02:45.103263Z","level":"INFO","message":"asynchronous run claimed","invocation_id":"inv_01m2qgghv3gkt9jqxtqe36w80k","attempt":1,"generation":26,"delivery_count":1,"target":"tachyon_serverless_application::services::invoke_async::dispatch"}
{"timestamp":"2026-09-17T11:02:45.104108Z","level":"INFO","message":"asynchronous invocation rescheduled","invocation_id":"inv_01m2qgghv3gkt9jqxtqe36w80k","next_attempt_at":"2026-09-17T11:02:45.250646+00:00","counted":false,"error_type":"Host.DispatcherFenced","target":"tachyon_serverless_application::services::invoke_async::dispatch"}
{"timestamp":"2026-09-17T11:02:45.108560Z","level":"INFO","message":"async dispatch: delivery handled","message_id":"inv_01m2qgghv3gkt9jqxtqe36w80k.g26","sequence":65,"delivery_count":1,"outcome":"Rescheduled { next_attempt_at: 2026-09-17T11:02:45.250646Z, counted: false }","target":"tachyon_serverless_application::services::invoke_async::dispatch"}
{"timestamp":"2026-09-17T11:02:45.215820Z","level":"INFO","message":"asynchronous run claimed","invocation_id":"inv_01m2qgghvp84m3trcvyvsrfdaa","attempt":1,"generation":29,"delivery_count":1,"target":"tachyon_serverless_application::services::invoke_async::dispatch"}
{"timestamp":"2026-09-17T11:02:45.216514Z","level":"INFO","message":"asynchronous invocation rescheduled","invocation_id":"inv_01m2qgghvp84m3trcvyvsrfdaa","next_attempt_at":"2026-09-17T11:02:46.163049+00:00","counted":false,"error_type":"Host.DispatcherFenced","target":"tachyon_serverless_application::services::invoke_async::dispatch"}
{"timestamp":"2026-09-17T11:02:45.221070Z","level":"INFO","message":"async dispatch: delivery handled","message_id":"inv_01m2qgghvp84m3trcvyvsrfdaa.g29","sequence":66,"delivery_count":1,"outcome":"Rescheduled { next_attempt_at: 2026-09-17T11:02:46.163049Z, counted: false }","target":"tachyon_serverless_application::services::invoke_async::dispatch"}
{"timestamp":"2026-09-17T11:02:45.323838Z","level":"INFO","message":"asynchronous run claimed","invocation_id":"inv_01m2qgghv3gkt9jqxtqe36w80k","attempt":1,"generation":27,"delivery_count":1,"target":"tachyon_serverless_application::services::invoke_async::dispatch"}
{"timestamp":"2026-09-17T11:02:45.324561Z","level":"INFO","message":"asynchronous invocation rescheduled","invocation_id":"inv_01m2qgghv3gkt9jqxtqe36w80k","next_attempt_at":"2026-09-17T11:02:45.852102+00:00","counted":false,"error_type":"Host.DispatcherFenced","target":"tachyon_serverless_application::services::invoke_async::dispatch"}
{"timestamp":"2026-09-17T11:02:45.330316Z","level":"INFO","message":"async dispatch: delivery handled","message_id":"inv_01m2qgghv3gkt9jqxtqe36w80k.g27","sequence":67,"delivery_count":1,"outcome":"Rescheduled { next_attempt_at: 2026-09-17T11:02:45.852102Z, counted: false }","target":"tachyon_serverless_application::services::invoke_async::dispatch"}
{"timestamp":"2026-09-17T11:02:45.947551Z","level":"INFO","message":"asynchronous run claimed","invocation_id":"inv_01m2qgghv3gkt9jqxtqe36w80k","attempt":1,"generation":28,"delivery_count":1,"target":"tachyon_serverless_application::services::invoke_async::dispatch"}
{"timestamp":"2026-09-17T11:02:45.948629Z","level":"INFO","message":"asynchronous invocation rescheduled","invocation_id":"inv_01m2qgghv3gkt9jqxtqe36w80k","next_attempt_at":"2026-09-17T11:02:46.864029+00:00","counted":false,"error_type":"Host.DispatcherFenced","target":"tachyon_serverless_application::services::invoke_async::dispatch"}
{"timestamp":"2026-09-17T11:02:45.954834Z","level":"INFO","message":"async dispatch: delivery handled","message_id":"inv_01m2qgghv3gkt9jqxtqe36w80k.g28","sequence":68,"delivery_count":1,"outcome":"Rescheduled { next_attempt_at: 2026-09-17T11:02:46.864029Z, counted: false }","target":"tachyon_serverless_application::services::invoke_async::dispatch"}
{"timestamp":"2026-09-17T11:02:46.265643Z","level":"INFO","message":"asynchronous run claimed","invocation_id":"inv_01m2qgghvp84m3trcvyvsrfdaa","attempt":1,"generation":30,"delivery_count":1,"target":"tachyon_serverless_application::services::invoke_async::dispatch"}
{"timestamp":"2026-09-17T11:02:46.266538Z","level":"INFO","message":"asynchronous invocation rescheduled","invocation_id":"inv_01m2qgghvp84m3trcvyvsrfdaa","next_attempt_at":"2026-09-17T11:02:46.365992+00:00","counted":false,"error_type":"Host.DispatcherFenced","target":"tachyon_serverless_application::services::invoke_async::dispatch"}
{"timestamp":"2026-09-17T11:02:46.270902Z","level":"INFO","message":"async dispatch: delivery handled","message_id":"inv_01m2qgghvp84m3trcvyvsrfdaa.g30","sequence":69,"delivery_count":1,"outcome":"Rescheduled { next_attempt_at: 2026-09-17T11:02:46.365992Z, counted: false }","target":"tachyon_serverless_application::services::invoke_async::dispatch"}
{"timestamp":"2026-09-17T11:02:46.378125Z","level":"INFO","message":"asynchronous run claimed","invocation_id":"inv_01m2qgghvp84m3trcvyvsrfdaa","attempt":1,"generation":31,"delivery_count":1,"target":"tachyon_serverless_application::services::invoke_async::dispatch"}
{"timestamp":"2026-09-17T11:02:46.379017Z","level":"INFO","message":"asynchronous invocation rescheduled","invocation_id":"inv_01m2qgghvp84m3trcvyvsrfdaa","next_attempt_at":"2026-09-17T11:02:46.494383+00:00","counted":false,"error_type":"Host.DispatcherFenced","target":"tachyon_serverless_application::services::invoke_async::dispatch"}
{"timestamp":"2026-09-17T11:02:46.384480Z","level":"INFO","message":"async dispatch: delivery handled","message_id":"inv_01m2qgghvp84m3trcvyvsrfdaa.g31","sequence":70,"delivery_count":1,"outcome":"Rescheduled { next_attempt_at: 2026-09-17T11:02:46.494383Z, counted: false }","target":"tachyon_serverless_application::services::invoke_async::dispatch"}
{"timestamp":"2026-09-17T11:02:46.591829Z","level":"INFO","message":"asynchronous run claimed","invocation_id":"inv_01m2qgghvp84m3trcvyvsrfdaa","attempt":1,"generation":32,"delivery_count":1,"target":"tachyon_serverless_application::services::invoke_async::dispatch"}
{"timestamp":"2026-09-17T11:02:46.592551Z","level":"INFO","message":"asynchronous invocation rescheduled","invocation_id":"inv_01m2qgghvp84m3trcvyvsrfdaa","next_attempt_at":"2026-09-17T11:02:47.175092+00:00","counted":false,"error_type":"Host.DispatcherFenced","target":"tachyon_serverless_application::services::invoke_async::dispatch"}
{"timestamp":"2026-09-17T11:02:46.597122Z","level":"INFO","message":"async dispatch: delivery handled","message_id":"inv_01m2qgghvp84m3trcvyvsrfdaa.g32","sequence":71,"delivery_count":1,"outcome":"Rescheduled { next_attempt_at: 2026-09-17T11:02:47.175092Z, counted: false }","target":"tachyon_serverless_application::services::invoke_async::dispatch"}
{"timestamp":"2026-09-17T11:02:46.907918Z","level":"INFO","message":"asynchronous run claimed","invocation_id":"inv_01m2qgghv3gkt9jqxtqe36w80k","attempt":1,"generation":29,"delivery_count":1,"target":"tachyon_serverless_application::services::invoke_async::dispatch"}
{"timestamp":"2026-09-17T11:02:46.909508Z","level":"INFO","message":"asynchronous invocation rescheduled","invocation_id":"inv_01m2qgghv3gkt9jqxtqe36w80k","next_attempt_at":"2026-09-17T11:02:47.825304+00:00","counted":false,"error_type":"Host.DispatcherFenced","target":"tachyon_serverless_application::services::invoke_async::dispatch"}
{"timestamp":"2026-09-17T11:02:46.910521Z","level":"INFO","message":"object retention pass","report":"GcReport { examined: 2, collected_expired: 0, collected_orphans: 0, kept_in_use: 0, kept_referenced: 2, incomplete_removed: 0, tombstones_purged: 0, failed: 0 }","target":"tachyon_serverless_gateway"}
{"timestamp":"2026-09-17T11:02:46.914207Z","level":"INFO","message":"async dispatch: delivery handled","message_id":"inv_01m2qgghv3gkt9jqxtqe36w80k.g29","sequence":72,"delivery_count":1,"outcome":"Rescheduled { next_attempt_at: 2026-09-17T11:02:47.825304Z, counted: false }","target":"tachyon_serverless_application::services::invoke_async::dispatch"}
{"timestamp":"2026-09-17T11:02:47.226730Z","level":"INFO","message":"asynchronous run claimed","invocation_id":"inv_01m2qgghvp84m3trcvyvsrfdaa","attempt":1,"generation":33,"delivery_count":1,"target":"tachyon_serverless_application::services::invoke_async::dispatch"}
{"timestamp":"2026-09-17T11:02:47.227935Z","level":"INFO","message":"asynchronous invocation rescheduled","invocation_id":"inv_01m2qgghvp84m3trcvyvsrfdaa","next_attempt_at":"2026-09-17T11:02:47.571328+00:00","counted":false,"error_type":"Host.DispatcherFenced","target":"tachyon_serverless_application::services::invoke_async::dispatch"}
{"timestamp":"2026-09-17T11:02:47.233152Z","level":"INFO","message":"async dispatch: delivery handled","message_id":"inv_01m2qgghvp84m3trcvyvsrfdaa.g33","sequence":73,"delivery_count":1,"outcome":"Rescheduled { next_attempt_at: 2026-09-17T11:02:47.571328Z, counted: false }","target":"tachyon_serverless_application::services::invoke_async::dispatch"}
{"timestamp":"2026-09-17T11:02:47.644528Z","level":"INFO","message":"asynchronous run claimed","invocation_id":"inv_01m2qgghvp84m3trcvyvsrfdaa","attempt":1,"generation":34,"delivery_count":1,"target":"tachyon_serverless_application::services::invoke_async::dispatch"}
{"timestamp":"2026-09-17T11:02:47.645193Z","level":"INFO","message":"asynchronous invocation rescheduled","invocation_id":"inv_01m2qgghvp84m3trcvyvsrfdaa","next_attempt_at":"2026-09-17T11:02:47.856777+00:00","counted":false,"error_type":"Host.DispatcherFenced","target":"tachyon_serverless_application::services::invoke_async::dispatch"}
{"timestamp":"2026-09-17T11:02:47.649796Z","level":"INFO","message":"async dispatch: delivery handled","message_id":"inv_01m2qgghvp84m3trcvyvsrfdaa.g34","sequence":74,"delivery_count":1,"outcome":"Rescheduled { next_attempt_at: 2026-09-17T11:02:47.856777Z, counted: false }","target":"tachyon_serverless_application::services::invoke_async::dispatch"}
{"timestamp":"2026-09-17T11:02:47.860948Z","level":"INFO","message":"asynchronous run claimed","invocation_id":"inv_01m2qgghv3gkt9jqxtqe36w80k","attempt":1,"generation":30,"delivery_count":1,"target":"tachyon_serverless_application::services::invoke_async::dispatch"}
{"timestamp":"2026-09-17T11:02:47.861690Z","level":"INFO","message":"asynchronous invocation rescheduled","invocation_id":"inv_01m2qgghv3gkt9jqxtqe36w80k","next_attempt_at":"2026-09-17T11:02:48.471290+00:00","counted":false,"error_type":"Host.DispatcherFenced","target":"tachyon_serverless_application::services::invoke_async::dispatch"}
{"timestamp":"2026-09-17T11:02:47.870240Z","level":"INFO","message":"async dispatch: delivery handled","message_id":"inv_01m2qgghv3gkt9jqxtqe36w80k.g30","sequence":75,"delivery_count":1,"outcome":"Rescheduled { next_attempt_at: 2026-09-17T11:02:48.471290Z, counted: false }","target":"tachyon_serverless_application::services::invoke_async::dispatch"}
{"timestamp":"2026-09-17T11:02:47.871203Z","level":"INFO","message":"asynchronous run claimed","invocation_id":"inv_01m2qgghvp84m3trcvyvsrfdaa","attempt":1,"generation":35,"delivery_count":1,"target":"tachyon_serverless_application::services::invoke_async::dispatch"}
{"timestamp":"2026-09-17T11:02:47.871790Z","level":"INFO","message":"asynchronous invocation rescheduled","invocation_id":"inv_01m2qgghvp84m3trcvyvsrfdaa","next_attempt_at":"2026-09-17T11:02:48.465378+00:00","counted":false,"error_type":"Host.DispatcherFenced","target":"tachyon_serverless_application::services::invoke_async::dispatch"}
{"timestamp":"2026-09-17T11:02:47.876295Z","level":"INFO","message":"async dispatch: delivery handled","message_id":"inv_01m2qgghvp84m3trcvyvsrfdaa.g35","sequence":76,"delivery_count":1,"outcome":"Rescheduled { next_attempt_at: 2026-09-17T11:02:48.465378Z, counted: false }","target":"tachyon_serverless_application::services::invoke_async::dispatch"}
{"timestamp":"2026-09-17T11:02:48.490017Z","level":"INFO","message":"asynchronous run claimed","invocation_id":"inv_01m2qgghvp84m3trcvyvsrfdaa","attempt":1,"generation":36,"delivery_count":1,"target":"tachyon_serverless_application::services::invoke_async::dispatch"}
{"timestamp":"2026-09-17T11:02:48.495047Z","level":"INFO","message":"asynchronous invocation rescheduled","invocation_id":"inv_01m2qgghvp84m3trcvyvsrfdaa","next_attempt_at":"2026-09-17T11:02:49.367241+00:00","counted":false,"error_type":"Host.DispatcherFenced","target":"tachyon_serverless_application::services::invoke_async::dispatch"}
{"timestamp":"2026-09-17T11:02:48.500906Z","level":"INFO","message":"asynchronous run claimed","invocation_id":"inv_01m2qgghv3gkt9jqxtqe36w80k","attempt":1,"generation":31,"delivery_count":1,"target":"tachyon_serverless_application::services::invoke_async::dispatch"}
{"timestamp":"2026-09-17T11:02:48.501048Z","level":"INFO","message":"async dispatch: delivery handled","message_id":"inv_01m2qgghvp84m3trcvyvsrfdaa.g36","sequence":77,"delivery_count":1,"outcome":"Rescheduled { next_attempt_at: 2026-09-17T11:02:49.367241Z, counted: false }","target":"tachyon_serverless_application::services::invoke_async::dispatch"}
{"timestamp":"2026-09-17T11:02:48.501783Z","level":"INFO","message":"asynchronous invocation rescheduled","invocation_id":"inv_01m2qgghv3gkt9jqxtqe36w80k","next_attempt_at":"2026-09-17T11:02:48.980273+00:00","counted":false,"error_type":"Host.DispatcherFenced","target":"tachyon_serverless_application::services::invoke_async::dispatch"}
{"timestamp":"2026-09-17T11:02:48.506132Z","level":"INFO","message":"async dispatch: delivery handled","message_id":"inv_01m2qgghv3gkt9jqxtqe36w80k.g31","sequence":78,"delivery_count":1,"outcome":"Rescheduled { next_attempt_at: 2026-09-17T11:02:48.980273Z, counted: false }","target":"tachyon_serverless_application::services::invoke_async::dispatch"}
{"timestamp":"2026-09-17T11:02:48.905136Z","level":"INFO","message":"object retention pass","report":"GcReport { examined: 2, collected_expired: 0, collected_orphans: 0, kept_in_use: 0, kept_referenced: 2, incomplete_removed: 0, tombstones_purged: 0, failed: 0 }","target":"tachyon_serverless_gateway"}
{"timestamp":"2026-09-17T11:02:49.020596Z","level":"INFO","message":"asynchronous run claimed","invocation_id":"inv_01m2qgghv3gkt9jqxtqe36w80k","attempt":1,"generation":32,"delivery_count":1,"target":"tachyon_serverless_application::services::invoke_async::dispatch"}
{"timestamp":"2026-09-17T11:02:49.021571Z","level":"INFO","message":"asynchronous invocation rescheduled","invocation_id":"inv_01m2qgghv3gkt9jqxtqe36w80k","next_attempt_at":"2026-09-17T11:02:49.344043+00:00","counted":false,"error_type":"Host.DispatcherFenced","target":"tachyon_serverless_application::services::invoke_async::dispatch"}
{"timestamp":"2026-09-17T11:02:49.026228Z","level":"INFO","message":"async dispatch: delivery handled","message_id":"inv_01m2qgghv3gkt9jqxtqe36w80k.g32","sequence":79,"delivery_count":1,"outcome":"Rescheduled { next_attempt_at: 2026-09-17T11:02:49.344043Z, counted: false }","target":"tachyon_serverless_application::services::invoke_async::dispatch"}
{"timestamp":"2026-09-17T11:02:49.439832Z","level":"INFO","message":"asynchronous run claimed","invocation_id":"inv_01m2qgghv3gkt9jqxtqe36w80k","attempt":1,"generation":33,"delivery_count":1,"target":"tachyon_serverless_application::services::invoke_async::dispatch"}
{"timestamp":"2026-09-17T11:02:49.445618Z","level":"INFO","message":"asynchronous invocation rescheduled","invocation_id":"inv_01m2qgghv3gkt9jqxtqe36w80k","next_attempt_at":"2026-09-17T11:02:50.359101+00:00","counted":false,"error_type":"Host.DispatcherFenced","target":"tachyon_serverless_application::services::invoke_async::dispatch"}
{"timestamp":"2026-09-17T11:02:49.451632Z","level":"INFO","message":"asynchronous run claimed","invocation_id":"inv_01m2qgghvp84m3trcvyvsrfdaa","attempt":1,"generation":37,"delivery_count":1,"target":"tachyon_serverless_application::services::invoke_async::dispatch"}
{"timestamp":"2026-09-17T11:02:49.451821Z","level":"INFO","message":"async dispatch: delivery handled","message_id":"inv_01m2qgghv3gkt9jqxtqe36w80k.g33","sequence":80,"delivery_count":1,"outcome":"Rescheduled { next_attempt_at: 2026-09-17T11:02:50.359101Z, counted: false }","target":"tachyon_serverless_application::services::invoke_async::dispatch"}
{"timestamp":"2026-09-17T11:02:49.452301Z","level":"INFO","message":"asynchronous invocation rescheduled","invocation_id":"inv_01m2qgghvp84m3trcvyvsrfdaa","next_attempt_at":"2026-09-17T11:02:50.436849+00:00","counted":false,"error_type":"Host.DispatcherFenced","target":"tachyon_serverless_application::services::invoke_async::dispatch"}
{"timestamp":"2026-09-17T11:02:49.456948Z","level":"INFO","message":"async dispatch: delivery handled","message_id":"inv_01m2qgghvp84m3trcvyvsrfdaa.g37","sequence":81,"delivery_count":1,"outcome":"Rescheduled { next_attempt_at: 2026-09-17T11:02:50.436849Z, counted: false }","target":"tachyon_serverless_application::services::invoke_async::dispatch"}
{"timestamp":"2026-09-17T11:02:50.378179Z","level":"INFO","message":"asynchronous run claimed","invocation_id":"inv_01m2qgghv3gkt9jqxtqe36w80k","attempt":1,"generation":34,"delivery_count":1,"target":"tachyon_serverless_application::services::invoke_async::dispatch"}
{"timestamp":"2026-09-17T11:02:50.379056Z","level":"INFO","message":"asynchronous invocation rescheduled","invocation_id":"inv_01m2qgghv3gkt9jqxtqe36w80k","next_attempt_at":"2026-09-17T11:02:50.711582+00:00","counted":false,"error_type":"Host.DispatcherFenced","target":"tachyon_serverless_application::services::invoke_async::dispatch"}
{"timestamp":"2026-09-17T11:02:50.383641Z","level":"INFO","message":"async dispatch: delivery handled","message_id":"inv_01m2qgghv3gkt9jqxtqe36w80k.g34","sequence":82,"delivery_count":1,"outcome":"Rescheduled { next_attempt_at: 2026-09-17T11:02:50.711582Z, counted: false }","target":"tachyon_serverless_application::services::invoke_async::dispatch"}
{"timestamp":"2026-09-17T11:02:50.491317Z","level":"INFO","message":"asynchronous run claimed","invocation_id":"inv_01m2qgghvp84m3trcvyvsrfdaa","attempt":1,"generation":38,"delivery_count":1,"target":"tachyon_serverless_application::services::invoke_async::dispatch"}
{"timestamp":"2026-09-17T11:02:50.492083Z","level":"INFO","message":"asynchronous invocation rescheduled","invocation_id":"inv_01m2qgghvp84m3trcvyvsrfdaa","next_attempt_at":"2026-09-17T11:02:51.115554+00:00","counted":false,"error_type":"Host.DispatcherFenced","target":"tachyon_serverless_application::services::invoke_async::dispatch"}
{"timestamp":"2026-09-17T11:02:50.496857Z","level":"INFO","message":"async dispatch: delivery handled","message_id":"inv_01m2qgghvp84m3trcvyvsrfdaa.g38","sequence":83,"delivery_count":1,"outcome":"Rescheduled { next_attempt_at: 2026-09-17T11:02:51.115554Z, counted: false }","target":"tachyon_serverless_application::services::invoke_async::dispatch"}
{"timestamp":"2026-09-17T11:02:50.801531Z","level":"INFO","message":"asynchronous run claimed","invocation_id":"inv_01m2qgghv3gkt9jqxtqe36w80k","attempt":1,"generation":35,"delivery_count":1,"target":"tachyon_serverless_application::services::invoke_async::dispatch"}
{"timestamp":"2026-09-17T11:02:50.802072Z","level":"INFO","message":"asynchronous invocation rescheduled","invocation_id":"inv_01m2qgghv3gkt9jqxtqe36w80k","next_attempt_at":"2026-09-17T11:02:51.730739+00:00","counted":false,"error_type":"Host.DispatcherFenced","target":"tachyon_serverless_application::services::invoke_async::dispatch"}
{"timestamp":"2026-09-17T11:02:50.806989Z","level":"INFO","message":"async dispatch: delivery handled","message_id":"inv_01m2qgghv3gkt9jqxtqe36w80k.g35","sequence":84,"delivery_count":1,"outcome":"Rescheduled { next_attempt_at: 2026-09-17T11:02:51.730739Z, counted: false }","target":"tachyon_serverless_application::services::invoke_async::dispatch"}
{"timestamp":"2026-09-17T11:02:50.905176Z","level":"INFO","message":"object retention pass","report":"GcReport { examined: 2, collected_expired: 0, collected_orphans: 0, kept_in_use: 0, kept_referenced: 2, incomplete_removed: 0, tombstones_purged: 0, failed: 0 }","target":"tachyon_serverless_gateway"}
{"timestamp":"2026-09-17T11:02:51.219400Z","level":"INFO","message":"asynchronous run claimed","invocation_id":"inv_01m2qgghvp84m3trcvyvsrfdaa","attempt":1,"generation":39,"delivery_count":1,"target":"tachyon_serverless_application::services::invoke_async::dispatch"}
{"timestamp":"2026-09-17T11:02:51.220059Z","level":"INFO","message":"asynchronous invocation rescheduled","invocation_id":"inv_01m2qgghvp84m3trcvyvsrfdaa","next_attempt_at":"2026-09-17T11:02:52.141664+00:00","counted":false,"error_type":"Host.DispatcherFenced","target":"tachyon_serverless_application::services::invoke_async::dispatch"}
{"timestamp":"2026-09-17T11:02:51.224923Z","level":"INFO","message":"async dispatch: delivery handled","message_id":"inv_01m2qgghvp84m3trcvyvsrfdaa.g39","sequence":85,"delivery_count":1,"outcome":"Rescheduled { next_attempt_at: 2026-09-17T11:02:52.141664Z, counted: false }","target":"tachyon_serverless_application::services::invoke_async::dispatch"}
{"timestamp":"2026-09-17T11:02:51.834735Z","level":"INFO","message":"asynchronous run claimed","invocation_id":"inv_01m2qgghv3gkt9jqxtqe36w80k","attempt":1,"generation":36,"delivery_count":1,"target":"tachyon_serverless_application::services::invoke_async::dispatch"}
{"timestamp":"2026-09-17T11:02:51.841108Z","level":"INFO","message":"asynchronous invocation rescheduled","invocation_id":"inv_01m2qgghv3gkt9jqxtqe36w80k","next_attempt_at":"2026-09-17T11:02:52.292990+00:00","counted":false,"error_type":"Host.DispatcherFenced","target":"tachyon_serverless_application::services::invoke_async::dispatch"}
{"timestamp":"2026-09-17T11:02:51.846023Z","level":"INFO","message":"async dispatch: delivery handled","message_id":"inv_01m2qgghv3gkt9jqxtqe36w80k.g36","sequence":86,"delivery_count":1,"outcome":"Rescheduled { next_attempt_at: 2026-09-17T11:02:52.292990Z, counted: false }","target":"tachyon_serverless_application::services::invoke_async::dispatch"}
{"timestamp":"2026-09-17T11:02:52.154633Z","level":"INFO","message":"asynchronous run claimed","invocation_id":"inv_01m2qgghvp84m3trcvyvsrfdaa","attempt":1,"generation":40,"delivery_count":1,"target":"tachyon_serverless_application::services::invoke_async::dispatch"}
{"timestamp":"2026-09-17T11:02:52.155193Z","level":"INFO","message":"asynchronous invocation rescheduled","invocation_id":"inv_01m2qgghvp84m3trcvyvsrfdaa","next_attempt_at":"2026-09-17T11:02:52.254849+00:00","counted":false,"error_type":"Host.DispatcherFenced","target":"tachyon_serverless_application::services::invoke_async::dispatch"}
{"timestamp":"2026-09-17T11:02:52.159852Z","level":"INFO","message":"async dispatch: delivery handled","message_id":"inv_01m2qgghvp84m3trcvyvsrfdaa.g40","sequence":87,"delivery_count":1,"outcome":"Rescheduled { next_attempt_at: 2026-09-17T11:02:52.254849Z, counted: false }","target":"tachyon_serverless_application::services::invoke_async::dispatch"}
{"timestamp":"2026-09-17T11:02:52.266458Z","level":"INFO","message":"asynchronous run claimed","invocation_id":"inv_01m2qgghvp84m3trcvyvsrfdaa","attempt":1,"generation":41,"delivery_count":1,"target":"tachyon_serverless_application::services::invoke_async::dispatch"}
{"timestamp":"2026-09-17T11:02:52.266930Z","level":"INFO","message":"asynchronous invocation rescheduled","invocation_id":"inv_01m2qgghvp84m3trcvyvsrfdaa","next_attempt_at":"2026-09-17T11:02:52.366616+00:00","counted":false,"error_type":"Host.DispatcherFenced","target":"tachyon_serverless_application::services::invoke_async::dispatch"}
{"timestamp":"2026-09-17T11:02:52.270890Z","level":"INFO","message":"async dispatch: delivery handled","message_id":"inv_01m2qgghvp84m3trcvyvsrfdaa.g41","sequence":88,"delivery_count":1,"outcome":"Rescheduled { next_attempt_at: 2026-09-17T11:02:52.366616Z, counted: false }","target":"tachyon_serverless_application::services::invoke_async::dispatch"}
{"timestamp":"2026-09-17T11:02:52.377955Z","level":"INFO","message":"asynchronous run claimed","invocation_id":"inv_01m2qgghv3gkt9jqxtqe36w80k","attempt":1,"generation":37,"delivery_count":1,"target":"tachyon_serverless_application::services::invoke_async::dispatch"}
{"timestamp":"2026-09-17T11:02:52.378750Z","level":"INFO","message":"asynchronous invocation rescheduled","invocation_id":"inv_01m2qgghv3gkt9jqxtqe36w80k","next_attempt_at":"2026-09-17T11:02:52.478176+00:00","counted":false,"error_type":"Host.DispatcherFenced","target":"tachyon_serverless_application::services::invoke_async::dispatch"}
{"timestamp":"2026-09-17T11:02:52.379158Z","level":"INFO","message":"asynchronous run claimed","invocation_id":"inv_01m2qgghvp84m3trcvyvsrfdaa","attempt":1,"generation":42,"delivery_count":1,"target":"tachyon_serverless_application::services::invoke_async::dispatch"}
{"timestamp":"2026-09-17T11:02:52.383041Z","level":"INFO","message":"async dispatch: delivery handled","message_id":"inv_01m2qgghv3gkt9jqxtqe36w80k.g37","sequence":89,"delivery_count":1,"outcome":"Rescheduled { next_attempt_at: 2026-09-17T11:02:52.478176Z, counted: false }","target":"tachyon_serverless_application::services::invoke_async::dispatch"}
{"timestamp":"2026-09-17T11:02:52.383328Z","level":"INFO","message":"asynchronous invocation rescheduled","invocation_id":"inv_01m2qgghvp84m3trcvyvsrfdaa","next_attempt_at":"2026-09-17T11:02:52.842005+00:00","counted":false,"error_type":"Host.DispatcherFenced","target":"tachyon_serverless_application::services::invoke_async::dispatch"}
{"timestamp":"2026-09-17T11:02:52.387165Z","level":"INFO","message":"async dispatch: delivery handled","message_id":"inv_01m2qgghvp84m3trcvyvsrfdaa.g42","sequence":90,"delivery_count":1,"outcome":"Rescheduled { next_attempt_at: 2026-09-17T11:02:52.842005Z, counted: false }","target":"tachyon_serverless_application::services::invoke_async::dispatch"}
{"timestamp":"2026-09-17T11:02:52.489936Z","level":"INFO","message":"asynchronous run claimed","invocation_id":"inv_01m2qgghv3gkt9jqxtqe36w80k","attempt":1,"generation":38,"delivery_count":1,"target":"tachyon_serverless_application::services::invoke_async::dispatch"}
{"timestamp":"2026-09-17T11:02:52.490538Z","level":"INFO","message":"asynchronous invocation rescheduled","invocation_id":"inv_01m2qgghv3gkt9jqxtqe36w80k","next_attempt_at":"2026-09-17T11:02:53.138210+00:00","counted":false,"error_type":"Host.DispatcherFenced","target":"tachyon_serverless_application::services::invoke_async::dispatch"}
{"timestamp":"2026-09-17T11:02:52.495265Z","level":"INFO","message":"async dispatch: delivery handled","message_id":"inv_01m2qgghv3gkt9jqxtqe36w80k.g38","sequence":91,"delivery_count":1,"outcome":"Rescheduled { next_attempt_at: 2026-09-17T11:02:53.138210Z, counted: false }","target":"tachyon_serverless_application::services::invoke_async::dispatch"}
{"timestamp":"2026-09-17T11:02:52.902438Z","level":"INFO","message":"asynchronous run claimed","invocation_id":"inv_01m2qgghvp84m3trcvyvsrfdaa","attempt":1,"generation":43,"delivery_count":1,"target":"tachyon_serverless_application::services::invoke_async::dispatch"}
{"timestamp":"2026-09-17T11:02:52.902959Z","level":"INFO","message":"asynchronous invocation rescheduled","invocation_id":"inv_01m2qgghvp84m3trcvyvsrfdaa","next_attempt_at":"2026-09-17T11:02:53.656660+00:00","counted":false,"error_type":"Host.DispatcherFenced","target":"tachyon_serverless_application::services::invoke_async::dispatch"}
{"timestamp":"2026-09-17T11:02:52.903821Z","level":"INFO","message":"object retention pass","report":"GcReport { examined: 2, collected_expired: 0, collected_orphans: 0, kept_in_use: 0, kept_referenced: 2, incomplete_removed: 0, tombstones_purged: 0, failed: 0 }","target":"tachyon_serverless_gateway"}
{"timestamp":"2026-09-17T11:02:52.907634Z","level":"INFO","message":"async dispatch: delivery handled","message_id":"inv_01m2qgghvp84m3trcvyvsrfdaa.g43","sequence":92,"delivery_count":1,"outcome":"Rescheduled { next_attempt_at: 2026-09-17T11:02:53.656660Z, counted: false }","target":"tachyon_serverless_application::services::invoke_async::dispatch"}
{"timestamp":"2026-09-17T11:02:53.216430Z","level":"INFO","message":"asynchronous run claimed","invocation_id":"inv_01m2qgghv3gkt9jqxtqe36w80k","attempt":1,"generation":39,"delivery_count":1,"target":"tachyon_serverless_application::services::invoke_async::dispatch"}
{"timestamp":"2026-09-17T11:02:53.217119Z","level":"INFO","message":"asynchronous invocation rescheduled","invocation_id":"inv_01m2qgghv3gkt9jqxtqe36w80k","next_attempt_at":"2026-09-17T11:02:54.200712+00:00","counted":false,"error_type":"Host.DispatcherFenced","target":"tachyon_serverless_application::services::invoke_async::dispatch"}
{"timestamp":"2026-09-17T11:02:53.221572Z","level":"INFO","message":"async dispatch: delivery handled","message_id":"inv_01m2qgghv3gkt9jqxtqe36w80k.g39","sequence":93,"delivery_count":1,"outcome":"Rescheduled { next_attempt_at: 2026-09-17T11:02:54.200712Z, counted: false }","target":"tachyon_serverless_application::services::invoke_async::dispatch"}
{"timestamp":"2026-09-17T11:02:53.737597Z","level":"INFO","message":"asynchronous run claimed","invocation_id":"inv_01m2qgghvp84m3trcvyvsrfdaa","attempt":1,"generation":44,"delivery_count":1,"target":"tachyon_serverless_application::services::invoke_async::dispatch"}
{"timestamp":"2026-09-17T11:02:53.738449Z","level":"INFO","message":"asynchronous invocation rescheduled","invocation_id":"inv_01m2qgghvp84m3trcvyvsrfdaa","next_attempt_at":"2026-09-17T11:02:54.455904+00:00","counted":false,"error_type":"Host.DispatcherFenced","target":"tachyon_serverless_application::services::invoke_async::dispatch"}
{"timestamp":"2026-09-17T11:02:53.743055Z","level":"INFO","message":"async dispatch: delivery handled","message_id":"inv_01m2qgghvp84m3trcvyvsrfdaa.g44","sequence":94,"delivery_count":1,"outcome":"Rescheduled { next_attempt_at: 2026-09-17T11:02:54.455904Z, counted: false }","target":"tachyon_serverless_application::services::invoke_async::dispatch"}
{"timestamp":"2026-09-17T11:02:54.260585Z","level":"INFO","message":"asynchronous run claimed","invocation_id":"inv_01m2qgghv3gkt9jqxtqe36w80k","attempt":1,"generation":40,"delivery_count":1,"target":"tachyon_serverless_application::services::invoke_async::dispatch"}
{"timestamp":"2026-09-17T11:02:54.261669Z","level":"INFO","message":"asynchronous invocation rescheduled","invocation_id":"inv_01m2qgghv3gkt9jqxtqe36w80k","next_attempt_at":"2026-09-17T11:02:54.360988+00:00","counted":false,"error_type":"Host.DispatcherFenced","target":"tachyon_serverless_application::services::invoke_async::dispatch"}
{"timestamp":"2026-09-17T11:02:54.267170Z","level":"INFO","message":"async dispatch: delivery handled","message_id":"inv_01m2qgghv3gkt9jqxtqe36w80k.g40","sequence":95,"delivery_count":1,"outcome":"Rescheduled { next_attempt_at: 2026-09-17T11:02:54.360988Z, counted: false }","target":"tachyon_serverless_application::services::invoke_async::dispatch"}
{"timestamp":"2026-09-17T11:02:54.373174Z","level":"INFO","message":"asynchronous run claimed","invocation_id":"inv_01m2qgghv3gkt9jqxtqe36w80k","attempt":1,"generation":41,"delivery_count":1,"target":"tachyon_serverless_application::services::invoke_async::dispatch"}
{"timestamp":"2026-09-17T11:02:54.373963Z","level":"INFO","message":"asynchronous invocation rescheduled","invocation_id":"inv_01m2qgghv3gkt9jqxtqe36w80k","next_attempt_at":"2026-09-17T11:02:55.149464+00:00","counted":false,"error_type":"Host.DispatcherFenced","target":"tachyon_serverless_application::services::invoke_async::dispatch"}
{"timestamp":"2026-09-17T11:02:54.378315Z","level":"INFO","message":"async dispatch: delivery handled","message_id":"inv_01m2qgghv3gkt9jqxtqe36w80k.g41","sequence":96,"delivery_count":1,"outcome":"Rescheduled { next_attempt_at: 2026-09-17T11:02:55.149464Z, counted: false }","target":"tachyon_serverless_application::services::invoke_async::dispatch"}
{"timestamp":"2026-09-17T11:02:54.481300Z","level":"INFO","message":"asynchronous run claimed","invocation_id":"inv_01m2qgghvp84m3trcvyvsrfdaa","attempt":1,"generation":45,"delivery_count":1,"target":"tachyon_serverless_application::services::invoke_async::dispatch"}
{"timestamp":"2026-09-17T11:02:54.481875Z","level":"INFO","message":"asynchronous invocation rescheduled","invocation_id":"inv_01m2qgghvp84m3trcvyvsrfdaa","next_attempt_at":"2026-09-17T11:02:54.926496+00:00","counted":false,"error_type":"Host.DispatcherFenced","target":"tachyon_serverless_application::services::invoke_async::dispatch"}
{"timestamp":"2026-09-17T11:02:54.486500Z","level":"INFO","message":"async dispatch: delivery handled","message_id":"inv_01m2qgghvp84m3trcvyvsrfdaa.g45","sequence":97,"delivery_count":1,"outcome":"Rescheduled { next_attempt_at: 2026-09-17T11:02:54.926496Z, counted: false }","target":"tachyon_serverless_application::services::invoke_async::dispatch"}
{"timestamp":"2026-09-17T11:02:54.905252Z","level":"INFO","message":"object retention pass","report":"GcReport { examined: 2, collected_expired: 0, collected_orphans: 0, kept_in_use: 0, kept_referenced: 2, incomplete_removed: 0, tombstones_purged: 0, failed: 0 }","target":"tachyon_serverless_gateway"}
{"timestamp":"2026-09-17T11:02:55.000524Z","level":"INFO","message":"asynchronous run claimed","invocation_id":"inv_01m2qgghvp84m3trcvyvsrfdaa","attempt":1,"generation":46,"delivery_count":1,"target":"tachyon_serverless_application::services::invoke_async::dispatch"}
{"timestamp":"2026-09-17T11:02:55.001529Z","level":"INFO","message":"asynchronous invocation rescheduled","invocation_id":"inv_01m2qgghvp84m3trcvyvsrfdaa","next_attempt_at":"2026-09-17T11:02:55.570030+00:00","counted":false,"error_type":"Host.DispatcherFenced","target":"tachyon_serverless_application::services::invoke_async::dispatch"}
{"timestamp":"2026-09-17T11:02:55.006295Z","level":"INFO","message":"async dispatch: delivery handled","message_id":"inv_01m2qgghvp84m3trcvyvsrfdaa.g46","sequence":98,"delivery_count":1,"outcome":"Rescheduled { next_attempt_at: 2026-09-17T11:02:55.570030Z, counted: false }","target":"tachyon_serverless_application::services::invoke_async::dispatch"}
{"timestamp":"2026-09-17T11:02:55.215572Z","level":"INFO","message":"asynchronous run claimed","invocation_id":"inv_01m2qgghv3gkt9jqxtqe36w80k","attempt":1,"generation":42,"delivery_count":1,"target":"tachyon_serverless_application::services::invoke_async::dispatch"}
{"timestamp":"2026-09-17T11:02:55.216527Z","level":"INFO","message":"asynchronous invocation rescheduled","invocation_id":"inv_01m2qgghv3gkt9jqxtqe36w80k","next_attempt_at":"2026-09-17T11:02:55.441989+00:00","counted":false,"error_type":"Host.DispatcherFenced","target":"tachyon_serverless_application::services::invoke_async::dispatch"}
{"timestamp":"2026-09-17T11:02:55.220977Z","level":"INFO","message":"async dispatch: delivery handled","message_id":"inv_01m2qgghv3gkt9jqxtqe36w80k.g42","sequence":99,"delivery_count":1,"outcome":"Rescheduled { next_attempt_at: 2026-09-17T11:02:55.441989Z, counted: false }","target":"tachyon_serverless_application::services::invoke_async::dispatch"}
{"timestamp":"2026-09-17T11:02:55.526808Z","level":"INFO","message":"asynchronous run claimed","invocation_id":"inv_01m2qgghv3gkt9jqxtqe36w80k","attempt":1,"generation":43,"delivery_count":1,"target":"tachyon_serverless_application::services::invoke_async::dispatch"}
{"timestamp":"2026-09-17T11:02:55.532196Z","level":"INFO","message":"asynchronous invocation rescheduled","invocation_id":"inv_01m2qgghv3gkt9jqxtqe36w80k","next_attempt_at":"2026-09-17T11:02:56.476122+00:00","counted":false,"error_type":"Host.DispatcherFenced","target":"tachyon_serverless_application::services::invoke_async::dispatch"}
{"timestamp":"2026-09-17T11:02:55.536593Z","level":"INFO","message":"async dispatch: delivery handled","message_id":"inv_01m2qgghv3gkt9jqxtqe36w80k.g43","sequence":100,"delivery_count":1,"outcome":"Rescheduled { next_attempt_at: 2026-09-17T11:02:56.476122Z, counted: false }","target":"tachyon_serverless_application::services::invoke_async::dispatch"}
{"timestamp":"2026-09-17T11:02:55.643620Z","level":"INFO","message":"asynchronous run claimed","invocation_id":"inv_01m2qgghvp84m3trcvyvsrfdaa","attempt":1,"generation":47,"delivery_count":1,"target":"tachyon_serverless_application::services::invoke_async::dispatch"}
{"timestamp":"2026-09-17T11:02:55.644492Z","level":"INFO","message":"asynchronous invocation rescheduled","invocation_id":"inv_01m2qgghvp84m3trcvyvsrfdaa","next_attempt_at":"2026-09-17T11:02:56.128984+00:00","counted":false,"error_type":"Host.DispatcherFenced","target":"tachyon_serverless_application::services::invoke_async::dispatch"}
{"timestamp":"2026-09-17T11:02:55.648953Z","level":"INFO","message":"async dispatch: delivery handled","message_id":"inv_01m2qgghvp84m3trcvyvsrfdaa.g47","sequence":101,"delivery_count":1,"outcome":"Rescheduled { next_attempt_at: 2026-09-17T11:02:56.128984Z, counted: false }","target":"tachyon_serverless_application::services::invoke_async::dispatch"}
{"timestamp":"2026-09-17T11:02:56.162563Z","level":"INFO","message":"asynchronous run claimed","invocation_id":"inv_01m2qgghvp84m3trcvyvsrfdaa","attempt":1,"generation":48,"delivery_count":1,"target":"tachyon_serverless_application::services::invoke_async::dispatch"}
{"timestamp":"2026-09-17T11:02:56.170525Z","level":"INFO","message":"asynchronous invocation rescheduled","invocation_id":"inv_01m2qgghvp84m3trcvyvsrfdaa","next_attempt_at":"2026-09-17T11:02:56.303982+00:00","counted":false,"error_type":"Host.DispatcherFenced","target":"tachyon_serverless_application::services::invoke_async::dispatch"}
{"timestamp":"2026-09-17T11:02:56.179111Z","level":"INFO","message":"async dispatch: delivery handled","message_id":"inv_01m2qgghvp84m3trcvyvsrfdaa.g48","sequence":102,"delivery_count":1,"outcome":"Rescheduled { next_attempt_at: 2026-09-17T11:02:56.303982Z, counted: false }","target":"tachyon_serverless_application::services::invoke_async::dispatch"}
{"timestamp":"2026-09-17T11:02:56.380834Z","level":"INFO","message":"asynchronous run claimed","invocation_id":"inv_01m2qgghvp84m3trcvyvsrfdaa","attempt":1,"generation":49,"delivery_count":1,"target":"tachyon_serverless_application::services::invoke_async::dispatch"}
{"timestamp":"2026-09-17T11:02:56.387967Z","level":"INFO","message":"asynchronous invocation rescheduled","invocation_id":"inv_01m2qgghvp84m3trcvyvsrfdaa","next_attempt_at":"2026-09-17T11:02:56.550104+00:00","counted":false,"error_type":"Host.DispatcherFenced","target":"tachyon_serverless_application::services::invoke_async::dispatch"}
{"timestamp":"2026-09-17T11:02:56.393384Z","level":"INFO","message":"async dispatch: delivery handled","message_id":"inv_01m2qgghvp84m3trcvyvsrfdaa.g49","sequence":103,"delivery_count":1,"outcome":"Rescheduled { next_attempt_at: 2026-09-17T11:02:56.550104Z, counted: false }","target":"tachyon_serverless_application::services::invoke_async::dispatch"}
{"timestamp":"2026-09-17T11:02:56.501857Z","level":"INFO","message":"asynchronous run claimed","invocation_id":"inv_01m2qgghv3gkt9jqxtqe36w80k","attempt":1,"generation":44,"delivery_count":1,"target":"tachyon_serverless_application::services::invoke_async::dispatch"}
{"timestamp":"2026-09-17T11:02:56.502870Z","level":"INFO","message":"asynchronous invocation rescheduled","invocation_id":"inv_01m2qgghv3gkt9jqxtqe36w80k","next_attempt_at":"2026-09-17T11:02:56.620239+00:00","counted":false,"error_type":"Host.DispatcherFenced","target":"tachyon_serverless_application::services::invoke_async::dispatch"}
{"timestamp":"2026-09-17T11:02:56.508558Z","level":"INFO","message":"async dispatch: delivery handled","message_id":"inv_01m2qgghv3gkt9jqxtqe36w80k.g44","sequence":104,"delivery_count":1,"outcome":"Rescheduled { next_attempt_at: 2026-09-17T11:02:56.620239Z, counted: false }","target":"tachyon_serverless_application::services::invoke_async::dispatch"}
{"timestamp":"2026-09-17T11:02:56.610741Z","level":"INFO","message":"asynchronous run claimed","invocation_id":"inv_01m2qgghvp84m3trcvyvsrfdaa","attempt":1,"generation":50,"delivery_count":1,"target":"tachyon_serverless_application::services::invoke_async::dispatch"}
{"timestamp":"2026-09-17T11:02:56.611431Z","level":"INFO","message":"asynchronous invocation rescheduled","invocation_id":"inv_01m2qgghvp84m3trcvyvsrfdaa","next_attempt_at":"2026-09-17T11:02:57.460977+00:00","counted":false,"error_type":"Host.DispatcherFenced","target":"tachyon_serverless_application::services::invoke_async::dispatch"}
{"timestamp":"2026-09-17T11:02:56.615776Z","level":"INFO","message":"async dispatch: delivery handled","message_id":"inv_01m2qgghvp84m3trcvyvsrfdaa.g50","sequence":105,"delivery_count":1,"outcome":"Rescheduled { next_attempt_at: 2026-09-17T11:02:57.460977Z, counted: false }","target":"tachyon_serverless_application::services::invoke_async::dispatch"}
{"timestamp":"2026-09-17T11:02:56.718913Z","level":"INFO","message":"asynchronous run claimed","invocation_id":"inv_01m2qgghv3gkt9jqxtqe36w80k","attempt":1,"generation":45,"delivery_count":1,"target":"tachyon_serverless_application::services::invoke_async::dispatch"}
{"timestamp":"2026-09-17T11:02:56.719778Z","level":"INFO","message":"asynchronous invocation rescheduled","invocation_id":"inv_01m2qgghv3gkt9jqxtqe36w80k","next_attempt_at":"2026-09-17T11:02:56.928237+00:00","counted":false,"error_type":"Host.DispatcherFenced","target":"tachyon_serverless_application::services::invoke_async::dispatch"}
{"timestamp":"2026-09-17T11:02:56.724803Z","level":"INFO","message":"async dispatch: delivery handled","message_id":"inv_01m2qgghv3gkt9jqxtqe36w80k.g45","sequence":106,"delivery_count":1,"outcome":"Rescheduled { next_attempt_at: 2026-09-17T11:02:56.928237Z, counted: false }","target":"tachyon_serverless_application::services::invoke_async::dispatch"}
{"timestamp":"2026-09-17T11:02:56.905304Z","level":"INFO","message":"object retention pass","report":"GcReport { examined: 2, collected_expired: 0, collected_orphans: 0, kept_in_use: 0, kept_referenced: 2, incomplete_removed: 0, tombstones_purged: 0, failed: 0 }","target":"tachyon_serverless_gateway"}
{"timestamp":"2026-09-17T11:02:57.036038Z","level":"INFO","message":"asynchronous run claimed","invocation_id":"inv_01m2qgghv3gkt9jqxtqe36w80k","attempt":1,"generation":46,"delivery_count":1,"target":"tachyon_serverless_application::services::invoke_async::dispatch"}
{"timestamp":"2026-09-17T11:02:57.036948Z","level":"INFO","message":"asynchronous invocation rescheduled","invocation_id":"inv_01m2qgghv3gkt9jqxtqe36w80k","next_attempt_at":"2026-09-17T11:02:57.640469+00:00","counted":false,"error_type":"Host.DispatcherFenced","target":"tachyon_serverless_application::services::invoke_async::dispatch"}
{"timestamp":"2026-09-17T11:02:57.041408Z","level":"INFO","message":"async dispatch: delivery handled","message_id":"inv_01m2qgghv3gkt9jqxtqe36w80k.g46","sequence":107,"delivery_count":1,"outcome":"Rescheduled { next_attempt_at: 2026-09-17T11:02:57.640469Z, counted: false }","target":"tachyon_serverless_application::services::invoke_async::dispatch"}
{"timestamp":"2026-09-17T11:02:57.558862Z","level":"INFO","message":"asynchronous run claimed","invocation_id":"inv_01m2qgghvp84m3trcvyvsrfdaa","attempt":1,"generation":51,"delivery_count":1,"target":"tachyon_serverless_application::services::invoke_async::dispatch"}
{"timestamp":"2026-09-17T11:02:57.559726Z","level":"INFO","message":"asynchronous invocation rescheduled","invocation_id":"inv_01m2qgghvp84m3trcvyvsrfdaa","next_attempt_at":"2026-09-17T11:02:57.926159+00:00","counted":false,"error_type":"Host.DispatcherFenced","target":"tachyon_serverless_application::services::invoke_async::dispatch"}
{"timestamp":"2026-09-17T11:02:57.564411Z","level":"INFO","message":"async dispatch: delivery handled","message_id":"inv_01m2qgghvp84m3trcvyvsrfdaa.g51","sequence":108,"delivery_count":1,"outcome":"Rescheduled { next_attempt_at: 2026-09-17T11:02:57.926159Z, counted: false }","target":"tachyon_serverless_application::services::invoke_async::dispatch"}
{"timestamp":"2026-09-17T11:02:57.671087Z","level":"INFO","message":"asynchronous run claimed","invocation_id":"inv_01m2qgghv3gkt9jqxtqe36w80k","attempt":1,"generation":47,"delivery_count":1,"target":"tachyon_serverless_application::services::invoke_async::dispatch"}
{"timestamp":"2026-09-17T11:02:57.671815Z","level":"INFO","message":"asynchronous invocation rescheduled","invocation_id":"inv_01m2qgghv3gkt9jqxtqe36w80k","next_attempt_at":"2026-09-17T11:02:57.931361+00:00","counted":false,"error_type":"Host.DispatcherFenced","target":"tachyon_serverless_application::services::invoke_async::dispatch"}
{"timestamp":"2026-09-17T11:02:57.676309Z","level":"INFO","message":"async dispatch: delivery handled","message_id":"inv_01m2qgghv3gkt9jqxtqe36w80k.g47","sequence":109,"delivery_count":1,"outcome":"Rescheduled { next_attempt_at: 2026-09-17T11:02:57.931361Z, counted: false }","target":"tachyon_serverless_application::services::invoke_async::dispatch"}
{"timestamp":"2026-09-17T11:02:57.987673Z","level":"INFO","message":"asynchronous run claimed","invocation_id":"inv_01m2qgghvp84m3trcvyvsrfdaa","attempt":1,"generation":52,"delivery_count":1,"target":"tachyon_serverless_application::services::invoke_async::dispatch"}
{"timestamp":"2026-09-17T11:02:57.993558Z","level":"INFO","message":"asynchronous invocation rescheduled","invocation_id":"inv_01m2qgghvp84m3trcvyvsrfdaa","next_attempt_at":"2026-09-17T11:02:58.690026+00:00","counted":false,"error_type":"Host.DispatcherFenced","target":"tachyon_serverless_application::services::invoke_async::dispatch"}
{"timestamp":"2026-09-17T11:02:57.999359Z","level":"INFO","message":"asynchronous run claimed","invocation_id":"inv_01m2qgghv3gkt9jqxtqe36w80k","attempt":1,"generation":48,"delivery_count":1,"target":"tachyon_serverless_application::services::invoke_async::dispatch"}
{"timestamp":"2026-09-17T11:02:57.999579Z","level":"INFO","message":"async dispatch: delivery handled","message_id":"inv_01m2qgghvp84m3trcvyvsrfdaa.g52","sequence":110,"delivery_count":1,"outcome":"Rescheduled { next_attempt_at: 2026-09-17T11:02:58.690026Z, counted: false }","target":"tachyon_serverless_application::services::invoke_async::dispatch"}
{"timestamp":"2026-09-17T11:02:58.000274Z","level":"INFO","message":"asynchronous invocation rescheduled","invocation_id":"inv_01m2qgghv3gkt9jqxtqe36w80k","next_attempt_at":"2026-09-17T11:02:58.591657+00:00","counted":false,"error_type":"Host.DispatcherFenced","target":"tachyon_serverless_application::services::invoke_async::dispatch"}
{"timestamp":"2026-09-17T11:02:58.004699Z","level":"INFO","message":"async dispatch: delivery handled","message_id":"inv_01m2qgghv3gkt9jqxtqe36w80k.g48","sequence":111,"delivery_count":1,"outcome":"Rescheduled { next_attempt_at: 2026-09-17T11:02:58.591657Z, counted: false }","target":"tachyon_serverless_application::services::invoke_async::dispatch"}
{"timestamp":"2026-09-17T11:02:58.616143Z","level":"INFO","message":"asynchronous run claimed","invocation_id":"inv_01m2qgghv3gkt9jqxtqe36w80k","attempt":1,"generation":49,"delivery_count":1,"target":"tachyon_serverless_application::services::invoke_async::dispatch"}
{"timestamp":"2026-09-17T11:02:58.620624Z","level":"INFO","message":"asynchronous invocation rescheduled","invocation_id":"inv_01m2qgghv3gkt9jqxtqe36w80k","next_attempt_at":"2026-09-17T11:02:58.834157+00:00","counted":false,"error_type":"Host.DispatcherFenced","target":"tachyon_serverless_application::services::invoke_async::dispatch"}
{"timestamp":"2026-09-17T11:02:58.625378Z","level":"INFO","message":"async dispatch: delivery handled","message_id":"inv_01m2qgghv3gkt9jqxtqe36w80k.g49","sequence":112,"delivery_count":1,"outcome":"Rescheduled { next_attempt_at: 2026-09-17T11:02:58.834157Z, counted: false }","target":"tachyon_serverless_application::services::invoke_async::dispatch"}
{"timestamp":"2026-09-17T11:02:58.731667Z","level":"INFO","message":"asynchronous run claimed","invocation_id":"inv_01m2qgghvp84m3trcvyvsrfdaa","attempt":1,"generation":53,"delivery_count":1,"target":"tachyon_serverless_application::services::invoke_async::dispatch"}
{"timestamp":"2026-09-17T11:02:58.732213Z","level":"INFO","message":"asynchronous invocation rescheduled","invocation_id":"inv_01m2qgghvp84m3trcvyvsrfdaa","next_attempt_at":"2026-09-17T11:02:59.080841+00:00","counted":false,"error_type":"Host.DispatcherFenced","target":"tachyon_serverless_application::services::invoke_async::dispatch"}
{"timestamp":"2026-09-17T11:02:58.736415Z","level":"INFO","message":"async dispatch: delivery handled","message_id":"inv_01m2qgghvp84m3trcvyvsrfdaa.g53","sequence":113,"delivery_count":1,"outcome":"Rescheduled { next_attempt_at: 2026-09-17T11:02:59.080841Z, counted: false }","target":"tachyon_serverless_application::services::invoke_async::dispatch"}
{"timestamp":"2026-09-17T11:02:58.905014Z","level":"INFO","message":"object retention pass","report":"GcReport { examined: 2, collected_expired: 0, collected_orphans: 0, kept_in_use: 0, kept_referenced: 2, incomplete_removed: 0, tombstones_purged: 0, failed: 0 }","target":"tachyon_serverless_gateway"}
{"timestamp":"2026-09-17T11:02:58.945097Z","level":"INFO","message":"asynchronous run claimed","invocation_id":"inv_01m2qgghv3gkt9jqxtqe36w80k","attempt":1,"generation":50,"delivery_count":1,"target":"tachyon_serverless_application::services::invoke_async::dispatch"}
{"timestamp":"2026-09-17T11:02:58.945862Z","level":"INFO","message":"asynchronous invocation rescheduled","invocation_id":"inv_01m2qgghv3gkt9jqxtqe36w80k","next_attempt_at":"2026-09-17T11:02:59.621439+00:00","counted":false,"error_type":"Host.DispatcherFenced","target":"tachyon_serverless_application::services::invoke_async::dispatch"}
{"timestamp":"2026-09-17T11:02:58.950325Z","level":"INFO","message":"async dispatch: delivery handled","message_id":"inv_01m2qgghv3gkt9jqxtqe36w80k.g50","sequence":114,"delivery_count":1,"outcome":"Rescheduled { next_attempt_at: 2026-09-17T11:02:59.621439Z, counted: false }","target":"tachyon_serverless_application::services::invoke_async::dispatch"}
{"timestamp":"2026-09-17T11:02:59.159651Z","level":"INFO","message":"asynchronous run claimed","invocation_id":"inv_01m2qgghvp84m3trcvyvsrfdaa","attempt":1,"generation":54,"delivery_count":1,"target":"tachyon_serverless_application::services::invoke_async::dispatch"}
{"timestamp":"2026-09-17T11:02:59.160311Z","level":"INFO","message":"asynchronous invocation rescheduled","invocation_id":"inv_01m2qgghvp84m3trcvyvsrfdaa","next_attempt_at":"2026-09-17T11:02:59.419930+00:00","counted":false,"error_type":"Host.DispatcherFenced","target":"tachyon_serverless_application::services::invoke_async::dispatch"}
{"timestamp":"2026-09-17T11:02:59.164945Z","level":"INFO","message":"async dispatch: delivery handled","message_id":"inv_01m2qgghvp84m3trcvyvsrfdaa.g54","sequence":115,"delivery_count":1,"outcome":"Rescheduled { next_attempt_at: 2026-09-17T11:02:59.419930Z, counted: false }","target":"tachyon_serverless_application::services::invoke_async::dispatch"}
{"timestamp":"2026-09-17T11:02:59.471473Z","level":"INFO","message":"asynchronous run claimed","invocation_id":"inv_01m2qgghvp84m3trcvyvsrfdaa","attempt":1,"generation":55,"delivery_count":1,"target":"tachyon_serverless_application::services::invoke_async::dispatch"}
{"timestamp":"2026-09-17T11:02:59.472282Z","level":"INFO","message":"asynchronous invocation rescheduled","invocation_id":"inv_01m2qgghvp84m3trcvyvsrfdaa","next_attempt_at":"2026-09-17T11:02:59.774759+00:00","counted":false,"error_type":"Host.DispatcherFenced","target":"tachyon_serverless_application::services::invoke_async::dispatch"}
{"timestamp":"2026-09-17T11:02:59.480419Z","level":"INFO","message":"async dispatch: delivery handled","message_id":"inv_01m2qgghvp84m3trcvyvsrfdaa.g55","sequence":116,"delivery_count":1,"outcome":"Rescheduled { next_attempt_at: 2026-09-17T11:02:59.774759Z, counted: false }","target":"tachyon_serverless_application::services::invoke_async::dispatch"}
{"timestamp":"2026-09-17T11:02:59.681381Z","level":"INFO","message":"asynchronous run claimed","invocation_id":"inv_01m2qgghv3gkt9jqxtqe36w80k","attempt":1,"generation":51,"delivery_count":1,"target":"tachyon_serverless_application::services::invoke_async::dispatch"}
{"timestamp":"2026-09-17T11:02:59.681961Z","level":"INFO","message":"asynchronous invocation rescheduled","invocation_id":"inv_01m2qgghv3gkt9jqxtqe36w80k","next_attempt_at":"2026-09-17T11:03:00.356579+00:00","counted":false,"error_type":"Host.DispatcherFenced","target":"tachyon_serverless_application::services::invoke_async::dispatch"}
{"timestamp":"2026-09-17T11:02:59.686663Z","level":"INFO","message":"async dispatch: delivery handled","message_id":"inv_01m2qgghv3gkt9jqxtqe36w80k.g51","sequence":117,"delivery_count":1,"outcome":"Rescheduled { next_attempt_at: 2026-09-17T11:03:00.356579Z, counted: false }","target":"tachyon_serverless_application::services::invoke_async::dispatch"}
{"timestamp":"2026-09-17T11:02:59.789885Z","level":"INFO","message":"asynchronous run claimed","invocation_id":"inv_01m2qgghvp84m3trcvyvsrfdaa","attempt":1,"generation":56,"delivery_count":1,"target":"tachyon_serverless_application::services::invoke_async::dispatch"}
{"timestamp":"2026-09-17T11:02:59.790567Z","level":"INFO","message":"asynchronous invocation rescheduled","invocation_id":"inv_01m2qgghvp84m3trcvyvsrfdaa","next_attempt_at":"2026-09-17T11:03:00.503107+00:00","counted":false,"error_type":"Host.DispatcherFenced","target":"tachyon_serverless_application::services::invoke_async::dispatch"}
{"timestamp":"2026-09-17T11:02:59.798687Z","level":"INFO","message":"async dispatch: delivery handled","message_id":"inv_01m2qgghvp84m3trcvyvsrfdaa.g56","sequence":118,"delivery_count":1,"outcome":"Rescheduled { next_attempt_at: 2026-09-17T11:03:00.503107Z, counted: false }","target":"tachyon_serverless_application::services::invoke_async::dispatch"}
{"timestamp":"2026-09-17T11:03:00.409027Z","level":"INFO","message":"asynchronous run claimed","invocation_id":"inv_01m2qgghv3gkt9jqxtqe36w80k","attempt":1,"generation":52,"delivery_count":1,"target":"tachyon_serverless_application::services::invoke_async::dispatch"}
{"timestamp":"2026-09-17T11:03:00.410236Z","level":"INFO","message":"asynchronous invocation rescheduled","invocation_id":"inv_01m2qgghv3gkt9jqxtqe36w80k","next_attempt_at":"2026-09-17T11:03:01.168540+00:00","counted":false,"error_type":"Host.DispatcherFenced","target":"tachyon_serverless_application::services::invoke_async::dispatch"}
{"timestamp":"2026-09-17T11:03:00.415432Z","level":"INFO","message":"async dispatch: delivery handled","message_id":"inv_01m2qgghv3gkt9jqxtqe36w80k.g52","sequence":119,"delivery_count":1,"outcome":"Rescheduled { next_attempt_at: 2026-09-17T11:03:01.168540Z, counted: false }","target":"tachyon_serverless_application::services::invoke_async::dispatch"}
{"timestamp":"2026-09-17T11:03:00.522620Z","level":"INFO","message":"asynchronous run claimed","invocation_id":"inv_01m2qgghvp84m3trcvyvsrfdaa","attempt":1,"generation":57,"delivery_count":1,"target":"tachyon_serverless_application::services::invoke_async::dispatch"}
{"timestamp":"2026-09-17T11:03:00.523459Z","level":"INFO","message":"asynchronous invocation rescheduled","invocation_id":"inv_01m2qgghvp84m3trcvyvsrfdaa","next_attempt_at":"2026-09-17T11:03:00.622898+00:00","counted":false,"error_type":"Host.DispatcherFenced","target":"tachyon_serverless_application::services::invoke_async::dispatch"}
{"timestamp":"2026-09-17T11:03:00.528233Z","level":"INFO","message":"async dispatch: delivery handled","message_id":"inv_01m2qgghvp84m3trcvyvsrfdaa.g57","sequence":120,"delivery_count":1,"outcome":"Rescheduled { next_attempt_at: 2026-09-17T11:03:00.622898Z, counted: false }","target":"tachyon_serverless_application::services::invoke_async::dispatch"}
{"timestamp":"2026-09-17T11:03:00.630300Z","level":"INFO","message":"asynchronous run claimed","invocation_id":"inv_01m2qgghvp84m3trcvyvsrfdaa","attempt":1,"generation":58,"delivery_count":1,"target":"tachyon_serverless_application::services::invoke_async::dispatch"}
{"timestamp":"2026-09-17T11:03:00.631150Z","level":"INFO","message":"asynchronous invocation rescheduled","invocation_id":"inv_01m2qgghvp84m3trcvyvsrfdaa","next_attempt_at":"2026-09-17T11:03:00.730544+00:00","counted":false,"error_type":"Host.DispatcherFenced","target":"tachyon_serverless_application::services::invoke_async::dispatch"}
{"timestamp":"2026-09-17T11:03:00.636369Z","level":"INFO","message":"async dispatch: delivery handled","message_id":"inv_01m2qgghvp84m3trcvyvsrfdaa.g58","sequence":121,"delivery_count":1,"outcome":"Rescheduled { next_attempt_at: 2026-09-17T11:03:00.730544Z, counted: false }","target":"tachyon_serverless_application::services::invoke_async::dispatch"}
{"timestamp":"2026-09-17T11:03:00.738364Z","level":"INFO","message":"asynchronous run claimed","invocation_id":"inv_01m2qgghvp84m3trcvyvsrfdaa","attempt":1,"generation":59,"delivery_count":1,"target":"tachyon_serverless_application::services::invoke_async::dispatch"}
{"timestamp":"2026-09-17T11:03:00.740152Z","level":"INFO","message":"asynchronous invocation rescheduled","invocation_id":"inv_01m2qgghvp84m3trcvyvsrfdaa","next_attempt_at":"2026-09-17T11:03:01.281596+00:00","counted":false,"error_type":"Host.DispatcherFenced","target":"tachyon_serverless_application::services::invoke_async::dispatch"}
{"timestamp":"2026-09-17T11:03:00.744493Z","level":"INFO","message":"async dispatch: delivery handled","message_id":"inv_01m2qgghvp84m3trcvyvsrfdaa.g59","sequence":122,"delivery_count":1,"outcome":"Rescheduled { next_attempt_at: 2026-09-17T11:03:01.281596Z, counted: false }","target":"tachyon_serverless_application::services::invoke_async::dispatch"}
{"timestamp":"2026-09-17T11:03:00.905117Z","level":"INFO","message":"object retention pass","report":"GcReport { examined: 2, collected_expired: 0, collected_orphans: 0, kept_in_use: 0, kept_referenced: 2, incomplete_removed: 0, tombstones_purged: 0, failed: 0 }","target":"tachyon_serverless_gateway"}
{"timestamp":"2026-09-17T11:03:01.223652Z","level":"INFO","message":"SIGTERM received","target":"tachyon_serverless_gateway"}
{"timestamp":"2026-09-17T11:03:01.223734Z","level":"INFO","message":"shutdown requested; cancelling in-flight invocations","target":"tachyon_serverless_gateway"}
{"timestamp":"2026-09-17T11:03:01.224208Z","level":"INFO","message":"final usage collection","report":"CollectReport { batches: 0, read: 0, inserted: 0, duplicates: 0, cursor_seq: 55 }","target":"tachyon_serverless_gateway"}
{"timestamp":"2026-09-17T11:03:01.226712Z","level":"INFO","message":"gateway stopped","target":"tachyon_serverless_gateway"}
{"timestamp":"2026-09-17T11:03:01.226951Z","level":"INFO","message":"event: closed","target":"async_nats"}

===== a start (failpoints: none) 11:03:01 =====
{"timestamp":"2026-09-17T11:03:01.377781Z","level":"INFO","message":"configuration loaded","config":"/private/var/folders/z7/khzdjrt95cg_fcmcnh4j1b5h0000gn/T/tsls-chaos.96Ungd/gw-a.toml","target":"tachyon_serverless_gateway"}
{"timestamp":"2026-09-17T11:03:01.380564Z","level":"INFO","message":"connected successfully","server":"61313","max_payload":"1048576","target":"async_nats::connector"}
{"timestamp":"2026-09-17T11:03:01.380804Z","level":"INFO","message":"event: connected","target":"async_nats"}
{"timestamp":"2026-09-17T11:03:01.394536Z","level":"INFO","message":"JetStream queue connected and stream bootstrapped","url":"nats://127.0.0.1:61313","stream":"TACHYON_EVENTS","target":"tachyon_serverless_gateway::durable"}
{"timestamp":"2026-09-17T11:03:01.398768Z","level":"INFO","message":"state store opened","path":"/private/var/folders/z7/khzdjrt95cg_fcmcnh4j1b5h0000gn/T/tsls-chaos.96Ungd/data/state.db","schema_version":8,"migrations_applied":"[]","imported_state_json":"None","settled_invocations":0,"settled_attempts":0,"settled_environments":0,"released_leases":0,"dropped_idempotency_keys":0,"purged_idempotency_keys":0,"outputs_purged":0,"target":"tachyon_serverless_application::app"}
{"timestamp":"2026-09-17T11:03:01.399495Z","level":"INFO","message":"dispatcher registered","dispatcher_id":"dsp_01m2qghg0py703ak072hkkdp07","instance":"chaos-a","pid":88986,"lease_ttl_seconds":6,"target":"tachyon_serverless_application::services::dispatcher"}
{"timestamp":"2026-09-17T11:03:01.400406Z","level":"WARN","message":"reclaimed the work of dispatchers that lost their lease","dispatcher_id":"dsp_01m2qghg0py703ak072hkkdp07","reclaimed_dispatchers":"[DispatcherId(dsp_01m2qgfwqy7yy317tyt5svt4mf)]","leases":0,"invocations":0,"attempts":0,"fenced":0,"target":"tachyon_serverless_application::services::dispatcher"}
{"timestamp":"2026-09-17T11:03:01.403101Z","level":"INFO","message":"application bootstrapped","profile":"dev","provider":"process","dev_only":true,"environment_reuse":false,"reuse_verified":false,"reuse_reason":"[pool] enabled is false","reuse_disabled":"Some(Configuration)","idle_quiesce":"unsupported","idle_resume":"unsupported","data_dir":"/private/var/folders/z7/khzdjrt95cg_fcmcnh4j1b5h0000gn/T/tsls-chaos.96Ungd/data","store":"sqlite","dispatcher_id":"dsp_01m2qghg0py703ak072hkkdp07","node":"local","node_region":"none","node_memory_mib":"None","max_concurrency":8,"queue":"nats","objects":"filesystem","invoke_async":true,"triggers":true,"target":"tachyon_serverless_application::app"}
{"timestamp":"2026-09-17T11:03:01.404031Z","level":"INFO","message":"startup reconcile finished","provider":"process","found":0,"adopted":0,"terminated":0,"disowned":0,"failed":0,"lost":0,"foreign":0,"reclaimed_dispatchers":0,"fenced_terminated":0,"fenced_pending":0,"target":"tachyon_serverless_application::services::reconcile"}
{"timestamp":"2026-09-17T11:03:01.404195Z","level":"INFO","message":"gateway listening","addr":"127.0.0.1:61317","profile":"dev","provider":"process","target":"tachyon_serverless_gateway"}
{"timestamp":"2026-09-17T11:03:01.407037Z","level":"INFO","message":"asynchronous dispatcher started","workers":2,"owner":"dsp_01m2qghg0py703ak072hkkdp07","target":"tachyon_serverless_gateway"}
{"timestamp":"2026-09-17T11:03:01.421143Z","level":"INFO","message":"late scheduled times skipped by the missed-run policy","trigger_id":"trg_01m2qgg045863tn0d8s15qtv7v","skipped":15,"policy":"Skip","target":"tachyon_serverless_application::services::triggers"}
{"timestamp":"2026-09-17T11:03:01.421509Z","level":"INFO","message":"object retention pass","report":"GcReport { examined: 2, collected_expired: 0, collected_orphans: 0, kept_in_use: 0, kept_referenced: 2, incomplete_removed: 0, tombstones_purged: 0, failed: 0 }","target":"tachyon_serverless_gateway"}
{"timestamp":"2026-09-17T11:03:01.424713Z","level":"INFO","message":"asynchronous run claimed","invocation_id":"inv_01m2qgghv3gkt9jqxtqe36w80k","attempt":1,"generation":53,"delivery_count":1,"target":"tachyon_serverless_application::services::invoke_async::dispatch"}
{"timestamp":"2026-09-17T11:03:01.438146Z","level":"INFO","message":"asynchronous run claimed","invocation_id":"inv_01m2qgghvp84m3trcvyvsrfdaa","attempt":1,"generation":60,"delivery_count":1,"target":"tachyon_serverless_application::services::invoke_async::dispatch"}
{"timestamp":"2026-09-17T11:03:01.890992Z","level":"INFO","message":"bridge spawned","environment_id":"env_01m2qghg1n2mdhe312vd1qzan9","pid":89007,"target":"tachyon_serverless_provider_process"}
{"timestamp":"2026-09-17T11:03:01.940192Z","level":"INFO","message":"invocation finished","invocation_id":"inv_01m2qgghv3gkt9jqxtqe36w80k","status":"succeeded (async run)","handler_ms":7,"environment_boot_ms":11,"runtime_init_ms":27,"target":"tachyon_serverless_application::services::invoke"}
{"timestamp":"2026-09-17T11:03:01.941298Z","level":"INFO","message":"terminating bridge","environment_id":"env_01m2qghg1n2mdhe312vd1qzan9","pid":89007,"reason":"Completed","graceful":true,"target":"tachyon_serverless_provider_process"}
{"timestamp":"2026-09-17T11:03:01.950295Z","level":"INFO","message":"asynchronous invocation settled","invocation_id":"inv_01m2qgghv3gkt9jqxtqe36w80k","status":"succeeded","target":"tachyon_serverless_application::services::invoke_async::dispatch"}
{"timestamp":"2026-09-17T11:03:01.957320Z","level":"INFO","message":"async dispatch: delivery handled","message_id":"inv_01m2qgghv3gkt9jqxtqe36w80k.g53","sequence":123,"delivery_count":1,"outcome":"Completed { status: \"succeeded\" }","target":"tachyon_serverless_application::services::invoke_async::dispatch"}
{"timestamp":"2026-09-17T11:03:02.006527Z","level":"INFO","message":"bridge spawned","environment_id":"env_01m2qghg1ywyr7msxjm3v0qwq3","pid":89013,"target":"tachyon_serverless_provider_process"}
{"timestamp":"2026-09-17T11:03:02.010838Z","level":"INFO","message":"asynchronous invocation accepted","invocation_id":"inv_01m2qghgkmacmrvcgyyf8fxmwy","tenant_id":"tn_01hzzzzzzzzzzzzzzzzzzzzzza","revision_id":"rev_01m2qgfyq0m8phvvn089sz0n0h","input_bytes":180,"input_storage":"inline","target":"tachyon_serverless_application::services::invoke_async"}
{"timestamp":"2026-09-17T11:03:02.011032Z","level":"INFO","message":"cron trigger fired","trigger_id":"trg_01m2qgg045863tn0d8s15qtv7v","scheduled_at":"2026-09-17T11:03:02Z","invocation_id":"inv_01m2qghgkmacmrvcgyyf8fxmwy","revision_id":"rev_01m2qgfyq0m8phvvn089sz0n0h","replayed":false,"target":"tachyon_serverless_application::services::triggers"}
{"timestamp":"2026-09-17T11:03:02.028036Z","level":"INFO","message":"asynchronous run claimed","invocation_id":"inv_01m2qghgkmacmrvcgyyf8fxmwy","attempt":1,"generation":0,"delivery_count":1,"target":"tachyon_serverless_application::services::invoke_async::dispatch"}
{"timestamp":"2026-09-17T11:03:02.089108Z","level":"INFO","message":"invocation finished","invocation_id":"inv_01m2qgghvp84m3trcvyvsrfdaa","status":"succeeded (async run)","handler_ms":9,"environment_boot_ms":24,"runtime_init_ms":39,"target":"tachyon_serverless_application::services::invoke"}
{"timestamp":"2026-09-17T11:03:02.093317Z","level":"INFO","message":"terminating bridge","environment_id":"env_01m2qghg1ywyr7msxjm3v0qwq3","pid":89013,"reason":"Completed","graceful":true,"target":"tachyon_serverless_provider_process"}
{"timestamp":"2026-09-17T11:03:02.104507Z","level":"INFO","message":"asynchronous invocation settled","invocation_id":"inv_01m2qgghvp84m3trcvyvsrfdaa","status":"succeeded","target":"tachyon_serverless_application::services::invoke_async::dispatch"}
{"timestamp":"2026-09-17T11:03:02.111236Z","level":"INFO","message":"async dispatch: delivery handled","message_id":"inv_01m2qgghvp84m3trcvyvsrfdaa.g60","sequence":124,"delivery_count":1,"outcome":"Completed { status: \"succeeded\" }","target":"tachyon_serverless_application::services::invoke_async::dispatch"}
{"timestamp":"2026-09-17T11:03:02.477073Z","level":"INFO","message":"bridge spawned","environment_id":"env_01m2qghgmq2y6t81bvq1c0hbm8","pid":89020,"target":"tachyon_serverless_provider_process"}
{"timestamp":"2026-09-17T11:03:02.524007Z","level":"INFO","message":"invocation finished","invocation_id":"inv_01m2qghgkmacmrvcgyyf8fxmwy","status":"succeeded (async run)","handler_ms":1,"environment_boot_ms":19,"runtime_init_ms":25,"target":"tachyon_serverless_application::services::invoke"}
{"timestamp":"2026-09-17T11:03:02.526025Z","level":"INFO","message":"terminating bridge","environment_id":"env_01m2qghgmq2y6t81bvq1c0hbm8","pid":89020,"reason":"Completed","graceful":true,"target":"tachyon_serverless_provider_process"}
{"timestamp":"2026-09-17T11:03:02.527627Z","level":"INFO","message":"bridge spawned","environment_id":"env_01m2qghgp4xgnys97j8xa752hw","pid":89022,"target":"tachyon_serverless_provider_process"}
{"timestamp":"2026-09-17T11:03:02.532603Z","level":"INFO","message":"asynchronous invocation settled","invocation_id":"inv_01m2qghgkmacmrvcgyyf8fxmwy","status":"succeeded","target":"tachyon_serverless_application::services::invoke_async::dispatch"}
{"timestamp":"2026-09-17T11:03:02.542853Z","level":"INFO","message":"async dispatch: delivery handled","message_id":"inv_01m2qghgkmacmrvcgyyf8fxmwy","sequence":125,"delivery_count":1,"outcome":"Completed { status: \"succeeded\" }","target":"tachyon_serverless_application::services::invoke_async::dispatch"}
{"timestamp":"2026-09-17T11:03:02.557887Z","level":"INFO","message":"invocation finished","invocation_id":"inv_01m2qghgp2pveg5317derx0ndq","status":"succeeded","handler_ms":1,"environment_boot_ms":9,"runtime_init_ms":17,"target":"tachyon_serverless_application::services::invoke"}
{"timestamp":"2026-09-17T11:03:02.559910Z","level":"INFO","message":"terminating bridge","environment_id":"env_01m2qghgp4xgnys97j8xa752hw","pid":89022,"reason":"Completed","graceful":true,"target":"tachyon_serverless_provider_process"}
{"timestamp":"2026-09-17T11:03:02.718891Z","level":"INFO","message":"asynchronous invocation accepted","invocation_id":"inv_01m2qghh9xpynp62yka0acj8z6","tenant_id":"tn_01hzzzzzzzzzzzzzzzzzzzzzza","revision_id":"rev_01m2qgfxp8985c7ra5frxbgq97","input_bytes":48,"input_storage":"inline","target":"tachyon_serverless_application::services::invoke_async"}
{"timestamp":"2026-09-17T11:03:02.730847Z","level":"INFO","message":"asynchronous run claimed","invocation_id":"inv_01m2qghh9xpynp62yka0acj8z6","attempt":1,"generation":0,"delivery_count":1,"target":"tachyon_serverless_application::services::invoke_async::dispatch"}
{"timestamp":"2026-09-17T11:03:02.953476Z","level":"INFO","message":"asynchronous invocation accepted","invocation_id":"inv_01m2qghhgaz14wzrj4p4jr6rzq","tenant_id":"tn_01hzzzzzzzzzzzzzzzzzzzzzza","revision_id":"rev_01m2qgfxp8985c7ra5frxbgq97","input_bytes":4128,"input_storage":"object","target":"tachyon_serverless_application::services::invoke_async"}
{"timestamp":"2026-09-17T11:03:02.966428Z","level":"INFO","message":"asynchronous run claimed","invocation_id":"inv_01m2qghhgaz14wzrj4p4jr6rzq","attempt":1,"generation":0,"delivery_count":1,"target":"tachyon_serverless_application::services::invoke_async::dispatch"}
{"timestamp":"2026-09-17T11:03:03.120152Z","level":"INFO","message":"asynchronous invocation accepted","invocation_id":"inv_01m2qghhpe7g16rtm9ewzp4wak","tenant_id":"tn_01hzzzzzzzzzzzzzzzzzzzzzza","revision_id":"rev_01m2qgfyq0m8phvvn089sz0n0h","input_bytes":191,"input_storage":"inline","target":"tachyon_serverless_application::services::invoke_async"}
{"timestamp":"2026-09-17T11:03:03.120276Z","level":"INFO","message":"webhook trigger fired","trigger_id":"trg_01m2qgg04thwxjmmcf2nxjnrfa","event_id":"evt-post-w1","invocation_id":"inv_01m2qghhpe7g16rtm9ewzp4wak","revision_id":"rev_01m2qgfyq0m8phvvn089sz0n0h","replayed":false,"target":"tachyon_serverless_application::services::triggers"}
{"timestamp":"2026-09-17T11:03:03.175561Z","level":"INFO","message":"bridge spawned","environment_id":"env_01m2qghhabgt3qsmp48rrk6h88","pid":89107,"target":"tachyon_serverless_provider_process"}
{"timestamp":"2026-09-17T11:03:03.212499Z","level":"INFO","message":"invocation finished","invocation_id":"inv_01m2qghh9xpynp62yka0acj8z6","status":"succeeded (async run)","handler_ms":2,"environment_boot_ms":11,"runtime_init_ms":20,"target":"tachyon_serverless_application::services::invoke"}
{"timestamp":"2026-09-17T11:03:03.214742Z","level":"INFO","message":"terminating bridge","environment_id":"env_01m2qghhabgt3qsmp48rrk6h88","pid":89107,"reason":"Completed","graceful":true,"target":"tachyon_serverless_provider_process"}
{"timestamp":"2026-09-17T11:03:03.223260Z","level":"INFO","message":"asynchronous invocation settled","invocation_id":"inv_01m2qghh9xpynp62yka0acj8z6","status":"succeeded","target":"tachyon_serverless_application::services::invoke_async::dispatch"}
{"timestamp":"2026-09-17T11:03:03.230471Z","level":"INFO","message":"async dispatch: delivery handled","message_id":"inv_01m2qghh9xpynp62yka0acj8z6","sequence":126,"delivery_count":1,"outcome":"Completed { status: \"succeeded\" }","target":"tachyon_serverless_application::services::invoke_async::dispatch"}
{"timestamp":"2026-09-17T11:03:03.235867Z","level":"INFO","message":"asynchronous run claimed","invocation_id":"inv_01m2qghhpe7g16rtm9ewzp4wak","attempt":1,"generation":0,"delivery_count":1,"target":"tachyon_serverless_application::services::invoke_async::dispatch"}
{"timestamp":"2026-09-17T11:03:03.415211Z","level":"INFO","message":"object retention pass","report":"GcReport { examined: 2, collected_expired: 0, collected_orphans: 0, kept_in_use: 0, kept_referenced: 2, incomplete_removed: 0, tombstones_purged: 0, failed: 0 }","target":"tachyon_serverless_gateway"}
{"timestamp":"2026-09-17T11:03:03.435940Z","level":"INFO","message":"bridge spawned","environment_id":"env_01m2qghhj2z3zsv2x50sp1b3df","pid":89110,"target":"tachyon_serverless_provider_process"}
{"timestamp":"2026-09-17T11:03:03.515031Z","level":"INFO","message":"invocation finished","invocation_id":"inv_01m2qghhgaz14wzrj4p4jr6rzq","status":"succeeded (async run)","handler_ms":23,"environment_boot_ms":15,"runtime_init_ms":37,"target":"tachyon_serverless_application::services::invoke"}
{"timestamp":"2026-09-17T11:03:03.519863Z","level":"INFO","message":"terminating bridge","environment_id":"env_01m2qghhj2z3zsv2x50sp1b3df","pid":89110,"reason":"Completed","graceful":true,"target":"tachyon_serverless_provider_process"}
{"timestamp":"2026-09-17T11:03:03.545142Z","level":"INFO","message":"asynchronous invocation settled","invocation_id":"inv_01m2qghhgaz14wzrj4p4jr6rzq","status":"succeeded","target":"tachyon_serverless_application::services::invoke_async::dispatch"}
{"timestamp":"2026-09-17T11:03:03.552177Z","level":"INFO","message":"async dispatch: delivery handled","message_id":"inv_01m2qghhgaz14wzrj4p4jr6rzq","sequence":127,"delivery_count":1,"outcome":"Completed { status: \"succeeded\" }","target":"tachyon_serverless_application::services::invoke_async::dispatch"}
{"timestamp":"2026-09-17T11:03:03.624226Z","level":"INFO","message":"bridge spawned","environment_id":"env_01m2qghhrp4s1mrvy67jhhsbkt","pid":89112,"target":"tachyon_serverless_provider_process"}
{"timestamp":"2026-09-17T11:03:03.660534Z","level":"INFO","message":"invocation finished","invocation_id":"inv_01m2qghhrnm5ad1wez0674654e","status":"succeeded","handler_ms":1,"environment_boot_ms":13,"runtime_init_ms":19,"target":"tachyon_serverless_application::services::invoke"}
{"timestamp":"2026-09-17T11:03:03.662014Z","level":"INFO","message":"bridge spawned","environment_id":"env_01m2qghht4hnhjfxjcytyk02w3","pid":89114,"target":"tachyon_serverless_provider_process"}
{"timestamp":"2026-09-17T11:03:03.662537Z","level":"INFO","message":"terminating bridge","environment_id":"env_01m2qghhrp4s1mrvy67jhhsbkt","pid":89112,"reason":"Completed","graceful":true,"target":"tachyon_serverless_provider_process"}
{"timestamp":"2026-09-17T11:03:03.683681Z","level":"INFO","message":"invocation finished","invocation_id":"inv_01m2qghhpe7g16rtm9ewzp4wak","status":"succeeded (async run)","handler_ms":1,"environment_boot_ms":8,"runtime_init_ms":10,"target":"tachyon_serverless_application::services::invoke"}
{"timestamp":"2026-09-17T11:03:03.686188Z","level":"INFO","message":"terminating bridge","environment_id":"env_01m2qghht4hnhjfxjcytyk02w3","pid":89114,"reason":"Completed","graceful":true,"target":"tachyon_serverless_provider_process"}
{"timestamp":"2026-09-17T11:03:03.694354Z","level":"INFO","message":"asynchronous invocation settled","invocation_id":"inv_01m2qghhpe7g16rtm9ewzp4wak","status":"succeeded","target":"tachyon_serverless_application::services::invoke_async::dispatch"}
{"timestamp":"2026-09-17T11:03:03.701029Z","level":"INFO","message":"async dispatch: delivery handled","message_id":"inv_01m2qghhpe7g16rtm9ewzp4wak","sequence":128,"delivery_count":1,"outcome":"Completed { status: \"succeeded\" }","target":"tachyon_serverless_application::services::invoke_async::dispatch"}
{"timestamp":"2026-09-17T11:03:03.834244Z","level":"INFO","message":"asynchronous invocation accepted","invocation_id":"inv_01m2qghjcrbh9c6zwz0tc0yd9y","tenant_id":"tn_01hzzzzzzzzzzzzzzzzzzzzzza","revision_id":"rev_01m2qgfxp8985c7ra5frxbgq97","input_bytes":48,"input_storage":"inline","target":"tachyon_serverless_application::services::invoke_async"}
{"timestamp":"2026-09-17T11:03:03.846315Z","level":"INFO","message":"asynchronous run claimed","invocation_id":"inv_01m2qghjcrbh9c6zwz0tc0yd9y","attempt":1,"generation":0,"delivery_count":1,"target":"tachyon_serverless_application::services::invoke_async::dispatch"}
{"timestamp":"2026-09-17T11:03:04.005398Z","level":"INFO","message":"asynchronous invocation accepted","invocation_id":"inv_01m2qghjj3e3q0k1b941tps29a","tenant_id":"tn_01hzzzzzzzzzzzzzzzzzzzzzza","revision_id":"rev_01m2qgfyq0m8phvvn089sz0n0h","input_bytes":180,"input_storage":"inline","target":"tachyon_serverless_application::services::invoke_async"}
{"timestamp":"2026-09-17T11:03:04.005519Z","level":"INFO","message":"cron trigger fired","trigger_id":"trg_01m2qgg045863tn0d8s15qtv7v","scheduled_at":"2026-09-17T11:03:04Z","invocation_id":"inv_01m2qghjj3e3q0k1b941tps29a","revision_id":"rev_01m2qgfyq0m8phvvn089sz0n0h","replayed":false,"target":"tachyon_serverless_application::services::triggers"}
{"timestamp":"2026-09-17T11:03:04.020801Z","level":"INFO","message":"asynchronous run claimed","invocation_id":"inv_01m2qghjj3e3q0k1b941tps29a","attempt":1,"generation":0,"delivery_count":1,"target":"tachyon_serverless_application::services::invoke_async::dispatch"}
{"timestamp":"2026-09-17T11:03:04.055573Z","level":"INFO","message":"asynchronous invocation accepted","invocation_id":"inv_01m2qghjk35qby2g5cr3m1xyjs","tenant_id":"tn_01hzzzzzzzzzzzzzzzzzzzzzza","revision_id":"rev_01m2qgfxp8985c7ra5frxbgq97","input_bytes":4128,"input_storage":"object","target":"tachyon_serverless_application::services::invoke_async"}
{"timestamp":"2026-09-17T11:03:04.212965Z","level":"INFO","message":"asynchronous invocation accepted","invocation_id":"inv_01m2qghjrkt226ra59n1akbmj4","tenant_id":"tn_01hzzzzzzzzzzzzzzzzzzzzzza","revision_id":"rev_01m2qgfyq0m8phvvn089sz0n0h","input_bytes":191,"input_storage":"inline","target":"tachyon_serverless_application::services::invoke_async"}
{"timestamp":"2026-09-17T11:03:04.213082Z","level":"INFO","message":"webhook trigger fired","trigger_id":"trg_01m2qgg04thwxjmmcf2nxjnrfa","event_id":"evt-post-w2","invocation_id":"inv_01m2qghjrkt226ra59n1akbmj4","revision_id":"rev_01m2qgfyq0m8phvvn089sz0n0h","replayed":false,"target":"tachyon_serverless_application::services::triggers"}
{"timestamp":"2026-09-17T11:03:04.354506Z","level":"INFO","message":"bridge spawned","environment_id":"env_01m2qghjddvm0pa06ye2ykkk4x","pid":89200,"target":"tachyon_serverless_provider_process"}
{"timestamp":"2026-09-17T11:03:04.394685Z","level":"INFO","message":"invocation finished","invocation_id":"inv_01m2qghjcrbh9c6zwz0tc0yd9y","status":"succeeded (async run)","handler_ms":2,"environment_boot_ms":16,"runtime_init_ms":19,"target":"tachyon_serverless_application::services::invoke"}
{"timestamp":"2026-09-17T11:03:04.396810Z","level":"INFO","message":"terminating bridge","environment_id":"env_01m2qghjddvm0pa06ye2ykkk4x","pid":89200,"reason":"Completed","graceful":true,"target":"tachyon_serverless_provider_process"}
{"timestamp":"2026-09-17T11:03:04.405933Z","level":"INFO","message":"asynchronous invocation settled","invocation_id":"inv_01m2qghjcrbh9c6zwz0tc0yd9y","status":"succeeded","target":"tachyon_serverless_application::services::invoke_async::dispatch"}
{"timestamp":"2026-09-17T11:03:04.416278Z","level":"INFO","message":"async dispatch: delivery handled","message_id":"inv_01m2qghjcrbh9c6zwz0tc0yd9y","sequence":129,"delivery_count":1,"outcome":"Completed { status: \"succeeded\" }","target":"tachyon_serverless_application::services::invoke_async::dispatch"}
{"timestamp":"2026-09-17T11:03:04.421765Z","level":"INFO","message":"asynchronous run claimed","invocation_id":"inv_01m2qghjk35qby2g5cr3m1xyjs","attempt":1,"generation":0,"delivery_count":1,"target":"tachyon_serverless_application::services::invoke_async::dispatch"}
{"timestamp":"2026-09-17T11:03:04.543837Z","level":"INFO","message":"bridge spawned","environment_id":"env_01m2qghjjnf8t8hab78k3zeg6p","pid":89203,"target":"tachyon_serverless_provider_process"}
{"timestamp":"2026-09-17T11:03:04.587832Z","level":"INFO","message":"invocation finished","invocation_id":"inv_01m2qghjj3e3q0k1b941tps29a","status":"succeeded (async run)","handler_ms":2,"environment_boot_ms":16,"runtime_init_ms":24,"target":"tachyon_serverless_application::services::invoke"}
{"timestamp":"2026-09-17T11:03:04.590162Z","level":"INFO","message":"terminating bridge","environment_id":"env_01m2qghjjnf8t8hab78k3zeg6p","pid":89203,"reason":"Completed","graceful":true,"target":"tachyon_serverless_provider_process"}
{"timestamp":"2026-09-17T11:03:04.599379Z","level":"INFO","message":"asynchronous invocation settled","invocation_id":"inv_01m2qghjj3e3q0k1b941tps29a","status":"succeeded","target":"tachyon_serverless_application::services::invoke_async::dispatch"}
{"timestamp":"2026-09-17T11:03:04.606636Z","level":"INFO","message":"async dispatch: delivery handled","message_id":"inv_01m2qghjj3e3q0k1b941tps29a","sequence":130,"delivery_count":1,"outcome":"Completed { status: \"succeeded\" }","target":"tachyon_serverless_application::services::invoke_async::dispatch"}
{"timestamp":"2026-09-17T11:03:04.609645Z","level":"INFO","message":"asynchronous run claimed","invocation_id":"inv_01m2qghjrkt226ra59n1akbmj4","attempt":1,"generation":0,"delivery_count":1,"target":"tachyon_serverless_application::services::invoke_async::dispatch"}
{"timestamp":"2026-09-17T11:03:04.873702Z","level":"INFO","message":"bridge spawned","environment_id":"env_01m2qghjzaj7w8cn7hwe5rxkxj","pid":89205,"target":"tachyon_serverless_provider_process"}
{"timestamp":"2026-09-17T11:03:04.924902Z","level":"INFO","message":"invocation finished","invocation_id":"inv_01m2qghjk35qby2g5cr3m1xyjs","status":"succeeded (async run)","handler_ms":6,"environment_boot_ms":13,"runtime_init_ms":28,"target":"tachyon_serverless_application::services::invoke"}
{"timestamp":"2026-09-17T11:03:04.927559Z","level":"INFO","message":"terminating bridge","environment_id":"env_01m2qghjzaj7w8cn7hwe5rxkxj","pid":89205,"reason":"Completed","graceful":true,"target":"tachyon_serverless_provider_process"}
{"timestamp":"2026-09-17T11:03:04.944746Z","level":"INFO","message":"asynchronous invocation settled","invocation_id":"inv_01m2qghjk35qby2g5cr3m1xyjs","status":"succeeded","target":"tachyon_serverless_application::services::invoke_async::dispatch"}
{"timestamp":"2026-09-17T11:03:04.951476Z","level":"INFO","message":"async dispatch: delivery handled","message_id":"inv_01m2qghjk35qby2g5cr3m1xyjs","sequence":131,"delivery_count":1,"outcome":"Completed { status: \"succeeded\" }","target":"tachyon_serverless_application::services::invoke_async::dispatch"}
{"timestamp":"2026-09-17T11:03:05.036961Z","level":"INFO","message":"bridge spawned","environment_id":"env_01m2qghk522jfh8hb29qhe5hg3","pid":89208,"target":"tachyon_serverless_provider_process"}
{"timestamp":"2026-09-17T11:03:05.077594Z","level":"INFO","message":"invocation finished","invocation_id":"inv_01m2qghjrkt226ra59n1akbmj4","status":"succeeded (async run)","handler_ms":1,"environment_boot_ms":13,"runtime_init_ms":24,"target":"tachyon_serverless_application::services::invoke"}
{"timestamp":"2026-09-17T11:03:05.079631Z","level":"INFO","message":"terminating bridge","environment_id":"env_01m2qghk522jfh8hb29qhe5hg3","pid":89208,"reason":"Completed","graceful":true,"target":"tachyon_serverless_provider_process"}
{"timestamp":"2026-09-17T11:03:05.085556Z","level":"INFO","message":"asynchronous invocation settled","invocation_id":"inv_01m2qghjrkt226ra59n1akbmj4","status":"succeeded","target":"tachyon_serverless_application::services::invoke_async::dispatch"}
{"timestamp":"2026-09-17T11:03:05.091598Z","level":"INFO","message":"async dispatch: delivery handled","message_id":"inv_01m2qghjrkt226ra59n1akbmj4","sequence":132,"delivery_count":1,"outcome":"Completed { status: \"succeeded\" }","target":"tachyon_serverless_application::services::invoke_async::dispatch"}
{"timestamp":"2026-09-17T11:03:05.410718Z","level":"INFO","message":"object retention pass","report":"GcReport { examined: 2, collected_expired: 0, collected_orphans: 0, kept_in_use: 0, kept_referenced: 2, incomplete_removed: 0, tombstones_purged: 0, failed: 0 }","target":"tachyon_serverless_gateway"}
{"timestamp":"2026-09-17T11:03:06.005079Z","level":"INFO","message":"asynchronous invocation accepted","invocation_id":"inv_01m2qghmgkbzh9smmqz70fsy3p","tenant_id":"tn_01hzzzzzzzzzzzzzzzzzzzzzza","revision_id":"rev_01m2qgfyq0m8phvvn089sz0n0h","input_bytes":180,"input_storage":"inline","target":"tachyon_serverless_application::services::invoke_async"}
{"timestamp":"2026-09-17T11:03:06.005153Z","level":"INFO","message":"cron trigger fired","trigger_id":"trg_01m2qgg045863tn0d8s15qtv7v","scheduled_at":"2026-09-17T11:03:06Z","invocation_id":"inv_01m2qghmgkbzh9smmqz70fsy3p","revision_id":"rev_01m2qgfyq0m8phvvn089sz0n0h","replayed":false,"target":"tachyon_serverless_application::services::triggers"}
{"timestamp":"2026-09-17T11:03:06.018215Z","level":"INFO","message":"asynchronous run claimed","invocation_id":"inv_01m2qghmgkbzh9smmqz70fsy3p","attempt":1,"generation":0,"delivery_count":1,"target":"tachyon_serverless_application::services::invoke_async::dispatch"}
{"timestamp":"2026-09-17T11:03:06.358042Z","level":"INFO","message":"bridge spawned","environment_id":"env_01m2qghmh2e09yvsx61351v75e","pid":89214,"target":"tachyon_serverless_provider_process"}
{"timestamp":"2026-09-17T11:03:06.378210Z","level":"INFO","message":"invocation finished","invocation_id":"inv_01m2qghmgkbzh9smmqz70fsy3p","status":"succeeded (async run)","handler_ms":1,"environment_boot_ms":7,"runtime_init_ms":10,"target":"tachyon_serverless_application::services::invoke"}
{"timestamp":"2026-09-17T11:03:06.380238Z","level":"INFO","message":"terminating bridge","environment_id":"env_01m2qghmh2e09yvsx61351v75e","pid":89214,"reason":"Completed","graceful":true,"target":"tachyon_serverless_provider_process"}
{"timestamp":"2026-09-17T11:03:06.385531Z","level":"INFO","message":"asynchronous invocation settled","invocation_id":"inv_01m2qghmgkbzh9smmqz70fsy3p","status":"succeeded","target":"tachyon_serverless_application::services::invoke_async::dispatch"}
{"timestamp":"2026-09-17T11:03:06.391576Z","level":"INFO","message":"async dispatch: delivery handled","message_id":"inv_01m2qghmgkbzh9smmqz70fsy3p","sequence":133,"delivery_count":1,"outcome":"Completed { status: \"succeeded\" }","target":"tachyon_serverless_application::services::invoke_async::dispatch"}
{"timestamp":"2026-09-17T11:03:07.410265Z","level":"INFO","message":"object retention pass","report":"GcReport { examined: 2, collected_expired: 0, collected_orphans: 0, kept_in_use: 0, kept_referenced: 2, incomplete_removed: 0, tombstones_purged: 0, failed: 0 }","target":"tachyon_serverless_gateway"}
{"timestamp":"2026-09-17T11:03:08.004274Z","level":"INFO","message":"asynchronous invocation accepted","invocation_id":"inv_01m2qghpf2v3ad5jq48h2tc20q","tenant_id":"tn_01hzzzzzzzzzzzzzzzzzzzzzza","revision_id":"rev_01m2qgfyq0m8phvvn089sz0n0h","input_bytes":180,"input_storage":"inline","target":"tachyon_serverless_application::services::invoke_async"}
{"timestamp":"2026-09-17T11:03:08.004353Z","level":"INFO","message":"cron trigger fired","trigger_id":"trg_01m2qgg045863tn0d8s15qtv7v","scheduled_at":"2026-09-17T11:03:08Z","invocation_id":"inv_01m2qghpf2v3ad5jq48h2tc20q","revision_id":"rev_01m2qgfyq0m8phvvn089sz0n0h","replayed":false,"target":"tachyon_serverless_application::services::triggers"}
{"timestamp":"2026-09-17T11:03:08.023037Z","level":"INFO","message":"asynchronous run claimed","invocation_id":"inv_01m2qghpf2v3ad5jq48h2tc20q","attempt":1,"generation":0,"delivery_count":1,"target":"tachyon_serverless_application::services::invoke_async::dispatch"}
{"timestamp":"2026-09-17T11:03:08.418568Z","level":"INFO","message":"bridge spawned","environment_id":"env_01m2qghpfq1mw0971541t4e1nv","pid":89232,"target":"tachyon_serverless_provider_process"}
{"timestamp":"2026-09-17T11:03:08.445357Z","level":"INFO","message":"invocation finished","invocation_id":"inv_01m2qghpf2v3ad5jq48h2tc20q","status":"succeeded (async run)","handler_ms":1,"environment_boot_ms":9,"runtime_init_ms":13,"target":"tachyon_serverless_application::services::invoke"}
{"timestamp":"2026-09-17T11:03:08.447486Z","level":"INFO","message":"terminating bridge","environment_id":"env_01m2qghpfq1mw0971541t4e1nv","pid":89232,"reason":"Completed","graceful":true,"target":"tachyon_serverless_provider_process"}
{"timestamp":"2026-09-17T11:03:08.455228Z","level":"INFO","message":"asynchronous invocation settled","invocation_id":"inv_01m2qghpf2v3ad5jq48h2tc20q","status":"succeeded","target":"tachyon_serverless_application::services::invoke_async::dispatch"}
{"timestamp":"2026-09-17T11:03:08.469505Z","level":"INFO","message":"async dispatch: delivery handled","message_id":"inv_01m2qghpf2v3ad5jq48h2tc20q","sequence":134,"delivery_count":1,"outcome":"Completed { status: \"succeeded\" }","target":"tachyon_serverless_application::services::invoke_async::dispatch"}
{"timestamp":"2026-09-17T11:03:09.412267Z","level":"INFO","message":"object retention pass","report":"GcReport { examined: 3, collected_expired: 0, collected_orphans: 0, kept_in_use: 0, kept_referenced: 3, incomplete_removed: 0, tombstones_purged: 0, failed: 0 }","target":"tachyon_serverless_gateway"}
{"timestamp":"2026-09-17T11:03:09.491478Z","level":"INFO","message":"trigger updated","trigger_id":"trg_01m2qgg045863tn0d8s15qtv7v","generation":2,"status":"disabled","next_fire_at":"None","rotated_secret":false,"target":"tachyon_serverless_application::services::triggers"}
{"timestamp":"2026-09-17T11:03:11.417000Z","level":"INFO","message":"object retention pass","report":"GcReport { examined: 4, collected_expired: 0, collected_orphans: 0, kept_in_use: 0, kept_referenced: 4, incomplete_removed: 0, tombstones_purged: 0, failed: 0 }","target":"tachyon_serverless_gateway"}
{"timestamp":"2026-09-17T11:03:13.309132Z","level":"INFO","message":"SIGTERM received","target":"tachyon_serverless_gateway"}
{"timestamp":"2026-09-17T11:03:13.309209Z","level":"INFO","message":"shutdown requested; cancelling in-flight invocations","target":"tachyon_serverless_gateway"}
{"timestamp":"2026-09-17T11:03:13.309761Z","level":"INFO","message":"final usage collection","report":"CollectReport { batches: 0, read: 0, inserted: 0, duplicates: 0, cursor_seq: 125 }","target":"tachyon_serverless_gateway"}
{"timestamp":"2026-09-17T11:03:13.316002Z","level":"INFO","message":"gateway stopped","target":"tachyon_serverless_gateway"}
{"timestamp":"2026-09-17T11:03:13.316316Z","level":"INFO","message":"event: closed","target":"async_nats"}
