ts_ms	env	usage_usec	throttled_usec	nr_throttled	memory_current	memory_peak	pids_current	cpu_max	memory_max
1789699464768	env_01m2s6d76ns4ts7c74c0na3k44	153127	99636	2	26198016	26198016	3	50000/100000	335544320
1789699465614	env_01m2s6d76ns4ts7c74c0na3k44	567131	500272	10	31440896	31440896	3	50000/100000	335544320
1789699466133	env_01m2s6d76ns4ts7c74c0na3k44	820736	793079	16	32751616	32751616	3	50000/100000	335544320
1789699466646	env_01m2s6d76ns4ts7c74c0na3k44	1081483	1042960	21	32751616	32751616	3	50000/100000	335544320
1789699467158	env_01m2s6d76ns4ts7c74c0na3k44	1340890	1294993	26	35373056	35373056	3	50000/100000	335544320
1789699467672	env_01m2s6d76ns4ts7c74c0na3k44	1606632	1540796	31	36683776	36683776	3	50000/100000	335544320
1789699468186	env_01m2s6d76ns4ts7c74c0na3k44	1867716	1792479	36	37470208	37470208	3	50000/100000	335544320
1789699468700	env_01m2s6d76ns4ts7c74c0na3k44	2116822	2038979	41	39567360	39567360	3	50000/100000	335544320
1789699469214	env_01m2s6d76ns4ts7c74c0na3k44	2366824	2286609	46	40353792	40353792	3	50000/100000	335544320
1789699469727	env_01m2s6d76ns4ts7c74c0na3k44	2617482	2539289	51	43761664	43761664	3	50000/100000	335544320
1789699470240	env_01m2s6d76ns4ts7c74c0na3k44	2875101	2836554	57	45858816	45858816	3	50000/100000	335544320
1789699470755	env_01m2s6d76ns4ts7c74c0na3k44	3136168	3090434	62	47169536	47169536	3	50000/100000	335544320
1789699471271	env_01m2s6d76ns4ts7c74c0na3k44	3226595	3185454	64	47169536	47169536	3	50000/100000	335544320
1789699471787	env_01m2s6d76ns4ts7c74c0na3k44	3231093	3185454	64	47169536	47169536	3	50000/100000	335544320
1789699472307	env_01m2s6d76ns4ts7c74c0na3k44	3237619	3185454	64	47169536	47169536	3	50000/100000	335544320
1789699472844	env_01m2s6d76ns4ts7c74c0na3k44	3239761	3185454	64	47169536	47169536	3	50000/100000	335544320
1789699473378	env_01m2s6d76ns4ts7c74c0na3k44	3243943	3185454	64	47169536	47169536	3	50000/100000	335544320
1789699473915	env_01m2s6d76ns4ts7c74c0na3k44	3250813	3185454	64	47169536	47169536	3	50000/100000	335544320
1789699474451	env_01m2s6d76ns4ts7c74c0na3k44	3254558	3185454	64	47169536	47169536	3	50000/100000	335544320
1789699474988	env_01m2s6d76ns4ts7c74c0na3k44	3254959	3185454	64	47169536	47169536	3	50000/100000	335544320
1789699475522	env_01m2s6d76ns4ts7c74c0na3k44	3258262	3185454	64	47169536	47169536	3	50000/100000	335544320
1789699476051	env_01m2s6d76ns4ts7c74c0na3k44	3331946	3214983	65	47169536	47169536	3	50000/100000	335544320
1789699476569	env_01m2s6djsq76wj4cw1yjcgynm1	122150	49932	1	25935872	25960448	3	50000/100000	335544320
1789699477412	env_01m2s6djsq76wj4cw1yjcgynm1	545675	446191	9	31440896	31440896	3	50000/100000	335544320
1789699477824	env_01m2s6djsq76wj4cw1yjcgynm1	795587	697835	14	32751616	32751616	3	50000/100000	335544320
1789699478337	env_01m2s6djsq76wj4cw1yjcgynm1	1046185	942895	19	32751616	32751616	3	50000/100000	335544320
1789699478850	env_01m2s6djsq76wj4cw1yjcgynm1	1304810	1242652	25	35373056	35373056	3	50000/100000	335544320
1789699479363	env_01m2s6djsq76wj4cw1yjcgynm1	1569403	1489626	30	36683776	36683776	3	50000/100000	335544320
1789699479876	env_01m2s6djsq76wj4cw1yjcgynm1	1831503	1738146	35	37470208	37470208	3	50000/100000	335544320
1789699480388	env_01m2s6djsq76wj4cw1yjcgynm1	2091400	1988969	40	39829504	39829504	3	50000/100000	335544320
1789699480900	env_01m2s6djsq76wj4cw1yjcgynm1	2345752	2236460	45	42450944	42450944	3	50000/100000	335544320
1789699481415	env_01m2s6djsq76wj4cw1yjcgynm1	2596430	2487624	50	43761664	43761664	3	50000/100000	335544320
1789699481930	env_01m2s6djsq76wj4cw1yjcgynm1	2846864	2735745	55	45596672	45596672	3	50000/100000	335544320
1789699482444	env_01m2s6djsq76wj4cw1yjcgynm1	3099879	3033021	61	46645248	46645248	3	50000/100000	335544320
1789699483459	env_01m2s6dsat0r7c3wzrd4efwm8a	225998	158170	4	28028928	28106752	3	50000/100000	201326592
1789699484298	env_01m2s6dsat0r7c3wzrd4efwm8a	650450	550514	12	29077504	29077504	3	50000/100000	201326592
1789699484810	env_01m2s6dsat0r7c3wzrd4efwm8a	899989	798568	17	29863936	29863936	3	50000/100000	201326592
1789699485324	env_01m2s6dsat0r7c3wzrd4efwm8a	1149898	1047272	22	32223232	32223232	3	50000/100000	201326592
1789699485837	env_01m2s6dsat0r7c3wzrd4efwm8a	1408546	1346094	28	33796096	33796096	3	50000/100000	201326592
1789699486349	env_01m2s6dsat0r7c3wzrd4efwm8a	1669384	1596880	33	34582528	34582528	3	50000/100000	201326592
1789699486862	env_01m2s6dsat0r7c3wzrd4efwm8a	1929255	1847671	38	36941824	36941824	3	50000/100000	201326592
1789699487374	env_01m2s6dsat0r7c3wzrd4efwm8a	2191859	2096736	43	38514688	38514688	3	50000/100000	201326592
1789699487887	env_01m2s6dsat0r7c3wzrd4efwm8a	2450002	2344901	48	40349696	40349696	3	50000/100000	201326592
1789699488402	env_01m2s6dsat0r7c3wzrd4efwm8a	2699464	2593528	53	42967040	42971136	3	50000/100000	201326592
1789699488918	env_01m2s6dsat0r7c3wzrd4efwm8a	2949712	2847411	58	44277760	44277760	3	50000/100000	201326592
1789699489436	env_01m2s6dsat0r7c3wzrd4efwm8a	3204709	3144813	64	59219968	59219968	3	50000/100000	201326592
1789699489950	env_01m2s6dsat0r7c3wzrd4efwm8a	3468032	3394039	69	64462848	64462848	3	50000/100000	201326592
1789699490463	env_01m2s6dsat0r7c3wzrd4efwm8a	3732520	3640125	74	71278592	71278592	3	50000/100000	201326592
1789699490976	env_01m2s6dsat0r7c3wzrd4efwm8a	3995933	3888222	79	78094336	78094336	3	50000/100000	201326592
1789699491489	env_01m2s6dsat0r7c3wzrd4efwm8a	4250346	4135392	84	83861504	83861504	3	50000/100000	201326592
1789699492005	env_01m2s6dsat0r7c3wzrd4efwm8a	4499881	4388298	89	89104384	89104384	3	50000/100000	201326592
1789699492517	env_01m2s6dsat0r7c3wzrd4efwm8a	4750130	4634790	94	94609408	94609408	3	50000/100000	201326592
1789699493036	env_01m2s6dsat0r7c3wzrd4efwm8a	5004271	4934994	100	101425152	101425152	3	50000/100000	201326592
1789699493549	env_01m2s6dsat0r7c3wzrd4efwm8a	5266646	5184201	105	112435200	112435200	3	50000/100000	201326592
1789699494062	env_01m2s6dsat0r7c3wzrd4efwm8a	5529242	5433235	110	119775232	119775232	3	50000/100000	201326592
1789699494574	env_01m2s6dsat0r7c3wzrd4efwm8a	5794179	5678839	115	127639552	127639552	3	50000/100000	201326592
1789699495086	env_01m2s6dsat0r7c3wzrd4efwm8a	6049655	5929950	120	134193152	134193152	3	50000/100000	201326592
1789699495600	env_01m2s6dsat0r7c3wzrd4efwm8a	6299381	6173791	125	136290304	136290304	3	50000/100000	201326592
1789699496118	env_01m2s6dsat0r7c3wzrd4efwm8a	6549891	6423850	130	136290304	136290304	3	50000/100000	201326592
1789699496631	env_01m2s6dsat0r7c3wzrd4efwm8a	6803218	6723043	136	136290304	136290304	3	50000/100000	201326592
1789699497655	env_01m2s6e77k0fade8zwbfke25h3	198059	110839	3	28815360	28815360	3	50000/100000	335544320
1789699498494	env_01m2s6e77k0fade8zwbfke25h3	624979	555132	12	31698944	31698944	3	50000/100000	335544320
1789699499006	env_01m2s6e77k0fade8zwbfke25h3	885293	805344	17	32747520	32747520	3	50000/100000	335544320
1789699499518	env_01m2s6e77k0fade8zwbfke25h3	1146728	1055494	22	33796096	33796096	3	50000/100000	335544320
1789699500033	env_01m2s6e77k0fade8zwbfke25h3	1398088	1301708	27	36155392	36155392	3	50000/100000	335544320
1789699500544	env_01m2s6e77k0fade8zwbfke25h3	1648112	1551262	32	37203968	37203968	3	50000/100000	335544320
1789699501059	env_01m2s6e77k0fade8zwbfke25h3	1898522	1798569	37	39038976	39038976	3	50000/100000	335544320
1789699501572	env_01m2s6e77k0fade8zwbfke25h3	2152538	2098030	43	40087552	40087552	3	50000/100000	335544320
1789699502087	env_01m2s6e77k0fade8zwbfke25h3	2413105	2350065	48	43495424	43495424	3	50000/100000	335544320
1789699502604	env_01m2s6e77k0fade8zwbfke25h3	2685854	2596071	53	45330432	45330432	3	50000/100000	335544320
1789699503117	env_01m2s6e77k0fade8zwbfke25h3	2947857	2846561	58	47165440	47165440	3	50000/100000	335544320
1789699503629	env_01m2s6e77k0fade8zwbfke25h3	3199152	3096047	63	58175488	58175488	3	50000/100000	335544320
1789699504143	env_01m2s6e77k0fade8zwbfke25h3	3448821	3348019	68	65515520	65515520	3	50000/100000	335544320
1789699504656	env_01m2s6e77k0fade8zwbfke25h3	3699073	3593905	73	71806976	71806976	3	50000/100000	335544320
1789699505170	env_01m2s6e77k0fade8zwbfke25h3	3951740	3902258	79	108769280	109031424	3	50000/100000	335544320
1789699505684	env_01m2s6e77k0fade8zwbfke25h3	4210050	4155491	84	116109312	116109312	3	50000/100000	335544320
1789699506198	env_01m2s6e77k0fade8zwbfke25h3	4474263	4417092	89	142585856	142585856	3	50000/100000	335544320
1789699506713	env_01m2s6e77k0fade8zwbfke25h3	4741161	4669139	94	158314496	158314496	3	50000/100000	335544320
1789699507226	env_01m2s6e77k0fade8zwbfke25h3	4998172	4924019	99	169324544	169324544	3	50000/100000	335544320
1789699507743	env_01m2s6e77k0fade8zwbfke25h3								
1789699510791	env_01m2s6em24hp78s3qm0zz86t96	156647	92236	2	25948160	25948160	3	50000/100000	335544320
1789699511682	env_01m2s6em24hp78s3qm0zz86t96	606415	537672	11	31191040	31191040	3	50000/100000	335544320
1789699512204	env_01m2s6em24hp78s3qm0zz86t96	861941	835479	17	31715328	31715328	3	50000/100000	335544320
1789699512725	env_01m2s6em24hp78s3qm0zz86t96	1135187	1084642	22	32501760	32501760	3	50000/100000	335544320
1789699513245	env_01m2s6em24hp78s3qm0zz86t96	1402977	1332239	27	33288192	33288192	3	50000/100000	335544320
1789699513760	env_01m2s6em24hp78s3qm0zz86t96	1656644	1581083	32	35909632	35909632	3	50000/100000	335544320
1789699514280	env_01m2s6em24hp78s3qm0zz86t96	1905981	1829352	37	36921344	36921344	3	50000/100000	335544320
1789699514794	env_01m2s6em24hp78s3qm0zz86t96	2156104	2078761	42	38494208	38494208	3	50000/100000	335544320
1789699515311	env_01m2s6em24hp78s3qm0zz86t96	2417646	2381032	48	40067072	40067072	3	50000/100000	335544320
1789699515842	env_01m2s6em24hp78s3qm0zz86t96	2694467	2630772	53	42950656	42950656	3	50000/100000	335544320
1789699516358	env_01m2s6em24hp78s3qm0zz86t96	2956454	2862810	58	43212800	43212800	3	50000/100000	335544320
1789699516873	env_01m2s6em24hp78s3qm0zz86t96	3205687	3114221	63	45834240	45834240	3	50000/100000	335544320
1789699517390	env_01m2s6em24hp78s3qm0zz86t96	3455434	3369922	68	47144960	47144960	3	50000/100000	335544320
1789699517809	env_01m2s6em24hp78s3qm0zz86t96	3624556	3517213	71	47407104	47407104	3	50000/100000	335544320
1789699518343	env_01m2s6em24hp78s3qm0zz86t96	3641044	3517213	71	47407104	47407104	3	50000/100000	335544320
1789699518885	env_01m2s6em24hp78s3qm0zz86t96	3662710	3517213	71	47407104	47407104	3	50000/100000	335544320
1789699519436	env_01m2s6em24hp78s3qm0zz86t96	3692800	3517213	71	47407104	47407104	3	50000/100000	335544320
1789699519972	env_01m2s6em24hp78s3qm0zz86t96	3714087	3517213	71	47407104	47407104	3	50000/100000	335544320
1789699520507	env_01m2s6em24hp78s3qm0zz86t96	3715079	3517213	71	47407104	47407104	3	50000/100000	335544320
1789699521040	env_01m2s6em24hp78s3qm0zz86t96	3721253	3517213	71	47407104	47407104	3	50000/100000	335544320
1789699521579	env_01m2s6em24hp78s3qm0zz86t96	3724079	3517213	71	47407104	47407104	3	50000/100000	335544320
1789699522117	env_01m2s6em24hp78s3qm0zz86t96	3743803	3517213	71	47407104	47407104	3	50000/100000	335544320
1789699522645	env_01m2s6em24hp78s3qm0zz86t96	3831603	3517213	71	47403008	47407104	3	50000/100000	335544320
1789699523162	env_01m2s6f093wp6axt5r2a47w3ew	100936	79807	2	25944064	25948160	3	50000/100000	335544320
1789699524005	env_01m2s6f093wp6axt5r2a47w3ew	542146	479026	10	31711232	31711232	3	50000/100000	335544320
1789699524519	env_01m2s6f093wp6axt5r2a47w3ew	798263	727498	15	33021952	33021952	3	50000/100000	335544320
1789699525033	env_01m2s6f093wp6axt5r2a47w3ew	1048998	974352	20	33021952	33021952	3	50000/100000	335544320
1789699525547	env_01m2s6f093wp6axt5r2a47w3ew	1298246	1223705	25	35643392	35643392	3	50000/100000	335544320
1789699526063	env_01m2s6f093wp6axt5r2a47w3ew	1551645	1521808	31	36954112	36954112	3	50000/100000	335544320
1789699526577	env_01m2s6f093wp6axt5r2a47w3ew	1815132	1770636	36	37740544	37740544	3	50000/100000	335544320
1789699527091	env_01m2s6f093wp6axt5r2a47w3ew	2079241	2019296	41	39837696	39837696	3	50000/100000	335544320
1789699527605	env_01m2s6f093wp6axt5r2a47w3ew	2343991	2267195	46	42196992	42196992	3	50000/100000	335544320
1789699528119	env_01m2s6f093wp6axt5r2a47w3ew	2598547	2503697	51	43769856	43769856	3	50000/100000	335544320
1789699528635	env_01m2s6f093wp6axt5r2a47w3ew	2848779	2755648	56	45867008	45867008	3	50000/100000	335544320
1789699529153	env_01m2s6f093wp6axt5r2a47w3ew	3098317	3001835	61	47439872	47439872	3	50000/100000	335544320
1789699529668	env_01m2s6f093wp6axt5r2a47w3ew	3291312	3201753	65	47702016	47702016	3	50000/100000	335544320
1789699530197	env_01m2s6f093wp6axt5r2a47w3ew	3306425	3201753	65	47702016	47702016	3	50000/100000	335544320
1789699530732	env_01m2s6f093wp6axt5r2a47w3ew	3319684	3201753	65	47702016	47702016	3	50000/100000	335544320
1789699531261	env_01m2s6f093wp6axt5r2a47w3ew	3320791	3201753	65	47702016	47702016	3	50000/100000	335544320
1789699531820	env_01m2s6f093wp6axt5r2a47w3ew	3343666	3201753	65	47702016	47702016	3	50000/100000	335544320
1789699532358	env_01m2s6f093wp6axt5r2a47w3ew	3352215	3201753	65	47702016	47702016	3	50000/100000	335544320
1789699532898	env_01m2s6f093wp6axt5r2a47w3ew	3356887	3201753	65	47702016	47702016	3	50000/100000	335544320
1789699533437	env_01m2s6f093wp6axt5r2a47w3ew	3360007	3201753	65	47702016	47702016	3	50000/100000	335544320
1789699533971	env_01m2s6f093wp6axt5r2a47w3ew	3364497	3201753	65	47702016	47702016	3	50000/100000	335544320
1789699534501	env_01m2s6f093wp6axt5r2a47w3ew	3372443	3201753	65	47702016	47702016	3	50000/100000	335544320
1789699535031	env_01m2s6fby4h8hdb0zke7teksmk	74344	49533	1	26148864	26165248	3	50000/100000	335544320
1789699535879	env_01m2s6fby4h8hdb0zke7teksmk	519984	447195	9	31916032	31916032	3	50000/100000	335544320
1789699536394	env_01m2s6fby4h8hdb0zke7teksmk	773594	700193	14	33226752	33226752	3	50000/100000	335544320
1789699536909	env_01m2s6fby4h8hdb0zke7teksmk	1023560	948784	19	33226752	33226752	3	50000/100000	335544320
1789699537423	env_01m2s6fby4h8hdb0zke7teksmk	1273685	1197460	24	35848192	35848192	3	50000/100000	335544320
1789699537941	env_01m2s6fby4h8hdb0zke7teksmk	1528503	1495728	30	37158912	37158912	3	50000/100000	335544320
1789699538457	env_01m2s6fby4h8hdb0zke7teksmk	1798728	1736086	35	37117952	37421056	3	50000/100000	335544320
1789699538470	env_01m2s6ff4n3zxqvknnacz9g54q	174428	99210	2	26472448	26472448	3	50000/100000	335544320
1789699539315	env_01m2s6fby4h8hdb0zke7teksmk	2224768	2133257	43	40001536	40001536	3	50000/100000	335544320
1789699539326	env_01m2s6ff4n3zxqvknnacz9g54q	584010	542659	11	31453184	31453184	3	50000/100000	335544320
1789699539840	env_01m2s6fby4h8hdb0zke7teksmk	2481969	2431149	49	43409408	43409408	3	50000/100000	335544320
1789699539854	env_01m2s6ff4n3zxqvknnacz9g54q	859143	792930	16	32763904	32763904	3	50000/100000	335544320
1789699540368	env_01m2s6fby4h8hdb0zke7teksmk	2757202	2663754	54	43671552	43671552	3	50000/100000	335544320
1789699540381	env_01m2s6ff4n3zxqvknnacz9g54q	1131018	1038835	21	32763904	32763904	3	50000/100000	335544320
1789699540894	env_01m2s6fby4h8hdb0zke7teksmk	3024731	2913477	59	45768704	45768704	3	50000/100000	335544320
1789699540905	env_01m2s6ff4n3zxqvknnacz9g54q	1381114	1288237	26	33550336	33550336	3	50000/100000	335544320
1789699541421	env_01m2s6fby4h8hdb0zke7teksmk	3274578	3165014	64	47079424	47079424	3	50000/100000	335544320
1789699541434	env_01m2s6ff4n3zxqvknnacz9g54q	1641861	1586136	32	35471360	35647488	3	50000/100000	335544320
1789699541948	env_01m2s6fby4h8hdb0zke7teksmk	3400569	3314392	67	47079424	47079424	3	50000/100000	335544320
1789699541960	env_01m2s6ff4n3zxqvknnacz9g54q	1917257	1834726	37	36782080	36782080	3	50000/100000	335544320
1789699542475	env_01m2s6fby4h8hdb0zke7teksmk	3406608	3314392	67	47079424	47079424	3	50000/100000	335544320
1789699542486	env_01m2s6ff4n3zxqvknnacz9g54q	2181478	2083099	42	38354944	38354944	3	50000/100000	335544320
1789699543001	env_01m2s6fby4h8hdb0zke7teksmk	3411331	3314392	67	47079424	47079424	3	50000/100000	335544320
1789699543013	env_01m2s6ff4n3zxqvknnacz9g54q	2430929	2333506	47	39665664	39665664	3	50000/100000	335544320
1789699543527	env_01m2s6fby4h8hdb0zke7teksmk	3424919	3314392	67	47079424	47079424	3	50000/100000	335544320
1789699543539	env_01m2s6ff4n3zxqvknnacz9g54q	2695798	2631105	53	42811392	42811392	3	50000/100000	335544320
1789699544053	env_01m2s6fby4h8hdb0zke7teksmk	3430865	3314392	67	47079424	47079424	3	50000/100000	335544320
1789699544065	env_01m2s6ff4n3zxqvknnacz9g54q	2971525	2865824	58	43335680	43335680	3	50000/100000	335544320
1789699544580	env_01m2s6fby4h8hdb0zke7teksmk	3436148	3314392	67	47079424	47079424	3	50000/100000	335544320
1789699544592	env_01m2s6ff4n3zxqvknnacz9g54q	3231003	3116669	63	45432832	45432832	3	50000/100000	335544320
1789699545106	env_01m2s6fby4h8hdb0zke7teksmk	3441813	3314392	67	47079424	47079424	3	50000/100000	335544320
1789699545118	env_01m2s6ff4n3zxqvknnacz9g54q	3480737	3365976	68	47005696	47005696	3	50000/100000	335544320
1789699545637	env_01m2s6fby4h8hdb0zke7teksmk	3454287	3314392	67	47079424	47079424	3	50000/100000	335544320
1789699545662	env_01m2s6ff4n3zxqvknnacz9g54q	3508241	3416454	69	47005696	47005696	3	50000/100000	335544320
1789699546178	env_01m2s6fby4h8hdb0zke7teksmk	3471079	3314392	67	47079424	47079424	3	50000/100000	335544320
1789699546198	env_01m2s6ff4n3zxqvknnacz9g54q	3521472	3416454	69	47005696	47005696	3	50000/100000	335544320
1789699546714	env_01m2s6fby4h8hdb0zke7teksmk	3490126	3314392	67	47079424	47079424	3	50000/100000	335544320
1789699546741	env_01m2s6ff4n3zxqvknnacz9g54q	3532673	3416454	69	47005696	47005696	3	50000/100000	335544320
1789699547254	env_01m2s6fby4h8hdb0zke7teksmk	3503941	3314392	67	47079424	47079424	3	50000/100000	335544320
1789699547267	env_01m2s6ff4n3zxqvknnacz9g54q	3626940	3456821	70	47005696	47005696	3	50000/100000	335544320
1789699547785	env_01m2s6fby4h8hdb0zke7teksmk	3514539	3314392	67	46891008	47079424	3	50000/100000	335544320
1789699548318	env_01m2s6fby4h8hdb0zke7teksmk	3529664	3314392	67	46891008	47079424	3	50000/100000	335544320
1789699548851	env_01m2s6fby4h8hdb0zke7teksmk	3546067	3314392	67	46891008	47079424	3	50000/100000	335544320
1789699549384	env_01m2s6fby4h8hdb0zke7teksmk	3563644	3314392	67	46891008	47079424	3	50000/100000	335544320
1789699549916	env_01m2s6fby4h8hdb0zke7teksmk	3581721	3314392	67	46891008	47079424	3	50000/100000	335544320
1789699550451	env_01m2s6fby4h8hdb0zke7teksmk	3599652	3314392	67	46891008	47079424	3	50000/100000	335544320
1789699550983	env_01m2s6fby4h8hdb0zke7teksmk	3615696	3314392	67	46891008	47079424	3	50000/100000	335544320
1789699551513	env_01m2s6fby4h8hdb0zke7teksmk	3627069	3314392	67	47153152	47153152	3	50000/100000	335544320
1789699552050	env_01m2s6fby4h8hdb0zke7teksmk	3639104	3314392	67	47153152	47153152	3	50000/100000	335544320
1789699552593	env_01m2s6fby4h8hdb0zke7teksmk	3652874	3314392	67	47153152	47153152	3	50000/100000	335544320
1789699553124	env_01m2s6fby4h8hdb0zke7teksmk	3665757	3314392	67	47153152	47153152	3	50000/100000	335544320
1789699553662	env_01m2s6fby4h8hdb0zke7teksmk	3678369	3314392	67	47153152	47153152	3	50000/100000	335544320
1789699554195	env_01m2s6fby4h8hdb0zke7teksmk	3692577	3314392	67	47153152	47153152	3	50000/100000	335544320
1789699554724	env_01m2s6fby4h8hdb0zke7teksmk	3702589	3314392	67	47153152	47153152	3	50000/100000	335544320
1789699555260	env_01m2s6fby4h8hdb0zke7teksmk	3714140	3314392	67	47153152	47153152	3	50000/100000	335544320
1789699555807	env_01m2s6fby4h8hdb0zke7teksmk	3727239	3314392	67	47153152	47153152	3	50000/100000	335544320
1789699556348	env_01m2s6fby4h8hdb0zke7teksmk	3746845	3314392	67	47153152	47153152	3	50000/100000	335544320
1789699556884	env_01m2s6fby4h8hdb0zke7teksmk	3763491	3314392	67	47153152	47153152	3	50000/100000	335544320
1789699557416	env_01m2s6fby4h8hdb0zke7teksmk	3780663	3314392	67	47153152	47153152	3	50000/100000	335544320
1789699557851	env_01m2s6fby4h8hdb0zke7teksmk	3796704	3314392	67	47153152	47153152	3	50000/100000	335544320
1789699558387	env_01m2s6fby4h8hdb0zke7teksmk	3813071	3314392	67	47153152	47153152	3	50000/100000	335544320
1789699558920	env_01m2s6fby4h8hdb0zke7teksmk	3829433	3314392	67	47153152	47153152	3	50000/100000	335544320
1789699559455	env_01m2s6fby4h8hdb0zke7teksmk	3855366	3314392	67	47153152	47153152	3	50000/100000	335544320
1789699559991	env_01m2s6fby4h8hdb0zke7teksmk	3871365	3314392	67	47153152	47153152	3	50000/100000	335544320
1789699560524	env_01m2s6fby4h8hdb0zke7teksmk	3888066	3314392	67	47153152	47153152	3	50000/100000	335544320
1789699561056	env_01m2s6fby4h8hdb0zke7teksmk	3904961	3314392	67	47153152	47153152	3	50000/100000	335544320
1789699561590	env_01m2s6fby4h8hdb0zke7teksmk	3928183	3314392	67	47153152	47153152	3	50000/100000	335544320
1789699562125	env_01m2s6fby4h8hdb0zke7teksmk	3944826	3314392	67	47153152	47153152	3	50000/100000	335544320
1789699562663	env_01m2s6fby4h8hdb0zke7teksmk	3960817	3314392	67	47153152	47153152	3	50000/100000	335544320
1789699563198	env_01m2s6fby4h8hdb0zke7teksmk	3978259	3314392	67	47153152	47153152	3	50000/100000	335544320
1789699563729	env_01m2s6fby4h8hdb0zke7teksmk	3994198	3314392	67	47153152	47153152	3	50000/100000	335544320
1789699564261	env_01m2s6fby4h8hdb0zke7teksmk	4010142	3314392	67	47153152	47153152	3	50000/100000	335544320
1789699564799	env_01m2s6fby4h8hdb0zke7teksmk	4026373	3314392	67	47153152	47153152	3	50000/100000	335544320
1789699565328	env_01m2s6fby4h8hdb0zke7teksmk	4043859	3314392	67	47153152	47153152	3	50000/100000	335544320
1789699565861	env_01m2s6fby4h8hdb0zke7teksmk	4059877	3314392	67	47153152	47153152	3	50000/100000	335544320
1789699566394	env_01m2s6fby4h8hdb0zke7teksmk	4076148	3314392	67	47153152	47153152	3	50000/100000	335544320
1789699568929	env_01m2s6gcyjg1hydkep1nwehpx5	228771	0	0	29089792	29351936	3	100000/100000	335544320
1789699569771	env_01m2s6gcyjg1hydkep1nwehpx5	1068502	0	0	33021952	33021952	3	100000/100000	335544320
1789699570285	env_01m2s6gcyjg1hydkep1nwehpx5	1580903	0	0	36691968	36691968	3	100000/100000	335544320
1789699570801	env_01m2s6gcyjg1hydkep1nwehpx5	2095619	0	0	39837696	39837696	3	100000/100000	335544320
1789699571318	env_01m2s6gcyjg1hydkep1nwehpx5	2611726	405	1	43245568	43245568	3	100000/100000	335544320
1789699571833	env_01m2s6gcyjg1hydkep1nwehpx5	3126104	8144	5	46915584	46915584	3	100000/100000	335544320
1789699572349	env_01m2s6gcyjg1hydkep1nwehpx5	3641102	8144	5	46915584	46915584	3	100000/100000	335544320
1789699572867	env_01m2s6gcyjg1hydkep1nwehpx5	4159690	8144	5	46915584	46915584	3	100000/100000	335544320
1789699573406	env_01m2s6gcyjg1hydkep1nwehpx5	4698047	8144	5	46915584	46915584	3	100000/100000	335544320
1789699573949	env_01m2s6gcyjg1hydkep1nwehpx5	5237815	8144	5	46915584	46915584	3	100000/100000	335544320
1789699574483	env_01m2s6gjfythz6wmc340ndt598	59396	0	0	25673728	25698304	3	100000/100000	335544320
1789699575414	env_01m2s6gjfythz6wmc340ndt598	988763	471	2	31965184	31965184	3	100000/100000	335544320
1789699575949	env_01m2s6gjfythz6wmc340ndt598	1520323	471	2	32751616	32751616	3	100000/100000	335544320
1789699576501	env_01m2s6gjfythz6wmc340ndt598	2073541	767	3	35635200	35635200	3	100000/100000	335544320
1789699577067	env_01m2s6gjfythz6wmc340ndt598	2636658	767	3	36945920	36945920	3	100000/100000	335544320
1789699577624	env_01m2s6gjfythz6wmc340ndt598	3190275	767	3	39043072	39043072	3	100000/100000	335544320
1789699578177	env_01m2s6gjfythz6wmc340ndt598	3743594	767	3	40091648	40091648	3	100000/100000	335544320
1789699578740	env_01m2s6gjfythz6wmc340ndt598	4304969	1138	4	43237376	43237376	3	100000/100000	335544320
1789699579299	env_01m2s6gjfythz6wmc340ndt598	4845697	1138	4	45334528	45334528	3	100000/100000	335544320
1789699579864	env_01m2s6gjfythz6wmc340ndt598	5399514	1138	4	46645248	46645248	3	100000/100000	335544320
1789699580427	env_01m2s6gjfythz6wmc340ndt598	5964559	1138	4	46645248	46645248	3	100000/100000	335544320
1789699581012	env_01m2s6gjfythz6wmc340ndt598	6544812	1138	4	46645248	46645248	3	100000/100000	335544320
1789699581559	env_01m2s6gjfythz6wmc340ndt598	7091527	1138	4	46645248	46645248	3	100000/100000	335544320
1789699582107	env_01m2s6gjfythz6wmc340ndt598	7635714	1138	4	46645248	46645248	3	100000/100000	335544320
1789699582676	env_01m2s6gjfythz6wmc340ndt598	8164946	1138	4	49004544	49004544	3	100000/100000	335544320
1789699583232	env_01m2s6gv1p5xyfa6dqye1w969c	7760	0	0	4505600	4530176	2	100000/100000	335544320
1789699584219	env_01m2s6gv1p5xyfa6dqye1w969c	969700	950	1	31703040	31703040	3	100000/100000	335544320
1789699584790	env_01m2s6gv1p5xyfa6dqye1w969c	1537674	1249	2	32489472	32489472	3	100000/100000	335544320
1789699585342	env_01m2s6gv1p5xyfa6dqye1w969c	2088393	1817	3	35110912	35110912	3	100000/100000	335544320
1789699585895	env_01m2s6gv1p5xyfa6dqye1w969c	2638812	1817	3	36683776	36683776	3	100000/100000	335544320
1789699586447	env_01m2s6gv1p5xyfa6dqye1w969c	3188808	2187	4	38518784	38518784	3	100000/100000	335544320
1789699587006	env_01m2s6gv1p5xyfa6dqye1w969c	3750675	2187	4	39829504	39829504	3	100000/100000	335544320
1789699587575	env_01m2s6gv1p5xyfa6dqye1w969c	4309174	2900	5	42975232	42975232	3	100000/100000	335544320
1789699588128	env_01m2s6gv1p5xyfa6dqye1w969c	4844112	2900	5	45072384	45072384	3	100000/100000	335544320
1789699588685	env_01m2s6gv1p5xyfa6dqye1w969c	5391738	2900	5	46645248	46645248	3	100000/100000	335544320
1789699589233	env_01m2s6gv1p5xyfa6dqye1w969c	5922744	3964	6	46907392	46907392	3	100000/100000	335544320
1789699589801	env_01m2s6gv1p5xyfa6dqye1w969c	6486887	3964	6	46907392	46907392	3	100000/100000	335544320
1789699590358	env_01m2s6gv1p5xyfa6dqye1w969c	7044776	3964	6	46907392	46907392	3	100000/100000	335544320
1789699590930	env_01m2s6gv1p5xyfa6dqye1w969c	7612438	4202	7	46907392	46907392	3	100000/100000	335544320
1789699591484	env_01m2s6gv1p5xyfa6dqye1w969c	8167340	6010	10	47169536	47169536	3	100000/100000	335544320
1789699592551	env_01m2s6h3v4g0h4enp71ecs1bhs	323472	0	0	26984448	27246592	3	100000/100000	335544320
1789699593517	env_01m2s6h3v4g0h4enp71ecs1bhs	1283589	0	0	32227328	32227328	3	100000/100000	335544320
1789699594068	env_01m2s6h3v4g0h4enp71ecs1bhs	1833798	1051	2	32489472	32489472	3	100000/100000	335544320
1789699594620	env_01m2s6h3v4g0h4enp71ecs1bhs	2381721	1555	3	35373056	35373056	3	100000/100000	335544320
1789699595165	env_01m2s6h3v4g0h4enp71ecs1bhs	2925713	1686	4	36683776	36683776	3	100000/100000	335544320
1789699595719	env_01m2s6h3v4g0h4enp71ecs1bhs	3473820	5882	7	38518784	38518784	3	100000/100000	335544320
1789699596278	env_01m2s6h3v4g0h4enp71ecs1bhs	4031632	6882	9	40091648	40091648	3	100000/100000	335544320
1789699596843	env_01m2s6h3v4g0h4enp71ecs1bhs	4588890	6882	9	43237376	43237376	3	100000/100000	335544320
1789699597395	env_01m2s6h3v4g0h4enp71ecs1bhs	5129878	7037	10	45334528	45334528	3	100000/100000	335544320
1789699597857	env_01m2s6h3v4g0h4enp71ecs1bhs	5680559	9316	11	46907392	46907392	3	100000/100000	335544320
1789699598398	env_01m2s6h3v4g0h4enp71ecs1bhs	6219673	10846	12	46907392	46907392	3	100000/100000	335544320
1789699598951	env_01m2s6h3v4g0h4enp71ecs1bhs	6770488	12036	14	46907392	46907392	3	100000/100000	335544320
1789699599506	env_01m2s6h3v4g0h4enp71ecs1bhs	7323453	12036	14	46907392	46907392	3	100000/100000	335544320
1789699600055	env_01m2s6h3v4g0h4enp71ecs1bhs	7869613	12036	14	46907392	46907392	3	100000/100000	335544320
1789699600608	env_01m2s6h3v4g0h4enp71ecs1bhs	8404602	12451	15	47955968	48218112	3	100000/100000	335544320
1789699601677	env_01m2s6hcna2ftkj4g9a8khs8cg	344501	0	0	29085696	29085696	3	100000/100000	335544320
1789699602636	env_01m2s6hcna2ftkj4g9a8khs8cg	1301451	346	1	32231424	32231424	3	100000/100000	335544320
1789699603186	env_01m2s6hcna2ftkj4g9a8khs8cg	1849478	722	2	33280000	33280000	3	100000/100000	335544320
1789699603742	env_01m2s6hcna2ftkj4g9a8khs8cg	2403151	722	3	36163584	36163584	3	100000/100000	335544320
1789699604292	env_01m2s6hcna2ftkj4g9a8khs8cg	2950164	1840	4	36950016	36950016	3	100000/100000	335544320
1789699604843	env_01m2s6hcna2ftkj4g9a8khs8cg	3495863	3967	5	39571456	39571456	3	100000/100000	335544320
1789699605394	env_01m2s6hcna2ftkj4g9a8khs8cg	4046144	4006	6	42979328	42979328	3	100000/100000	335544320
1789699605945	env_01m2s6hcna2ftkj4g9a8khs8cg	4576164	4781	7	44814336	45076480	3	100000/100000	335544320
1789699606511	env_01m2s6hcna2ftkj4g9a8khs8cg	5124829	6164	9	46649344	46649344	3	100000/100000	335544320
1789699607067	env_01m2s6hcna2ftkj4g9a8khs8cg	5675380	7253	9	46911488	46911488	3	100000/100000	335544320
1789699607619	env_01m2s6hcna2ftkj4g9a8khs8cg	6226784	7253	9	46911488	46911488	3	100000/100000	335544320
1789699608169	env_01m2s6hcna2ftkj4g9a8khs8cg	6774583	7972	11	46911488	46911488	3	100000/100000	335544320
1789699608718	env_01m2s6hcna2ftkj4g9a8khs8cg	7321754	7972	11	46911488	46911488	3	100000/100000	335544320
1789699609268	env_01m2s6hcna2ftkj4g9a8khs8cg	7871530	7972	11	46911488	46911488	3	100000/100000	335544320
1789699610331	env_01m2s6hn7dwgh5cy9h16kr2pqg	157090	83295	2	25677824	25677824	3	50000/100000	201326592
1789699610745	env_01m2s6hn869gcebj3yr7zcyn4j	348362	241928	6	25939968	25939968	3	50000/100000	201326592
1789699611174	env_01m2s6hn86v91d94e5rpeapgpt	548893	451101	10	28295168	28295168	3	50000/100000	201326592
1789699612124	env_01m2s6hn7dwgh5cy9h16kr2pqg	1053884	956091	20	28823552	28823552	3	50000/100000	201326592
1789699612176	env_01m2s6hn869gcebj3yr7zcyn4j	1050250	931258	21	28561408	28561408	3	50000/100000	201326592
1789699612225	env_01m2s6hn86v91d94e5rpeapgpt	1087376	958529	21	29081600	29081600	3	50000/100000	201326592
1789699612765	env_01m2s6hn7dwgh5cy9h16kr2pqg	1358775	1243892	26	29347840	29347840	3	50000/100000	201326592
1789699612804	env_01m2s6hn869gcebj3yr7zcyn4j	1374486	1219287	27	29085696	29085696	3	50000/100000	201326592
1789699612833	env_01m2s6hn86v91d94e5rpeapgpt	1398377	1243746	27	29343744	29343744	3	50000/100000	201326592
1789699613371	env_01m2s6hn7dwgh5cy9h16kr2pqg	1659046	1534543	32	30134272	30134272	3	50000/100000	201326592
1789699613405	env_01m2s6hn869gcebj3yr7zcyn4j	1676055	1510785	33	29872128	29872128	3	50000/100000	201326592
1789699613427	env_01m2s6hn86v91d94e5rpeapgpt	1687780	1534757	33	30130176	30130176	3	50000/100000	201326592
1789699613963	env_01m2s6hn7dwgh5cy9h16kr2pqg	1958913	1823212	38	30134272	30134272	3	50000/100000	201326592
1789699614009	env_01m2s6hn869gcebj3yr7zcyn4j	1980333	1797172	39	29872128	29872128	3	50000/100000	201326592
1789699614045	env_01m2s6hn86v91d94e5rpeapgpt	1999754	1822620	39	30130176	30130176	3	50000/100000	201326592
1789699614588	env_01m2s6hn7dwgh5cy9h16kr2pqg	2261746	2170249	45	30134272	30134272	3	50000/100000	201326592
1789699614618	env_01m2s6hn869gcebj3yr7zcyn4j	2290672	2091345	45	29872128	29872128	3	50000/100000	201326592
1789699614644	env_01m2s6hn86v91d94e5rpeapgpt	2298902	2107770	45	30130176	30130176	3	50000/100000	201326592
1789699615173	env_01m2s6hn7dwgh5cy9h16kr2pqg	2560100	2411912	50	30396416	30396416	3	50000/100000	201326592
1789699615209	env_01m2s6hn869gcebj3yr7zcyn4j	2586327	2391301	51	30134272	30134272	3	50000/100000	201326592
1789699615240	env_01m2s6hn86v91d94e5rpeapgpt	2598638	2398770	51	30392320	30392320	3	50000/100000	201326592
1789699615783	env_01m2s6hn7dwgh5cy9h16kr2pqg	2859975	2750387	57	30920704	30920704	3	50000/100000	201326592
1789699615813	env_01m2s6hn869gcebj3yr7zcyn4j	2885546	2685788	57	30658560	30658560	3	50000/100000	201326592
1789699615855	env_01m2s6hn86v91d94e5rpeapgpt	2897940	2688090	57	30916608	30916608	3	50000/100000	201326592
1789699616406	env_01m2s6hn7dwgh5cy9h16kr2pqg	3181470	3039173	63	32493568	32493568	3	50000/100000	201326592
1789699616449	env_01m2s6hn869gcebj3yr7zcyn4j	3199689	2979920	63	31707136	31707136	3	50000/100000	201326592
1789699616484	env_01m2s6hn86v91d94e5rpeapgpt	3199259	3026094	64	32489472	32489472	3	50000/100000	201326592
1789699617010	env_01m2s6hn7dwgh5cy9h16kr2pqg	3483441	3328818	69	33017856	33017856	3	50000/100000	201326592
1789699617028	env_01m2s6hn869gcebj3yr7zcyn4j	3498375	3278555	69	32755712	32755712	3	50000/100000	201326592
1789699617064	env_01m2s6hn86v91d94e5rpeapgpt	3498724	3264920	69	33013760	33013760	3	50000/100000	201326592
1789699617607	env_01m2s6hn7dwgh5cy9h16kr2pqg	3779704	3620525	75	34066432	34066432	3	50000/100000	201326592
1789699617621	env_01m2s6hn869gcebj3yr7zcyn4j	3790847	3571733	75	33280000	33280000	3	50000/100000	201326592
1789699617640	env_01m2s6hn86v91d94e5rpeapgpt	3798462	3557368	75	33800192	33800192	3	50000/100000	201326592
1789699618159	env_01m2s6hn7dwgh5cy9h16kr2pqg	4059535	3863336	80	34410496	34410496	3	50000/100000	201326592
1789699618176	env_01m2s6hn869gcebj3yr7zcyn4j	4048290	3864151	81	34066432	34066432	3	50000/100000	201326592
1789699618199	env_01m2s6hn86v91d94e5rpeapgpt	4060518	3855019	81	34324480	34324480	3	50000/100000	201326592
1789699618723	env_01m2s6hn7dwgh5cy9h16kr2pqg	4347990	4154161	86	34672640	34672640	3	50000/100000	201326592
1789699618752	env_01m2s6hn869gcebj3yr7zcyn4j	4348357	4113119	86	34328576	34328576	3	50000/100000	201326592
1789699618785	env_01m2s6hn86v91d94e5rpeapgpt	4350285	4144898	87	34586624	34586624	3	50000/100000	201326592
1789699619326	env_01m2s6hn7dwgh5cy9h16kr2pqg	4651661	4445016	92	34934784	34934784	3	50000/100000	201326592
1789699619356	env_01m2s6hn869gcebj3yr7zcyn4j	4647634	4401886	92	34328576	34328576	3	50000/100000	201326592
1789699619383	env_01m2s6hn86v91d94e5rpeapgpt	4648128	4436174	93	34586624	34586624	3	50000/100000	201326592
1789699619918	env_01m2s6hn7dwgh5cy9h16kr2pqg	4942614	4739217	98	36245504	36507648	3	50000/100000	201326592
1789699619944	env_01m2s6hn869gcebj3yr7zcyn4j	4947688	4698696	98	35639296	35639296	3	50000/100000	201326592
1789699619968	env_01m2s6hn86v91d94e5rpeapgpt	4948161	4679974	98	35635200	35635200	3	50000/100000	201326592
1789699620502	env_01m2s6hn7dwgh5cy9h16kr2pqg	5227439	5037344	104	37294080	37294080	3	50000/100000	201326592
1789699620520	env_01m2s6hn869gcebj3yr7zcyn4j	5239089	4996483	104	36687872	36687872	3	50000/100000	201326592
1789699620544	env_01m2s6hn86v91d94e5rpeapgpt	5247743	4968980	104	36683776	36683776	3	50000/100000	201326592
1789699621064	env_01m2s6hn7dwgh5cy9h16kr2pqg	5509493	5284101	109	37556224	37556224	3	50000/100000	201326592
1789699621082	env_01m2s6hn869gcebj3yr7zcyn4j	5502230	5290422	110	36925440	36950016	3	50000/100000	201326592
1789699621105	env_01m2s6hn86v91d94e5rpeapgpt	5515882	5262027	110	36945920	36945920	3	50000/100000	201326592
1789699621627	env_01m2s6hn7dwgh5cy9h16kr2pqg	5800593	5580323	115	39391232	39391232	3	50000/100000	201326592
1789699621654	env_01m2s6hn869gcebj3yr7zcyn4j	5797285	5537892	115	37449728	37449728	3	50000/100000	201326592
1789699621679	env_01m2s6hn86v91d94e5rpeapgpt	5797184	5504143	116	37199872	37208064	3	50000/100000	201326592
1789699622208	env_01m2s6hn7dwgh5cy9h16kr2pqg	6081215	5877656	121	40701952	40701952	3	50000/100000	201326592
1789699622235	env_01m2s6hn869gcebj3yr7zcyn4j	6097773	5831682	121	39809024	39809024	3	50000/100000	201326592
1789699622268	env_01m2s6hn86v91d94e5rpeapgpt	6097750	5797419	121	39297024	39297024	3	50000/100000	201326592
1789699622809	env_01m2s6hn7dwgh5cy9h16kr2pqg	6383287	6172602	127	40701952	40701952	3	50000/100000	201326592
1789699622830	env_01m2s6hn869gcebj3yr7zcyn4j	6397654	6122876	127	40333312	40333312	3	50000/100000	201326592
1789699622856	env_01m2s6hn86v91d94e5rpeapgpt	6397133	6092477	127	40345600	40345600	3	50000/100000	201326592
1789699623388	env_01m2s6hn7dwgh5cy9h16kr2pqg	6662088	6469255	133	40570880	40701952	3	50000/100000	201326592
1789699623408	env_01m2s6hn869gcebj3yr7zcyn4j	6678487	6418814	133	40333312	40333312	3	50000/100000	201326592
1789699623426	env_01m2s6hn86v91d94e5rpeapgpt	6688885	6387629	133	40345600	40345600	3	50000/100000	201326592
1789699623951	env_01m2s6hn7dwgh5cy9h16kr2pqg	6959121	6714514	138	42668032	42668032	3	50000/100000	201326592
1789699623966	env_01m2s6hn869gcebj3yr7zcyn4j	6947877	6666678	138	40857600	40857600	3	50000/100000	201326592
1789699623979	env_01m2s6hn86v91d94e5rpeapgpt	6947575	6632997	138	40345600	40345600	3	50000/100000	201326592
1789699624500	env_01m2s6hn7dwgh5cy9h16kr2pqg	7224137	7061688	144	42930176	42930176	3	50000/100000	201326592
1789699624517	env_01m2s6hn869gcebj3yr7zcyn4j	7238397	6966994	144	42692608	42692608	3	50000/100000	201326592
1789699624535	env_01m2s6hn86v91d94e5rpeapgpt	7246829	6982449	144	42442752	42442752	3	50000/100000	201326592
1789699625058	env_01m2s6hn7dwgh5cy9h16kr2pqg	7508991	7302127	149	43192320	43192320	3	50000/100000	201326592
1789699625106	env_01m2s6hn869gcebj3yr7zcyn4j	7538063	7254025	150	42811392	42811392	3	50000/100000	201326592
1789699625155	env_01m2s6hn86v91d94e5rpeapgpt	7547617	7274615	150	42528768	42704896	3	50000/100000	201326592
1789699625177	env_01m2s6j3wbv2nd8w36eaas0y68	195322	0	0	25677824	25677824	3	100000/100000	335544320
1789699626080	env_01m2s6hn7dwgh5cy9h16kr2pqg	8008220	7761811	159	44240896	44240896	3	50000/100000	201326592
1789699626109	env_01m2s6hn869gcebj3yr7zcyn4j	8031873	7728196	160	43859968	43859968	3	50000/100000	201326592
1789699626148	env_01m2s6hn86v91d94e5rpeapgpt	8048510	7732828	160	43577344	43577344	3	50000/100000	201326592
1789699626159	env_01m2s6j3wbv2nd8w36eaas0y68	1148013	0	0	31969280	31969280	3	100000/100000	335544320
1789699626673	env_01m2s6hn7dwgh5cy9h16kr2pqg	8308556	8040669	165	47910912	47910912	3	50000/100000	201326592
1789699626694	env_01m2s6hn869gcebj3yr7zcyn4j	8315948	8015469	166	45694976	45694976	3	50000/100000	201326592
1789699626731	env_01m2s6hn86v91d94e5rpeapgpt	8337336	8017730	166	43839488	43839488	3	50000/100000	201326592
1789699626755	env_01m2s6j3wbv2nd8w36eaas0y68	1739678	0	0	33017856	33017856	3	100000/100000	335544320
1789699627272	env_01m2s6hn7dwgh5cy9h16kr2pqg	8608140	8366388	171	67047424	67047424	3	50000/100000	201326592
1789699627316	env_01m2s6hn869gcebj3yr7zcyn4j	8633638	8307096	172	56180736	56180736	3	50000/100000	201326592
1789699627345	env_01m2s6hn86v91d94e5rpeapgpt	8647337	8293451	172	43839488	43839488	3	50000/100000	201326592
1789699627361	env_01m2s6j3wbv2nd8w36eaas0y68	2335891	0	0	35639296	35639296	3	100000/100000	335544320
1789699627877	env_01m2s6hn7dwgh5cy9h16kr2pqg	8908013	8634980	177	74125312	74125312	3	50000/100000	201326592
1789699627917	env_01m2s6hn869gcebj3yr7zcyn4j	8934165	8590057	178	62996480	62996480	3	50000/100000	201326592
1789699627946	env_01m2s6hn86v91d94e5rpeapgpt	8948271	8582252	178	43827200	43839488	3	50000/100000	201326592
1789699627958	env_01m2s6j3wbv2nd8w36eaas0y68	2926374	0	0	36950016	36950016	3	100000/100000	335544320
1789699628472	env_01m2s6hn7dwgh5cy9h16kr2pqg	9208228	8922505	183	84611072	84611072	3	50000/100000	201326592
1789699628493	env_01m2s6hn869gcebj3yr7zcyn4j	9219255	8878209	184	68239360	68239360	3	50000/100000	201326592
1789699628539	env_01m2s6hn86v91d94e5rpeapgpt	9241098	8859076	184	43827200	43839488	3	50000/100000	201326592
1789699628551	env_01m2s6j3wbv2nd8w36eaas0y68	3512163	0	0	39309312	39309312	3	100000/100000	335544320
1789699629064	env_01m2s6hn7dwgh5cy9h16kr2pqg	9508031	9218153	189	98504704	98504704	3	50000/100000	201326592
1789699629076	env_01m2s6hn869gcebj3yr7zcyn4j	9498508	9121020	189	72433664	72695808	3	50000/100000	201326592
1789699629094	env_01m2s6hn86v91d94e5rpeapgpt	9505619	9127191	190	43827200	43839488	3	50000/100000	201326592
1789699629128	env_01m2s6j3wbv2nd8w36eaas0y68	4087872	0	0	40357888	40357888	3	100000/100000	335544320
1789699629650	env_01m2s6hn7dwgh5cy9h16kr2pqg	9808490	9497363	195	107679744	107679744	3	50000/100000	201326592
1789699629661	env_01m2s6hn869gcebj3yr7zcyn4j	9798745	9410507	195	77152256	77152256	3	50000/100000	201326592
1789699629671	env_01m2s6hn86v91d94e5rpeapgpt	9797467	9365538	195	43827200	43839488	3	50000/100000	201326592
1789699629684	env_01m2s6j3wbv2nd8w36eaas0y68	4637876	0	0	43503616	43503616	3	100000/100000	335544320
1789699630219	env_01m2s6hn7dwgh5cy9h16kr2pqg	10095237	9788880	201	116068352	116068352	3	50000/100000	201326592
1789699630243	env_01m2s6hn869gcebj3yr7zcyn4j	10099172	9703761	201	81084416	81084416	3	50000/100000	201326592
1789699630257	env_01m2s6hn86v91d94e5rpeapgpt	10098864	9657879	201	43827200	43839488	3	50000/100000	201326592
1789699630267	env_01m2s6j3wbv2nd8w36eaas0y68	5213930	1453	2	45862912	45862912	3	100000/100000	335544320
1789699630783	env_01m2s6hn7dwgh5cy9h16kr2pqg	10358383	10031640	206	119476224	119476224	3	50000/100000	201326592
1789699630814	env_01m2s6hn869gcebj3yr7zcyn4j	10380546	9994249	207	84492288	84492288	3	50000/100000	201326592
1789699630845	env_01m2s6hn86v91d94e5rpeapgpt	10397456	9950373	207	43827200	43839488	3	50000/100000	201326592
1789699630856	env_01m2s6j3wbv2nd8w36eaas0y68	5791799	1453	2	47173632	47173632	3	100000/100000	335544320
1789699631368	env_01m2s6hn7dwgh5cy9h16kr2pqg	10658027	10328291	212	127000576	127078400	3	50000/100000	201326592
1789699631382	env_01m2s6hn869gcebj3yr7zcyn4j	10654123	10282224	213	87375872	87375872	3	50000/100000	201326592
1789699631426	env_01m2s6hn86v91d94e5rpeapgpt	10682174	10237392	213	44089344	44089344	3	50000/100000	201326592
1789699631450	env_01m2s6j3wbv2nd8w36eaas0y68	6378630	1453	2	47173632	47173632	3	100000/100000	335544320
1789699631963	env_01m2s6hn7dwgh5cy9h16kr2pqg	10958076	10619103	218	134602752	134602752	3	50000/100000	201326592
1789699631974	env_01m2s6hn869gcebj3yr7zcyn4j	10949985	10525077	218	90783744	90783744	3	50000/100000	201326592
1789699631985	env_01m2s6hn86v91d94e5rpeapgpt	10948067	10520401	219	44089344	44089344	3	50000/100000	201326592
1789699632026	env_01m2s6j3wbv2nd8w36eaas0y68	6948740	1453	2	47173632	47173632	3	100000/100000	335544320
1789699632549	env_01m2s6hn7dwgh5cy9h16kr2pqg	11257796	10911958	224	142467072	142467072	3	50000/100000	201326592
1789699632561	env_01m2s6hn869gcebj3yr7zcyn4j	11249410	10817394	224	94191616	94191616	3	50000/100000	201326592
1789699632571	env_01m2s6hn86v91d94e5rpeapgpt	11247748	10759928	224	44089344	44089344	3	50000/100000	201326592
1789699632581	env_01m2s6j3wbv2nd8w36eaas0y68	7496770	1453	2	47173632	47173632	3	100000/100000	335544320
1789699633115	env_01m2s6hn7dwgh5cy9h16kr2pqg	11541108	11260324	230	155312128	155312128	3	50000/100000	201326592
1789699633143	env_01m2s6hn869gcebj3yr7zcyn4j	11550280	11110552	230	97337344	97337344	3	50000/100000	201326592
1789699633154	env_01m2s6hn86v91d94e5rpeapgpt	11547223	11049991	230	44089344	44089344	3	50000/100000	201326592
1789699633165	env_01m2s6j3wbv2nd8w36eaas0y68	8077521	2071	3	49270784	49270784	3	100000/100000	335544320
1789699633677	env_01m2s6hn7dwgh5cy9h16kr2pqg	11807778	11493217	235	170086400	170086400	3	50000/100000	201326592
1789699633690	env_01m2s6hn869gcebj3yr7zcyn4j	11809514	11404171	236	106860544	106860544	3	50000/100000	201326592
1789699633701	env_01m2s6hn86v91d94e5rpeapgpt	11804405	11331530	236	43712512	44089344	3	50000/100000	201326592
1789699633713	env_01m2s6jc5d80xkqp9q1ejphcx6	264559	4292	1	26198016	26198016	3	100000/100000	335544320
1789699634561	env_01m2s6hn7dwgh5cy9h16kr2pqg	12258166	11917705	244	170086400	170086400	3	50000/100000	201326592
1789699634572	env_01m2s6hn869gcebj3yr7zcyn4j	12247420	11790377	244	112365568	112365568	3	50000/100000	201326592
1789699634583	env_01m2s6hn86v91d94e5rpeapgpt	12249452	11701447	244	43712512	44089344	3	50000/100000	201326592
1789699634617	env_01m2s6jc5d80xkqp9q1ejphcx6	1157754	4292	1	31703040	31703040	3	100000/100000	335544320
1789699635150	env_01m2s6hn7dwgh5cy9h16kr2pqg	12558691	12207438	250	170086400	170086400	3	50000/100000	201326592
1789699635161	env_01m2s6hn869gcebj3yr7zcyn4j	12547511	12066370	250	115249152	115249152	3	50000/100000	201326592
1789699635171	env_01m2s6hn86v91d94e5rpeapgpt	12549148	11991152	250	43712512	44089344	3	50000/100000	201326592
1789699635181	env_01m2s6jc5d80xkqp9q1ejphcx6	1713241	4292	1	32489472	32489472	3	100000/100000	335544320
1789699635727	env_01m2s6hn7dwgh5cy9h16kr2pqg	12857025	12502155	256	170086400	170086400	3	50000/100000	201326592
1789699635746	env_01m2s6hn869gcebj3yr7zcyn4j	12848027	12345413	256	117346304	117346304	3	50000/100000	201326592
1789699635756	env_01m2s6hn86v91d94e5rpeapgpt	12849159	12280882	256	43712512	44089344	3	50000/100000	201326592
1789699635767	env_01m2s6jc5d80xkqp9q1ejphcx6	2292741	4292	1	34848768	34848768	3	100000/100000	335544320
1789699636279	env_01m2s6hn7dwgh5cy9h16kr2pqg	13108386	12754012	261	170086400	170086400	3	50000/100000	201326592
1789699636311	env_01m2s6hn869gcebj3yr7zcyn4j	13129974	12635574	262	119705600	119705600	3	50000/100000	201326592
1789699636351	env_01m2s6hn86v91d94e5rpeapgpt	13149892	12578253	262	43974656	44089344	3	50000/100000	201326592
1789699636365	env_01m2s6jc5d80xkqp9q1ejphcx6	2886400	4292	1	36294656	36294656	3	100000/100000	335544320
1789699636882	env_01m2s6hn7dwgh5cy9h16kr2pqg	13408849	13034277	267	170086400	170086400	3	50000/100000	201326592
1789699636934	env_01m2s6hn869gcebj3yr7zcyn4j	13445888	12919595	268	121802752	121802752	3	50000/100000	201326592
1789699636952	env_01m2s6hn86v91d94e5rpeapgpt	13449964	12868156	268	43974656	44089344	3	50000/100000	201326592
1789699636963	env_01m2s6jc5d80xkqp9q1ejphcx6	3475312	4292	1	36818944	36818944	3	100000/100000	335544320
1789699637476	env_01m2s6hn7dwgh5cy9h16kr2pqg	13708330	13327896	273	170086400	170086400	3	50000/100000	201326592
1789699637487	env_01m2s6hn869gcebj3yr7zcyn4j	13712601	13197281	274	123637760	123637760	3	50000/100000	201326592
1789699637540	env_01m2s6hn86v91d94e5rpeapgpt	13745568	13153656	274	43974656	44089344	3	50000/100000	201326592
1789699637553	env_01m2s6jc5d80xkqp9q1ejphcx6	4049325	4412	2	39440384	39440384	3	100000/100000	335544320
1789699637966	env_01m2s6hn7dwgh5cy9h16kr2pqg	14008201	13618661	279	170024960	170086400	3	50000/100000	201326592
1789699637977	env_01m2s6hn869gcebj3yr7zcyn4j	13997712	13481761	280	125067264	125067264	3	50000/100000	201326592
1789699638000	env_01m2s6hn86v91d94e5rpeapgpt	14010539	13439289	280	43974656	44089344	3	50000/100000	201326592
1789699638013	env_01m2s6jc5d80xkqp9q1ejphcx6	4604151	4412	2	40226816	40226816	3	100000/100000	335544320
1789699638526	env_01m2s6hn7dwgh5cy9h16kr2pqg	14094453	13668648	280	170024960	170086400	3	50000/100000	201326592
1789699638539	env_01m2s6hn869gcebj3yr7zcyn4j	14297763	13725547	285	131096576	131096576	3	50000/100000	201326592
1789699638550	env_01m2s6hn86v91d94e5rpeapgpt	14299262	13671128	285	43974656	44089344	3	50000/100000	201326592
1789699638560	env_01m2s6jc5d80xkqp9q1ejphcx6	5148950	4430	3	43372544	43372544	3	100000/100000	335544320
1789699639074	env_01m2s6hn7dwgh5cy9h16kr2pqg	14256811	13711137	281	170024960	170086400	3	50000/100000	201326592
1789699639087	env_01m2s6hn869gcebj3yr7zcyn4j	14558029	14014121	291	136077312	136077312	3	50000/100000	201326592
1789699639127	env_01m2s6hn86v91d94e5rpeapgpt	14585112	13963683	291	43974656	44089344	3	50000/100000	201326592
1789699639148	env_01m2s6jc5d80xkqp9q1ejphcx6	5727863	5369	4	47042560	47042560	3	100000/100000	335544320
1789699639660	env_01m2s6hn7dwgh5cy9h16kr2pqg	14556310	14004378	287	170024960	170086400	3	50000/100000	201326592
1789699639670	env_01m2s6hn869gcebj3yr7zcyn4j	14848304	14246654	296	136077312	136077312	3	50000/100000	201326592
1789699639680	env_01m2s6hn86v91d94e5rpeapgpt	14848324	14203443	296	43974656	44089344	3	50000/100000	201326592
1789699639700	env_01m2s6jc5d80xkqp9q1ejphcx6	6277250	5369	4	47042560	47042560	3	100000/100000	335544320
1789699640229	env_01m2s6hn7dwgh5cy9h16kr2pqg	14853320	14296867	293	169918464	170086400	3	50000/100000	201326592
1789699640246	env_01m2s6hn869gcebj3yr7zcyn4j	15148940	14528880	302	136339456	136339456	3	50000/100000	201326592
1789699640257	env_01m2s6hn86v91d94e5rpeapgpt	15148720	14497102	302	43974656	44089344	3	50000/100000	201326592
1789699640267	env_01m2s6jc5d80xkqp9q1ejphcx6	6837524	5369	4	47042560	47042560	3	100000/100000	335544320
1789699640780	env_01m2s6hn7dwgh5cy9h16kr2pqg	15106427	14541968	298	170180608	170180608	3	50000/100000	201326592
1789699640794	env_01m2s6hn86v91d94e5rpeapgpt	15406905	14782542	308	43712512	44089344	3	50000/100000	201326592
1789699640809	env_01m2s6jc5d80xkqp9q1ejphcx6	7376371	5369	4	46583808	47042560	3	100000/100000	335544320
1789699640827	env_01m2s6jk5smkgexez6426rr4fz	114056	89938	2	25681920	25681920	3	50000/100000	201326592
1789699641678	env_01m2s6hn7dwgh5cy9h16kr2pqg	15554287	15009656	307	170180608	170180608	3	50000/100000	201326592
1789699641691	env_01m2s6hn86v91d94e5rpeapgpt	15855041	15226070	317	43712512	44089344	3	50000/100000	201326592
1789699641703	env_01m2s6jk5smkgexez6426rr4fz	552643	469192	10	28962816	28962816	3	50000/100000	201326592
1789699641715	env_01m2s6jktz5vk4bpt0tgsn7zce	411261	0	0	31174656	31174656	3	100000/100000	335544320
1789699642557	env_01m2s6hn7dwgh5cy9h16kr2pqg	16005027	15495402	316	170180608	170180608	3	50000/100000	201326592
1789699642569	env_01m2s6hn86v91d94e5rpeapgpt	16298150	15621731	325	43712512	44089344	3	50000/100000	201326592
1789699642580	env_01m2s6jk5smkgexez6426rr4fz	1001874	891824	19	30011392	30011392	3	50000/100000	201326592
1789699642593	env_01m2s6jktz5vk4bpt0tgsn7zce	1272468	0	0	34844672	34844672	3	100000/100000	335544320
1789699643111	env_01m2s6hn7dwgh5cy9h16kr2pqg	16287246	15819143	322	170180608	170180608	3	50000/100000	201326592
1789699643143	env_01m2s6hn86v91d94e5rpeapgpt	16598795	15919254	331	43712512	44089344	3	50000/100000	201326592
1789699643153	env_01m2s6jk5smkgexez6426rr4fz	1286866	1179673	25	32632832	32632832	3	50000/100000	201326592
1789699643164	env_01m2s6jktz5vk4bpt0tgsn7zce	1830097	0	0	36941824	36941824	3	100000/100000	335544320
1789699643677	env_01m2s6hn7dwgh5cy9h16kr2pqg	16554992	16164202	327	170180608	170180608	3	50000/100000	201326592
1789699643688	env_01m2s6hn86v91d94e5rpeapgpt	16851519	16212773	337	43712512	44089344	3	50000/100000	201326592
1789699643701	env_01m2s6jk5smkgexez6426rr4fz	1552500	1417614	30	33943552	33943552	3	50000/100000	201326592
1789699643713	env_01m2s6jktz5vk4bpt0tgsn7zce	2369717	0	0	39825408	39825408	3	100000/100000	335544320
1789699644228	env_01m2s6hn7dwgh5cy9h16kr2pqg	16849276	16475073	333	170180608	170180608	3	50000/100000	201326592
1789699644248	env_01m2s6hn86v91d94e5rpeapgpt	17148512	16460973	342	43712512	44089344	3	50000/100000	201326592
1789699644258	env_01m2s6jk5smkgexez6426rr4fz	1838523	1697283	36	34467840	34467840	3	50000/100000	201326592
1789699644269	env_01m2s6jktz5vk4bpt0tgsn7zce	2915972	0	0	45330432	45330432	3	100000/100000	335544320
1789699644781	env_01m2s6hn7dwgh5cy9h16kr2pqg	16890842	16523584	334	170180608	170180608	3	50000/100000	201326592
1789699644792	env_01m2s6hn86v91d94e5rpeapgpt	17406029	16753401	348	43712512	44089344	3	50000/100000	201326592
1789699644803	env_01m2s6jk5smkgexez6426rr4fz	2101259	1938732	41	36040704	36040704	3	50000/100000	201326592
1789699644813	env_01m2s6jktz5vk4bpt0tgsn7zce	3456005	185	1	46899200	46903296	3	100000/100000	335544320
1789699645332	env_01m2s6hn7dwgh5cy9h16kr2pqg	17097817	16658446	337	170180608	170180608	3	50000/100000	201326592
1789699645349	env_01m2s6hn86v91d94e5rpeapgpt	17699084	17001432	353	43712512	44089344	3	50000/100000	201326592
1789699645360	env_01m2s6jk5smkgexez6426rr4fz	2393592	2232819	47	37351424	37351424	3	50000/100000	201326592
1789699645370	env_01m2s6jktz5vk4bpt0tgsn7zce	4011326	212	2	46899200	46903296	3	100000/100000	335544320
1789699645882	env_01m2s6hn7dwgh5cy9h16kr2pqg	17354072	16950412	343	170442752	170442752	3	50000/100000	201326592
1789699645915	env_01m2s6hn86v91d94e5rpeapgpt	17973586	17301651	359	43712512	44089344	3	50000/100000	201326592
1789699645948	env_01m2s6jk5smkgexez6426rr4fz	2681152	2525882	53	40759296	41021440	3	50000/100000	201326592
1789699645970	env_01m2s6jktz5vk4bpt0tgsn7zce	4600321	342	3	46899200	46903296	3	100000/100000	335544320
1789699646491	env_01m2s6hn7dwgh5cy9h16kr2pqg	17652187	17282909	349	170442752	170442752	3	50000/100000	201326592
1789699646507	env_01m2s6hn86v91d94e5rpeapgpt	18270785	17591127	365	43712512	44089344	3	50000/100000	201326592
1789699646524	env_01m2s6jk5smkgexez6426rr4fz	2955226	2815559	59	43118592	43118592	3	50000/100000	201326592
1789699646538	env_01m2s6jktz5vk4bpt0tgsn7zce	5163457	342	3	49258496	49258496	3	100000/100000	335544320
1789699647054	env_01m2s6hn7dwgh5cy9h16kr2pqg	17947718	17565455	354	169947136	170442752	3	50000/100000	201326592
1789699647067	env_01m2s6hn86v91d94e5rpeapgpt	18548427	17836241	370	43712512	44089344	3	50000/100000	201326592
1789699647079	env_01m2s6jk5smkgexez6426rr4fz	3252507	3043445	64	44097536	44097536	3	50000/100000	201326592
1789699647093	env_01m2s6js6q3tg533m4fwvxn2qj	292331	0	0	30396416	30396416	3	100000/100000	335544320
1789699647963	env_01m2s6hn7dwgh5cy9h16kr2pqg	18397655	18086691	363	169947136	170442752	3	50000/100000	201326592
1789699647979	env_01m2s6hn86v91d94e5rpeapgpt	18998713	18272431	379	43712512	44089344	3	50000/100000	201326592
1789699648003	env_01m2s6jk5smkgexez6426rr4fz	3702179	3480905	73	60088320	60088320	3	50000/100000	201326592
1789699648027	env_01m2s6js6q3tg533m4fwvxn2qj	1217832	0	0	32493568	32493568	3	100000/100000	335544320
1789699648557	env_01m2s6hn7dwgh5cy9h16kr2pqg	18698598	18401437	369	169947136	170442752	3	50000/100000	201326592
1789699648570	env_01m2s6hn86v91d94e5rpeapgpt	19298852	18561733	385	43712512	44089344	3	50000/100000	201326592
1789699648581	env_01m2s6jk5smkgexez6426rr4fz	4001823	3769990	79	72933376	72933376	3	50000/100000	201326592
1789699648602	env_01m2s6js6q3tg533m4fwvxn2qj	1781368	0	0	35377152	35377152	3	100000/100000	335544320
1789699649119	env_01m2s6hn7dwgh5cy9h16kr2pqg	18996688	18824860	375	169947136	170442752	3	50000/100000	201326592
1789699649132	env_01m2s6hn86v91d94e5rpeapgpt	19593487	18858137	391	43712512	44089344	3	50000/100000	201326592
1789699649144	env_01m2s6jk5smkgexez6426rr4fz	4278903	4067858	85	81846272	82108416	3	50000/100000	201326592
1789699649156	env_01m2s6js6q3tg533m4fwvxn2qj	2326404	0	0	36503552	36503552	3	100000/100000	335544320
1789699649670	env_01m2s6hn7dwgh5cy9h16kr2pqg	19246276	19102488	380	169947136	170442752	3	50000/100000	201326592
1789699649683	env_01m2s6hn86v91d94e5rpeapgpt	19849307	19103891	397	43712512	44089344	3	50000/100000	201326592
1789699649706	env_01m2s6jk5smkgexez6426rr4fz	4552379	4313945	90	88924160	88924160	3	50000/100000	201326592
1789699649724	env_01m2s6js6q3tg533m4fwvxn2qj	2890759	0	0	39124992	39124992	3	100000/100000	335544320
1789699650252	env_01m2s6hn7dwgh5cy9h16kr2pqg	19545611	19438961	386	169947136	170442752	3	50000/100000	201326592
1789699650264	env_01m2s6hn86v91d94e5rpeapgpt	20148325	19397269	402	43712512	44089344	3	50000/100000	201326592
1789699650277	env_01m2s6jk5smkgexez6426rr4fz	4852230	4601419	96	95739904	95739904	3	50000/100000	201326592
1789699650292	env_01m2s6js6q3tg533m4fwvxn2qj	3454543	0	0	41222144	41222144	3	100000/100000	335544320
1789699650826	env_01m2s6hn7dwgh5cy9h16kr2pqg	19705646	19615566	389	170209280	170442752	3	50000/100000	201326592
1789699650843	env_01m2s6hn86v91d94e5rpeapgpt	20448983	19690845	408	43712512	44089344	3	50000/100000	201326592
1789699650858	env_01m2s6jk5smkgexez6426rr4fz	5142104	4894933	102	101244928	101507072	3	50000/100000	201326592
1789699650874	env_01m2s6js6q3tg533m4fwvxn2qj	4031068	0	0	43057152	43057152	3	100000/100000	335544320
1789699651392	env_01m2s6hn7dwgh5cy9h16kr2pqg	19890546	19704386	391	170209280	170442752	3	50000/100000	201326592
1789699651413	env_01m2s6hn86v91d94e5rpeapgpt	20727040	19986725	414	43708416	44089344	3	50000/100000	201326592
1789699651446	env_01m2s6jk5smkgexez6426rr4fz	5425962	5186061	108	106041344	106041344	3	50000/100000	201326592
1789699651462	env_01m2s6js6q3tg533m4fwvxn2qj	4616016	1139	1	45678592	45678592	3	100000/100000	335544320
1789699651978	env_01m2s6hn7dwgh5cy9h16kr2pqg	20184334	19950965	396	170209280	170442752	3	50000/100000	201326592
1789699652000	env_01m2s6hn86v91d94e5rpeapgpt	21014196	20280788	420	43708416	44089344	3	50000/100000	201326592
1789699652018	env_01m2s6jk5smkgexez6426rr4fz	5709068	5475666	114	109973504	109973504	3	50000/100000	201326592
1789699652051	env_01m2s6js6q3tg533m4fwvxn2qj	5204141	1139	1	46727168	46727168	3	100000/100000	335544320
1789699652567	env_01m2s6hn7dwgh5cy9h16kr2pqg	20485148	20336432	402	170209280	170442752	3	50000/100000	201326592
1789699652583	env_01m2s6hn86v91d94e5rpeapgpt	21298559	20523011	425	43708416	44089344	3	50000/100000	201326592
1789699652599	env_01m2s6jk5smkgexez6426rr4fz	6001693	5721241	119	114429952	114429952	3	50000/100000	201326592
1789699652616	env_01m2s6js6q3tg533m4fwvxn2qj	5766730	1139	1	46727168	46727168	3	100000/100000	335544320
1789699653136	env_01m2s6hn7dwgh5cy9h16kr2pqg	20783233	20765363	408	170209280	170442752	3	50000/100000	201326592
1789699653150	env_01m2s6hn86v91d94e5rpeapgpt	21599739	20806996	431	43708416	44089344	3	50000/100000	201326592
1789699653165	env_01m2s6jk5smkgexez6426rr4fz	6298216	6006353	125	119148544	119148544	3	50000/100000	201326592
1789699653176	env_01m2s6js6q3tg533m4fwvxn2qj	6323538	1139	1	46727168	46727168	3	100000/100000	335544320
1789699653692	env_01m2s6hn7dwgh5cy9h16kr2pqg	21042409	21152765	414	170209280	170442752	3	50000/100000	201326592
1789699653719	env_01m2s6hn86v91d94e5rpeapgpt	21886402	21103671	437	43708416	44089344	3	50000/100000	201326592
1789699653750	env_01m2s6jk5smkgexez6426rr4fz	6582281	6303514	131	123867136	123867136	3	50000/100000	201326592
1789699653762	env_01m2s6js6q3tg533m4fwvxn2qj	6902328	1139	1	46727168	46727168	3	100000/100000	335544320
1789699654275	env_01m2s6hn7dwgh5cy9h16kr2pqg	21334358	21459507	419	170209280	170442752	3	50000/100000	201326592
1789699654306	env_01m2s6hn86v91d94e5rpeapgpt	22169883	21394608	443	43708416	44089344	3	50000/100000	201326592
1789699654323	env_01m2s6jk5smkgexez6426rr4fz	6853549	6598101	137	127799296	127799296	3	50000/100000	201326592
1789699654343	env_01m2s6js6q3tg533m4fwvxn2qj	7479244	2251	2	49086464	49086464	3	100000/100000	335544320
1789699654871	env_01m2s6hn7dwgh5cy9h16kr2pqg	21635022	21754506	425	169947136	170442752	3	50000/100000	201326592
1789699654903	env_01m2s6hn86v91d94e5rpeapgpt	22466298	21689252	449	43708416	44089344	3	50000/100000	201326592
1789699654945	env_01m2s6jk5smkgexez6426rr4fz	7175084	6874569	143	131125248	131125248	3	50000/100000	201326592
1789699654970	env_01m2s6k0v47nqbaqaaxmtsdrhj	283148	0	0	25681920	25759744	3	100000/100000	335544320
1789699655869	env_01m2s6hn7dwgh5cy9h16kr2pqg	21991984	22050628	431	170209280	170442752	3	50000/100000	201326592
1789699655892	env_01m2s6hn86v91d94e5rpeapgpt	22955930	22170105	459	43708416	44089344	3	50000/100000	201326592
1789699655925	env_01m2s6jk5smkgexez6426rr4fz	7660482	7360394	153	136630272	136630272	3	50000/100000	201326592
1789699655959	env_01m2s6k0v47nqbaqaaxmtsdrhj	1256517	0	0	31711232	31711232	3	100000/100000	335544320
1789699656487	env_01m2s6hn7dwgh5cy9h16kr2pqg	22301482	22151498	436	170209280	170442752	3	50000/100000	201326592
1789699656548	env_01m2s6hn86v91d94e5rpeapgpt	23299013	22458944	465	43970560	44089344	3	50000/100000	201326592
1789699656574	env_01m2s6jk5smkgexez6426rr4fz	7997725	7651290	159	136630272	136630272	3	50000/100000	201326592
1789699656606	env_01m2s6k0v47nqbaqaaxmtsdrhj	1898235	0	0	32759808	32759808	3	100000/100000	335544320
1789699657139	env_01m2s6hn7dwgh5cy9h16kr2pqg	22639998	22309468	442	170209280	170442752	3	50000/100000	201326592
1789699657159	env_01m2s6hn86v91d94e5rpeapgpt	23598570	22733137	471	43970560	44089344	3	50000/100000	201326592
1789699657171	env_01m2s6jk5smkgexez6426rr4fz	8300963	7913369	165	136630272	136630272	3	50000/100000	201326592
1789699657184	env_01m2s6k0v47nqbaqaaxmtsdrhj	2473103	0	0	33021952	33021952	3	100000/100000	335544320
1789699657708	env_01m2s6hn7dwgh5cy9h16kr2pqg	22925058	22554721	448	170209280	170442752	3	50000/100000	201326592
1789699657763	env_01m2s6hn86v91d94e5rpeapgpt	23898172	23027066	477	43970560	44089344	3	50000/100000	201326592
1789699657807	env_01m2s6jk5smkgexez6426rr4fz	8600986	8193585	171	136630272	136630272	3	50000/100000	201326592
1789699657838	env_01m2s6k0v47nqbaqaaxmtsdrhj	3123015	0	0	35381248	35381248	3	100000/100000	335544320
1789699658374	env_01m2s6hn7dwgh5cy9h16kr2pqg	23251222	22844271	454	170209280	170442752	3	50000/100000	201326592
1789699658402	env_01m2s6hn86v91d94e5rpeapgpt	24215221	23354615	484	43970560	44089344	3	50000/100000	201326592
1789699658423	env_01m2s6jk5smkgexez6426rr4fz	8904480	8497901	178	136630272	136630272	3	50000/100000	201326592
1789699658447	env_01m2s6k0v47nqbaqaaxmtsdrhj	3727676	0	0	36691968	36691968	3	100000/100000	335544320
1789699658973	env_01m2s6hn7dwgh5cy9h16kr2pqg	23551108	23128802	460	170209280	170442752	3	50000/100000	201326592
1789699658998	env_01m2s6hn86v91d94e5rpeapgpt	24509087	23648232	490	43970560	44089344	3	50000/100000	201326592
1789699659014	env_01m2s6jk5smkgexez6426rr4fz	9201087	8710448	184	136630272	136630272	3	50000/100000	201326592
1789699659030	env_01m2s6k0v47nqbaqaaxmtsdrhj	4293162	0	0	37216256	37216256	3	100000/100000	335544320
1789699659548	env_01m2s6hn7dwgh5cy9h16kr2pqg	23850115	23419290	466	170209280	170442752	3	50000/100000	201326592
1789699659565	env_01m2s6hn86v91d94e5rpeapgpt	24797461	23875269	495	43970560	44089344	3	50000/100000	201326592
1789699659579	env_01m2s6jk5smkgexez6426rr4fz	9501789	8978514	189	136630272	136630272	3	50000/100000	201326592
1789699659599	env_01m2s6k0v47nqbaqaaxmtsdrhj	4856856	0	0	38789120	38789120	3	100000/100000	335544320
1789699660118	env_01m2s6hn7dwgh5cy9h16kr2pqg	24133354	23716085	472	170209280	170442752	3	50000/100000	201326592
1789699660136	env_01m2s6hn86v91d94e5rpeapgpt	25087441	24166218	501	43970560	44089344	3	50000/100000	201326592
1789699660163	env_01m2s6jk5smkgexez6426rr4fz	9786879	9270325	195	136630272	136630272	3	50000/100000	201326592
1789699660194	env_01m2s6k0v47nqbaqaaxmtsdrhj	5445156	0	0	39837696	39837696	3	100000/100000	335544320
1789699660732	env_01m2s6hn7dwgh5cy9h16kr2pqg	24450689	24011908	478	170209280	170442752	3	50000/100000	201326592
1789699660757	env_01m2s6hn86v91d94e5rpeapgpt	25397895	24440487	507	43970560	44089344	3	50000/100000	201326592
1789699660774	env_01m2s6jk5smkgexez6426rr4fz	10101358	9550624	201	136630272	136630272	3	50000/100000	201326592
1789699660794	env_01m2s6k0v47nqbaqaaxmtsdrhj	6032037	0	0	42196992	42196992	3	100000/100000	335544320
1789699661313	env_01m2s6hn7dwgh5cy9h16kr2pqg	24728188	24307605	484	170471424	170471424	3	50000/100000	201326592
1789699661345	env_01m2s6hn86v91d94e5rpeapgpt	25697850	24733309	513	43966464	44232704	3	50000/100000	201326592
1789699661360	env_01m2s6jk5smkgexez6426rr4fz	10385046	9842793	207	136630272	136630272	3	50000/100000	201326592
1789699661377	env_01m2s6k0v47nqbaqaaxmtsdrhj	6607754	0	0	43302912	43507712	3	100000/100000	335544320
1789699661898	env_01m2s6hn7dwgh5cy9h16kr2pqg	25017363	24640661	490	170471424	170471424	3	50000/100000	201326592
1789699661913	env_01m2s6hn86v91d94e5rpeapgpt	25973286	25023340	519	43966464	44232704	3	50000/100000	201326592
1789699661948	env_01m2s6jk5smkgexez6426rr4fz	10683110	10127382	213	136630272	136630272	3	50000/100000	201326592
1789699661962	env_01m2s6k0v47nqbaqaaxmtsdrhj	7187201	0	0	46972928	46972928	3	100000/100000	335544320
1789699662478	env_01m2s6hn7dwgh5cy9h16kr2pqg	25301370	24931536	495	169947136	170471424	3	50000/100000	201326592
1789699662500	env_01m2s6hn86v91d94e5rpeapgpt	26260922	25309538	525	43708416	44232704	3	50000/100000	201326592
1789699662535	env_01m2s6k0v47nqbaqaaxmtsdrhj	7756769	0	0	46637056	46972928	3	100000/100000	335544320
1789699662556	env_01m2s6k8djjzy5jbxcx97c3twx	118000	46935	1	25153536	25153536	3	50000/100000	201326592
1789699663418	env_01m2s6hn7dwgh5cy9h16kr2pqg	25783385	25422532	505	169947136	170471424	3	50000/100000	201326592
1789699663451	env_01m2s6hn86v91d94e5rpeapgpt	26747977	25722489	534	43708416	44232704	3	50000/100000	201326592
1789699663464	env_01m2s6k0v47nqbaqaaxmtsdrhj	8669604	0	0	46637056	46972928	3	100000/100000	335544320
1789699663477	env_01m2s6k8djjzy5jbxcx97c3twx	583424	474149	10	28561408	28561408	3	50000/100000	201326592
1789699663994	env_01m2s6hn7dwgh5cy9h16kr2pqg	26058858	25720167	511	169947136	170471424	3	50000/100000	201326592
1789699664015	env_01m2s6hn86v91d94e5rpeapgpt	27023087	26009586	540	43708416	44232704	3	50000/100000	201326592
1789699664048	env_01m2s6k0v47nqbaqaaxmtsdrhj	9245386	0	0	46637056	46972928	3	100000/100000	335544320
1789699664067	env_01m2s6k8djjzy5jbxcx97c3twx	875628	755634	16	28823552	28823552	3	50000/100000	201326592
1789699664594	env_01m2s6hn7dwgh5cy9h16kr2pqg	26360997	26013606	517	169947136	170471424	3	50000/100000	201326592
1789699664618	env_01m2s6hn86v91d94e5rpeapgpt	27327135	26297273	546	43708416	44232704	3	50000/100000	201326592
1789699664638	env_01m2s6k0v47nqbaqaaxmtsdrhj	9820043	0	0	46637056	46972928	3	100000/100000	335544320
1789699664657	env_01m2s6k8djjzy5jbxcx97c3twx	1161172	1036347	22	29609984	29609984	3	50000/100000	201326592
1789699665188	env_01m2s6hn7dwgh5cy9h16kr2pqg	26656063	26307984	523	169947136	170471424	3	50000/100000	201326592
1789699665213	env_01m2s6hn86v91d94e5rpeapgpt	27623794	26569415	552	43708416	44232704	3	50000/100000	201326592
1789699665245	env_01m2s6k8djjzy5jbxcx97c3twx	1454130	1310741	28	29478912	29609984	3	50000/100000	201326592
1789699665771	env_01m2s6hn7dwgh5cy9h16kr2pqg	26952355	26556660	528	169947136	170471424	3	50000/100000	201326592
1789699665797	env_01m2s6hn86v91d94e5rpeapgpt	27908797	26854145	558	43708416	44232704	3	50000/100000	201326592
1789699665812	env_01m2s6k8djjzy5jbxcx97c3twx	1732856	1547100	34	29741056	29741056	3	50000/100000	201326592
1789699666338	env_01m2s6hn7dwgh5cy9h16kr2pqg	27250892	26860579	534	170209280	170471424	3	50000/100000	201326592
1789699666356	env_01m2s6hn86v91d94e5rpeapgpt	28197995	27099277	563	43970560	44232704	3	50000/100000	201326592
1789699666373	env_01m2s6k8djjzy5jbxcx97c3twx	2033008	1840365	39	31838208	31838208	3	50000/100000	201326592
1789699666894	env_01m2s6hn7dwgh5cy9h16kr2pqg	27508119	27094820	540	170209280	170471424	3	50000/100000	201326592
1789699666911	env_01m2s6hn86v91d94e5rpeapgpt	28469802	27394814	569	43970560	44232704	3	50000/100000	201326592
1789699666931	env_01m2s6k8djjzy5jbxcx97c3twx	2294662	2137771	45	32362496	32362496	3	50000/100000	201326592
1789699667451	env_01m2s6hn7dwgh5cy9h16kr2pqg	27612026	27116832	541	170209280	170471424	3	50000/100000	201326592
1789699667465	env_01m2s6hn86v91d94e5rpeapgpt	28747770	27639264	574	43970560	44232704	3	50000/100000	201326592
1789699667478	env_01m2s6k8djjzy5jbxcx97c3twx	2581700	2380860	50	33673216	33673216	3	50000/100000	201326592
1789699667994	env_01m2s6hn7dwgh5cy9h16kr2pqg	27873429	27503227	546	170209280	170471424	3	50000/100000	201326592
1789699668018	env_01m2s6hn86v91d94e5rpeapgpt	29030409	27937780	580	43970560	44232704	3	50000/100000	201326592
1789699668037	env_01m2s6k8djjzy5jbxcx97c3twx	2849844	2679371	56	34197504	34197504	3	50000/100000	201326592
1789699668552	env_01m2s6hn7dwgh5cy9h16kr2pqg	28162558	27862298	551	170209280	170471424	3	50000/100000	201326592
1789699668566	env_01m2s6hn86v91d94e5rpeapgpt	29298064	28187862	585	43970560	44232704	3	50000/100000	201326592
1789699668579	env_01m2s6k8djjzy5jbxcx97c3twx	3132409	2926027	61	36556800	36556800	3	50000/100000	201326592
1789699669094	env_01m2s6hn7dwgh5cy9h16kr2pqg	28422551	28160904	557	170209280	170471424	3	50000/100000	201326592
1789699669110	env_01m2s6hn86v91d94e5rpeapgpt	29574360	28481431	591	43970560	44232704	3	50000/100000	201326592
1789699669126	env_01m2s6k8djjzy5jbxcx97c3twx	3389620	3222841	67	37081088	37081088	3	50000/100000	201326592
1789699669644	env_01m2s6hn7dwgh5cy9h16kr2pqg	28713846	28411418	562	170209280	170471424	3	50000/100000	201326592
1789699669656	env_01m2s6hn86v91d94e5rpeapgpt	29848435	28726420	596	43970560	44232704	3	50000/100000	201326592
1789699669668	env_01m2s6k8djjzy5jbxcx97c3twx	3679119	3469573	72	39702528	39702528	3	50000/100000	201326592
1789699670181	env_01m2s6hn7dwgh5cy9h16kr2pqg	28964723	28661106	567	170209280	170471424	3	50000/100000	201326592
1789699670196	env_01m2s6hn86v91d94e5rpeapgpt	30107690	29021059	602	43970560	44232704	3	50000/100000	201326592
1789699670210	env_01m2s6k8djjzy5jbxcx97c3twx	3933048	3716141	77	40488960	40488960	3	50000/100000	201326592
1789699670729	env_01m2s6hn7dwgh5cy9h16kr2pqg	29257401	29003189	573	170209280	170471424	3	50000/100000	201326592
1789699670743	env_01m2s6hn86v91d94e5rpeapgpt	30397750	29263910	607	43970560	44232704	3	50000/100000	201326592
1789699670760	env_01m2s6k8djjzy5jbxcx97c3twx	4223114	4048441	83	42323968	42323968	3	50000/100000	201326592
1789699671281	env_01m2s6hn7dwgh5cy9h16kr2pqg	29513923	29251740	578	170209280	170471424	3	50000/100000	201326592
1789699671301	env_01m2s6hn86v91d94e5rpeapgpt	30662113	29557214	613	44232704	44232704	3	50000/100000	201326592
1789699671319	env_01m2s6k8djjzy5jbxcx97c3twx	4484235	4387852	89	42586112	42586112	3	50000/100000	201326592
1789699671843	env_01m2s6hn7dwgh5cy9h16kr2pqg	29814194	29552946	584	170209280	170471424	3	50000/100000	201326592
1789699671858	env_01m2s6hn86v91d94e5rpeapgpt	30948612	29807780	618	44232704	44232704	3	50000/100000	201326592
1789699671874	env_01m2s6k8djjzy5jbxcx97c3twx	4782715	4677501	94	43896832	43896832	3	50000/100000	201326592
1789699672391	env_01m2s6hn7dwgh5cy9h16kr2pqg	30068857	29850755	590	170209280	170471424	3	50000/100000	201326592
1789699672414	env_01m2s6hn86v91d94e5rpeapgpt	31221773	30094810	624	44232704	44232704	3	50000/100000	201326592
1789699672436	env_01m2s6k8djjzy5jbxcx97c3twx	5052233	4973582	100	44421120	44683264	3	50000/100000	201326592
1789699672962	env_01m2s6hn7dwgh5cy9h16kr2pqg	30364865	30097834	595	170209280	170471424	3	50000/100000	201326592
1789699672983	env_01m2s6hn86v91d94e5rpeapgpt	31498623	30379053	630	44232704	44232704	3	50000/100000	201326592
1789699673007	env_01m2s6k8djjzy5jbxcx97c3twx	5332135	5222116	105	53596160	53596160	3	50000/100000	201326592
1789699673533	env_01m2s6hn7dwgh5cy9h16kr2pqg	30468664	30143792	596	170209280	170471424	3	50000/100000	201326592
1789699673559	env_01m2s6hn86v91d94e5rpeapgpt	31798499	30622304	635	44232704	44232704	3	50000/100000	201326592
1789699673582	env_01m2s6k8djjzy5jbxcx97c3twx	5632980	5517275	111	62771200	62771200	3	50000/100000	201326592
1789699674111	env_01m2s6hn7dwgh5cy9h16kr2pqg	30729268	30399335	600	170209280	170471424	3	50000/100000	201326592
1789699674134	env_01m2s6hn86v91d94e5rpeapgpt	32097354	30921181	641	44232704	44232704	3	50000/100000	201326592
1789699674157	env_01m2s6k8djjzy5jbxcx97c3twx	5920972	5815529	117	71159808	71159808	3	50000/100000	201326592
1789699674677	env_01m2s6hn7dwgh5cy9h16kr2pqg	30987941	30726620	605	170209280	170471424	3	50000/100000	201326592
1789699674696	env_01m2s6hn86v91d94e5rpeapgpt	32361031	31217789	647	44232704	44232704	3	50000/100000	201326592
1789699674719	env_01m2s6k8djjzy5jbxcx97c3twx	6185513	6112352	123	78499840	78499840	3	50000/100000	201326592
1789699675243	env_01m2s6hn7dwgh5cy9h16kr2pqg	31285190	31233085	611	170209280	170471424	3	50000/100000	201326592
1789699675264	env_01m2s6hn86v91d94e5rpeapgpt	32648676	31469238	652	44232704	44232704	3	50000/100000	201326592
1789699675283	env_01m2s6k8djjzy5jbxcx97c3twx	6483333	6361625	128	86102016	86102016	3	50000/100000	201326592
1789699675812	env_01m2s6hn7dwgh5cy9h16kr2pqg	31572451	31610338	617	170471424	170471424	3	50000/100000	201326592
1789699675840	env_01m2s6hn86v91d94e5rpeapgpt	32949031	31766393	658	44232704	44232704	3	50000/100000	201326592
1789699675862	env_01m2s6k8djjzy5jbxcx97c3twx	6777316	6659706	134	93179904	93179904	3	50000/100000	201326592
1789699676390	env_01m2s6hn7dwgh5cy9h16kr2pqg	31842096	32042097	623	170733568	170733568	3	50000/100000	201326592
1789699676431	env_01m2s6hn86v91d94e5rpeapgpt	33242451	32063071	664	44232704	44232704	3	50000/100000	201326592
1789699676459	env_01m2s6k8djjzy5jbxcx97c3twx	7076527	6956889	140	99209216	99209216	3	50000/100000	201326592
1789699677000	env_01m2s6hn7dwgh5cy9h16kr2pqg	32149316	32397423	629	170733568	170733568	3	50000/100000	201326592
1789699677041	env_01m2s6hn86v91d94e5rpeapgpt	33547752	32362832	670	44232704	44232704	3	50000/100000	201326592
1789699677069	env_01m2s6k8djjzy5jbxcx97c3twx	7381681	7255376	146	104452096	104452096	3	50000/100000	201326592
1789699677610	env_01m2s6hn7dwgh5cy9h16kr2pqg	32463139	32838244	635	170733568	170733568	3	50000/100000	201326592
1789699677641	env_01m2s6hn86v91d94e5rpeapgpt	33847504	32658760	676	44232704	44232704	3	50000/100000	201326592
1789699677664	env_01m2s6k8djjzy5jbxcx97c3twx	7677420	7551847	152	109694976	109694976	3	50000/100000	201326592
1789699678096	env_01m2s6hn7dwgh5cy9h16kr2pqg	32742177	33206712	641	170995712	170995712	3	50000/100000	201326592
1789699678144	env_01m2s6hn86v91d94e5rpeapgpt	34148697	32954842	682	43708416	44232704	3	50000/100000	201326592
1789699678176	env_01m2s6k8djjzy5jbxcx97c3twx	7982332	7848168	158	114429952	114429952	3	50000/100000	201326592
1789699678738	env_01m2s6hn7dwgh5cy9h16kr2pqg	33077842	33554934	647	170995712	170995712	3	50000/100000	201326592
1789699678759	env_01m2s6hn86v91d94e5rpeapgpt	34448951	33248480	688	43708416	44232704	3	50000/100000	201326592
1789699678782	env_01m2s6k8djjzy5jbxcx97c3twx	8281656	8146914	164	119672832	119672832	3	50000/100000	201326592
1789699679311	env_01m2s6hn7dwgh5cy9h16kr2pqg	33271970	33814193	651	170995712	170995712	3	50000/100000	201326592
1789699679335	env_01m2s6hn86v91d94e5rpeapgpt	34748286	33545521	694	43708416	44232704	3	50000/100000	201326592
1789699679360	env_01m2s6k8djjzy5jbxcx97c3twx	8574398	8443688	170	124915712	124915712	3	50000/100000	201326592
1789699679881	env_01m2s6hn7dwgh5cy9h16kr2pqg	33446111	33826353	652	170995712	170995712	3	50000/100000	201326592
1789699679904	env_01m2s6hn86v91d94e5rpeapgpt	35018325	33843854	700	43708416	44232704	3	50000/100000	201326592
1789699679928	env_01m2s6k8djjzy5jbxcx97c3twx	8839849	8741809	176	129634304	129634304	3	50000/100000	201326592
1789699680451	env_01m2s6hn7dwgh5cy9h16kr2pqg	33744700	34266947	658	170995712	170995712	3	50000/100000	201326592
1789699680468	env_01m2s6hn86v91d94e5rpeapgpt	35298246	34093291	705	43708416	44232704	3	50000/100000	201326592
1789699680483	env_01m2s6k8djjzy5jbxcx97c3twx	9132356	8984944	181	136187904	136187904	3	50000/100000	201326592
1789699681013	env_01m2s6hn7dwgh5cy9h16kr2pqg	34040400	34663591	664	170995712	170995712	3	50000/100000	201326592
1789699681037	env_01m2s6hn86v91d94e5rpeapgpt	35598256	34389352	711	43708416	44232704	3	50000/100000	201326592
1789699681058	env_01m2s6k8djjzy5jbxcx97c3twx	9421148	9281420	187	136187904	136187904	3	50000/100000	201326592
1789699681578	env_01m2s6hn7dwgh5cy9h16kr2pqg	34290783	35096217	669	170995712	170995712	3	50000/100000	201326592
1789699681601	env_01m2s6hn86v91d94e5rpeapgpt	35865497	34688552	717	43970560	44232704	3	50000/100000	201326592
1789699681630	env_01m2s6k8djjzy5jbxcx97c3twx	9695493	9574681	193	136187904	136187904	3	50000/100000	201326592
1789699682152	env_01m2s6hn7dwgh5cy9h16kr2pqg	34591552	35548693	675	170995712	170995712	3	50000/100000	201326592
1789699682165	env_01m2s6hn86v91d94e5rpeapgpt	36148283	34941211	722	43970560	44232704	3	50000/100000	201326592
1789699682179	env_01m2s6k8djjzy5jbxcx97c3twx	9982894	9821109	198	136187904	136187904	3	50000/100000	201326592
1789699682704	env_01m2s6hn7dwgh5cy9h16kr2pqg	34858426	35881353	681	169975808	170995712	3	50000/100000	201326592
1789699682718	env_01m2s6hn86v91d94e5rpeapgpt	36432669	35234097	728	43712512	44232704	3	50000/100000	201326592
1789699682731	env_01m2s6kw1h4dnww1wtd714qwfv	151786	121357	3	25395200	25419776	3	50000/100000	201326592
1789699683577	env_01m2s6hn7dwgh5cy9h16kr2pqg	35288961	36282744	689	169975808	170995712	3	50000/100000	201326592
1789699683591	env_01m2s6hn86v91d94e5rpeapgpt	36855974	35677677	737	43712512	44232704	3	50000/100000	201326592
1789699683603	env_01m2s6kw1h4dnww1wtd714qwfv	598124	516849	11	28803072	28803072	3	50000/100000	201326592
1789699684117	env_01m2s6hn7dwgh5cy9h16kr2pqg	35571375	36582340	695	169975808	170995712	3	50000/100000	201326592
1789699684129	env_01m2s6hn86v91d94e5rpeapgpt	37147574	35922619	742	43712512	44232704	3	50000/100000	201326592
1789699684144	env_01m2s6kw1h4dnww1wtd714qwfv	864272	816710	17	29851648	29851648	3	50000/100000	201326592
1789699684658	env_01m2s6hn7dwgh5cy9h16kr2pqg	35838123	36833525	700	169975808	170995712	3	50000/100000	201326592
1789699684670	env_01m2s6hn86v91d94e5rpeapgpt	37399701	36173155	747	43712512	44232704	3	50000/100000	201326592
1789699684683	env_01m2s6kw1h4dnww1wtd714qwfv	1148974	1064887	22	30113792	30113792	3	50000/100000	201326592
1789699685202	env_01m2s6hn7dwgh5cy9h16kr2pqg	36106150	37133020	706	169975808	170995712	3	50000/100000	201326592
1789699685215	env_01m2s6hn86v91d94e5rpeapgpt	37679616	36464625	753	43712512	44232704	3	50000/100000	201326592
1789699685228	env_01m2s6kw1h4dnww1wtd714qwfv	1398548	1362580	28	32473088	32473088	3	50000/100000	201326592
1789699685742	env_01m2s6hn7dwgh5cy9h16kr2pqg	36388715	37310897	711	169975808	170995712	3	50000/100000	201326592
1789699685755	env_01m2s6hn86v91d94e5rpeapgpt	37948334	36711463	758	43712512	44232704	3	50000/100000	201326592
1789699685768	env_01m2s6kw1h4dnww1wtd714qwfv	1687020	1609529	33	33521664	33783808	3	50000/100000	201326592
1789699686283	env_01m2s6hn7dwgh5cy9h16kr2pqg	36639039	37533902	717	170237952	170995712	3	50000/100000	201326592
1789699686298	env_01m2s6hn86v91d94e5rpeapgpt	38211605	37007095	764	43974656	44232704	3	50000/100000	201326592
1789699686310	env_01m2s6kw1h4dnww1wtd714qwfv	1948131	1854506	38	34308096	34308096	3	50000/100000	201326592
1789699686824	env_01m2s6hn7dwgh5cy9h16kr2pqg	36937259	37832382	722	170237952	170995712	3	50000/100000	201326592
1789699686840	env_01m2s6hn86v91d94e5rpeapgpt	38497398	37250922	769	43974656	44232704	3	50000/100000	201326592
1789699686852	env_01m2s6kw1h4dnww1wtd714qwfv	2220830	2150878	44	35880960	35880960	3	50000/100000	201326592
1789699687366	env_01m2s6hn7dwgh5cy9h16kr2pqg	37187146	38205713	727	170500096	170995712	3	50000/100000	201326592
1789699687378	env_01m2s6hn86v91d94e5rpeapgpt	38747955	37500232	774	43974656	44232704	3	50000/100000	201326592
1789699687395	env_01m2s6kw1h4dnww1wtd714qwfv	2498916	2398731	49	37191680	37191680	3	50000/100000	201326592
1789699687912	env_01m2s6hn7dwgh5cy9h16kr2pqg	37467646	38642090	733	170500096	170995712	3	50000/100000	201326592
1789699687927	env_01m2s6hn86v91d94e5rpeapgpt	39039973	37798009	780	43974656	44232704	3	50000/100000	201326592
1789699687940	env_01m2s6kw1h4dnww1wtd714qwfv	2760224	2697373	55	40599552	40599552	3	50000/100000	201326592
1789699688454	env_01m2s6hn7dwgh5cy9h16kr2pqg	37731322	39137393	738	170762240	170995712	3	50000/100000	201326592
1789699688466	env_01m2s6hn86v91d94e5rpeapgpt	39297512	38047223	785	43974656	44232704	3	50000/100000	201326592
1789699688479	env_01m2s6kw1h4dnww1wtd714qwfv	3049272	2946964	60	42696704	42696704	3	50000/100000	201326592
1789699688999	env_01m2s6hn7dwgh5cy9h16kr2pqg	37999056	39578617	744	170762240	170995712	3	50000/100000	201326592
1789699689017	env_01m2s6hn86v91d94e5rpeapgpt	39580631	38342475	791	43974656	44232704	3	50000/100000	201326592
1789699689032	env_01m2s6kw1h4dnww1wtd714qwfv	3302420	3241357	66	44007424	44007424	3	50000/100000	201326592
1789699689548	env_01m2s6hn7dwgh5cy9h16kr2pqg	38273564	39896805	749	171024384	171024384	3	50000/100000	201326592
1789699689560	env_01m2s6hn86v91d94e5rpeapgpt	39847850	38591737	796	43974656	44232704	3	50000/100000	201326592
1789699689571	env_01m2s6kw1h4dnww1wtd714qwfv	3591182	3489479	71	55541760	55541760	3	50000/100000	201326592
1789699690083	env_01m2s6hn7dwgh5cy9h16kr2pqg	38522699	40276157	755	171024384	171024384	3	50000/100000	201326592
1789699690096	env_01m2s6hn86v91d94e5rpeapgpt	40108428	38889490	802	43974656	44232704	3	50000/100000	201326592
1789699690107	env_01m2s6kw1h4dnww1wtd714qwfv	3849090	3738254	76	68648960	68648960	3	50000/100000	201326592
1789699690621	env_01m2s6hn7dwgh5cy9h16kr2pqg	38820570	40645389	760	171024384	171024384	3	50000/100000	201326592
1789699690634	env_01m2s6hn86v91d94e5rpeapgpt	40396132	39138241	807	43974656	44232704	3	50000/100000	201326592
1789699690644	env_01m2s6kw1h4dnww1wtd714qwfv	4114097	4036480	82	80707584	80969728	3	50000/100000	201326592
1789699691156	env_01m2s6hn7dwgh5cy9h16kr2pqg	39069792	40962004	765	171024384	171024384	3	50000/100000	201326592
1789699691166	env_01m2s6hn86v91d94e5rpeapgpt	40647675	39386276	812	43974656	44232704	3	50000/100000	201326592
1789699691177	env_01m2s6kw1h4dnww1wtd714qwfv	4396901	4285261	87	91717632	91717632	3	50000/100000	201326592
1789699691688	env_01m2s6hn7dwgh5cy9h16kr2pqg	39174829	41088138	767	171024384	171024384	3	50000/100000	201326592
1789699691699	env_01m2s6hn86v91d94e5rpeapgpt	40912137	39684231	818	44236800	44236800	3	50000/100000	201326592
1789699691709	env_01m2s6kw1h4dnww1wtd714qwfv	4648726	4533991	92	100892672	100892672	3	50000/100000	201326592
1789699692221	env_01m2s6hn7dwgh5cy9h16kr2pqg	39354646	41230017	769	171024384	171024384	3	50000/100000	201326592
1789699692233	env_01m2s6hn86v91d94e5rpeapgpt	41196350	39932525	823	44236800	44236800	3	50000/100000	201326592
1789699692244	env_01m2s6kw1h4dnww1wtd714qwfv	4913931	4832246	98	109543424	109543424	3	50000/100000	201326592
1789699692756	env_01m2s6hn7dwgh5cy9h16kr2pqg	39603533	41609558	774	171024384	171024384	3	50000/100000	201326592
1789699692766	env_01m2s6hn86v91d94e5rpeapgpt	41447983	40183441	828	44236800	44236800	3	50000/100000	201326592
1789699692776	env_01m2s6kw1h4dnww1wtd714qwfv	5199380	5069183	103	121602048	121602048	3	50000/100000	201326592
1789699693288	env_01m2s6hn7dwgh5cy9h16kr2pqg	39857404	42082906	780	171024384	171024384	3	50000/100000	201326592
1789699693301	env_01m2s6hn86v91d94e5rpeapgpt	41714335	40480473	834	44236800	44236800	3	50000/100000	201326592
1789699693315	env_01m2s6kw1h4dnww1wtd714qwfv	5449036	5325316	108	136544256	136544256	3	50000/100000	201326592
1789699693828	env_01m2s6hn7dwgh5cy9h16kr2pqg	40151430	42397287	785	171024384	171024384	3	50000/100000	201326592
1789699693839	env_01m2s6hn86v91d94e5rpeapgpt	41997452	40729746	839	44236800	44236800	3	50000/100000	201326592
1789699693850	env_01m2s6kw1h4dnww1wtd714qwfv	5720853	5626834	114	136544256	136544256	3	50000/100000	201326592
1789699694362	env_01m2s6hn7dwgh5cy9h16kr2pqg	40400921	42764753	790	171024384	171024384	3	50000/100000	201326592
1789699694373	env_01m2s6hn86v91d94e5rpeapgpt	42247645	40978264	844	44236800	44236800	3	50000/100000	201326592
1789699694384	env_01m2s6kw1h4dnww1wtd714qwfv	5999508	5875724	119	136544256	136544256	3	50000/100000	201326592
1789699694898	env_01m2s6hn7dwgh5cy9h16kr2pqg	40666247	43300447	796	170303488	171024384	3	50000/100000	201326592
1789699694911	env_01m2s6hn86v91d94e5rpeapgpt	42522478	41273371	850	43712512	44236800	3	50000/100000	201326592
1789699695428	env_01m2s6hn7dwgh5cy9h16kr2pqg	40940519	43552573	801	170303488	171024384	3	50000/100000	201326592
1789699695439	env_01m2s6hn86v91d94e5rpeapgpt	42798811	41516684	855	43712512	44236800	3	50000/100000	201326592
1789699695450	env_01m2s6m875h97sqc496wncn0cx	297327	217202	5	25669632	25718784	3	50000/100000	201326592
1789699696294	env_01m2s6hn7dwgh5cy9h16kr2pqg	41354793	44003198	810	170303488	171024384	3	50000/100000	201326592
1789699696306	env_01m2s6hn86v91d94e5rpeapgpt	43215026	41959151	864	43708416	44236800	3	50000/100000	201326592
1789699696317	env_01m2s6m875h97sqc496wncn0cx	721817	661558	14	25669632	25718784	3	50000/100000	201326592
1789699696836	env_01m2s6hn7dwgh5cy9h16kr2pqg	41649189	44249053	815	170565632	171024384	3	50000/100000	201326592
1789699696849	env_01m2s6hn86v91d94e5rpeapgpt	43498583	42200249	869	43708416	44236800	3	50000/100000	201326592
1789699696860	env_01m2s6m875h97sqc496wncn0cx	997762	904410	19	25931776	25931776	3	50000/100000	201326592
1789699697377	env_01m2s6hn7dwgh5cy9h16kr2pqg	41899649	44500273	820	170565632	171024384	3	50000/100000	201326592
1789699697390	env_01m2s6hn86v91d94e5rpeapgpt	43755653	42489524	875	43708416	44236800	3	50000/100000	201326592
1789699697402	env_01m2s6m875h97sqc496wncn0cx	1257116	1196639	25	26193920	26193920	3	50000/100000	201326592
1789699697917	env_01m2s6hn7dwgh5cy9h16kr2pqg	42178165	44743814	826	170565632	171024384	3	50000/100000	201326592
1789699697931	env_01m2s6hn86v91d94e5rpeapgpt	44039978	42737383	880	43708416	44236800	3	50000/100000	201326592
1789699697944	env_01m2s6m875h97sqc496wncn0cx	1547447	1439027	30	28291072	28291072	3	50000/100000	201326592
1789699698459	env_01m2s6hn7dwgh5cy9h16kr2pqg	42451056	44942859	831	170565632	171024384	3	50000/100000	201326592
1789699698475	env_01m2s6hn86v91d94e5rpeapgpt	44299141	42980649	885	43708416	44236800	3	50000/100000	201326592
1789699698501	env_01m2s6m875h97sqc496wncn0cx	1808949	1733233	36	28291072	28291072	3	50000/100000	201326592
1789699699017	env_01m2s6hn7dwgh5cy9h16kr2pqg	42730278	45240662	837	170565632	171024384	3	50000/100000	201326592
1789699699030	env_01m2s6hn86v91d94e5rpeapgpt	44592737	43276953	891	43708416	44236800	3	50000/100000	201326592
1789699699043	env_01m2s6m875h97sqc496wncn0cx	2097233	1976746	41	28291072	28291072	3	50000/100000	201326592
1789699699559	env_01m2s6hn7dwgh5cy9h16kr2pqg	43000184	45551056	842	170565632	171024384	3	50000/100000	201326592
1789699699575	env_01m2s6hn86v91d94e5rpeapgpt	44848895	43523089	896	43708416	44236800	3	50000/100000	201326592
1789699699610	env_01m2s6m875h97sqc496wncn0cx	2367794	2268355	47	29339648	29339648	3	50000/100000	201326592
1789699700139	env_01m2s6hn7dwgh5cy9h16kr2pqg	43295687	45963780	848	170565632	171024384	3	50000/100000	201326592
1789699700160	env_01m2s6hn86v91d94e5rpeapgpt	45148173	43819670	902	43708416	44236800	3	50000/100000	201326592
1789699700180	env_01m2s6m875h97sqc496wncn0cx	2647616	2511958	52	30126080	30126080	3	50000/100000	201326592
1789699700704	env_01m2s6hn7dwgh5cy9h16kr2pqg	43571578	46435125	854	170565632	171024384	3	50000/100000	201326592
1789699700720	env_01m2s6hn86v91d94e5rpeapgpt	45433559	44118007	908	43708416	44236800	3	50000/100000	201326592
1789699700748	env_01m2s6m875h97sqc496wncn0cx	2947088	2803024	58	30912512	30912512	3	50000/100000	201326592
1789699701294	env_01m2s6hn7dwgh5cy9h16kr2pqg	43849008	46823650	860	170565632	171024384	3	50000/100000	201326592
1789699701311	env_01m2s6hn86v91d94e5rpeapgpt	45720645	44418476	914	43970560	44236800	3	50000/100000	201326592
1789699701323	env_01m2s6m875h97sqc496wncn0cx	3233039	3094988	64	33009664	33009664	3	50000/100000	201326592
1789699701838	env_01m2s6hn7dwgh5cy9h16kr2pqg	44136178	47174276	865	170827776	171024384	3	50000/100000	201326592
1789699701850	env_01m2s6hn86v91d94e5rpeapgpt	45998262	44665398	919	43970560	44236800	3	50000/100000	201326592
1789699701860	env_01m2s6m875h97sqc496wncn0cx	3497396	3339775	69	34320384	34320384	3	50000/100000	201326592
1789699702373	env_01m2s6hn7dwgh5cy9h16kr2pqg	44383643	47468105	870	170827776	171024384	3	50000/100000	201326592
1789699702386	env_01m2s6hn86v91d94e5rpeapgpt	46250479	44960649	925	43970560	44236800	3	50000/100000	201326592
1789699702404	env_01m2s6m875h97sqc496wncn0cx	3763401	3633463	75	34844672	34844672	3	50000/100000	201326592
1789699702919	env_01m2s6hn7dwgh5cy9h16kr2pqg	44676048	47921428	876	170827776	171024384	3	50000/100000	201326592
1789699702931	env_01m2s6hn86v91d94e5rpeapgpt	46544436	45209319	930	43970560	44236800	3	50000/100000	201326592
1789699702942	env_01m2s6m875h97sqc496wncn0cx	4048644	3877311	80	37203968	37203968	3	50000/100000	201326592
1789699703456	env_01m2s6hn7dwgh5cy9h16kr2pqg	44931173	48234902	881	171089920	171089920	3	50000/100000	201326592
1789699703467	env_01m2s6hn86v91d94e5rpeapgpt	46798650	45461571	935	43970560	44236800	3	50000/100000	201326592
1789699703477	env_01m2s6m875h97sqc496wncn0cx	4298152	4127756	85	39825408	39825408	3	50000/100000	201326592
1789699703989	env_01m2s6hn7dwgh5cy9h16kr2pqg	45013644	48394296	883	171089920	171089920	3	50000/100000	201326592
1789699704001	env_01m2s6hn86v91d94e5rpeapgpt	47063129	45754526	941	43970560	44236800	3	50000/100000	201326592
1789699704012	env_01m2s6m875h97sqc496wncn0cx	4572508	4423997	91	41660416	41660416	3	50000/100000	201326592
1789699704525	env_01m2s6hn7dwgh5cy9h16kr2pqg	45172118	48499859	885	171089920	171089920	3	50000/100000	201326592
1789699704538	env_01m2s6hn86v91d94e5rpeapgpt	47346364	46006468	946	43970560	44236800	3	50000/100000	201326592
1789699704549	env_01m2s6m875h97sqc496wncn0cx	4848791	4674832	96	43233280	43233280	3	50000/100000	201326592
1789699705062	env_01m2s6hn7dwgh5cy9h16kr2pqg	45426453	48849266	890	171089920	171089920	3	50000/100000	201326592
1789699705073	env_01m2s6hn86v91d94e5rpeapgpt	47598604	46251700	951	43970560	44236800	3	50000/100000	201326592
1789699705083	env_01m2s6m875h97sqc496wncn0cx	5098571	4919888	101	48214016	48214016	3	50000/100000	201326592
1789699705596	env_01m2s6hn7dwgh5cy9h16kr2pqg	45683336	49196197	896	171089920	171089920	3	50000/100000	201326592
1789699705608	env_01m2s6hn86v91d94e5rpeapgpt	47867191	46552828	957	43970560	44236800	3	50000/100000	201326592
1789699705620	env_01m2s6m875h97sqc496wncn0cx	5378608	5219140	107	64466944	64466944	3	50000/100000	201326592
1789699706133	env_01m2s6hn7dwgh5cy9h16kr2pqg	45975216	49465998	901	171089920	171089920	3	50000/100000	201326592
1789699706145	env_01m2s6hn86v91d94e5rpeapgpt	48148796	46800265	962	43970560	44236800	3	50000/100000	201326592
1789699706155	env_01m2s6m875h97sqc496wncn0cx	5649098	5468103	112	74690560	74690560	3	50000/100000	201326592
1789699706673	env_01m2s6hn7dwgh5cy9h16kr2pqg	46224791	49879217	906	171089920	171089920	3	50000/100000	201326592
1789699706684	env_01m2s6hn86v91d94e5rpeapgpt	48398553	47093632	968	44232704	44236800	3	50000/100000	201326592
1789699706698	env_01m2s6m875h97sqc496wncn0cx	5907904	5763701	118	93564928	93564928	3	50000/100000	201326592
1789699707211	env_01m2s6hn7dwgh5cy9h16kr2pqg	46507224	50249703	912	171089920	171089920	3	50000/100000	201326592
1789699707223	env_01m2s6hn86v91d94e5rpeapgpt	48686801	47340753	973	44232704	44236800	3	50000/100000	201326592
1789699707234	env_01m2s6m875h97sqc496wncn0cx	6194526	6011495	123	104574976	104574976	3	50000/100000	201326592
1789699707748	env_01m2s6hn7dwgh5cy9h16kr2pqg	46774105	50578282	917	171089920	171089920	3	50000/100000	201326592
1789699707759	env_01m2s6hn86v91d94e5rpeapgpt	48948420	47592574	978	44232704	44236800	3	50000/100000	201326592
1789699707769	env_01m2s6m875h97sqc496wncn0cx	6448578	6261114	128	113487872	113487872	3	50000/100000	201326592
1789699708286	env_01m2s6hn7dwgh5cy9h16kr2pqg	47025057	50913349	923	171089920	171089920	3	50000/100000	201326592
1789699708298	env_01m2s6hn86v91d94e5rpeapgpt	49211443	47887714	984	44232704	44236800	3	50000/100000	201326592
1789699708309	env_01m2s6m875h97sqc496wncn0cx	6719505	6558450	134	122662912	122662912	3	50000/100000	201326592
1789699708822	env_01m2s6hn7dwgh5cy9h16kr2pqg	47307308	51187450	928	171089920	171089920	3	50000/100000	201326592
1789699708834	env_01m2s6hn86v91d94e5rpeapgpt	49492523	48140086	989	44232704	44236800	3	50000/100000	201326592
1789699708845	env_01m2s6m875h97sqc496wncn0cx	6999020	6808345	139	131575808	131575808	3	50000/100000	201326592
1789699709358	env_01m2s6hn7dwgh5cy9h16kr2pqg	47568205	51520580	933	171089920	171089920	3	50000/100000	201326592
1789699709369	env_01m2s6hn86v91d94e5rpeapgpt	49748293	48385915	994	44232704	44236800	3	50000/100000	201326592
1789699709379	env_01m2s6m875h97sqc496wncn0cx	7248852	7055032	144	136294400	136294400	3	50000/100000	201326592
1789699709896	env_01m2s6hn7dwgh5cy9h16kr2pqg	47776299	51851679	938	171089920	171089920	3	50000/100000	201326592
1789699709908	env_01m2s6hn86v91d94e5rpeapgpt	50022091	48681155	1000	44232704	44236800	3	50000/100000	201326592
1789699709919	env_01m2s6m875h97sqc496wncn0cx	7530168	7348830	150	136294400	136294400	3	50000/100000	201326592
1789699710432	env_01m2s6hn7dwgh5cy9h16kr2pqg	47803549	51851679	938	171089920	171089920	3	50000/100000	201326592
1789699710443	env_01m2s6hn86v91d94e5rpeapgpt	50298892	48929319	1005	44232704	44236800	3	50000/100000	201326592
1789699710453	env_01m2s6m875h97sqc496wncn0cx	7799347	7596127	155	136294400	136294400	3	50000/100000	201326592
1789699710969	env_01m2s6hn7dwgh5cy9h16kr2pqg	48100048	52158464	942	171089920	171089920	3	50000/100000	201326592
1789699710979	env_01m2s6hn86v91d94e5rpeapgpt	50548184	49182603	1010	44232704	44236800	3	50000/100000	201326592
1789699710996	env_01m2s6m875h97sqc496wncn0cx	8056924	7894737	161	136294400	136294400	3	50000/100000	201326592
1789699711515	env_01m2s6hn7dwgh5cy9h16kr2pqg	48380667	52595131	948	171089920	171089920	3	50000/100000	201326592
1789699711530	env_01m2s6hn86v91d94e5rpeapgpt	50842493	49477332	1016	44232704	44236800	3	50000/100000	201326592
1789699711542	env_01m2s6m875h97sqc496wncn0cx	8348188	8142437	166	136294400	136294400	3	50000/100000	201326592
1789699712054	env_01m2s6hn7dwgh5cy9h16kr2pqg	48645486	52937244	953	170381312	171089920	3	50000/100000	201326592
1789699712065	env_01m2s6hn86v91d94e5rpeapgpt	51098204	49725202	1021	43712512	44236800	3	50000/100000	201326592
1789699712076	env_01m2s6mrsj2t71q6f4dychqcj9	115341	44083	1	25677824	25706496	3	50000/100000	201326592
1789699712920	env_01m2s6hn7dwgh5cy9h16kr2pqg	49082407	53492432	962	170643456	171089920	3	50000/100000	201326592
1789699712935	env_01m2s6hn86v91d94e5rpeapgpt	51542377	50175668	1030	43712512	44236800	3	50000/100000	201326592
1789699712945	env_01m2s6mrsj2t71q6f4dychqcj9	550412	473718	10	29085696	29085696	3	50000/100000	201326592
1789699713457	env_01m2s6hn7dwgh5cy9h16kr2pqg	49342154	53780140	967	170905600	171089920	3	50000/100000	201326592
1789699713468	env_01m2s6hn86v91d94e5rpeapgpt	51798798	50422756	1035	43712512	44236800	3	50000/100000	201326592
1789699713478	env_01m2s6mrsj2t71q6f4dychqcj9	815613	720053	15	30134272	30134272	3	50000/100000	201326592
1789699713990	env_01m2s6hn7dwgh5cy9h16kr2pqg	49593523	54205605	973	170905600	171089920	3	50000/100000	201326592
1789699714003	env_01m2s6hn86v91d94e5rpeapgpt	52064553	50718301	1041	43712512	44236800	3	50000/100000	201326592
1789699714015	env_01m2s6mrsj2t71q6f4dychqcj9	1070405	1016051	21	30920704	30920704	3	50000/100000	201326592
1789699714528	env_01m2s6hn7dwgh5cy9h16kr2pqg	49887896	54616259	978	170905600	171089920	3	50000/100000	201326592
1789699714539	env_01m2s6hn86v91d94e5rpeapgpt	52347816	50969166	1046	43712512	44236800	3	50000/100000	201326592
1789699714550	env_01m2s6mrsj2t71q6f4dychqcj9	1355580	1262280	26	33804288	33804288	3	50000/100000	201326592
1789699715062	env_01m2s6hn7dwgh5cy9h16kr2pqg	50138131	54915549	983	170905600	171089920	3	50000/100000	201326592
1789699715074	env_01m2s6hn86v91d94e5rpeapgpt	52598819	51214624	1051	43712512	44236800	3	50000/100000	201326592
1789699715085	env_01m2s6mrsj2t71q6f4dychqcj9	1616127	1507201	31	34590720	34590720	3	50000/100000	201326592
1789699715600	env_01m2s6hn7dwgh5cy9h16kr2pqg	50401695	55474432	989	170905600	171089920	3	50000/100000	201326592
1789699715612	env_01m2s6hn86v91d94e5rpeapgpt	52870807	51515812	1057	43712512	44236800	3	50000/100000	201326592
1789699715624	env_01m2s6mrsj2t71q6f4dychqcj9	1880108	1802951	37	36687872	36687872	3	50000/100000	201326592
1789699716138	env_01m2s6hn7dwgh5cy9h16kr2pqg	50555935	55654941	992	170905600	171089920	3	50000/100000	201326592
1789699716149	env_01m2s6hn86v91d94e5rpeapgpt	53148269	51759732	1062	43712512	44236800	3	50000/100000	201326592
1789699716161	env_01m2s6mrsj2t71q6f4dychqcj9	2165812	2049640	42	38785024	38785024	3	50000/100000	201326592
1789699716676	env_01m2s6hn7dwgh5cy9h16kr2pqg	50633074	55654941	992	170905600	171089920	3	50000/100000	201326592
1789699716689	env_01m2s6hn86v91d94e5rpeapgpt	53402788	52058619	1068	43974656	44236800	3	50000/100000	201326592
1789699716703	env_01m2s6mrsj2t71q6f4dychqcj9	2415653	2299837	47	40620032	40620032	3	50000/100000	201326592
1789699717222	env_01m2s6hn7dwgh5cy9h16kr2pqg	50926213	56008461	998	170905600	171089920	3	50000/100000	201326592
1789699717234	env_01m2s6hn86v91d94e5rpeapgpt	53697409	52292552	1073	43962368	44236800	3	50000/100000	201326592
1789699717245	env_01m2s6mrsj2t71q6f4dychqcj9	2700310	2597165	53	42979328	42979328	3	50000/100000	201326592
1789699717656	env_01m2s6hn7dwgh5cy9h16kr2pqg	51181769	56312000	1003	170405888	171089920	3	50000/100000	201326592
1789699717667	env_01m2s6mrsj2t71q6f4dychqcj9	2965369	2844846	58	45125632	45125632	3	50000/100000	201326592
1789699718181	env_01m2s6hn7dwgh5cy9h16kr2pqg	51428891	56625124	1008	170405888	171089920	3	50000/100000	201326592
1789699718193	env_01m2s6mrsj2t71q6f4dychqcj9	3215145	3094660	63	59543552	59543552	3	50000/100000	201326592
1789699718710	env_01m2s6hn7dwgh5cy9h16kr2pqg	51711759	57035797	1014	170405888	171089920	3	50000/100000	201326592
1789699718726	env_01m2s6mrsj2t71q6f4dychqcj9	3482408	3393094	69	66359296	66359296	3	50000/100000	201326592
1789699719239	env_01m2s6hn7dwgh5cy9h16kr2pqg	51978283	57338509	1019	170405888	171089920	3	50000/100000	201326592
1789699719250	env_01m2s6mrsj2t71q6f4dychqcj9	3756081	3641521	74	73961472	73961472	3	50000/100000	201326592
1789699719763	env_01m2s6hn7dwgh5cy9h16kr2pqg	52227543	57636502	1024	170405888	171089920	3	50000/100000	201326592
1789699719774	env_01m2s6mrsj2t71q6f4dychqcj9	4015117	3890080	79	80515072	80515072	3	50000/100000	201326592
1789699720289	env_01m2s6hn7dwgh5cy9h16kr2pqg	52482716	58051810	1030	170405888	171089920	3	50000/100000	201326592
1789699720301	env_01m2s6mrsj2t71q6f4dychqcj9	4265180	4138611	84	86544384	86544384	3	50000/100000	201326592
1789699720815	env_01m2s6hn7dwgh5cy9h16kr2pqg	52761991	58352367	1035	170405888	171089920	3	50000/100000	201326592
1789699720826	env_01m2s6mrsj2t71q6f4dychqcj9	4532261	4436853	90	92573696	92573696	3	50000/100000	201326592
1789699721339	env_01m2s6hn7dwgh5cy9h16kr2pqg	53028908	58689906	1040	170409984	171089920	3	50000/100000	201326592
1789699721349	env_01m2s6mrsj2t71q6f4dychqcj9	4806253	4684519	95	98340864	98603008	3	50000/100000	201326592
1789699721861	env_01m2s6hn7dwgh5cy9h16kr2pqg	53278661	59051380	1045	170672128	171089920	3	50000/100000	201326592
1789699721872	env_01m2s6mrsj2t71q6f4dychqcj9	5066226	4933118	100	103825408	103845888	3	50000/100000	201326592
1789699722384	env_01m2s6hn7dwgh5cy9h16kr2pqg	53385940	59170474	1047	170672128	171089920	3	50000/100000	201326592
1789699722395	env_01m2s6mrsj2t71q6f4dychqcj9	5315864	5182136	105	108544000	108544000	3	50000/100000	201326592
1789699722907	env_01m2s6hn7dwgh5cy9h16kr2pqg	53594113	59358990	1050	170672128	171089920	3	50000/100000	201326592
1789699722919	env_01m2s6mrsj2t71q6f4dychqcj9	5576278	5480016	111	113524736	113524736	3	50000/100000	201326592
1789699723431	env_01m2s6hn7dwgh5cy9h16kr2pqg	53861757	59660357	1055	170672128	171089920	3	50000/100000	201326592
1789699723442	env_01m2s6mrsj2t71q6f4dychqcj9	5849924	5727800	116	118767616	118767616	3	50000/100000	201326592
1789699723954	env_01m2s6hn7dwgh5cy9h16kr2pqg	54110593	59923527	1060	171458560	171458560	3	50000/100000	201326592
1789699723965	env_01m2s6mrsj2t71q6f4dychqcj9	6116450	5976809	121	123224064	123224064	3	50000/100000	201326592
1789699724479	env_01m2s6mrsj2t71q6f4dychqcj9	6366757	6227121	126	127565824	127565824	3	50000/100000	201326592
1789699724996	env_01m2s6mrsj2t71q6f4dychqcj9	6616610	6475643	131	131760128	131760128	3	50000/100000	201326592
1789699725512	env_01m2s6mrsj2t71q6f4dychqcj9	6869914	6744240	137	136216576	136216576	3	50000/100000	201326592
1789699726024	env_01m2s6mrsj2t71q6f4dychqcj9	7131468	6993205	142	136216576	136216576	3	50000/100000	201326592
1789699726536	env_01m2s6mrsj2t71q6f4dychqcj9	7394817	7241383	147	136216576	136216576	3	50000/100000	201326592
1789699727049	env_01m2s6n7f951r9dwt2xsdgzjmz	121888	0	0	25677824	25722880	3	100000/100000	335544320
1789699727888	env_01m2s6n7f951r9dwt2xsdgzjmz	958511	0	0	32493568	32493568	3	100000/100000	335544320
1789699728401	env_01m2s6n7f951r9dwt2xsdgzjmz	1470096	0	0	36425728	36425728	3	100000/100000	335544320
1789699728914	env_01m2s6n7f951r9dwt2xsdgzjmz	1981810	0	0	39309312	39309312	3	100000/100000	335544320
1789699729429	env_01m2s6n7f951r9dwt2xsdgzjmz	2496271	0	0	43241472	43241472	3	100000/100000	335544320
1789699729942	env_01m2s6n7f951r9dwt2xsdgzjmz	3009832	1345	3	46911488	46911488	3	100000/100000	335544320
1789699730455	env_01m2s6n7f951r9dwt2xsdgzjmz	3521351	1345	3	46911488	46911488	3	100000/100000	335544320
1789699730969	env_01m2s6n7f951r9dwt2xsdgzjmz	4035048	1345	3	46911488	46911488	3	100000/100000	335544320
1789699731484	env_01m2s6n7f951r9dwt2xsdgzjmz	4547599	1345	3	46911488	46911488	3	100000/100000	335544320
1789699731997	env_01m2s6nccddmh01z19814k9kb3	37031	0	0	25411584	25432064	3	100000/100000	335544320
1789699732836	env_01m2s6nccddmh01z19814k9kb3	873751	0	0	32489472	32489472	3	100000/100000	335544320
1789699733349	env_01m2s6nccddmh01z19814k9kb3	1386407	0	0	35373056	35373056	3	100000/100000	335544320
1789699733864	env_01m2s6nccddmh01z19814k9kb3	1899021	0	0	38518784	38518784	3	100000/100000	335544320
1789699734378	env_01m2s6nccddmh01z19814k9kb3	2412285	0	0	42975232	42975232	3	100000/100000	335544320
1789699734892	env_01m2s6nccddmh01z19814k9kb3	2925611	3578	4	46383104	46383104	3	100000/100000	335544320
1789699735407	env_01m2s6nccddmh01z19814k9kb3	3438782	4214	6	46907392	46907392	3	100000/100000	335544320
1789699735921	env_01m2s6nccddmh01z19814k9kb3	3952611	4214	6	46907392	46907392	3	100000/100000	335544320
1789699736435	env_01m2s6nccddmh01z19814k9kb3	4465206	4214	6	46907392	46907392	3	100000/100000	335544320
1789699736949	env_01m2s6nccddmh01z19814k9kb3	4949572	5115	7	6283264	49004544	0	100000/100000	335544320
1789699737464	env_01m2s6nhdh7k7e851j5s3gt9j8	350815	0	0	30384128	30384128	3	100000/100000	335544320
1789699738308	env_01m2s6nhdh7k7e851j5s3gt9j8	1192377	0	0	33267712	33267712	3	100000/100000	335544320
1789699738821	env_01m2s6nhdh7k7e851j5s3gt9j8	1703969	0	0	36937728	36937728	3	100000/100000	335544320
1789699739334	env_01m2s6nhdh7k7e851j5s3gt9j8	2215752	0	0	39821312	39821312	3	100000/100000	335544320
1789699739847	env_01m2s6nhdh7k7e851j5s3gt9j8	2728398	1952	3	45588480	45588480	3	100000/100000	335544320
1789699740360	env_01m2s6nhdh7k7e851j5s3gt9j8	3241344	2123	4	46899200	46899200	3	100000/100000	335544320
1789699740873	env_01m2s6nhdh7k7e851j5s3gt9j8	3752818	2123	4	46899200	46899200	3	100000/100000	335544320
1789699741387	env_01m2s6nhdh7k7e851j5s3gt9j8	4265568	2123	4	46899200	46899200	3	100000/100000	335544320
1789699741900	env_01m2s6nhdh7k7e851j5s3gt9j8	4777985	2123	4	46899200	46899200	3	100000/100000	335544320
