
===== a start (failpoints: none) 11:03:15 =====
{"timestamp":"2026-09-17T11:03:15.297871Z","level":"INFO","message":"configuration loaded","config":"/private/var/folders/z7/khzdjrt95cg_fcmcnh4j1b5h0000gn/T/tsls-chaos.Ut0gsO/gw-a.toml","target":"tachyon_serverless_gateway"}
{"timestamp":"2026-09-17T11:03:15.300672Z","level":"INFO","message":"connected successfully","server":"61828","max_payload":"1048576","target":"async_nats::connector"}
{"timestamp":"2026-09-17T11:03:15.301456Z","level":"INFO","message":"event: connected","target":"async_nats"}
{"timestamp":"2026-09-17T11:03:15.333899Z","level":"INFO","message":"JetStream queue connected and stream bootstrapped","url":"nats://127.0.0.1:61828","stream":"TACHYON_EVENTS","target":"tachyon_serverless_gateway::durable"}
{"timestamp":"2026-09-17T11:03:15.363522Z","level":"INFO","message":"state store opened","path":"/private/var/folders/z7/khzdjrt95cg_fcmcnh4j1b5h0000gn/T/tsls-chaos.Ut0gsO/data/state.db","schema_version":8,"migrations_applied":"[1, 2, 3, 4, 5, 6, 7, 8]","imported_state_json":"None","settled_invocations":0,"settled_attempts":0,"settled_environments":0,"released_leases":0,"dropped_idempotency_keys":0,"purged_idempotency_keys":0,"outputs_purged":0,"target":"tachyon_serverless_application::app"}
{"timestamp":"2026-09-17T11:03:15.364219Z","level":"INFO","message":"dispatcher registered","dispatcher_id":"dsp_01m2qghxn3ek30k48pks8cj5pa","instance":"chaos-a","pid":89653,"lease_ttl_seconds":6,"target":"tachyon_serverless_application::services::dispatcher"}
{"timestamp":"2026-09-17T11:03:15.370616Z","level":"INFO","message":"application bootstrapped","profile":"dev","provider":"process","dev_only":true,"environment_reuse":false,"reuse_verified":false,"reuse_reason":"[pool] enabled is false","reuse_disabled":"Some(Configuration)","idle_quiesce":"unsupported","idle_resume":"unsupported","data_dir":"/private/var/folders/z7/khzdjrt95cg_fcmcnh4j1b5h0000gn/T/tsls-chaos.Ut0gsO/data","store":"sqlite","dispatcher_id":"dsp_01m2qghxn3ek30k48pks8cj5pa","node":"local","node_region":"none","node_memory_mib":"None","max_concurrency":8,"queue":"nats","objects":"filesystem","invoke_async":true,"triggers":true,"target":"tachyon_serverless_application::app"}
{"timestamp":"2026-09-17T11:03:15.371047Z","level":"INFO","message":"startup reconcile finished","provider":"process","found":0,"adopted":0,"terminated":0,"disowned":0,"failed":0,"lost":0,"foreign":0,"reclaimed_dispatchers":0,"fenced_terminated":0,"fenced_pending":0,"target":"tachyon_serverless_application::services::reconcile"}
{"timestamp":"2026-09-17T11:03:15.371181Z","level":"INFO","message":"gateway listening","addr":"127.0.0.1:61832","profile":"dev","provider":"process","target":"tachyon_serverless_gateway"}
{"timestamp":"2026-09-17T11:03:15.374058Z","level":"INFO","message":"asynchronous dispatcher started","workers":2,"owner":"dsp_01m2qghxn3ek30k48pks8cj5pa","target":"tachyon_serverless_gateway"}
{"timestamp":"2026-09-17T11:03:16.924046Z","level":"INFO","message":"revision ready","revision_id":"rev_01m2qghysge0zvjjchgr5edg20","function_id":"fn_01m2qghxy7vmfh63jjnhv38973","target":"tachyon_serverless_application::services::revision"}
{"timestamp":"2026-09-17T11:03:18.346252Z","level":"INFO","message":"revision ready","revision_id":"rev_01m2qgj05yr5k5pw4b00fz6pbv","function_id":"fn_01m2qghz9y4w17gdhjn0vtrraa","target":"tachyon_serverless_application::services::revision"}
{"timestamp":"2026-09-17T11:03:19.681404Z","level":"INFO","message":"revision ready","revision_id":"rev_01m2qgj1gg94ys94vn2qydeatn","function_id":"fn_01m2qgj0p7vt1r7jp43wkc0hwy","target":"tachyon_serverless_application::services::revision"}
{"timestamp":"2026-09-17T11:03:19.780290Z","level":"INFO","message":"trigger created","trigger_id":"trg_01m2qgj1z1vdjyvet9zq76f02k","function_id":"fn_01m2qghz9y4w17gdhjn0vtrraa","kind":"cron","enabled":true,"next_fire_at":"Some(2026-09-17T11:03:20Z)","target":"tachyon_serverless_application::services::triggers"}
{"timestamp":"2026-09-17T11:03:19.807930Z","level":"INFO","message":"trigger created","trigger_id":"trg_01m2qgj1zzyam2g41wf60ns8wm","function_id":"fn_01m2qghz9y4w17gdhjn0vtrraa","kind":"webhook","enabled":true,"next_fire_at":"None","target":"tachyon_serverless_application::services::triggers"}
{"timestamp":"2026-09-17T11:03:20.004829Z","level":"INFO","message":"asynchronous invocation accepted","invocation_id":"inv_01m2qgj26360411pf753zg1ddh","tenant_id":"tn_01hzzzzzzzzzzzzzzzzzzzzzza","revision_id":"rev_01m2qgj05yr5k5pw4b00fz6pbv","input_bytes":180,"input_storage":"inline","target":"tachyon_serverless_application::services::invoke_async"}
{"timestamp":"2026-09-17T11:03:20.004900Z","level":"INFO","message":"cron trigger fired","trigger_id":"trg_01m2qgj1z1vdjyvet9zq76f02k","scheduled_at":"2026-09-17T11:03:20Z","invocation_id":"inv_01m2qgj26360411pf753zg1ddh","revision_id":"rev_01m2qgj05yr5k5pw4b00fz6pbv","replayed":false,"target":"tachyon_serverless_application::services::triggers"}
{"timestamp":"2026-09-17T11:03:20.036448Z","level":"INFO","message":"asynchronous run claimed","invocation_id":"inv_01m2qgj26360411pf753zg1ddh","attempt":1,"generation":0,"delivery_count":1,"target":"tachyon_serverless_application::services::invoke_async::dispatch"}
{"timestamp":"2026-09-17T11:03:20.244831Z","level":"INFO","message":"bridge spawned","environment_id":"env_01m2qgj21x1vf1vpy3zk9mb5xm","pid":90014,"target":"tachyon_serverless_provider_process"}
{"timestamp":"2026-09-17T11:03:20.409525Z","level":"INFO","message":"bridge spawned","environment_id":"env_01m2qgj274fwm52rez4vv0y491","pid":90016,"target":"tachyon_serverless_provider_process"}
{"timestamp":"2026-09-17T11:03:20.623673Z","level":"INFO","message":"invocation finished","invocation_id":"inv_01m2qgj26360411pf753zg1ddh","status":"succeeded (async run)","handler_ms":1,"environment_boot_ms":9,"runtime_init_ms":199,"target":"tachyon_serverless_application::services::invoke"}
{"timestamp":"2026-09-17T11:03:20.624854Z","level":"INFO","message":"invocation finished","invocation_id":"inv_01m2qgj21w5gt55aw0g7ddkcsd","status":"succeeded","handler_ms":1,"environment_boot_ms":17,"runtime_init_ms":365,"target":"tachyon_serverless_application::services::invoke"}
{"timestamp":"2026-09-17T11:03:20.625804Z","level":"INFO","message":"terminating bridge","environment_id":"env_01m2qgj21x1vf1vpy3zk9mb5xm","pid":90014,"reason":"Completed","graceful":true,"target":"tachyon_serverless_provider_process"}
{"timestamp":"2026-09-17T11:03:20.625920Z","level":"INFO","message":"terminating bridge","environment_id":"env_01m2qgj274fwm52rez4vv0y491","pid":90016,"reason":"Completed","graceful":true,"target":"tachyon_serverless_provider_process"}
{"timestamp":"2026-09-17T11:03:20.633978Z","level":"INFO","message":"asynchronous invocation settled","invocation_id":"inv_01m2qgj26360411pf753zg1ddh","status":"succeeded","target":"tachyon_serverless_application::services::invoke_async::dispatch"}
{"timestamp":"2026-09-17T11:03:20.658865Z","level":"INFO","message":"async dispatch: delivery handled","message_id":"inv_01m2qgj26360411pf753zg1ddh","sequence":1,"delivery_count":1,"outcome":"Completed { status: \"succeeded\" }","target":"tachyon_serverless_application::services::invoke_async::dispatch"}
{"timestamp":"2026-09-17T11:03:20.771879Z","level":"INFO","message":"asynchronous invocation accepted","invocation_id":"inv_01m2qgj2y2m6q6thexvh01etny","tenant_id":"tn_01hzzzzzzzzzzzzzzzzzzzzzza","revision_id":"rev_01m2qghysge0zvjjchgr5edg20","input_bytes":47,"input_storage":"inline","target":"tachyon_serverless_application::services::invoke_async"}
{"timestamp":"2026-09-17T11:03:20.784271Z","level":"INFO","message":"asynchronous run claimed","invocation_id":"inv_01m2qgj2y2m6q6thexvh01etny","attempt":1,"generation":0,"delivery_count":1,"target":"tachyon_serverless_application::services::invoke_async::dispatch"}
{"timestamp":"2026-09-17T11:03:20.949457Z","level":"INFO","message":"asynchronous invocation accepted","invocation_id":"inv_01m2qgj31znxwxhz780bdttbh4","tenant_id":"tn_01hzzzzzzzzzzzzzzzzzzzzzza","revision_id":"rev_01m2qghysge0zvjjchgr5edg20","input_bytes":4127,"input_storage":"object","target":"tachyon_serverless_application::services::invoke_async"}
{"timestamp":"2026-09-17T11:03:20.964083Z","level":"INFO","message":"asynchronous run claimed","invocation_id":"inv_01m2qgj31znxwxhz780bdttbh4","attempt":1,"generation":0,"delivery_count":1,"target":"tachyon_serverless_application::services::invoke_async::dispatch"}
{"timestamp":"2026-09-17T11:03:21.027230Z","level":"INFO","message":"asynchronous invocation accepted","invocation_id":"inv_01m2qgj361rd7vtjt9y4ddd1bk","tenant_id":"tn_01hzzzzzzzzzzzzzzzzzzzzzza","revision_id":"rev_01m2qgj05yr5k5pw4b00fz6pbv","input_bytes":189,"input_storage":"inline","target":"tachyon_serverless_application::services::invoke_async"}
{"timestamp":"2026-09-17T11:03:21.027307Z","level":"INFO","message":"webhook trigger fired","trigger_id":"trg_01m2qgj1zzyam2g41wf60ns8wm","event_id":"evt-pre-w1","invocation_id":"inv_01m2qgj361rd7vtjt9y4ddd1bk","revision_id":"rev_01m2qgj05yr5k5pw4b00fz6pbv","replayed":false,"target":"tachyon_serverless_application::services::triggers"}
{"timestamp":"2026-09-17T11:03:21.172954Z","level":"INFO","message":"bridge spawned","environment_id":"env_01m2qgj2ygt17qfdqzdqw73kgy","pid":90090,"target":"tachyon_serverless_provider_process"}
{"timestamp":"2026-09-17T11:03:21.349788Z","level":"INFO","message":"bridge spawned","environment_id":"env_01m2qgj347mjqet3kgr7fmbraf","pid":90092,"target":"tachyon_serverless_provider_process"}
{"timestamp":"2026-09-17T11:03:21.453056Z","level":"INFO","message":"bridge spawned","environment_id":"env_01m2qgj37n34wxfhczv14f9kaa","pid":90094,"target":"tachyon_serverless_provider_process"}
{"timestamp":"2026-09-17T11:03:21.494213Z","level":"INFO","message":"invocation finished","invocation_id":"inv_01m2qgj37nds0gj979z2g33zdx","status":"succeeded","handler_ms":2,"environment_boot_ms":17,"runtime_init_ms":22,"target":"tachyon_serverless_application::services::invoke"}
{"timestamp":"2026-09-17T11:03:21.496374Z","level":"INFO","message":"terminating bridge","environment_id":"env_01m2qgj37n34wxfhczv14f9kaa","pid":90094,"reason":"Completed","graceful":true,"target":"tachyon_serverless_provider_process"}
{"timestamp":"2026-09-17T11:03:21.536768Z","level":"INFO","message":"invocation finished","invocation_id":"inv_01m2qgj31znxwxhz780bdttbh4","status":"succeeded (async run)","handler_ms":4,"environment_boot_ms":17,"runtime_init_ms":168,"target":"tachyon_serverless_application::services::invoke"}
{"timestamp":"2026-09-17T11:03:21.537797Z","level":"INFO","message":"terminating bridge","environment_id":"env_01m2qgj347mjqet3kgr7fmbraf","pid":90092,"reason":"Completed","graceful":true,"target":"tachyon_serverless_provider_process"}
{"timestamp":"2026-09-17T11:03:21.538850Z","level":"INFO","message":"invocation finished","invocation_id":"inv_01m2qgj2y2m6q6thexvh01etny","status":"succeeded (async run)","handler_ms":3,"environment_boot_ms":8,"runtime_init_ms":352,"target":"tachyon_serverless_application::services::invoke"}
{"timestamp":"2026-09-17T11:03:21.541586Z","level":"INFO","message":"terminating bridge","environment_id":"env_01m2qgj2ygt17qfdqzdqw73kgy","pid":90090,"reason":"Completed","graceful":true,"target":"tachyon_serverless_provider_process"}
{"timestamp":"2026-09-17T11:03:21.546411Z","level":"INFO","message":"asynchronous invocation settled","invocation_id":"inv_01m2qgj31znxwxhz780bdttbh4","status":"succeeded","target":"tachyon_serverless_application::services::invoke_async::dispatch"}
{"timestamp":"2026-09-17T11:03:21.561347Z","level":"INFO","message":"async dispatch: delivery handled","message_id":"inv_01m2qgj31znxwxhz780bdttbh4","sequence":3,"delivery_count":1,"outcome":"Completed { status: \"succeeded\" }","target":"tachyon_serverless_application::services::invoke_async::dispatch"}
{"timestamp":"2026-09-17T11:03:21.576446Z","level":"INFO","message":"asynchronous run claimed","invocation_id":"inv_01m2qgj361rd7vtjt9y4ddd1bk","attempt":1,"generation":0,"delivery_count":1,"target":"tachyon_serverless_application::services::invoke_async::dispatch"}
{"timestamp":"2026-09-17T11:03:21.579107Z","level":"INFO","message":"asynchronous invocation settled","invocation_id":"inv_01m2qgj2y2m6q6thexvh01etny","status":"succeeded","target":"tachyon_serverless_application::services::invoke_async::dispatch"}
{"timestamp":"2026-09-17T11:03:21.592530Z","level":"INFO","message":"async dispatch: delivery handled","message_id":"inv_01m2qgj2y2m6q6thexvh01etny","sequence":2,"delivery_count":1,"outcome":"Completed { status: \"succeeded\" }","target":"tachyon_serverless_application::services::invoke_async::dispatch"}
{"timestamp":"2026-09-17T11:03:21.672611Z","level":"INFO","message":"asynchronous invocation accepted","invocation_id":"inv_01m2qgj3t7cj2xe6z9mfzg796v","tenant_id":"tn_01hzzzzzzzzzzzzzzzzzzzzzza","revision_id":"rev_01m2qghysge0zvjjchgr5edg20","input_bytes":47,"input_storage":"inline","target":"tachyon_serverless_application::services::invoke_async"}
{"timestamp":"2026-09-17T11:03:21.694696Z","level":"INFO","message":"asynchronous run claimed","invocation_id":"inv_01m2qgj3t7cj2xe6z9mfzg796v","attempt":1,"generation":0,"delivery_count":1,"target":"tachyon_serverless_application::services::invoke_async::dispatch"}
{"timestamp":"2026-09-17T11:03:21.853837Z","level":"INFO","message":"asynchronous invocation accepted","invocation_id":"inv_01m2qgj3yra62qvt685crqytz3","tenant_id":"tn_01hzzzzzzzzzzzzzzzzzzzzzza","revision_id":"rev_01m2qghysge0zvjjchgr5edg20","input_bytes":4127,"input_storage":"object","target":"tachyon_serverless_application::services::invoke_async"}
{"timestamp":"2026-09-17T11:03:21.928631Z","level":"INFO","message":"asynchronous invocation accepted","invocation_id":"inv_01m2qgj4276xpncngktt4m2gt9","tenant_id":"tn_01hzzzzzzzzzzzzzzzzzzzzzza","revision_id":"rev_01m2qgj05yr5k5pw4b00fz6pbv","input_bytes":189,"input_storage":"inline","target":"tachyon_serverless_application::services::invoke_async"}
{"timestamp":"2026-09-17T11:03:21.928699Z","level":"INFO","message":"webhook trigger fired","trigger_id":"trg_01m2qgj1zzyam2g41wf60ns8wm","event_id":"evt-pre-w2","invocation_id":"inv_01m2qgj4276xpncngktt4m2gt9","revision_id":"rev_01m2qgj05yr5k5pw4b00fz6pbv","replayed":false,"target":"tachyon_serverless_application::services::triggers"}
{"timestamp":"2026-09-17T11:03:21.969179Z","level":"INFO","message":"bridge spawned","environment_id":"env_01m2qgj3qbbp1yzqmarw4zmy52","pid":90167,"target":"tachyon_serverless_provider_process"}
{"timestamp":"2026-09-17T11:03:21.990024Z","level":"INFO","message":"invocation finished","invocation_id":"inv_01m2qgj361rd7vtjt9y4ddd1bk","status":"succeeded (async run)","handler_ms":1,"environment_boot_ms":10,"runtime_init_ms":10,"target":"tachyon_serverless_application::services::invoke"}
{"timestamp":"2026-09-17T11:03:21.992074Z","level":"INFO","message":"terminating bridge","environment_id":"env_01m2qgj3qbbp1yzqmarw4zmy52","pid":90167,"reason":"Completed","graceful":true,"target":"tachyon_serverless_provider_process"}
{"timestamp":"2026-09-17T11:03:22.003264Z","level":"INFO","message":"asynchronous invocation accepted","invocation_id":"inv_01m2qgj44hf3em5s60gsr43hf0","tenant_id":"tn_01hzzzzzzzzzzzzzzzzzzzzzza","revision_id":"rev_01m2qgj05yr5k5pw4b00fz6pbv","input_bytes":180,"input_storage":"inline","target":"tachyon_serverless_application::services::invoke_async"}
{"timestamp":"2026-09-17T11:03:22.003322Z","level":"INFO","message":"cron trigger fired","trigger_id":"trg_01m2qgj1z1vdjyvet9zq76f02k","scheduled_at":"2026-09-17T11:03:22Z","invocation_id":"inv_01m2qgj44hf3em5s60gsr43hf0","revision_id":"rev_01m2qgj05yr5k5pw4b00fz6pbv","replayed":false,"target":"tachyon_serverless_application::services::triggers"}
{"timestamp":"2026-09-17T11:03:22.022262Z","level":"INFO","message":"asynchronous invocation settled","invocation_id":"inv_01m2qgj361rd7vtjt9y4ddd1bk","status":"succeeded","target":"tachyon_serverless_application::services::invoke_async::dispatch"}
{"timestamp":"2026-09-17T11:03:22.032282Z","level":"INFO","message":"async dispatch: delivery handled","message_id":"inv_01m2qgj361rd7vtjt9y4ddd1bk","sequence":4,"delivery_count":1,"outcome":"Completed { status: \"succeeded\" }","target":"tachyon_serverless_application::services::invoke_async::dispatch"}
{"timestamp":"2026-09-17T11:03:22.049255Z","level":"INFO","message":"asynchronous run claimed","invocation_id":"inv_01m2qgj3yra62qvt685crqytz3","attempt":1,"generation":0,"delivery_count":1,"target":"tachyon_serverless_application::services::invoke_async::dispatch"}
{"timestamp":"2026-09-17T11:03:22.085064Z","level":"INFO","message":"bridge spawned","environment_id":"env_01m2qgj3tzyc6z2nfyxzbxt1h2","pid":90170,"target":"tachyon_serverless_provider_process"}
{"timestamp":"2026-09-17T11:03:22.117327Z","level":"INFO","message":"invocation finished","invocation_id":"inv_01m2qgj3t7cj2xe6z9mfzg796v","status":"succeeded (async run)","handler_ms":1,"environment_boot_ms":9,"runtime_init_ms":19,"target":"tachyon_serverless_application::services::invoke"}
{"timestamp":"2026-09-17T11:03:22.119411Z","level":"INFO","message":"terminating bridge","environment_id":"env_01m2qgj3tzyc6z2nfyxzbxt1h2","pid":90170,"reason":"Completed","graceful":true,"target":"tachyon_serverless_provider_process"}
{"timestamp":"2026-09-17T11:03:22.125071Z","level":"INFO","message":"asynchronous invocation settled","invocation_id":"inv_01m2qgj3t7cj2xe6z9mfzg796v","status":"succeeded","target":"tachyon_serverless_application::services::invoke_async::dispatch"}
{"timestamp":"2026-09-17T11:03:22.138224Z","level":"INFO","message":"async dispatch: delivery handled","message_id":"inv_01m2qgj3t7cj2xe6z9mfzg796v","sequence":5,"delivery_count":1,"outcome":"Completed { status: \"succeeded\" }","target":"tachyon_serverless_application::services::invoke_async::dispatch"}
{"timestamp":"2026-09-17T11:03:22.139447Z","level":"INFO","message":"asynchronous run claimed","invocation_id":"inv_01m2qgj4276xpncngktt4m2gt9","attempt":1,"generation":0,"delivery_count":1,"target":"tachyon_serverless_application::services::invoke_async::dispatch"}
{"timestamp":"2026-09-17T11:03:22.429994Z","level":"INFO","message":"bridge spawned","environment_id":"env_01m2qgj4655ag0x1h4kxz105fn","pid":90172,"target":"tachyon_serverless_provider_process"}
{"timestamp":"2026-09-17T11:03:22.461535Z","level":"INFO","message":"invocation finished","invocation_id":"inv_01m2qgj3yra62qvt685crqytz3","status":"succeeded (async run)","handler_ms":2,"environment_boot_ms":9,"runtime_init_ms":21,"target":"tachyon_serverless_application::services::invoke"}
{"timestamp":"2026-09-17T11:03:22.463539Z","level":"INFO","message":"terminating bridge","environment_id":"env_01m2qgj4655ag0x1h4kxz105fn","pid":90172,"reason":"Completed","graceful":true,"target":"tachyon_serverless_provider_process"}
{"timestamp":"2026-09-17T11:03:22.469730Z","level":"INFO","message":"asynchronous invocation settled","invocation_id":"inv_01m2qgj3yra62qvt685crqytz3","status":"succeeded","target":"tachyon_serverless_application::services::invoke_async::dispatch"}
{"timestamp":"2026-09-17T11:03:22.482277Z","level":"INFO","message":"async dispatch: delivery handled","message_id":"inv_01m2qgj3yra62qvt685crqytz3","sequence":6,"delivery_count":1,"outcome":"Completed { status: \"succeeded\" }","target":"tachyon_serverless_application::services::invoke_async::dispatch"}
{"timestamp":"2026-09-17T11:03:22.497988Z","level":"INFO","message":"asynchronous run claimed","invocation_id":"inv_01m2qgj44hf3em5s60gsr43hf0","attempt":1,"generation":0,"delivery_count":1,"target":"tachyon_serverless_application::services::invoke_async::dispatch"}
{"timestamp":"2026-09-17T11:03:22.509380Z","level":"INFO","message":"bridge spawned","environment_id":"env_01m2qgj48v0vfzpxvw2nfz0326","pid":90174,"target":"tachyon_serverless_provider_process"}
{"timestamp":"2026-09-17T11:03:22.535280Z","level":"INFO","message":"invocation finished","invocation_id":"inv_01m2qgj4276xpncngktt4m2gt9","status":"succeeded (async run)","handler_ms":1,"environment_boot_ms":12,"runtime_init_ms":14,"target":"tachyon_serverless_application::services::invoke"}
{"timestamp":"2026-09-17T11:03:22.537204Z","level":"INFO","message":"terminating bridge","environment_id":"env_01m2qgj48v0vfzpxvw2nfz0326","pid":90174,"reason":"Completed","graceful":true,"target":"tachyon_serverless_provider_process"}
{"timestamp":"2026-09-17T11:03:22.551304Z","level":"INFO","message":"asynchronous invocation settled","invocation_id":"inv_01m2qgj4276xpncngktt4m2gt9","status":"succeeded","target":"tachyon_serverless_application::services::invoke_async::dispatch"}
{"timestamp":"2026-09-17T11:03:22.566329Z","level":"INFO","message":"async dispatch: delivery handled","message_id":"inv_01m2qgj4276xpncngktt4m2gt9","sequence":7,"delivery_count":1,"outcome":"Completed { status: \"succeeded\" }","target":"tachyon_serverless_application::services::invoke_async::dispatch"}
{"timestamp":"2026-09-17T11:03:22.864637Z","level":"INFO","message":"bridge spawned","environment_id":"env_01m2qgj4m22tz374mhgxxmn47c","pid":90176,"target":"tachyon_serverless_provider_process"}
{"timestamp":"2026-09-17T11:03:22.887589Z","level":"INFO","message":"invocation finished","invocation_id":"inv_01m2qgj44hf3em5s60gsr43hf0","status":"succeeded (async run)","handler_ms":1,"environment_boot_ms":9,"runtime_init_ms":11,"target":"tachyon_serverless_application::services::invoke"}
{"timestamp":"2026-09-17T11:03:22.889476Z","level":"INFO","message":"terminating bridge","environment_id":"env_01m2qgj4m22tz374mhgxxmn47c","pid":90176,"reason":"Completed","graceful":true,"target":"tachyon_serverless_provider_process"}
{"timestamp":"2026-09-17T11:03:22.895556Z","level":"INFO","message":"asynchronous invocation settled","invocation_id":"inv_01m2qgj44hf3em5s60gsr43hf0","status":"succeeded","target":"tachyon_serverless_application::services::invoke_async::dispatch"}
{"timestamp":"2026-09-17T11:03:22.926625Z","level":"INFO","message":"async dispatch: delivery handled","message_id":"inv_01m2qgj44hf3em5s60gsr43hf0","sequence":8,"delivery_count":1,"outcome":"Completed { status: \"succeeded\" }","target":"tachyon_serverless_application::services::invoke_async::dispatch"}
{"timestamp":"2026-09-17T11:03:24.005679Z","level":"INFO","message":"asynchronous invocation accepted","invocation_id":"inv_01m2qgj633n0jswcg84psbdwmc","tenant_id":"tn_01hzzzzzzzzzzzzzzzzzzzzzza","revision_id":"rev_01m2qgj05yr5k5pw4b00fz6pbv","input_bytes":180,"input_storage":"inline","target":"tachyon_serverless_application::services::invoke_async"}
{"timestamp":"2026-09-17T11:03:24.005770Z","level":"INFO","message":"cron trigger fired","trigger_id":"trg_01m2qgj1z1vdjyvet9zq76f02k","scheduled_at":"2026-09-17T11:03:24Z","invocation_id":"inv_01m2qgj633n0jswcg84psbdwmc","revision_id":"rev_01m2qgj05yr5k5pw4b00fz6pbv","replayed":false,"target":"tachyon_serverless_application::services::triggers"}
{"timestamp":"2026-09-17T11:03:24.038676Z","level":"INFO","message":"asynchronous run claimed","invocation_id":"inv_01m2qgj633n0jswcg84psbdwmc","attempt":1,"generation":0,"delivery_count":1,"target":"tachyon_serverless_application::services::invoke_async::dispatch"}
{"timestamp":"2026-09-17T11:03:24.433307Z","level":"INFO","message":"bridge spawned","environment_id":"env_01m2qgj6475frjs28f1p2r89w1","pid":90193,"target":"tachyon_serverless_provider_process"}
{"timestamp":"2026-09-17T11:03:29.430714Z","level":"WARN","message":"outbox: claiming failed","error":"store: the store connection stayed busy for 5 s (database locked?)","target":"tachyon_serverless_application::services::invoke_async::publisher"}
{"timestamp":"2026-09-17T11:03:29.436645Z","level":"WARN","message":"dispatcher heartbeat failed","error":"store: the store connection stayed busy for 5 s (database locked?)","target":"tachyon_serverless_application::app"}
{"timestamp":"2026-09-17T11:03:29.438686Z","level":"WARN","message":"async reaper: listing candidates failed","error":"store: the store connection stayed busy for 5 s (database locked?)","target":"tachyon_serverless_application::services::invoke_async::dispatch"}
{"timestamp":"2026-09-17T11:03:29.446000Z","level":"WARN","message":"environment update failed","error":"store: the store connection stayed busy for 5 s (database locked?)","environment_id":"env_01m2qgj6475frjs28f1p2r89w1","target":"tachyon_serverless_application::services::invoke"}
{"timestamp":"2026-09-17T11:03:29.596441Z","level":"WARN","message":"cannot take the trigger scheduler lease","error":"store: database is locked","target":"tachyon_serverless_application::services::triggers"}
{"timestamp":"2026-09-17T11:03:34.437007Z","level":"WARN","message":"async dispatch: the ledger failed; the message is redelivered","message_id":"inv_01m2qgj633n0jswcg84psbdwmc","error":"Host.StoreUnavailable: storage: the store connection stayed busy for 5 s (database locked?)","target":"tachyon_serverless_application::services::invoke_async::dispatch"}
{"timestamp":"2026-09-17T11:03:34.449214Z","level":"WARN","message":"cannot list dispatchers","error":"store: the store connection stayed busy for 5 s (database locked?)","target":"tachyon_serverless_application::services::dispatcher"}
{"timestamp":"2026-09-17T11:03:34.449214Z","level":"WARN","message":"object gc: claim failed","object":"obj_01m2qgj3ywpt6pv8f300fmzn8e","error":"store: the store connection stayed busy for 5 s (database locked?)","target":"tachyon_serverless_application::durable::gc"}
{"timestamp":"2026-09-17T11:03:34.449214Z","level":"WARN","message":"environment update failed","error":"store: the store connection stayed busy for 5 s (database locked?)","environment_id":"env_01m2qgj6475frjs28f1p2r89w1","target":"tachyon_serverless_application::services::invoke"}
{"timestamp":"2026-09-17T11:03:34.945907Z","level":"WARN","message":"async dispatch: renewing the claim failed","invocation_id":"inv_01m2qgj633n0jswcg84psbdwmc","error":"store: database is locked","target":"tachyon_serverless_application::services::invoke_async::dispatch"}
{"timestamp":"2026-09-17T11:03:36.308151Z","level":"INFO","message":"object retention pass","report":"GcReport { examined: 2, collected_expired: 0, collected_orphans: 0, kept_in_use: 0, kept_referenced: 1, incomplete_removed: 0, tombstones_purged: 0, failed: 1 }","target":"tachyon_serverless_gateway"}
{"timestamp":"2026-09-17T11:03:36.308972Z","level":"INFO","message":"asynchronous invocation rescheduled","invocation_id":"inv_01m2qgj633n0jswcg84psbdwmc","next_attempt_at":"2026-09-17T11:03:29.668179+00:00","counted":true,"error_type":"Host.AsyncRunAbandoned","target":"tachyon_serverless_application::services::invoke_async::dispatch"}
{"timestamp":"2026-09-17T11:03:36.309012Z","level":"INFO","message":"async reaper pass","report":"ReapReport { examined: 1, abandoned: 1, republished: 0, dead_lettered: 0, lost: 0, failed: 0 }","target":"tachyon_serverless_application::services::invoke_async::dispatch"}
{"timestamp":"2026-09-17T11:03:36.309079Z","level":"WARN","message":"async dispatch: the claim was taken over while running; this run's outcome will be refused","invocation_id":"inv_01m2qgj633n0jswcg84psbdwmc","target":"tachyon_serverless_application::services::invoke_async::dispatch"}
{"timestamp":"2026-09-17T11:03:36.309921Z","level":"INFO","message":"late scheduled times skipped by the missed-run policy","trigger_id":"trg_01m2qgj1z1vdjyvet9zq76f02k","skipped":4,"policy":"Skip","target":"tachyon_serverless_application::services::triggers"}
{"timestamp":"2026-09-17T11:03:36.310191Z","level":"INFO","message":"object retention pass","report":"GcReport { examined: 2, collected_expired: 0, collected_orphans: 0, kept_in_use: 0, kept_referenced: 2, incomplete_removed: 0, tombstones_purged: 0, failed: 0 }","target":"tachyon_serverless_gateway"}
{"timestamp":"2026-09-17T11:03:36.310822Z","level":"ERROR","message":"dispatcher lease lost: refusing new invocations; in-flight completions will be refused if another dispatcher reclaimed them","dispatcher_id":"dsp_01m2qghxn3ek30k48pks8cj5pa","target":"tachyon_serverless_application::services::dispatcher"}
{"timestamp":"2026-09-17T11:03:36.315281Z","level":"INFO","message":"asynchronous invocation accepted","invocation_id":"inv_01m2qgjj3rqrys3dw47f3zqw32","tenant_id":"tn_01hzzzzzzzzzzzzzzzzzzzzzza","revision_id":"rev_01m2qgj05yr5k5pw4b00fz6pbv","input_bytes":180,"input_storage":"inline","target":"tachyon_serverless_application::services::invoke_async"}
{"timestamp":"2026-09-17T11:03:36.315314Z","level":"INFO","message":"cron trigger fired","trigger_id":"trg_01m2qgj1z1vdjyvet9zq76f02k","scheduled_at":"2026-09-17T11:03:34Z","invocation_id":"inv_01m2qgjj3rqrys3dw47f3zqw32","revision_id":"rev_01m2qgj05yr5k5pw4b00fz6pbv","replayed":false,"target":"tachyon_serverless_application::services::triggers"}
{"timestamp":"2026-09-17T11:03:36.322237Z","level":"INFO","message":"asynchronous invocation accepted","invocation_id":"inv_01m2qgjj3vwd3dvejw0366xctj","tenant_id":"tn_01hzzzzzzzzzzzzzzzzzzzzzza","revision_id":"rev_01m2qghysge0zvjjchgr5edg20","input_bytes":49,"input_storage":"inline","target":"tachyon_serverless_application::services::invoke_async"}
{"timestamp":"2026-09-17T11:03:36.333341Z","level":"INFO","message":"async dispatch: delivery handled","message_id":"inv_01m2qgj633n0jswcg84psbdwmc","sequence":9,"delivery_count":3,"outcome":"Skipped(\"stale_generation\")","target":"tachyon_serverless_application::services::invoke_async::dispatch"}
{"timestamp":"2026-09-17T11:03:36.339237Z","level":"INFO","message":"invocation finished","invocation_id":"inv_01m2qgj633n0jswcg84psbdwmc","status":"succeeded (async run)","handler_ms":4,"environment_boot_ms":15,"runtime_init_ms":10007,"target":"tachyon_serverless_application::services::invoke"}
{"timestamp":"2026-09-17T11:03:36.340677Z","level":"INFO","message":"asynchronous run claimed","invocation_id":"inv_01m2qgj633n0jswcg84psbdwmc","attempt":2,"generation":1,"delivery_count":1,"target":"tachyon_serverless_application::services::invoke_async::dispatch"}
{"timestamp":"2026-09-17T11:03:36.341121Z","level":"INFO","message":"terminating bridge","environment_id":"env_01m2qgj6475frjs28f1p2r89w1","pid":90193,"reason":"Completed","graceful":true,"target":"tachyon_serverless_provider_process"}
{"timestamp":"2026-09-17T11:03:36.341454Z","level":"INFO","message":"asynchronous invocation rescheduled","invocation_id":"inv_01m2qgj633n0jswcg84psbdwmc","next_attempt_at":"2026-09-17T11:03:36.440957+00:00","counted":false,"error_type":"Host.DispatcherFenced","target":"tachyon_serverless_application::services::invoke_async::dispatch"}
{"timestamp":"2026-09-17T11:03:36.347627Z","level":"WARN","message":"async dispatch: cannot record success","invocation_id":"inv_01m2qgj633n0jswcg84psbdwmc","error":"illegal state transition for Invocation: queued -> succeeded","target":"tachyon_serverless_application::services::invoke_async::dispatch"}
{"timestamp":"2026-09-17T11:03:36.347821Z","level":"WARN","message":"async dispatch: the settle lost its fence; nothing written","message_id":"inv_01m2qgj633n0jswcg84psbdwmc","reason":"the claim of invocation inv_01m2qgj633n0jswcg84psbdwmc is no longer dsp_01m2qghxn3ek30k48pks8cj5pa's attempt 1","target":"tachyon_serverless_application::services::invoke_async::dispatch"}
{"timestamp":"2026-09-17T11:03:36.348081Z","level":"INFO","message":"async dispatch: delivery handled","message_id":"inv_01m2qgj633n0jswcg84psbdwmc.g1","sequence":10,"delivery_count":1,"outcome":"Rescheduled { next_attempt_at: 2026-09-17T11:03:36.440957Z, counted: false }","target":"tachyon_serverless_application::services::invoke_async::dispatch"}
{"timestamp":"2026-09-17T11:03:36.348118Z","level":"INFO","message":"async dispatch: delivery handled","message_id":"inv_01m2qgj633n0jswcg84psbdwmc","sequence":9,"delivery_count":1,"outcome":"LostClaim","target":"tachyon_serverless_application::services::invoke_async::dispatch"}
{"timestamp":"2026-09-17T11:03:36.349161Z","level":"INFO","message":"asynchronous run claimed","invocation_id":"inv_01m2qgjj3rqrys3dw47f3zqw32","attempt":1,"generation":0,"delivery_count":1,"target":"tachyon_serverless_application::services::invoke_async::dispatch"}
{"timestamp":"2026-09-17T11:03:36.349420Z","level":"INFO","message":"asynchronous run claimed","invocation_id":"inv_01m2qgjj3vwd3dvejw0366xctj","attempt":1,"generation":0,"delivery_count":1,"target":"tachyon_serverless_application::services::invoke_async::dispatch"}
{"timestamp":"2026-09-17T11:03:36.350161Z","level":"INFO","message":"asynchronous invocation rescheduled","invocation_id":"inv_01m2qgjj3vwd3dvejw0366xctj","next_attempt_at":"2026-09-17T11:03:36.559585+00:00","counted":false,"error_type":"Host.DispatcherFenced","target":"tachyon_serverless_application::services::invoke_async::dispatch"}
{"timestamp":"2026-09-17T11:03:36.350694Z","level":"INFO","message":"asynchronous invocation rescheduled","invocation_id":"inv_01m2qgjj3rqrys3dw47f3zqw32","next_attempt_at":"2026-09-17T11:03:36.449677+00:00","counted":false,"error_type":"Host.DispatcherFenced","target":"tachyon_serverless_application::services::invoke_async::dispatch"}
{"timestamp":"2026-09-17T11:03:36.355214Z","level":"INFO","message":"async dispatch: delivery handled","message_id":"inv_01m2qgjj3vwd3dvejw0366xctj","sequence":12,"delivery_count":1,"outcome":"Rescheduled { next_attempt_at: 2026-09-17T11:03:36.559585Z, counted: false }","target":"tachyon_serverless_application::services::invoke_async::dispatch"}
{"timestamp":"2026-09-17T11:03:36.359654Z","level":"INFO","message":"async dispatch: delivery handled","message_id":"inv_01m2qgjj3rqrys3dw47f3zqw32","sequence":11,"delivery_count":1,"outcome":"Rescheduled { next_attempt_at: 2026-09-17T11:03:36.449677Z, counted: false }","target":"tachyon_serverless_application::services::invoke_async::dispatch"}
{"timestamp":"2026-09-17T11:03:36.465218Z","level":"INFO","message":"asynchronous run claimed","invocation_id":"inv_01m2qgj633n0jswcg84psbdwmc","attempt":2,"generation":2,"delivery_count":1,"target":"tachyon_serverless_application::services::invoke_async::dispatch"}
{"timestamp":"2026-09-17T11:03:36.466544Z","level":"INFO","message":"asynchronous invocation rescheduled","invocation_id":"inv_01m2qgj633n0jswcg84psbdwmc","next_attempt_at":"2026-09-17T11:03:36.801783+00:00","counted":false,"error_type":"Host.DispatcherFenced","target":"tachyon_serverless_application::services::invoke_async::dispatch"}
{"timestamp":"2026-09-17T11:03:36.466849Z","level":"INFO","message":"asynchronous run claimed","invocation_id":"inv_01m2qgjj3rqrys3dw47f3zqw32","attempt":1,"generation":1,"delivery_count":1,"target":"tachyon_serverless_application::services::invoke_async::dispatch"}
{"timestamp":"2026-09-17T11:03:36.472269Z","level":"INFO","message":"asynchronous invocation rescheduled","invocation_id":"inv_01m2qgjj3rqrys3dw47f3zqw32","next_attempt_at":"2026-09-17T11:03:37.023141+00:00","counted":false,"error_type":"Host.DispatcherFenced","target":"tachyon_serverless_application::services::invoke_async::dispatch"}
{"timestamp":"2026-09-17T11:03:36.472393Z","level":"INFO","message":"async dispatch: delivery handled","message_id":"inv_01m2qgj633n0jswcg84psbdwmc.g2","sequence":13,"delivery_count":1,"outcome":"Rescheduled { next_attempt_at: 2026-09-17T11:03:36.801783Z, counted: false }","target":"tachyon_serverless_application::services::invoke_async::dispatch"}
{"timestamp":"2026-09-17T11:03:36.476564Z","level":"INFO","message":"async dispatch: delivery handled","message_id":"inv_01m2qgjj3rqrys3dw47f3zqw32.g1","sequence":14,"delivery_count":1,"outcome":"Rescheduled { next_attempt_at: 2026-09-17T11:03:37.023141Z, counted: false }","target":"tachyon_serverless_application::services::invoke_async::dispatch"}
{"timestamp":"2026-09-17T11:03:36.579327Z","level":"INFO","message":"asynchronous run claimed","invocation_id":"inv_01m2qgjj3vwd3dvejw0366xctj","attempt":1,"generation":1,"delivery_count":1,"target":"tachyon_serverless_application::services::invoke_async::dispatch"}
{"timestamp":"2026-09-17T11:03:36.579823Z","level":"INFO","message":"asynchronous invocation rescheduled","invocation_id":"inv_01m2qgjj3vwd3dvejw0366xctj","next_attempt_at":"2026-09-17T11:03:36.809497+00:00","counted":false,"error_type":"Host.DispatcherFenced","target":"tachyon_serverless_application::services::invoke_async::dispatch"}
{"timestamp":"2026-09-17T11:03:36.584744Z","level":"INFO","message":"async dispatch: delivery handled","message_id":"inv_01m2qgjj3vwd3dvejw0366xctj.g1","sequence":15,"delivery_count":1,"outcome":"Rescheduled { next_attempt_at: 2026-09-17T11:03:36.809497Z, counted: false }","target":"tachyon_serverless_application::services::invoke_async::dispatch"}
{"timestamp":"2026-09-17T11:03:36.907623Z","level":"INFO","message":"asynchronous run claimed","invocation_id":"inv_01m2qgj633n0jswcg84psbdwmc","attempt":2,"generation":3,"delivery_count":1,"target":"tachyon_serverless_application::services::invoke_async::dispatch"}
{"timestamp":"2026-09-17T11:03:36.913949Z","level":"INFO","message":"asynchronous run claimed","invocation_id":"inv_01m2qgjj3vwd3dvejw0366xctj","attempt":1,"generation":2,"delivery_count":1,"target":"tachyon_serverless_application::services::invoke_async::dispatch"}
{"timestamp":"2026-09-17T11:03:36.914322Z","level":"INFO","message":"asynchronous invocation rescheduled","invocation_id":"inv_01m2qgj633n0jswcg84psbdwmc","next_attempt_at":"2026-09-17T11:03:37.156492+00:00","counted":false,"error_type":"Host.DispatcherFenced","target":"tachyon_serverless_application::services::invoke_async::dispatch"}
{"timestamp":"2026-09-17T11:03:36.920123Z","level":"INFO","message":"asynchronous invocation rescheduled","invocation_id":"inv_01m2qgjj3vwd3dvejw0366xctj","next_attempt_at":"2026-09-17T11:03:37.252518+00:00","counted":false,"error_type":"Host.DispatcherFenced","target":"tachyon_serverless_application::services::invoke_async::dispatch"}
{"timestamp":"2026-09-17T11:03:36.920283Z","level":"INFO","message":"async dispatch: delivery handled","message_id":"inv_01m2qgj633n0jswcg84psbdwmc.g3","sequence":16,"delivery_count":1,"outcome":"Rescheduled { next_attempt_at: 2026-09-17T11:03:37.156492Z, counted: false }","target":"tachyon_serverless_application::services::invoke_async::dispatch"}
{"timestamp":"2026-09-17T11:03:36.924775Z","level":"INFO","message":"async dispatch: delivery handled","message_id":"inv_01m2qgjj3vwd3dvejw0366xctj.g2","sequence":17,"delivery_count":1,"outcome":"Rescheduled { next_attempt_at: 2026-09-17T11:03:37.252518Z, counted: false }","target":"tachyon_serverless_application::services::invoke_async::dispatch"}
{"timestamp":"2026-09-17T11:03:37.130054Z","level":"INFO","message":"asynchronous run claimed","invocation_id":"inv_01m2qgjj3rqrys3dw47f3zqw32","attempt":1,"generation":2,"delivery_count":1,"target":"tachyon_serverless_application::services::invoke_async::dispatch"}
{"timestamp":"2026-09-17T11:03:37.130682Z","level":"INFO","message":"asynchronous invocation rescheduled","invocation_id":"inv_01m2qgjj3rqrys3dw47f3zqw32","next_attempt_at":"2026-09-17T11:03:37.230264+00:00","counted":false,"error_type":"Host.DispatcherFenced","target":"tachyon_serverless_application::services::invoke_async::dispatch"}
{"timestamp":"2026-09-17T11:03:37.135409Z","level":"INFO","message":"async dispatch: delivery handled","message_id":"inv_01m2qgjj3rqrys3dw47f3zqw32.g2","sequence":18,"delivery_count":1,"outcome":"Rescheduled { next_attempt_at: 2026-09-17T11:03:37.230264Z, counted: false }","target":"tachyon_serverless_application::services::invoke_async::dispatch"}
{"timestamp":"2026-09-17T11:03:37.242174Z","level":"INFO","message":"asynchronous run claimed","invocation_id":"inv_01m2qgj633n0jswcg84psbdwmc","attempt":2,"generation":4,"delivery_count":1,"target":"tachyon_serverless_application::services::invoke_async::dispatch"}
{"timestamp":"2026-09-17T11:03:37.243452Z","level":"INFO","message":"asynchronous invocation rescheduled","invocation_id":"inv_01m2qgj633n0jswcg84psbdwmc","next_attempt_at":"2026-09-17T11:03:37.364743+00:00","counted":false,"error_type":"Host.DispatcherFenced","target":"tachyon_serverless_application::services::invoke_async::dispatch"}
{"timestamp":"2026-09-17T11:03:37.243817Z","level":"INFO","message":"asynchronous run claimed","invocation_id":"inv_01m2qgjj3rqrys3dw47f3zqw32","attempt":1,"generation":3,"delivery_count":1,"target":"tachyon_serverless_application::services::invoke_async::dispatch"}
{"timestamp":"2026-09-17T11:03:37.249229Z","level":"INFO","message":"asynchronous invocation rescheduled","invocation_id":"inv_01m2qgjj3rqrys3dw47f3zqw32","next_attempt_at":"2026-09-17T11:03:37.766136+00:00","counted":false,"error_type":"Host.DispatcherFenced","target":"tachyon_serverless_application::services::invoke_async::dispatch"}
{"timestamp":"2026-09-17T11:03:37.249386Z","level":"INFO","message":"async dispatch: delivery handled","message_id":"inv_01m2qgj633n0jswcg84psbdwmc.g4","sequence":19,"delivery_count":1,"outcome":"Rescheduled { next_attempt_at: 2026-09-17T11:03:37.364743Z, counted: false }","target":"tachyon_serverless_application::services::invoke_async::dispatch"}
{"timestamp":"2026-09-17T11:03:37.253506Z","level":"INFO","message":"async dispatch: delivery handled","message_id":"inv_01m2qgjj3rqrys3dw47f3zqw32.g3","sequence":20,"delivery_count":1,"outcome":"Rescheduled { next_attempt_at: 2026-09-17T11:03:37.766136Z, counted: false }","target":"tachyon_serverless_application::services::invoke_async::dispatch"}
{"timestamp":"2026-09-17T11:03:37.354957Z","level":"INFO","message":"asynchronous run claimed","invocation_id":"inv_01m2qgjj3vwd3dvejw0366xctj","attempt":1,"generation":3,"delivery_count":1,"target":"tachyon_serverless_application::services::invoke_async::dispatch"}
{"timestamp":"2026-09-17T11:03:37.355430Z","level":"INFO","message":"asynchronous invocation rescheduled","invocation_id":"inv_01m2qgjj3vwd3dvejw0366xctj","next_attempt_at":"2026-09-17T11:03:37.703108+00:00","counted":false,"error_type":"Host.DispatcherFenced","target":"tachyon_serverless_application::services::invoke_async::dispatch"}
{"timestamp":"2026-09-17T11:03:37.359404Z","level":"INFO","message":"async dispatch: delivery handled","message_id":"inv_01m2qgjj3vwd3dvejw0366xctj.g3","sequence":21,"delivery_count":1,"outcome":"Rescheduled { next_attempt_at: 2026-09-17T11:03:37.703108Z, counted: false }","target":"tachyon_serverless_application::services::invoke_async::dispatch"}
{"timestamp":"2026-09-17T11:03:37.375915Z","level":"INFO","message":"object retention pass","report":"GcReport { examined: 2, collected_expired: 0, collected_orphans: 0, kept_in_use: 0, kept_referenced: 2, incomplete_removed: 0, tombstones_purged: 0, failed: 0 }","target":"tachyon_serverless_gateway"}
{"timestamp":"2026-09-17T11:03:37.463355Z","level":"INFO","message":"asynchronous run claimed","invocation_id":"inv_01m2qgj633n0jswcg84psbdwmc","attempt":2,"generation":5,"delivery_count":1,"target":"tachyon_serverless_application::services::invoke_async::dispatch"}
{"timestamp":"2026-09-17T11:03:37.463941Z","level":"INFO","message":"asynchronous invocation rescheduled","invocation_id":"inv_01m2qgj633n0jswcg84psbdwmc","next_attempt_at":"2026-09-17T11:03:38.157602+00:00","counted":false,"error_type":"Host.DispatcherFenced","target":"tachyon_serverless_application::services::invoke_async::dispatch"}
{"timestamp":"2026-09-17T11:03:37.468273Z","level":"INFO","message":"async dispatch: delivery handled","message_id":"inv_01m2qgj633n0jswcg84psbdwmc.g5","sequence":22,"delivery_count":1,"outcome":"Rescheduled { next_attempt_at: 2026-09-17T11:03:38.157602Z, counted: false }","target":"tachyon_serverless_application::services::invoke_async::dispatch"}
{"timestamp":"2026-09-17T11:03:37.776570Z","level":"INFO","message":"asynchronous run claimed","invocation_id":"inv_01m2qgjj3vwd3dvejw0366xctj","attempt":1,"generation":4,"delivery_count":1,"target":"tachyon_serverless_application::services::invoke_async::dispatch"}
{"timestamp":"2026-09-17T11:03:37.780897Z","level":"INFO","message":"asynchronous run claimed","invocation_id":"inv_01m2qgjj3rqrys3dw47f3zqw32","attempt":1,"generation":4,"delivery_count":1,"target":"tachyon_serverless_application::services::invoke_async::dispatch"}
{"timestamp":"2026-09-17T11:03:37.781186Z","level":"INFO","message":"asynchronous invocation rescheduled","invocation_id":"inv_01m2qgjj3vwd3dvejw0366xctj","next_attempt_at":"2026-09-17T11:03:38.239632+00:00","counted":false,"error_type":"Host.DispatcherFenced","target":"tachyon_serverless_application::services::invoke_async::dispatch"}
{"timestamp":"2026-09-17T11:03:37.785062Z","level":"INFO","message":"asynchronous invocation rescheduled","invocation_id":"inv_01m2qgjj3rqrys3dw47f3zqw32","next_attempt_at":"2026-09-17T11:03:37.891456+00:00","counted":false,"error_type":"Host.DispatcherFenced","target":"tachyon_serverless_application::services::invoke_async::dispatch"}
{"timestamp":"2026-09-17T11:03:37.785223Z","level":"INFO","message":"async dispatch: delivery handled","message_id":"inv_01m2qgjj3vwd3dvejw0366xctj.g4","sequence":23,"delivery_count":1,"outcome":"Rescheduled { next_attempt_at: 2026-09-17T11:03:38.239632Z, counted: false }","target":"tachyon_serverless_application::services::invoke_async::dispatch"}
{"timestamp":"2026-09-17T11:03:37.789343Z","level":"INFO","message":"async dispatch: delivery handled","message_id":"inv_01m2qgjj3rqrys3dw47f3zqw32.g4","sequence":24,"delivery_count":1,"outcome":"Rescheduled { next_attempt_at: 2026-09-17T11:03:37.891456Z, counted: false }","target":"tachyon_serverless_application::services::invoke_async::dispatch"}
{"timestamp":"2026-09-17T11:03:37.998492Z","level":"INFO","message":"asynchronous run claimed","invocation_id":"inv_01m2qgjj3rqrys3dw47f3zqw32","attempt":1,"generation":5,"delivery_count":1,"target":"tachyon_serverless_application::services::invoke_async::dispatch"}
{"timestamp":"2026-09-17T11:03:37.999121Z","level":"INFO","message":"asynchronous invocation rescheduled","invocation_id":"inv_01m2qgjj3rqrys3dw47f3zqw32","next_attempt_at":"2026-09-17T11:03:38.687744+00:00","counted":false,"error_type":"Host.DispatcherFenced","target":"tachyon_serverless_application::services::invoke_async::dispatch"}
{"timestamp":"2026-09-17T11:03:38.003640Z","level":"INFO","message":"async dispatch: delivery handled","message_id":"inv_01m2qgjj3rqrys3dw47f3zqw32.g5","sequence":25,"delivery_count":1,"outcome":"Rescheduled { next_attempt_at: 2026-09-17T11:03:38.687744Z, counted: false }","target":"tachyon_serverless_application::services::invoke_async::dispatch"}
{"timestamp":"2026-09-17T11:03:38.212134Z","level":"INFO","message":"asynchronous run claimed","invocation_id":"inv_01m2qgj633n0jswcg84psbdwmc","attempt":2,"generation":6,"delivery_count":1,"target":"tachyon_serverless_application::services::invoke_async::dispatch"}
{"timestamp":"2026-09-17T11:03:38.212779Z","level":"INFO","message":"asynchronous invocation rescheduled","invocation_id":"inv_01m2qgj633n0jswcg84psbdwmc","next_attempt_at":"2026-09-17T11:03:38.839411+00:00","counted":false,"error_type":"Host.DispatcherFenced","target":"tachyon_serverless_application::services::invoke_async::dispatch"}
{"timestamp":"2026-09-17T11:03:38.217396Z","level":"INFO","message":"async dispatch: delivery handled","message_id":"inv_01m2qgj633n0jswcg84psbdwmc.g6","sequence":26,"delivery_count":1,"outcome":"Rescheduled { next_attempt_at: 2026-09-17T11:03:38.839411Z, counted: false }","target":"tachyon_serverless_application::services::invoke_async::dispatch"}
{"timestamp":"2026-09-17T11:03:38.323296Z","level":"INFO","message":"asynchronous run claimed","invocation_id":"inv_01m2qgjj3vwd3dvejw0366xctj","attempt":1,"generation":5,"delivery_count":1,"target":"tachyon_serverless_application::services::invoke_async::dispatch"}
{"timestamp":"2026-09-17T11:03:38.323758Z","level":"INFO","message":"asynchronous invocation rescheduled","invocation_id":"inv_01m2qgjj3vwd3dvejw0366xctj","next_attempt_at":"2026-09-17T11:03:39.134448+00:00","counted":false,"error_type":"Host.DispatcherFenced","target":"tachyon_serverless_application::services::invoke_async::dispatch"}
{"timestamp":"2026-09-17T11:03:38.327657Z","level":"INFO","message":"async dispatch: delivery handled","message_id":"inv_01m2qgjj3vwd3dvejw0366xctj.g5","sequence":27,"delivery_count":1,"outcome":"Rescheduled { next_attempt_at: 2026-09-17T11:03:39.134448Z, counted: false }","target":"tachyon_serverless_application::services::invoke_async::dispatch"}
{"timestamp":"2026-09-17T11:03:38.737983Z","level":"INFO","message":"asynchronous run claimed","invocation_id":"inv_01m2qgjj3rqrys3dw47f3zqw32","attempt":1,"generation":6,"delivery_count":1,"target":"tachyon_serverless_application::services::invoke_async::dispatch"}
{"timestamp":"2026-09-17T11:03:38.738626Z","level":"INFO","message":"asynchronous invocation rescheduled","invocation_id":"inv_01m2qgjj3rqrys3dw47f3zqw32","next_attempt_at":"2026-09-17T11:03:38.912250+00:00","counted":false,"error_type":"Host.DispatcherFenced","target":"tachyon_serverless_application::services::invoke_async::dispatch"}
{"timestamp":"2026-09-17T11:03:38.743225Z","level":"INFO","message":"async dispatch: delivery handled","message_id":"inv_01m2qgjj3rqrys3dw47f3zqw32.g6","sequence":28,"delivery_count":1,"outcome":"Rescheduled { next_attempt_at: 2026-09-17T11:03:38.912250Z, counted: false }","target":"tachyon_serverless_application::services::invoke_async::dispatch"}
{"timestamp":"2026-09-17T11:03:38.851148Z","level":"INFO","message":"asynchronous run claimed","invocation_id":"inv_01m2qgj633n0jswcg84psbdwmc","attempt":2,"generation":7,"delivery_count":1,"target":"tachyon_serverless_application::services::invoke_async::dispatch"}
{"timestamp":"2026-09-17T11:03:38.851743Z","level":"INFO","message":"asynchronous invocation rescheduled","invocation_id":"inv_01m2qgj633n0jswcg84psbdwmc","next_attempt_at":"2026-09-17T11:03:39.788394+00:00","counted":false,"error_type":"Host.DispatcherFenced","target":"tachyon_serverless_application::services::invoke_async::dispatch"}
{"timestamp":"2026-09-17T11:03:38.856113Z","level":"INFO","message":"async dispatch: delivery handled","message_id":"inv_01m2qgj633n0jswcg84psbdwmc.g7","sequence":29,"delivery_count":1,"outcome":"Rescheduled { next_attempt_at: 2026-09-17T11:03:39.788394Z, counted: false }","target":"tachyon_serverless_application::services::invoke_async::dispatch"}
{"timestamp":"2026-09-17T11:03:38.957674Z","level":"INFO","message":"asynchronous run claimed","invocation_id":"inv_01m2qgjj3rqrys3dw47f3zqw32","attempt":1,"generation":7,"delivery_count":1,"target":"tachyon_serverless_application::services::invoke_async::dispatch"}
{"timestamp":"2026-09-17T11:03:38.958171Z","level":"INFO","message":"asynchronous invocation rescheduled","invocation_id":"inv_01m2qgjj3rqrys3dw47f3zqw32","next_attempt_at":"2026-09-17T11:03:39.273839+00:00","counted":false,"error_type":"Host.DispatcherFenced","target":"tachyon_serverless_application::services::invoke_async::dispatch"}
{"timestamp":"2026-09-17T11:03:38.963007Z","level":"INFO","message":"async dispatch: delivery handled","message_id":"inv_01m2qgjj3rqrys3dw47f3zqw32.g7","sequence":30,"delivery_count":1,"outcome":"Rescheduled { next_attempt_at: 2026-09-17T11:03:39.273839Z, counted: false }","target":"tachyon_serverless_application::services::invoke_async::dispatch"}
{"timestamp":"2026-09-17T11:03:39.165653Z","level":"INFO","message":"asynchronous run claimed","invocation_id":"inv_01m2qgjj3vwd3dvejw0366xctj","attempt":1,"generation":6,"delivery_count":1,"target":"tachyon_serverless_application::services::invoke_async::dispatch"}
{"timestamp":"2026-09-17T11:03:39.166117Z","level":"INFO","message":"asynchronous invocation rescheduled","invocation_id":"inv_01m2qgjj3vwd3dvejw0366xctj","next_attempt_at":"2026-09-17T11:03:39.800791+00:00","counted":false,"error_type":"Host.DispatcherFenced","target":"tachyon_serverless_application::services::invoke_async::dispatch"}
{"timestamp":"2026-09-17T11:03:39.169756Z","level":"INFO","message":"async dispatch: delivery handled","message_id":"inv_01m2qgjj3vwd3dvejw0366xctj.g6","sequence":31,"delivery_count":1,"outcome":"Rescheduled { next_attempt_at: 2026-09-17T11:03:39.800791Z, counted: false }","target":"tachyon_serverless_application::services::invoke_async::dispatch"}
{"timestamp":"2026-09-17T11:03:39.375540Z","level":"INFO","message":"object retention pass","report":"GcReport { examined: 2, collected_expired: 0, collected_orphans: 0, kept_in_use: 0, kept_referenced: 2, incomplete_removed: 0, tombstones_purged: 0, failed: 0 }","target":"tachyon_serverless_gateway"}
{"timestamp":"2026-09-17T11:03:39.378456Z","level":"INFO","message":"asynchronous run claimed","invocation_id":"inv_01m2qgjj3rqrys3dw47f3zqw32","attempt":1,"generation":8,"delivery_count":1,"target":"tachyon_serverless_application::services::invoke_async::dispatch"}
{"timestamp":"2026-09-17T11:03:39.379467Z","level":"INFO","message":"asynchronous invocation rescheduled","invocation_id":"inv_01m2qgjj3rqrys3dw47f3zqw32","next_attempt_at":"2026-09-17T11:03:40.112937+00:00","counted":false,"error_type":"Host.DispatcherFenced","target":"tachyon_serverless_application::services::invoke_async::dispatch"}
{"timestamp":"2026-09-17T11:03:39.383400Z","level":"INFO","message":"async dispatch: delivery handled","message_id":"inv_01m2qgjj3rqrys3dw47f3zqw32.g8","sequence":32,"delivery_count":1,"outcome":"Rescheduled { next_attempt_at: 2026-09-17T11:03:40.112937Z, counted: false }","target":"tachyon_serverless_application::services::invoke_async::dispatch"}
{"timestamp":"2026-09-17T11:03:39.895841Z","level":"INFO","message":"asynchronous run claimed","invocation_id":"inv_01m2qgj633n0jswcg84psbdwmc","attempt":2,"generation":8,"delivery_count":1,"target":"tachyon_serverless_application::services::invoke_async::dispatch"}
{"timestamp":"2026-09-17T11:03:39.901380Z","level":"INFO","message":"asynchronous invocation rescheduled","invocation_id":"inv_01m2qgj633n0jswcg84psbdwmc","next_attempt_at":"2026-09-17T11:03:39.996110+00:00","counted":false,"error_type":"Host.DispatcherFenced","target":"tachyon_serverless_application::services::invoke_async::dispatch"}
{"timestamp":"2026-09-17T11:03:39.907442Z","level":"INFO","message":"asynchronous run claimed","invocation_id":"inv_01m2qgjj3vwd3dvejw0366xctj","attempt":1,"generation":7,"delivery_count":1,"target":"tachyon_serverless_application::services::invoke_async::dispatch"}
{"timestamp":"2026-09-17T11:03:39.907711Z","level":"INFO","message":"async dispatch: delivery handled","message_id":"inv_01m2qgj633n0jswcg84psbdwmc.g8","sequence":33,"delivery_count":1,"outcome":"Rescheduled { next_attempt_at: 2026-09-17T11:03:39.996110Z, counted: false }","target":"tachyon_serverless_application::services::invoke_async::dispatch"}
{"timestamp":"2026-09-17T11:03:39.908081Z","level":"INFO","message":"asynchronous invocation rescheduled","invocation_id":"inv_01m2qgjj3vwd3dvejw0366xctj","next_attempt_at":"2026-09-17T11:03:40.585693+00:00","counted":false,"error_type":"Host.DispatcherFenced","target":"tachyon_serverless_application::services::invoke_async::dispatch"}
{"timestamp":"2026-09-17T11:03:39.912865Z","level":"INFO","message":"async dispatch: delivery handled","message_id":"inv_01m2qgjj3vwd3dvejw0366xctj.g7","sequence":34,"delivery_count":1,"outcome":"Rescheduled { next_attempt_at: 2026-09-17T11:03:40.585693Z, counted: false }","target":"tachyon_serverless_application::services::invoke_async::dispatch"}
{"timestamp":"2026-09-17T11:03:40.014745Z","level":"INFO","message":"asynchronous run claimed","invocation_id":"inv_01m2qgj633n0jswcg84psbdwmc","attempt":2,"generation":9,"delivery_count":1,"target":"tachyon_serverless_application::services::invoke_async::dispatch"}
{"timestamp":"2026-09-17T11:03:40.015400Z","level":"INFO","message":"asynchronous invocation rescheduled","invocation_id":"inv_01m2qgj633n0jswcg84psbdwmc","next_attempt_at":"2026-09-17T11:03:40.374022+00:00","counted":false,"error_type":"Host.DispatcherFenced","target":"tachyon_serverless_application::services::invoke_async::dispatch"}
{"timestamp":"2026-09-17T11:03:40.019945Z","level":"INFO","message":"async dispatch: delivery handled","message_id":"inv_01m2qgj633n0jswcg84psbdwmc.g9","sequence":35,"delivery_count":1,"outcome":"Rescheduled { next_attempt_at: 2026-09-17T11:03:40.374022Z, counted: false }","target":"tachyon_serverless_application::services::invoke_async::dispatch"}
{"timestamp":"2026-09-17T11:03:40.122015Z","level":"INFO","message":"asynchronous run claimed","invocation_id":"inv_01m2qgjj3rqrys3dw47f3zqw32","attempt":1,"generation":9,"delivery_count":1,"target":"tachyon_serverless_application::services::invoke_async::dispatch"}
{"timestamp":"2026-09-17T11:03:40.122604Z","level":"INFO","message":"asynchronous invocation rescheduled","invocation_id":"inv_01m2qgjj3rqrys3dw47f3zqw32","next_attempt_at":"2026-09-17T11:03:40.222228+00:00","counted":false,"error_type":"Host.DispatcherFenced","target":"tachyon_serverless_application::services::invoke_async::dispatch"}
{"timestamp":"2026-09-17T11:03:40.127121Z","level":"INFO","message":"async dispatch: delivery handled","message_id":"inv_01m2qgjj3rqrys3dw47f3zqw32.g9","sequence":36,"delivery_count":1,"outcome":"Rescheduled { next_attempt_at: 2026-09-17T11:03:40.222228Z, counted: false }","target":"tachyon_serverless_application::services::invoke_async::dispatch"}
{"timestamp":"2026-09-17T11:03:40.229623Z","level":"INFO","message":"asynchronous run claimed","invocation_id":"inv_01m2qgjj3rqrys3dw47f3zqw32","attempt":1,"generation":10,"delivery_count":1,"target":"tachyon_serverless_application::services::invoke_async::dispatch"}
{"timestamp":"2026-09-17T11:03:40.230348Z","level":"INFO","message":"asynchronous invocation rescheduled","invocation_id":"inv_01m2qgjj3rqrys3dw47f3zqw32","next_attempt_at":"2026-09-17T11:03:41.031896+00:00","counted":false,"error_type":"Host.DispatcherFenced","target":"tachyon_serverless_application::services::invoke_async::dispatch"}
{"timestamp":"2026-09-17T11:03:40.234673Z","level":"INFO","message":"async dispatch: delivery handled","message_id":"inv_01m2qgjj3rqrys3dw47f3zqw32.g10","sequence":37,"delivery_count":1,"outcome":"Rescheduled { next_attempt_at: 2026-09-17T11:03:41.031896Z, counted: false }","target":"tachyon_serverless_application::services::invoke_async::dispatch"}
{"timestamp":"2026-09-17T11:03:40.444317Z","level":"INFO","message":"asynchronous run claimed","invocation_id":"inv_01m2qgj633n0jswcg84psbdwmc","attempt":2,"generation":10,"delivery_count":1,"target":"tachyon_serverless_application::services::invoke_async::dispatch"}
{"timestamp":"2026-09-17T11:03:40.445202Z","level":"INFO","message":"asynchronous invocation rescheduled","invocation_id":"inv_01m2qgj633n0jswcg84psbdwmc","next_attempt_at":"2026-09-17T11:03:41.051718+00:00","counted":false,"error_type":"Host.DispatcherFenced","target":"tachyon_serverless_application::services::invoke_async::dispatch"}
{"timestamp":"2026-09-17T11:03:40.449933Z","level":"INFO","message":"async dispatch: delivery handled","message_id":"inv_01m2qgj633n0jswcg84psbdwmc.g10","sequence":38,"delivery_count":1,"outcome":"Rescheduled { next_attempt_at: 2026-09-17T11:03:41.051718Z, counted: false }","target":"tachyon_serverless_application::services::invoke_async::dispatch"}
{"timestamp":"2026-09-17T11:03:40.658111Z","level":"INFO","message":"asynchronous run claimed","invocation_id":"inv_01m2qgjj3vwd3dvejw0366xctj","attempt":1,"generation":8,"delivery_count":1,"target":"tachyon_serverless_application::services::invoke_async::dispatch"}
{"timestamp":"2026-09-17T11:03:40.658703Z","level":"INFO","message":"asynchronous invocation rescheduled","invocation_id":"inv_01m2qgjj3vwd3dvejw0366xctj","next_attempt_at":"2026-09-17T11:03:41.276317+00:00","counted":false,"error_type":"Host.DispatcherFenced","target":"tachyon_serverless_application::services::invoke_async::dispatch"}
{"timestamp":"2026-09-17T11:03:40.663397Z","level":"INFO","message":"async dispatch: delivery handled","message_id":"inv_01m2qgjj3vwd3dvejw0366xctj.g8","sequence":39,"delivery_count":1,"outcome":"Rescheduled { next_attempt_at: 2026-09-17T11:03:41.276317Z, counted: false }","target":"tachyon_serverless_application::services::invoke_async::dispatch"}
{"timestamp":"2026-09-17T11:03:41.074878Z","level":"INFO","message":"asynchronous run claimed","invocation_id":"inv_01m2qgjj3rqrys3dw47f3zqw32","attempt":1,"generation":11,"delivery_count":1,"target":"tachyon_serverless_application::services::invoke_async::dispatch"}
{"timestamp":"2026-09-17T11:03:41.081518Z","level":"INFO","message":"asynchronous run claimed","invocation_id":"inv_01m2qgj633n0jswcg84psbdwmc","attempt":2,"generation":11,"delivery_count":1,"target":"tachyon_serverless_application::services::invoke_async::dispatch"}
{"timestamp":"2026-09-17T11:03:41.081924Z","level":"INFO","message":"asynchronous invocation rescheduled","invocation_id":"inv_01m2qgjj3rqrys3dw47f3zqw32","next_attempt_at":"2026-09-17T11:03:41.260147+00:00","counted":false,"error_type":"Host.DispatcherFenced","target":"tachyon_serverless_application::services::invoke_async::dispatch"}
{"timestamp":"2026-09-17T11:03:41.087732Z","level":"INFO","message":"asynchronous invocation rescheduled","invocation_id":"inv_01m2qgj633n0jswcg84psbdwmc","next_attempt_at":"2026-09-17T11:03:41.715337+00:00","counted":false,"error_type":"Host.DispatcherFenced","target":"tachyon_serverless_application::services::invoke_async::dispatch"}
{"timestamp":"2026-09-17T11:03:41.087859Z","level":"INFO","message":"async dispatch: delivery handled","message_id":"inv_01m2qgjj3rqrys3dw47f3zqw32.g11","sequence":40,"delivery_count":1,"outcome":"Rescheduled { next_attempt_at: 2026-09-17T11:03:41.260147Z, counted: false }","target":"tachyon_serverless_application::services::invoke_async::dispatch"}
{"timestamp":"2026-09-17T11:03:41.092188Z","level":"INFO","message":"async dispatch: delivery handled","message_id":"inv_01m2qgj633n0jswcg84psbdwmc.g11","sequence":41,"delivery_count":1,"outcome":"Rescheduled { next_attempt_at: 2026-09-17T11:03:41.715337Z, counted: false }","target":"tachyon_serverless_application::services::invoke_async::dispatch"}
{"timestamp":"2026-09-17T11:03:41.305377Z","level":"INFO","message":"asynchronous run claimed","invocation_id":"inv_01m2qgjj3rqrys3dw47f3zqw32","attempt":1,"generation":12,"delivery_count":1,"target":"tachyon_serverless_application::services::invoke_async::dispatch"}
{"timestamp":"2026-09-17T11:03:41.306590Z","level":"INFO","message":"asynchronous invocation rescheduled","invocation_id":"inv_01m2qgjj3rqrys3dw47f3zqw32","next_attempt_at":"2026-09-17T11:03:41.909603+00:00","counted":false,"error_type":"Host.DispatcherFenced","target":"tachyon_serverless_application::services::invoke_async::dispatch"}
{"timestamp":"2026-09-17T11:03:41.306988Z","level":"INFO","message":"asynchronous run claimed","invocation_id":"inv_01m2qgjj3vwd3dvejw0366xctj","attempt":1,"generation":9,"delivery_count":1,"target":"tachyon_serverless_application::services::invoke_async::dispatch"}
{"timestamp":"2026-09-17T11:03:41.310480Z","level":"INFO","message":"async dispatch: delivery handled","message_id":"inv_01m2qgjj3rqrys3dw47f3zqw32.g12","sequence":42,"delivery_count":1,"outcome":"Rescheduled { next_attempt_at: 2026-09-17T11:03:41.909603Z, counted: false }","target":"tachyon_serverless_application::services::invoke_async::dispatch"}
{"timestamp":"2026-09-17T11:03:41.310905Z","level":"INFO","message":"asynchronous invocation rescheduled","invocation_id":"inv_01m2qgjj3vwd3dvejw0366xctj","next_attempt_at":"2026-09-17T11:03:42.244480+00:00","counted":false,"error_type":"Host.DispatcherFenced","target":"tachyon_serverless_application::services::invoke_async::dispatch"}
{"timestamp":"2026-09-17T11:03:41.315488Z","level":"INFO","message":"async dispatch: delivery handled","message_id":"inv_01m2qgjj3vwd3dvejw0366xctj.g9","sequence":43,"delivery_count":1,"outcome":"Rescheduled { next_attempt_at: 2026-09-17T11:03:42.244480Z, counted: false }","target":"tachyon_serverless_application::services::invoke_async::dispatch"}
{"timestamp":"2026-09-17T11:03:41.376600Z","level":"INFO","message":"object retention pass","report":"GcReport { examined: 2, collected_expired: 0, collected_orphans: 0, kept_in_use: 0, kept_referenced: 2, incomplete_removed: 0, tombstones_purged: 0, failed: 0 }","target":"tachyon_serverless_gateway"}
{"timestamp":"2026-09-17T11:03:41.729679Z","level":"INFO","message":"asynchronous run claimed","invocation_id":"inv_01m2qgj633n0jswcg84psbdwmc","attempt":2,"generation":12,"delivery_count":1,"target":"tachyon_serverless_application::services::invoke_async::dispatch"}
{"timestamp":"2026-09-17T11:03:41.730694Z","level":"INFO","message":"asynchronous invocation rescheduled","invocation_id":"inv_01m2qgj633n0jswcg84psbdwmc","next_attempt_at":"2026-09-17T11:03:42.392150+00:00","counted":false,"error_type":"Host.DispatcherFenced","target":"tachyon_serverless_application::services::invoke_async::dispatch"}
{"timestamp":"2026-09-17T11:03:41.735108Z","level":"INFO","message":"async dispatch: delivery handled","message_id":"inv_01m2qgj633n0jswcg84psbdwmc.g12","sequence":44,"delivery_count":1,"outcome":"Rescheduled { next_attempt_at: 2026-09-17T11:03:42.392150Z, counted: false }","target":"tachyon_serverless_application::services::invoke_async::dispatch"}
{"timestamp":"2026-09-17T11:03:41.940232Z","level":"INFO","message":"asynchronous run claimed","invocation_id":"inv_01m2qgjj3rqrys3dw47f3zqw32","attempt":1,"generation":13,"delivery_count":1,"target":"tachyon_serverless_application::services::invoke_async::dispatch"}
{"timestamp":"2026-09-17T11:03:41.945852Z","level":"INFO","message":"asynchronous invocation rescheduled","invocation_id":"inv_01m2qgjj3rqrys3dw47f3zqw32","next_attempt_at":"2026-09-17T11:03:42.764524+00:00","counted":false,"error_type":"Host.DispatcherFenced","target":"tachyon_serverless_application::services::invoke_async::dispatch"}
{"timestamp":"2026-09-17T11:03:41.950272Z","level":"INFO","message":"async dispatch: delivery handled","message_id":"inv_01m2qgjj3rqrys3dw47f3zqw32.g13","sequence":45,"delivery_count":1,"outcome":"Rescheduled { next_attempt_at: 2026-09-17T11:03:42.764524Z, counted: false }","target":"tachyon_serverless_application::services::invoke_async::dispatch"}
{"timestamp":"2026-09-17T11:03:42.257665Z","level":"INFO","message":"asynchronous run claimed","invocation_id":"inv_01m2qgjj3vwd3dvejw0366xctj","attempt":1,"generation":10,"delivery_count":1,"target":"tachyon_serverless_application::services::invoke_async::dispatch"}
{"timestamp":"2026-09-17T11:03:42.261976Z","level":"INFO","message":"asynchronous invocation rescheduled","invocation_id":"inv_01m2qgjj3vwd3dvejw0366xctj","next_attempt_at":"2026-09-17T11:03:42.704542+00:00","counted":false,"error_type":"Host.DispatcherFenced","target":"tachyon_serverless_application::services::invoke_async::dispatch"}
{"timestamp":"2026-09-17T11:03:42.266945Z","level":"INFO","message":"async dispatch: delivery handled","message_id":"inv_01m2qgjj3vwd3dvejw0366xctj.g10","sequence":46,"delivery_count":1,"outcome":"Rescheduled { next_attempt_at: 2026-09-17T11:03:42.704542Z, counted: false }","target":"tachyon_serverless_application::services::invoke_async::dispatch"}
{"timestamp":"2026-09-17T11:03:42.490349Z","level":"INFO","message":"asynchronous run claimed","invocation_id":"inv_01m2qgj633n0jswcg84psbdwmc","attempt":2,"generation":13,"delivery_count":1,"target":"tachyon_serverless_application::services::invoke_async::dispatch"}
{"timestamp":"2026-09-17T11:03:42.491411Z","level":"INFO","message":"asynchronous invocation rescheduled","invocation_id":"inv_01m2qgj633n0jswcg84psbdwmc","next_attempt_at":"2026-09-17T11:03:43.060833+00:00","counted":false,"error_type":"Host.DispatcherFenced","target":"tachyon_serverless_application::services::invoke_async::dispatch"}
{"timestamp":"2026-09-17T11:03:42.495784Z","level":"INFO","message":"async dispatch: delivery handled","message_id":"inv_01m2qgj633n0jswcg84psbdwmc.g13","sequence":47,"delivery_count":1,"outcome":"Rescheduled { next_attempt_at: 2026-09-17T11:03:43.060833Z, counted: false }","target":"tachyon_serverless_application::services::invoke_async::dispatch"}
{"timestamp":"2026-09-17T11:03:42.806690Z","level":"INFO","message":"asynchronous run claimed","invocation_id":"inv_01m2qgjj3vwd3dvejw0366xctj","attempt":1,"generation":11,"delivery_count":1,"target":"tachyon_serverless_application::services::invoke_async::dispatch"}
{"timestamp":"2026-09-17T11:03:42.813162Z","level":"INFO","message":"asynchronous run claimed","invocation_id":"inv_01m2qgjj3rqrys3dw47f3zqw32","attempt":1,"generation":14,"delivery_count":1,"target":"tachyon_serverless_application::services::invoke_async::dispatch"}
{"timestamp":"2026-09-17T11:03:42.813573Z","level":"INFO","message":"asynchronous invocation rescheduled","invocation_id":"inv_01m2qgjj3vwd3dvejw0366xctj","next_attempt_at":"2026-09-17T11:03:43.502020+00:00","counted":false,"error_type":"Host.DispatcherFenced","target":"tachyon_serverless_application::services::invoke_async::dispatch"}
{"timestamp":"2026-09-17T11:03:42.819445Z","level":"INFO","message":"asynchronous invocation rescheduled","invocation_id":"inv_01m2qgjj3rqrys3dw47f3zqw32","next_attempt_at":"2026-09-17T11:03:43.063763+00:00","counted":false,"error_type":"Host.DispatcherFenced","target":"tachyon_serverless_application::services::invoke_async::dispatch"}
{"timestamp":"2026-09-17T11:03:42.819642Z","level":"INFO","message":"async dispatch: delivery handled","message_id":"inv_01m2qgjj3vwd3dvejw0366xctj.g11","sequence":48,"delivery_count":1,"outcome":"Rescheduled { next_attempt_at: 2026-09-17T11:03:43.502020Z, counted: false }","target":"tachyon_serverless_application::services::invoke_async::dispatch"}
{"timestamp":"2026-09-17T11:03:42.823672Z","level":"INFO","message":"async dispatch: delivery handled","message_id":"inv_01m2qgjj3rqrys3dw47f3zqw32.g14","sequence":49,"delivery_count":1,"outcome":"Rescheduled { next_attempt_at: 2026-09-17T11:03:43.063763Z, counted: false }","target":"tachyon_serverless_application::services::invoke_async::dispatch"}
{"timestamp":"2026-09-17T11:03:43.129436Z","level":"INFO","message":"asynchronous run claimed","invocation_id":"inv_01m2qgj633n0jswcg84psbdwmc","attempt":2,"generation":14,"delivery_count":1,"target":"tachyon_serverless_application::services::invoke_async::dispatch"}
{"timestamp":"2026-09-17T11:03:43.139217Z","level":"INFO","message":"asynchronous run claimed","invocation_id":"inv_01m2qgjj3rqrys3dw47f3zqw32","attempt":1,"generation":15,"delivery_count":1,"target":"tachyon_serverless_application::services::invoke_async::dispatch"}
{"timestamp":"2026-09-17T11:03:43.140089Z","level":"INFO","message":"asynchronous invocation rescheduled","invocation_id":"inv_01m2qgj633n0jswcg84psbdwmc","next_attempt_at":"2026-09-17T11:03:43.658450+00:00","counted":false,"error_type":"Host.DispatcherFenced","target":"tachyon_serverless_application::services::invoke_async::dispatch"}
{"timestamp":"2026-09-17T11:03:43.146875Z","level":"INFO","message":"asynchronous invocation rescheduled","invocation_id":"inv_01m2qgjj3rqrys3dw47f3zqw32","next_attempt_at":"2026-09-17T11:03:43.916177+00:00","counted":false,"error_type":"Host.DispatcherFenced","target":"tachyon_serverless_application::services::invoke_async::dispatch"}
{"timestamp":"2026-09-17T11:03:43.147045Z","level":"INFO","message":"async dispatch: delivery handled","message_id":"inv_01m2qgj633n0jswcg84psbdwmc.g14","sequence":50,"delivery_count":1,"outcome":"Rescheduled { next_attempt_at: 2026-09-17T11:03:43.658450Z, counted: false }","target":"tachyon_serverless_application::services::invoke_async::dispatch"}
{"timestamp":"2026-09-17T11:03:43.152548Z","level":"INFO","message":"async dispatch: delivery handled","message_id":"inv_01m2qgjj3rqrys3dw47f3zqw32.g15","sequence":51,"delivery_count":1,"outcome":"Rescheduled { next_attempt_at: 2026-09-17T11:03:43.916177Z, counted: false }","target":"tachyon_serverless_application::services::invoke_async::dispatch"}
{"timestamp":"2026-09-17T11:03:43.376630Z","level":"INFO","message":"object retention pass","report":"GcReport { examined: 2, collected_expired: 0, collected_orphans: 0, kept_in_use: 0, kept_referenced: 2, incomplete_removed: 0, tombstones_purged: 0, failed: 0 }","target":"tachyon_serverless_gateway"}
{"timestamp":"2026-09-17T11:03:43.564933Z","level":"INFO","message":"asynchronous run claimed","invocation_id":"inv_01m2qgjj3vwd3dvejw0366xctj","attempt":1,"generation":12,"delivery_count":1,"target":"tachyon_serverless_application::services::invoke_async::dispatch"}
{"timestamp":"2026-09-17T11:03:43.565819Z","level":"INFO","message":"asynchronous invocation rescheduled","invocation_id":"inv_01m2qgjj3vwd3dvejw0366xctj","next_attempt_at":"2026-09-17T11:03:44.409282+00:00","counted":false,"error_type":"Host.DispatcherFenced","target":"tachyon_serverless_application::services::invoke_async::dispatch"}
{"timestamp":"2026-09-17T11:03:43.570308Z","level":"INFO","message":"async dispatch: delivery handled","message_id":"inv_01m2qgjj3vwd3dvejw0366xctj.g12","sequence":52,"delivery_count":1,"outcome":"Rescheduled { next_attempt_at: 2026-09-17T11:03:44.409282Z, counted: false }","target":"tachyon_serverless_application::services::invoke_async::dispatch"}
{"timestamp":"2026-09-17T11:03:43.674580Z","level":"INFO","message":"asynchronous run claimed","invocation_id":"inv_01m2qgj633n0jswcg84psbdwmc","attempt":2,"generation":15,"delivery_count":1,"target":"tachyon_serverless_application::services::invoke_async::dispatch"}
{"timestamp":"2026-09-17T11:03:43.675457Z","level":"INFO","message":"asynchronous invocation rescheduled","invocation_id":"inv_01m2qgj633n0jswcg84psbdwmc","next_attempt_at":"2026-09-17T11:03:43.914952+00:00","counted":false,"error_type":"Host.DispatcherFenced","target":"tachyon_serverless_application::services::invoke_async::dispatch"}
{"timestamp":"2026-09-17T11:03:43.679908Z","level":"INFO","message":"async dispatch: delivery handled","message_id":"inv_01m2qgj633n0jswcg84psbdwmc.g15","sequence":53,"delivery_count":1,"outcome":"Rescheduled { next_attempt_at: 2026-09-17T11:03:43.914952Z, counted: false }","target":"tachyon_serverless_application::services::invoke_async::dispatch"}
{"timestamp":"2026-09-17T11:03:43.984277Z","level":"INFO","message":"asynchronous run claimed","invocation_id":"inv_01m2qgj633n0jswcg84psbdwmc","attempt":2,"generation":16,"delivery_count":1,"target":"tachyon_serverless_application::services::invoke_async::dispatch"}
{"timestamp":"2026-09-17T11:03:43.994225Z","level":"INFO","message":"asynchronous invocation rescheduled","invocation_id":"inv_01m2qgj633n0jswcg84psbdwmc","next_attempt_at":"2026-09-17T11:03:44.631046+00:00","counted":false,"error_type":"Host.DispatcherFenced","target":"tachyon_serverless_application::services::invoke_async::dispatch"}
{"timestamp":"2026-09-17T11:03:43.994649Z","level":"INFO","message":"asynchronous run claimed","invocation_id":"inv_01m2qgjj3rqrys3dw47f3zqw32","attempt":1,"generation":16,"delivery_count":1,"target":"tachyon_serverless_application::services::invoke_async::dispatch"}
{"timestamp":"2026-09-17T11:03:44.000133Z","level":"INFO","message":"asynchronous invocation rescheduled","invocation_id":"inv_01m2qgjj3rqrys3dw47f3zqw32","next_attempt_at":"2026-09-17T11:03:44.985051+00:00","counted":false,"error_type":"Host.DispatcherFenced","target":"tachyon_serverless_application::services::invoke_async::dispatch"}
{"timestamp":"2026-09-17T11:03:44.000302Z","level":"INFO","message":"async dispatch: delivery handled","message_id":"inv_01m2qgj633n0jswcg84psbdwmc.g16","sequence":54,"delivery_count":1,"outcome":"Rescheduled { next_attempt_at: 2026-09-17T11:03:44.631046Z, counted: false }","target":"tachyon_serverless_application::services::invoke_async::dispatch"}
{"timestamp":"2026-09-17T11:03:44.004546Z","level":"INFO","message":"async dispatch: delivery handled","message_id":"inv_01m2qgjj3rqrys3dw47f3zqw32.g16","sequence":55,"delivery_count":1,"outcome":"Rescheduled { next_attempt_at: 2026-09-17T11:03:44.985051Z, counted: false }","target":"tachyon_serverless_application::services::invoke_async::dispatch"}
{"timestamp":"2026-09-17T11:03:44.518613Z","level":"INFO","message":"asynchronous run claimed","invocation_id":"inv_01m2qgjj3vwd3dvejw0366xctj","attempt":1,"generation":13,"delivery_count":1,"target":"tachyon_serverless_application::services::invoke_async::dispatch"}
{"timestamp":"2026-09-17T11:03:44.519506Z","level":"INFO","message":"asynchronous invocation rescheduled","invocation_id":"inv_01m2qgjj3vwd3dvejw0366xctj","next_attempt_at":"2026-09-17T11:03:44.997965+00:00","counted":false,"error_type":"Host.DispatcherFenced","target":"tachyon_serverless_application::services::invoke_async::dispatch"}
{"timestamp":"2026-09-17T11:03:44.524418Z","level":"INFO","message":"async dispatch: delivery handled","message_id":"inv_01m2qgjj3vwd3dvejw0366xctj.g13","sequence":56,"delivery_count":1,"outcome":"Rescheduled { next_attempt_at: 2026-09-17T11:03:44.997965Z, counted: false }","target":"tachyon_serverless_application::services::invoke_async::dispatch"}
{"timestamp":"2026-09-17T11:03:44.734416Z","level":"INFO","message":"asynchronous run claimed","invocation_id":"inv_01m2qgj633n0jswcg84psbdwmc","attempt":2,"generation":17,"delivery_count":1,"target":"tachyon_serverless_application::services::invoke_async::dispatch"}
{"timestamp":"2026-09-17T11:03:44.735078Z","level":"INFO","message":"asynchronous invocation rescheduled","invocation_id":"inv_01m2qgj633n0jswcg84psbdwmc","next_attempt_at":"2026-09-17T11:03:45.026687+00:00","counted":false,"error_type":"Host.DispatcherFenced","target":"tachyon_serverless_application::services::invoke_async::dispatch"}
{"timestamp":"2026-09-17T11:03:44.739867Z","level":"INFO","message":"async dispatch: delivery handled","message_id":"inv_01m2qgj633n0jswcg84psbdwmc.g17","sequence":57,"delivery_count":1,"outcome":"Rescheduled { next_attempt_at: 2026-09-17T11:03:45.026687Z, counted: false }","target":"tachyon_serverless_application::services::invoke_async::dispatch"}
{"timestamp":"2026-09-17T11:03:45.048732Z","level":"INFO","message":"asynchronous run claimed","invocation_id":"inv_01m2qgjj3rqrys3dw47f3zqw32","attempt":1,"generation":17,"delivery_count":1,"target":"tachyon_serverless_application::services::invoke_async::dispatch"}
{"timestamp":"2026-09-17T11:03:45.060473Z","level":"INFO","message":"asynchronous run claimed","invocation_id":"inv_01m2qgjj3vwd3dvejw0366xctj","attempt":1,"generation":14,"delivery_count":1,"target":"tachyon_serverless_application::services::invoke_async::dispatch"}
{"timestamp":"2026-09-17T11:03:45.061226Z","level":"INFO","message":"asynchronous invocation rescheduled","invocation_id":"inv_01m2qgjj3rqrys3dw47f3zqw32","next_attempt_at":"2026-09-17T11:03:45.337997+00:00","counted":false,"error_type":"Host.DispatcherFenced","target":"tachyon_serverless_application::services::invoke_async::dispatch"}
{"timestamp":"2026-09-17T11:03:45.067410Z","level":"INFO","message":"asynchronous invocation rescheduled","invocation_id":"inv_01m2qgjj3vwd3dvejw0366xctj","next_attempt_at":"2026-09-17T11:03:45.306407+00:00","counted":false,"error_type":"Host.DispatcherFenced","target":"tachyon_serverless_application::services::invoke_async::dispatch"}
{"timestamp":"2026-09-17T11:03:45.067636Z","level":"INFO","message":"async dispatch: delivery handled","message_id":"inv_01m2qgjj3rqrys3dw47f3zqw32.g17","sequence":58,"delivery_count":1,"outcome":"Rescheduled { next_attempt_at: 2026-09-17T11:03:45.337997Z, counted: false }","target":"tachyon_serverless_application::services::invoke_async::dispatch"}
{"timestamp":"2026-09-17T11:03:45.071694Z","level":"INFO","message":"async dispatch: delivery handled","message_id":"inv_01m2qgjj3vwd3dvejw0366xctj.g14","sequence":59,"delivery_count":1,"outcome":"Rescheduled { next_attempt_at: 2026-09-17T11:03:45.306407Z, counted: false }","target":"tachyon_serverless_application::services::invoke_async::dispatch"}
{"timestamp":"2026-09-17T11:03:45.072446Z","level":"INFO","message":"asynchronous run claimed","invocation_id":"inv_01m2qgj633n0jswcg84psbdwmc","attempt":2,"generation":18,"delivery_count":1,"target":"tachyon_serverless_application::services::invoke_async::dispatch"}
{"timestamp":"2026-09-17T11:03:45.073302Z","level":"INFO","message":"asynchronous invocation rescheduled","invocation_id":"inv_01m2qgj633n0jswcg84psbdwmc","next_attempt_at":"2026-09-17T11:03:45.489787+00:00","counted":false,"error_type":"Host.DispatcherFenced","target":"tachyon_serverless_application::services::invoke_async::dispatch"}
{"timestamp":"2026-09-17T11:03:45.077980Z","level":"INFO","message":"async dispatch: delivery handled","message_id":"inv_01m2qgj633n0jswcg84psbdwmc.g18","sequence":60,"delivery_count":1,"outcome":"Rescheduled { next_attempt_at: 2026-09-17T11:03:45.489787Z, counted: false }","target":"tachyon_serverless_application::services::invoke_async::dispatch"}
{"timestamp":"2026-09-17T11:03:45.376158Z","level":"INFO","message":"object retention pass","report":"GcReport { examined: 2, collected_expired: 0, collected_orphans: 0, kept_in_use: 0, kept_referenced: 2, incomplete_removed: 0, tombstones_purged: 0, failed: 0 }","target":"tachyon_serverless_gateway"}
{"timestamp":"2026-09-17T11:03:45.386878Z","level":"INFO","message":"asynchronous run claimed","invocation_id":"inv_01m2qgjj3vwd3dvejw0366xctj","attempt":1,"generation":15,"delivery_count":1,"target":"tachyon_serverless_application::services::invoke_async::dispatch"}
{"timestamp":"2026-09-17T11:03:45.393367Z","level":"INFO","message":"asynchronous run claimed","invocation_id":"inv_01m2qgjj3rqrys3dw47f3zqw32","attempt":1,"generation":18,"delivery_count":1,"target":"tachyon_serverless_application::services::invoke_async::dispatch"}
{"timestamp":"2026-09-17T11:03:45.393912Z","level":"INFO","message":"asynchronous invocation rescheduled","invocation_id":"inv_01m2qgjj3vwd3dvejw0366xctj","next_attempt_at":"2026-09-17T11:03:45.806944+00:00","counted":false,"error_type":"Host.DispatcherFenced","target":"tachyon_serverless_application::services::invoke_async::dispatch"}
{"timestamp":"2026-09-17T11:03:45.399394Z","level":"INFO","message":"asynchronous invocation rescheduled","invocation_id":"inv_01m2qgjj3rqrys3dw47f3zqw32","next_attempt_at":"2026-09-17T11:03:46.263121+00:00","counted":false,"error_type":"Host.DispatcherFenced","target":"tachyon_serverless_application::services::invoke_async::dispatch"}
{"timestamp":"2026-09-17T11:03:45.399567Z","level":"INFO","message":"async dispatch: delivery handled","message_id":"inv_01m2qgjj3vwd3dvejw0366xctj.g15","sequence":61,"delivery_count":1,"outcome":"Rescheduled { next_attempt_at: 2026-09-17T11:03:45.806944Z, counted: false }","target":"tachyon_serverless_application::services::invoke_async::dispatch"}
{"timestamp":"2026-09-17T11:03:45.404342Z","level":"INFO","message":"async dispatch: delivery handled","message_id":"inv_01m2qgjj3rqrys3dw47f3zqw32.g18","sequence":62,"delivery_count":1,"outcome":"Rescheduled { next_attempt_at: 2026-09-17T11:03:46.263121Z, counted: false }","target":"tachyon_serverless_application::services::invoke_async::dispatch"}
{"timestamp":"2026-09-17T11:03:45.505148Z","level":"INFO","message":"asynchronous run claimed","invocation_id":"inv_01m2qgj633n0jswcg84psbdwmc","attempt":2,"generation":19,"delivery_count":1,"target":"tachyon_serverless_application::services::invoke_async::dispatch"}
{"timestamp":"2026-09-17T11:03:45.505970Z","level":"INFO","message":"asynchronous invocation rescheduled","invocation_id":"inv_01m2qgj633n0jswcg84psbdwmc","next_attempt_at":"2026-09-17T11:03:46.489496+00:00","counted":false,"error_type":"Host.DispatcherFenced","target":"tachyon_serverless_application::services::invoke_async::dispatch"}
{"timestamp":"2026-09-17T11:03:45.510351Z","level":"INFO","message":"async dispatch: delivery handled","message_id":"inv_01m2qgj633n0jswcg84psbdwmc.g19","sequence":63,"delivery_count":1,"outcome":"Rescheduled { next_attempt_at: 2026-09-17T11:03:46.489496Z, counted: false }","target":"tachyon_serverless_application::services::invoke_async::dispatch"}
{"timestamp":"2026-09-17T11:03:45.817141Z","level":"INFO","message":"asynchronous run claimed","invocation_id":"inv_01m2qgjj3vwd3dvejw0366xctj","attempt":1,"generation":16,"delivery_count":1,"target":"tachyon_serverless_application::services::invoke_async::dispatch"}
{"timestamp":"2026-09-17T11:03:45.822488Z","level":"INFO","message":"asynchronous invocation rescheduled","invocation_id":"inv_01m2qgjj3vwd3dvejw0366xctj","next_attempt_at":"2026-09-17T11:03:45.964398+00:00","counted":false,"error_type":"Host.DispatcherFenced","target":"tachyon_serverless_application::services::invoke_async::dispatch"}
{"timestamp":"2026-09-17T11:03:45.826882Z","level":"INFO","message":"async dispatch: delivery handled","message_id":"inv_01m2qgjj3vwd3dvejw0366xctj.g16","sequence":64,"delivery_count":1,"outcome":"Rescheduled { next_attempt_at: 2026-09-17T11:03:45.964398Z, counted: false }","target":"tachyon_serverless_application::services::invoke_async::dispatch"}
{"timestamp":"2026-09-17T11:03:46.037029Z","level":"INFO","message":"asynchronous run claimed","invocation_id":"inv_01m2qgjj3vwd3dvejw0366xctj","attempt":1,"generation":17,"delivery_count":1,"target":"tachyon_serverless_application::services::invoke_async::dispatch"}
{"timestamp":"2026-09-17T11:03:46.037651Z","level":"INFO","message":"asynchronous invocation rescheduled","invocation_id":"inv_01m2qgjj3vwd3dvejw0366xctj","next_attempt_at":"2026-09-17T11:03:46.137265+00:00","counted":false,"error_type":"Host.DispatcherFenced","target":"tachyon_serverless_application::services::invoke_async::dispatch"}
{"timestamp":"2026-09-17T11:03:46.042534Z","level":"INFO","message":"async dispatch: delivery handled","message_id":"inv_01m2qgjj3vwd3dvejw0366xctj.g17","sequence":65,"delivery_count":1,"outcome":"Rescheduled { next_attempt_at: 2026-09-17T11:03:46.137265Z, counted: false }","target":"tachyon_serverless_application::services::invoke_async::dispatch"}
{"timestamp":"2026-09-17T11:03:46.148507Z","level":"INFO","message":"asynchronous run claimed","invocation_id":"inv_01m2qgjj3vwd3dvejw0366xctj","attempt":1,"generation":18,"delivery_count":1,"target":"tachyon_serverless_application::services::invoke_async::dispatch"}
{"timestamp":"2026-09-17T11:03:46.149441Z","level":"INFO","message":"asynchronous invocation rescheduled","invocation_id":"inv_01m2qgjj3vwd3dvejw0366xctj","next_attempt_at":"2026-09-17T11:03:46.975775+00:00","counted":false,"error_type":"Host.DispatcherFenced","target":"tachyon_serverless_application::services::invoke_async::dispatch"}
{"timestamp":"2026-09-17T11:03:46.154614Z","level":"INFO","message":"async dispatch: delivery handled","message_id":"inv_01m2qgjj3vwd3dvejw0366xctj.g18","sequence":66,"delivery_count":1,"outcome":"Rescheduled { next_attempt_at: 2026-09-17T11:03:46.975775Z, counted: false }","target":"tachyon_serverless_application::services::invoke_async::dispatch"}
{"timestamp":"2026-09-17T11:03:46.361106Z","level":"INFO","message":"asynchronous run claimed","invocation_id":"inv_01m2qgjj3rqrys3dw47f3zqw32","attempt":1,"generation":19,"delivery_count":1,"target":"tachyon_serverless_application::services::invoke_async::dispatch"}
{"timestamp":"2026-09-17T11:03:46.361839Z","level":"INFO","message":"asynchronous invocation rescheduled","invocation_id":"inv_01m2qgjj3rqrys3dw47f3zqw32","next_attempt_at":"2026-09-17T11:03:46.461358+00:00","counted":false,"error_type":"Host.DispatcherFenced","target":"tachyon_serverless_application::services::invoke_async::dispatch"}
{"timestamp":"2026-09-17T11:03:46.366261Z","level":"INFO","message":"async dispatch: delivery handled","message_id":"inv_01m2qgjj3rqrys3dw47f3zqw32.g19","sequence":67,"delivery_count":1,"outcome":"Rescheduled { next_attempt_at: 2026-09-17T11:03:46.461358Z, counted: false }","target":"tachyon_serverless_application::services::invoke_async::dispatch"}
{"timestamp":"2026-09-17T11:03:46.474972Z","level":"INFO","message":"asynchronous run claimed","invocation_id":"inv_01m2qgjj3rqrys3dw47f3zqw32","attempt":1,"generation":20,"delivery_count":1,"target":"tachyon_serverless_application::services::invoke_async::dispatch"}
{"timestamp":"2026-09-17T11:03:46.475819Z","level":"INFO","message":"asynchronous invocation rescheduled","invocation_id":"inv_01m2qgjj3rqrys3dw47f3zqw32","next_attempt_at":"2026-09-17T11:03:46.673308+00:00","counted":false,"error_type":"Host.DispatcherFenced","target":"tachyon_serverless_application::services::invoke_async::dispatch"}
{"timestamp":"2026-09-17T11:03:46.480019Z","level":"INFO","message":"async dispatch: delivery handled","message_id":"inv_01m2qgjj3rqrys3dw47f3zqw32.g20","sequence":68,"delivery_count":1,"outcome":"Rescheduled { next_attempt_at: 2026-09-17T11:03:46.673308Z, counted: false }","target":"tachyon_serverless_application::services::invoke_async::dispatch"}
{"timestamp":"2026-09-17T11:03:46.583637Z","level":"INFO","message":"asynchronous run claimed","invocation_id":"inv_01m2qgj633n0jswcg84psbdwmc","attempt":2,"generation":20,"delivery_count":1,"target":"tachyon_serverless_application::services::invoke_async::dispatch"}
{"timestamp":"2026-09-17T11:03:46.584517Z","level":"INFO","message":"asynchronous invocation rescheduled","invocation_id":"inv_01m2qgj633n0jswcg84psbdwmc","next_attempt_at":"2026-09-17T11:03:47.439911+00:00","counted":false,"error_type":"Host.DispatcherFenced","target":"tachyon_serverless_application::services::invoke_async::dispatch"}
{"timestamp":"2026-09-17T11:03:46.588854Z","level":"INFO","message":"async dispatch: delivery handled","message_id":"inv_01m2qgj633n0jswcg84psbdwmc.g20","sequence":69,"delivery_count":1,"outcome":"Rescheduled { next_attempt_at: 2026-09-17T11:03:47.439911Z, counted: false }","target":"tachyon_serverless_application::services::invoke_async::dispatch"}
{"timestamp":"2026-09-17T11:03:46.691871Z","level":"INFO","message":"asynchronous run claimed","invocation_id":"inv_01m2qgjj3rqrys3dw47f3zqw32","attempt":1,"generation":21,"delivery_count":1,"target":"tachyon_serverless_application::services::invoke_async::dispatch"}
{"timestamp":"2026-09-17T11:03:46.692704Z","level":"INFO","message":"asynchronous invocation rescheduled","invocation_id":"inv_01m2qgjj3rqrys3dw47f3zqw32","next_attempt_at":"2026-09-17T11:03:47.582166+00:00","counted":false,"error_type":"Host.DispatcherFenced","target":"tachyon_serverless_application::services::invoke_async::dispatch"}
{"timestamp":"2026-09-17T11:03:46.697211Z","level":"INFO","message":"async dispatch: delivery handled","message_id":"inv_01m2qgjj3rqrys3dw47f3zqw32.g21","sequence":70,"delivery_count":1,"outcome":"Rescheduled { next_attempt_at: 2026-09-17T11:03:47.582166Z, counted: false }","target":"tachyon_serverless_application::services::invoke_async::dispatch"}
{"timestamp":"2026-09-17T11:03:47.008997Z","level":"INFO","message":"asynchronous run claimed","invocation_id":"inv_01m2qgjj3vwd3dvejw0366xctj","attempt":1,"generation":19,"delivery_count":1,"target":"tachyon_serverless_application::services::invoke_async::dispatch"}
{"timestamp":"2026-09-17T11:03:47.009606Z","level":"INFO","message":"asynchronous invocation rescheduled","invocation_id":"inv_01m2qgjj3vwd3dvejw0366xctj","next_attempt_at":"2026-09-17T11:03:47.815221+00:00","counted":false,"error_type":"Host.DispatcherFenced","target":"tachyon_serverless_application::services::invoke_async::dispatch"}
{"timestamp":"2026-09-17T11:03:47.014395Z","level":"INFO","message":"async dispatch: delivery handled","message_id":"inv_01m2qgjj3vwd3dvejw0366xctj.g19","sequence":71,"delivery_count":1,"outcome":"Rescheduled { next_attempt_at: 2026-09-17T11:03:47.815221Z, counted: false }","target":"tachyon_serverless_application::services::invoke_async::dispatch"}
{"timestamp":"2026-09-17T11:03:47.375669Z","level":"INFO","message":"object retention pass","report":"GcReport { examined: 2, collected_expired: 0, collected_orphans: 0, kept_in_use: 0, kept_referenced: 2, incomplete_removed: 0, tombstones_purged: 0, failed: 0 }","target":"tachyon_serverless_gateway"}
{"timestamp":"2026-09-17T11:03:47.527962Z","level":"INFO","message":"asynchronous run claimed","invocation_id":"inv_01m2qgj633n0jswcg84psbdwmc","attempt":2,"generation":21,"delivery_count":1,"target":"tachyon_serverless_application::services::invoke_async::dispatch"}
{"timestamp":"2026-09-17T11:03:47.528768Z","level":"INFO","message":"asynchronous invocation rescheduled","invocation_id":"inv_01m2qgj633n0jswcg84psbdwmc","next_attempt_at":"2026-09-17T11:03:47.765336+00:00","counted":false,"error_type":"Host.DispatcherFenced","target":"tachyon_serverless_application::services::invoke_async::dispatch"}
{"timestamp":"2026-09-17T11:03:47.533428Z","level":"INFO","message":"async dispatch: delivery handled","message_id":"inv_01m2qgj633n0jswcg84psbdwmc.g21","sequence":72,"delivery_count":1,"outcome":"Rescheduled { next_attempt_at: 2026-09-17T11:03:47.765336Z, counted: false }","target":"tachyon_serverless_application::services::invoke_async::dispatch"}
{"timestamp":"2026-09-17T11:03:47.640793Z","level":"INFO","message":"asynchronous run claimed","invocation_id":"inv_01m2qgjj3rqrys3dw47f3zqw32","attempt":1,"generation":22,"delivery_count":1,"target":"tachyon_serverless_application::services::invoke_async::dispatch"}
{"timestamp":"2026-09-17T11:03:47.641422Z","level":"INFO","message":"asynchronous invocation rescheduled","invocation_id":"inv_01m2qgjj3rqrys3dw47f3zqw32","next_attempt_at":"2026-09-17T11:03:47.844040+00:00","counted":false,"error_type":"Host.DispatcherFenced","target":"tachyon_serverless_application::services::invoke_async::dispatch"}
{"timestamp":"2026-09-17T11:03:47.646071Z","level":"INFO","message":"async dispatch: delivery handled","message_id":"inv_01m2qgjj3rqrys3dw47f3zqw32.g22","sequence":73,"delivery_count":1,"outcome":"Rescheduled { next_attempt_at: 2026-09-17T11:03:47.844040Z, counted: false }","target":"tachyon_serverless_application::services::invoke_async::dispatch"}
{"timestamp":"2026-09-17T11:03:47.859191Z","level":"INFO","message":"asynchronous run claimed","invocation_id":"inv_01m2qgj633n0jswcg84psbdwmc","attempt":2,"generation":22,"delivery_count":1,"target":"tachyon_serverless_application::services::invoke_async::dispatch"}
{"timestamp":"2026-09-17T11:03:47.864224Z","level":"INFO","message":"asynchronous invocation rescheduled","invocation_id":"inv_01m2qgj633n0jswcg84psbdwmc","next_attempt_at":"2026-09-17T11:03:48.203781+00:00","counted":false,"error_type":"Host.DispatcherFenced","target":"tachyon_serverless_application::services::invoke_async::dispatch"}
{"timestamp":"2026-09-17T11:03:47.864651Z","level":"INFO","message":"asynchronous run claimed","invocation_id":"inv_01m2qgjj3vwd3dvejw0366xctj","attempt":1,"generation":20,"delivery_count":1,"target":"tachyon_serverless_application::services::invoke_async::dispatch"}
{"timestamp":"2026-09-17T11:03:47.870314Z","level":"INFO","message":"async dispatch: delivery handled","message_id":"inv_01m2qgj633n0jswcg84psbdwmc.g22","sequence":74,"delivery_count":1,"outcome":"Rescheduled { next_attempt_at: 2026-09-17T11:03:48.203781Z, counted: false }","target":"tachyon_serverless_application::services::invoke_async::dispatch"}
{"timestamp":"2026-09-17T11:03:47.871822Z","level":"INFO","message":"asynchronous invocation rescheduled","invocation_id":"inv_01m2qgjj3vwd3dvejw0366xctj","next_attempt_at":"2026-09-17T11:03:47.970554+00:00","counted":false,"error_type":"Host.DispatcherFenced","target":"tachyon_serverless_application::services::invoke_async::dispatch"}
{"timestamp":"2026-09-17T11:03:47.872297Z","level":"INFO","message":"asynchronous run claimed","invocation_id":"inv_01m2qgjj3rqrys3dw47f3zqw32","attempt":1,"generation":23,"delivery_count":1,"target":"tachyon_serverless_application::services::invoke_async::dispatch"}
{"timestamp":"2026-09-17T11:03:47.878172Z","level":"INFO","message":"asynchronous invocation rescheduled","invocation_id":"inv_01m2qgjj3rqrys3dw47f3zqw32","next_attempt_at":"2026-09-17T11:03:48.006661+00:00","counted":false,"error_type":"Host.DispatcherFenced","target":"tachyon_serverless_application::services::invoke_async::dispatch"}
{"timestamp":"2026-09-17T11:03:47.878300Z","level":"INFO","message":"async dispatch: delivery handled","message_id":"inv_01m2qgjj3vwd3dvejw0366xctj.g20","sequence":75,"delivery_count":1,"outcome":"Rescheduled { next_attempt_at: 2026-09-17T11:03:47.970554Z, counted: false }","target":"tachyon_serverless_application::services::invoke_async::dispatch"}
{"timestamp":"2026-09-17T11:03:47.882522Z","level":"INFO","message":"async dispatch: delivery handled","message_id":"inv_01m2qgjj3rqrys3dw47f3zqw32.g23","sequence":76,"delivery_count":1,"outcome":"Rescheduled { next_attempt_at: 2026-09-17T11:03:48.006661Z, counted: false }","target":"tachyon_serverless_application::services::invoke_async::dispatch"}
{"timestamp":"2026-09-17T11:03:47.985715Z","level":"INFO","message":"asynchronous run claimed","invocation_id":"inv_01m2qgjj3vwd3dvejw0366xctj","attempt":1,"generation":21,"delivery_count":1,"target":"tachyon_serverless_application::services::invoke_async::dispatch"}
{"timestamp":"2026-09-17T11:03:47.986518Z","level":"INFO","message":"asynchronous invocation rescheduled","invocation_id":"inv_01m2qgjj3vwd3dvejw0366xctj","next_attempt_at":"2026-09-17T11:03:48.086001+00:00","counted":false,"error_type":"Host.DispatcherFenced","target":"tachyon_serverless_application::services::invoke_async::dispatch"}
{"timestamp":"2026-09-17T11:03:47.990916Z","level":"INFO","message":"async dispatch: delivery handled","message_id":"inv_01m2qgjj3vwd3dvejw0366xctj.g21","sequence":77,"delivery_count":1,"outcome":"Rescheduled { next_attempt_at: 2026-09-17T11:03:48.086001Z, counted: false }","target":"tachyon_serverless_application::services::invoke_async::dispatch"}
{"timestamp":"2026-09-17T11:03:48.099203Z","level":"INFO","message":"asynchronous run claimed","invocation_id":"inv_01m2qgjj3rqrys3dw47f3zqw32","attempt":1,"generation":24,"delivery_count":1,"target":"tachyon_serverless_application::services::invoke_async::dispatch"}
{"timestamp":"2026-09-17T11:03:48.100422Z","level":"INFO","message":"asynchronous invocation rescheduled","invocation_id":"inv_01m2qgjj3rqrys3dw47f3zqw32","next_attempt_at":"2026-09-17T11:03:48.923465+00:00","counted":false,"error_type":"Host.DispatcherFenced","target":"tachyon_serverless_application::services::invoke_async::dispatch"}
{"timestamp":"2026-09-17T11:03:48.106141Z","level":"INFO","message":"asynchronous run claimed","invocation_id":"inv_01m2qgjj3vwd3dvejw0366xctj","attempt":1,"generation":22,"delivery_count":1,"target":"tachyon_serverless_application::services::invoke_async::dispatch"}
{"timestamp":"2026-09-17T11:03:48.106354Z","level":"INFO","message":"async dispatch: delivery handled","message_id":"inv_01m2qgjj3rqrys3dw47f3zqw32.g24","sequence":78,"delivery_count":1,"outcome":"Rescheduled { next_attempt_at: 2026-09-17T11:03:48.923465Z, counted: false }","target":"tachyon_serverless_application::services::invoke_async::dispatch"}
{"timestamp":"2026-09-17T11:03:48.106753Z","level":"INFO","message":"asynchronous invocation rescheduled","invocation_id":"inv_01m2qgjj3vwd3dvejw0366xctj","next_attempt_at":"2026-09-17T11:03:48.530324+00:00","counted":false,"error_type":"Host.DispatcherFenced","target":"tachyon_serverless_application::services::invoke_async::dispatch"}
{"timestamp":"2026-09-17T11:03:48.111562Z","level":"INFO","message":"async dispatch: delivery handled","message_id":"inv_01m2qgjj3vwd3dvejw0366xctj.g22","sequence":79,"delivery_count":1,"outcome":"Rescheduled { next_attempt_at: 2026-09-17T11:03:48.530324Z, counted: false }","target":"tachyon_serverless_application::services::invoke_async::dispatch"}
{"timestamp":"2026-09-17T11:03:48.214426Z","level":"INFO","message":"asynchronous run claimed","invocation_id":"inv_01m2qgj633n0jswcg84psbdwmc","attempt":2,"generation":23,"delivery_count":1,"target":"tachyon_serverless_application::services::invoke_async::dispatch"}
{"timestamp":"2026-09-17T11:03:48.215329Z","level":"INFO","message":"asynchronous invocation rescheduled","invocation_id":"inv_01m2qgj633n0jswcg84psbdwmc","next_attempt_at":"2026-09-17T11:03:48.493766+00:00","counted":false,"error_type":"Host.DispatcherFenced","target":"tachyon_serverless_application::services::invoke_async::dispatch"}
{"timestamp":"2026-09-17T11:03:48.219583Z","level":"INFO","message":"async dispatch: delivery handled","message_id":"inv_01m2qgj633n0jswcg84psbdwmc.g23","sequence":80,"delivery_count":1,"outcome":"Rescheduled { next_attempt_at: 2026-09-17T11:03:48.493766Z, counted: false }","target":"tachyon_serverless_application::services::invoke_async::dispatch"}
{"timestamp":"2026-09-17T11:03:48.531379Z","level":"INFO","message":"asynchronous run claimed","invocation_id":"inv_01m2qgj633n0jswcg84psbdwmc","attempt":2,"generation":24,"delivery_count":1,"target":"tachyon_serverless_application::services::invoke_async::dispatch"}
{"timestamp":"2026-09-17T11:03:48.532308Z","level":"INFO","message":"asynchronous invocation rescheduled","invocation_id":"inv_01m2qgj633n0jswcg84psbdwmc","next_attempt_at":"2026-09-17T11:03:49.501768+00:00","counted":false,"error_type":"Host.DispatcherFenced","target":"tachyon_serverless_application::services::invoke_async::dispatch"}
{"timestamp":"2026-09-17T11:03:48.540720Z","level":"INFO","message":"async dispatch: delivery handled","message_id":"inv_01m2qgj633n0jswcg84psbdwmc.g24","sequence":81,"delivery_count":1,"outcome":"Rescheduled { next_attempt_at: 2026-09-17T11:03:49.501768Z, counted: false }","target":"tachyon_serverless_application::services::invoke_async::dispatch"}
{"timestamp":"2026-09-17T11:03:48.541737Z","level":"INFO","message":"asynchronous run claimed","invocation_id":"inv_01m2qgjj3vwd3dvejw0366xctj","attempt":1,"generation":23,"delivery_count":1,"target":"tachyon_serverless_application::services::invoke_async::dispatch"}
{"timestamp":"2026-09-17T11:03:48.542393Z","level":"INFO","message":"asynchronous invocation rescheduled","invocation_id":"inv_01m2qgjj3vwd3dvejw0366xctj","next_attempt_at":"2026-09-17T11:03:49.497923+00:00","counted":false,"error_type":"Host.DispatcherFenced","target":"tachyon_serverless_application::services::invoke_async::dispatch"}
{"timestamp":"2026-09-17T11:03:48.546844Z","level":"INFO","message":"async dispatch: delivery handled","message_id":"inv_01m2qgjj3vwd3dvejw0366xctj.g23","sequence":82,"delivery_count":1,"outcome":"Rescheduled { next_attempt_at: 2026-09-17T11:03:49.497923Z, counted: false }","target":"tachyon_serverless_application::services::invoke_async::dispatch"}
{"timestamp":"2026-09-17T11:03:48.961357Z","level":"INFO","message":"asynchronous run claimed","invocation_id":"inv_01m2qgjj3rqrys3dw47f3zqw32","attempt":1,"generation":25,"delivery_count":1,"target":"tachyon_serverless_application::services::invoke_async::dispatch"}
{"timestamp":"2026-09-17T11:03:48.962840Z","level":"INFO","message":"asynchronous invocation rescheduled","invocation_id":"inv_01m2qgjj3rqrys3dw47f3zqw32","next_attempt_at":"2026-09-17T11:03:49.504109+00:00","counted":false,"error_type":"Host.DispatcherFenced","target":"tachyon_serverless_application::services::invoke_async::dispatch"}
{"timestamp":"2026-09-17T11:03:48.968382Z","level":"INFO","message":"async dispatch: delivery handled","message_id":"inv_01m2qgjj3rqrys3dw47f3zqw32.g25","sequence":83,"delivery_count":1,"outcome":"Rescheduled { next_attempt_at: 2026-09-17T11:03:49.504109Z, counted: false }","target":"tachyon_serverless_application::services::invoke_async::dispatch"}
{"timestamp":"2026-09-17T11:03:49.376472Z","level":"INFO","message":"object retention pass","report":"GcReport { examined: 2, collected_expired: 0, collected_orphans: 0, kept_in_use: 0, kept_referenced: 2, incomplete_removed: 0, tombstones_purged: 0, failed: 0 }","target":"tachyon_serverless_gateway"}
{"timestamp":"2026-09-17T11:03:49.584993Z","level":"INFO","message":"asynchronous run claimed","invocation_id":"inv_01m2qgjj3vwd3dvejw0366xctj","attempt":1,"generation":24,"delivery_count":1,"target":"tachyon_serverless_application::services::invoke_async::dispatch"}
{"timestamp":"2026-09-17T11:03:49.590476Z","level":"INFO","message":"asynchronous invocation rescheduled","invocation_id":"inv_01m2qgjj3vwd3dvejw0366xctj","next_attempt_at":"2026-09-17T11:03:49.872384+00:00","counted":false,"error_type":"Host.DispatcherFenced","target":"tachyon_serverless_application::services::invoke_async::dispatch"}
{"timestamp":"2026-09-17T11:03:49.596577Z","level":"INFO","message":"asynchronous run claimed","invocation_id":"inv_01m2qgj633n0jswcg84psbdwmc","attempt":2,"generation":25,"delivery_count":1,"target":"tachyon_serverless_application::services::invoke_async::dispatch"}
{"timestamp":"2026-09-17T11:03:49.602432Z","level":"INFO","message":"asynchronous invocation rescheduled","invocation_id":"inv_01m2qgj633n0jswcg84psbdwmc","next_attempt_at":"2026-09-17T11:03:50.109355+00:00","counted":false,"error_type":"Host.DispatcherFenced","target":"tachyon_serverless_application::services::invoke_async::dispatch"}
{"timestamp":"2026-09-17T11:03:49.602664Z","level":"INFO","message":"async dispatch: delivery handled","message_id":"inv_01m2qgjj3vwd3dvejw0366xctj.g24","sequence":84,"delivery_count":1,"outcome":"Rescheduled { next_attempt_at: 2026-09-17T11:03:49.872384Z, counted: false }","target":"tachyon_serverless_application::services::invoke_async::dispatch"}
{"timestamp":"2026-09-17T11:03:49.606675Z","level":"INFO","message":"async dispatch: delivery handled","message_id":"inv_01m2qgj633n0jswcg84psbdwmc.g25","sequence":85,"delivery_count":1,"outcome":"Rescheduled { next_attempt_at: 2026-09-17T11:03:50.109355Z, counted: false }","target":"tachyon_serverless_application::services::invoke_async::dispatch"}
{"timestamp":"2026-09-17T11:03:49.607386Z","level":"INFO","message":"asynchronous run claimed","invocation_id":"inv_01m2qgjj3rqrys3dw47f3zqw32","attempt":1,"generation":26,"delivery_count":1,"target":"tachyon_serverless_application::services::invoke_async::dispatch"}
{"timestamp":"2026-09-17T11:03:49.608115Z","level":"INFO","message":"asynchronous invocation rescheduled","invocation_id":"inv_01m2qgjj3rqrys3dw47f3zqw32","next_attempt_at":"2026-09-17T11:03:50.547640+00:00","counted":false,"error_type":"Host.DispatcherFenced","target":"tachyon_serverless_application::services::invoke_async::dispatch"}
{"timestamp":"2026-09-17T11:03:49.612906Z","level":"INFO","message":"async dispatch: delivery handled","message_id":"inv_01m2qgjj3rqrys3dw47f3zqw32.g26","sequence":86,"delivery_count":1,"outcome":"Rescheduled { next_attempt_at: 2026-09-17T11:03:50.547640Z, counted: false }","target":"tachyon_serverless_application::services::invoke_async::dispatch"}
{"timestamp":"2026-09-17T11:03:49.936160Z","level":"INFO","message":"asynchronous run claimed","invocation_id":"inv_01m2qgjj3vwd3dvejw0366xctj","attempt":1,"generation":25,"delivery_count":1,"target":"tachyon_serverless_application::services::invoke_async::dispatch"}
{"timestamp":"2026-09-17T11:03:49.936873Z","level":"INFO","message":"asynchronous invocation rescheduled","invocation_id":"inv_01m2qgjj3vwd3dvejw0366xctj","next_attempt_at":"2026-09-17T11:03:50.890434+00:00","counted":false,"error_type":"Host.DispatcherFenced","target":"tachyon_serverless_application::services::invoke_async::dispatch"}
{"timestamp":"2026-09-17T11:03:49.941573Z","level":"INFO","message":"async dispatch: delivery handled","message_id":"inv_01m2qgjj3vwd3dvejw0366xctj.g25","sequence":87,"delivery_count":1,"outcome":"Rescheduled { next_attempt_at: 2026-09-17T11:03:50.890434Z, counted: false }","target":"tachyon_serverless_application::services::invoke_async::dispatch"}
{"timestamp":"2026-09-17T11:03:50.151505Z","level":"INFO","message":"asynchronous run claimed","invocation_id":"inv_01m2qgj633n0jswcg84psbdwmc","attempt":2,"generation":26,"delivery_count":1,"target":"tachyon_serverless_application::services::invoke_async::dispatch"}
{"timestamp":"2026-09-17T11:03:50.152603Z","level":"INFO","message":"asynchronous invocation rescheduled","invocation_id":"inv_01m2qgj633n0jswcg84psbdwmc","next_attempt_at":"2026-09-17T11:03:50.468972+00:00","counted":false,"error_type":"Host.DispatcherFenced","target":"tachyon_serverless_application::services::invoke_async::dispatch"}
{"timestamp":"2026-09-17T11:03:50.158009Z","level":"INFO","message":"async dispatch: delivery handled","message_id":"inv_01m2qgj633n0jswcg84psbdwmc.g26","sequence":88,"delivery_count":1,"outcome":"Rescheduled { next_attempt_at: 2026-09-17T11:03:50.468972Z, counted: false }","target":"tachyon_serverless_application::services::invoke_async::dispatch"}
{"timestamp":"2026-09-17T11:03:50.582388Z","level":"INFO","message":"asynchronous run claimed","invocation_id":"inv_01m2qgj633n0jswcg84psbdwmc","attempt":2,"generation":27,"delivery_count":1,"target":"tachyon_serverless_application::services::invoke_async::dispatch"}
{"timestamp":"2026-09-17T11:03:50.589136Z","level":"INFO","message":"asynchronous run claimed","invocation_id":"inv_01m2qgjj3rqrys3dw47f3zqw32","attempt":1,"generation":27,"delivery_count":1,"target":"tachyon_serverless_application::services::invoke_async::dispatch"}
{"timestamp":"2026-09-17T11:03:50.589707Z","level":"INFO","message":"asynchronous invocation rescheduled","invocation_id":"inv_01m2qgj633n0jswcg84psbdwmc","next_attempt_at":"2026-09-17T11:03:50.778581+00:00","counted":false,"error_type":"Host.DispatcherFenced","target":"tachyon_serverless_application::services::invoke_async::dispatch"}
{"timestamp":"2026-09-17T11:03:50.596038Z","level":"INFO","message":"asynchronous invocation rescheduled","invocation_id":"inv_01m2qgjj3rqrys3dw47f3zqw32","next_attempt_at":"2026-09-17T11:03:50.806916+00:00","counted":false,"error_type":"Host.DispatcherFenced","target":"tachyon_serverless_application::services::invoke_async::dispatch"}
{"timestamp":"2026-09-17T11:03:50.596230Z","level":"INFO","message":"async dispatch: delivery handled","message_id":"inv_01m2qgj633n0jswcg84psbdwmc.g27","sequence":89,"delivery_count":1,"outcome":"Rescheduled { next_attempt_at: 2026-09-17T11:03:50.778581Z, counted: false }","target":"tachyon_serverless_application::services::invoke_async::dispatch"}
{"timestamp":"2026-09-17T11:03:50.601373Z","level":"INFO","message":"async dispatch: delivery handled","message_id":"inv_01m2qgjj3rqrys3dw47f3zqw32.g27","sequence":90,"delivery_count":1,"outcome":"Rescheduled { next_attempt_at: 2026-09-17T11:03:50.806916Z, counted: false }","target":"tachyon_serverless_application::services::invoke_async::dispatch"}
{"timestamp":"2026-09-17T11:03:50.804750Z","level":"INFO","message":"asynchronous run claimed","invocation_id":"inv_01m2qgj633n0jswcg84psbdwmc","attempt":2,"generation":28,"delivery_count":1,"target":"tachyon_serverless_application::services::invoke_async::dispatch"}
{"timestamp":"2026-09-17T11:03:50.805558Z","level":"INFO","message":"asynchronous invocation rescheduled","invocation_id":"inv_01m2qgj633n0jswcg84psbdwmc","next_attempt_at":"2026-09-17T11:03:51.462062+00:00","counted":false,"error_type":"Host.DispatcherFenced","target":"tachyon_serverless_application::services::invoke_async::dispatch"}
{"timestamp":"2026-09-17T11:03:50.809839Z","level":"INFO","message":"async dispatch: delivery handled","message_id":"inv_01m2qgj633n0jswcg84psbdwmc.g28","sequence":91,"delivery_count":1,"outcome":"Rescheduled { next_attempt_at: 2026-09-17T11:03:51.462062Z, counted: false }","target":"tachyon_serverless_application::services::invoke_async::dispatch"}
{"timestamp":"2026-09-17T11:03:50.918013Z","level":"INFO","message":"asynchronous run claimed","invocation_id":"inv_01m2qgjj3rqrys3dw47f3zqw32","attempt":1,"generation":28,"delivery_count":1,"target":"tachyon_serverless_application::services::invoke_async::dispatch"}
{"timestamp":"2026-09-17T11:03:50.918887Z","level":"INFO","message":"asynchronous invocation rescheduled","invocation_id":"inv_01m2qgjj3rqrys3dw47f3zqw32","next_attempt_at":"2026-09-17T11:03:51.528262+00:00","counted":false,"error_type":"Host.DispatcherFenced","target":"tachyon_serverless_application::services::invoke_async::dispatch"}
{"timestamp":"2026-09-17T11:03:50.925020Z","level":"INFO","message":"asynchronous run claimed","invocation_id":"inv_01m2qgjj3vwd3dvejw0366xctj","attempt":1,"generation":26,"delivery_count":1,"target":"tachyon_serverless_application::services::invoke_async::dispatch"}
{"timestamp":"2026-09-17T11:03:50.925178Z","level":"INFO","message":"async dispatch: delivery handled","message_id":"inv_01m2qgjj3rqrys3dw47f3zqw32.g28","sequence":92,"delivery_count":1,"outcome":"Rescheduled { next_attempt_at: 2026-09-17T11:03:51.528262Z, counted: false }","target":"tachyon_serverless_application::services::invoke_async::dispatch"}
{"timestamp":"2026-09-17T11:03:50.926044Z","level":"INFO","message":"asynchronous invocation rescheduled","invocation_id":"inv_01m2qgjj3vwd3dvejw0366xctj","next_attempt_at":"2026-09-17T11:03:51.515552+00:00","counted":false,"error_type":"Host.DispatcherFenced","target":"tachyon_serverless_application::services::invoke_async::dispatch"}
{"timestamp":"2026-09-17T11:03:50.930323Z","level":"INFO","message":"async dispatch: delivery handled","message_id":"inv_01m2qgjj3vwd3dvejw0366xctj.g26","sequence":93,"delivery_count":1,"outcome":"Rescheduled { next_attempt_at: 2026-09-17T11:03:51.515552Z, counted: false }","target":"tachyon_serverless_application::services::invoke_async::dispatch"}
{"timestamp":"2026-09-17T11:03:51.375658Z","level":"INFO","message":"object retention pass","report":"GcReport { examined: 2, collected_expired: 0, collected_orphans: 0, kept_in_use: 0, kept_referenced: 2, incomplete_removed: 0, tombstones_purged: 0, failed: 0 }","target":"tachyon_serverless_gateway"}
{"timestamp":"2026-09-17T11:03:51.546493Z","level":"INFO","message":"asynchronous run claimed","invocation_id":"inv_01m2qgj633n0jswcg84psbdwmc","attempt":2,"generation":29,"delivery_count":1,"target":"tachyon_serverless_application::services::invoke_async::dispatch"}
{"timestamp":"2026-09-17T11:03:51.558100Z","level":"INFO","message":"asynchronous run claimed","invocation_id":"inv_01m2qgjj3vwd3dvejw0366xctj","attempt":1,"generation":27,"delivery_count":1,"target":"tachyon_serverless_application::services::invoke_async::dispatch"}
{"timestamp":"2026-09-17T11:03:51.558686Z","level":"INFO","message":"asynchronous invocation rescheduled","invocation_id":"inv_01m2qgj633n0jswcg84psbdwmc","next_attempt_at":"2026-09-17T11:03:51.924685+00:00","counted":false,"error_type":"Host.DispatcherFenced","target":"tachyon_serverless_application::services::invoke_async::dispatch"}
{"timestamp":"2026-09-17T11:03:51.565006Z","level":"INFO","message":"asynchronous invocation rescheduled","invocation_id":"inv_01m2qgjj3vwd3dvejw0366xctj","next_attempt_at":"2026-09-17T11:03:52.179910+00:00","counted":false,"error_type":"Host.DispatcherFenced","target":"tachyon_serverless_application::services::invoke_async::dispatch"}
{"timestamp":"2026-09-17T11:03:51.565161Z","level":"INFO","message":"async dispatch: delivery handled","message_id":"inv_01m2qgj633n0jswcg84psbdwmc.g29","sequence":94,"delivery_count":1,"outcome":"Rescheduled { next_attempt_at: 2026-09-17T11:03:51.924685Z, counted: false }","target":"tachyon_serverless_application::services::invoke_async::dispatch"}
{"timestamp":"2026-09-17T11:03:51.569343Z","level":"INFO","message":"async dispatch: delivery handled","message_id":"inv_01m2qgjj3vwd3dvejw0366xctj.g27","sequence":95,"delivery_count":1,"outcome":"Rescheduled { next_attempt_at: 2026-09-17T11:03:52.179910Z, counted: false }","target":"tachyon_serverless_application::services::invoke_async::dispatch"}
{"timestamp":"2026-09-17T11:03:51.569874Z","level":"INFO","message":"asynchronous run claimed","invocation_id":"inv_01m2qgjj3rqrys3dw47f3zqw32","attempt":1,"generation":29,"delivery_count":1,"target":"tachyon_serverless_application::services::invoke_async::dispatch"}
{"timestamp":"2026-09-17T11:03:51.570520Z","level":"INFO","message":"asynchronous invocation rescheduled","invocation_id":"inv_01m2qgjj3rqrys3dw47f3zqw32","next_attempt_at":"2026-09-17T11:03:52.463093+00:00","counted":false,"error_type":"Host.DispatcherFenced","target":"tachyon_serverless_application::services::invoke_async::dispatch"}
{"timestamp":"2026-09-17T11:03:51.575571Z","level":"INFO","message":"async dispatch: delivery handled","message_id":"inv_01m2qgjj3rqrys3dw47f3zqw32.g29","sequence":96,"delivery_count":1,"outcome":"Rescheduled { next_attempt_at: 2026-09-17T11:03:52.463093Z, counted: false }","target":"tachyon_serverless_application::services::invoke_async::dispatch"}
{"timestamp":"2026-09-17T11:03:51.981058Z","level":"INFO","message":"asynchronous run claimed","invocation_id":"inv_01m2qgj633n0jswcg84psbdwmc","attempt":2,"generation":30,"delivery_count":1,"target":"tachyon_serverless_application::services::invoke_async::dispatch"}
{"timestamp":"2026-09-17T11:03:51.985617Z","level":"INFO","message":"asynchronous invocation rescheduled","invocation_id":"inv_01m2qgj633n0jswcg84psbdwmc","next_attempt_at":"2026-09-17T11:03:52.267131+00:00","counted":false,"error_type":"Host.DispatcherFenced","target":"tachyon_serverless_application::services::invoke_async::dispatch"}
{"timestamp":"2026-09-17T11:03:51.990127Z","level":"INFO","message":"async dispatch: delivery handled","message_id":"inv_01m2qgj633n0jswcg84psbdwmc.g30","sequence":97,"delivery_count":1,"outcome":"Rescheduled { next_attempt_at: 2026-09-17T11:03:52.267131Z, counted: false }","target":"tachyon_serverless_application::services::invoke_async::dispatch"}
{"timestamp":"2026-09-17T11:03:52.200417Z","level":"INFO","message":"asynchronous run claimed","invocation_id":"inv_01m2qgjj3vwd3dvejw0366xctj","attempt":1,"generation":28,"delivery_count":1,"target":"tachyon_serverless_application::services::invoke_async::dispatch"}
{"timestamp":"2026-09-17T11:03:52.201228Z","level":"INFO","message":"asynchronous invocation rescheduled","invocation_id":"inv_01m2qgjj3vwd3dvejw0366xctj","next_attempt_at":"2026-09-17T11:03:52.970669+00:00","counted":false,"error_type":"Host.DispatcherFenced","target":"tachyon_serverless_application::services::invoke_async::dispatch"}
{"timestamp":"2026-09-17T11:03:52.205940Z","level":"INFO","message":"async dispatch: delivery handled","message_id":"inv_01m2qgjj3vwd3dvejw0366xctj.g28","sequence":98,"delivery_count":1,"outcome":"Rescheduled { next_attempt_at: 2026-09-17T11:03:52.970669Z, counted: false }","target":"tachyon_serverless_application::services::invoke_async::dispatch"}
{"timestamp":"2026-09-17T11:03:52.314419Z","level":"INFO","message":"asynchronous run claimed","invocation_id":"inv_01m2qgj633n0jswcg84psbdwmc","attempt":2,"generation":31,"delivery_count":1,"target":"tachyon_serverless_application::services::invoke_async::dispatch"}
{"timestamp":"2026-09-17T11:03:52.315446Z","level":"INFO","message":"asynchronous invocation rescheduled","invocation_id":"inv_01m2qgj633n0jswcg84psbdwmc","next_attempt_at":"2026-09-17T11:03:52.965763+00:00","counted":false,"error_type":"Host.DispatcherFenced","target":"tachyon_serverless_application::services::invoke_async::dispatch"}
{"timestamp":"2026-09-17T11:03:52.321081Z","level":"INFO","message":"async dispatch: delivery handled","message_id":"inv_01m2qgj633n0jswcg84psbdwmc.g31","sequence":99,"delivery_count":1,"outcome":"Rescheduled { next_attempt_at: 2026-09-17T11:03:52.965763Z, counted: false }","target":"tachyon_serverless_application::services::invoke_async::dispatch"}
{"timestamp":"2026-09-17T11:03:52.531421Z","level":"INFO","message":"asynchronous run claimed","invocation_id":"inv_01m2qgjj3rqrys3dw47f3zqw32","attempt":1,"generation":30,"delivery_count":1,"target":"tachyon_serverless_application::services::invoke_async::dispatch"}
{"timestamp":"2026-09-17T11:03:52.532710Z","level":"INFO","message":"asynchronous invocation rescheduled","invocation_id":"inv_01m2qgjj3rqrys3dw47f3zqw32","next_attempt_at":"2026-09-17T11:03:52.759989+00:00","counted":false,"error_type":"Host.DispatcherFenced","target":"tachyon_serverless_application::services::invoke_async::dispatch"}
{"timestamp":"2026-09-17T11:03:52.538209Z","level":"INFO","message":"async dispatch: delivery handled","message_id":"inv_01m2qgjj3rqrys3dw47f3zqw32.g30","sequence":100,"delivery_count":1,"outcome":"Rescheduled { next_attempt_at: 2026-09-17T11:03:52.759989Z, counted: false }","target":"tachyon_serverless_application::services::invoke_async::dispatch"}
{"timestamp":"2026-09-17T11:03:52.849523Z","level":"INFO","message":"asynchronous run claimed","invocation_id":"inv_01m2qgjj3rqrys3dw47f3zqw32","attempt":1,"generation":31,"delivery_count":1,"target":"tachyon_serverless_application::services::invoke_async::dispatch"}
{"timestamp":"2026-09-17T11:03:52.851303Z","level":"INFO","message":"asynchronous invocation rescheduled","invocation_id":"inv_01m2qgjj3rqrys3dw47f3zqw32","next_attempt_at":"2026-09-17T11:03:53.581353+00:00","counted":false,"error_type":"Host.DispatcherFenced","target":"tachyon_serverless_application::services::invoke_async::dispatch"}
{"timestamp":"2026-09-17T11:03:52.857126Z","level":"INFO","message":"async dispatch: delivery handled","message_id":"inv_01m2qgjj3rqrys3dw47f3zqw32.g31","sequence":101,"delivery_count":1,"outcome":"Rescheduled { next_attempt_at: 2026-09-17T11:03:53.581353Z, counted: false }","target":"tachyon_serverless_application::services::invoke_async::dispatch"}
{"timestamp":"2026-09-17T11:03:53.068417Z","level":"INFO","message":"asynchronous run claimed","invocation_id":"inv_01m2qgj633n0jswcg84psbdwmc","attempt":2,"generation":32,"delivery_count":1,"target":"tachyon_serverless_application::services::invoke_async::dispatch"}
{"timestamp":"2026-09-17T11:03:53.074470Z","level":"INFO","message":"asynchronous invocation rescheduled","invocation_id":"inv_01m2qgj633n0jswcg84psbdwmc","next_attempt_at":"2026-09-17T11:03:53.560307+00:00","counted":false,"error_type":"Host.DispatcherFenced","target":"tachyon_serverless_application::services::invoke_async::dispatch"}
{"timestamp":"2026-09-17T11:03:53.081476Z","level":"INFO","message":"asynchronous run claimed","invocation_id":"inv_01m2qgjj3vwd3dvejw0366xctj","attempt":1,"generation":29,"delivery_count":1,"target":"tachyon_serverless_application::services::invoke_async::dispatch"}
{"timestamp":"2026-09-17T11:03:53.081974Z","level":"INFO","message":"async dispatch: delivery handled","message_id":"inv_01m2qgj633n0jswcg84psbdwmc.g32","sequence":102,"delivery_count":1,"outcome":"Rescheduled { next_attempt_at: 2026-09-17T11:03:53.560307Z, counted: false }","target":"tachyon_serverless_application::services::invoke_async::dispatch"}
{"timestamp":"2026-09-17T11:03:53.082674Z","level":"INFO","message":"asynchronous invocation rescheduled","invocation_id":"inv_01m2qgjj3vwd3dvejw0366xctj","next_attempt_at":"2026-09-17T11:03:53.826862+00:00","counted":false,"error_type":"Host.DispatcherFenced","target":"tachyon_serverless_application::services::invoke_async::dispatch"}
{"timestamp":"2026-09-17T11:03:53.088310Z","level":"INFO","message":"async dispatch: delivery handled","message_id":"inv_01m2qgjj3vwd3dvejw0366xctj.g29","sequence":103,"delivery_count":1,"outcome":"Rescheduled { next_attempt_at: 2026-09-17T11:03:53.826862Z, counted: false }","target":"tachyon_serverless_application::services::invoke_async::dispatch"}
{"timestamp":"2026-09-17T11:03:53.375886Z","level":"INFO","message":"object retention pass","report":"GcReport { examined: 2, collected_expired: 0, collected_orphans: 0, kept_in_use: 0, kept_referenced: 2, incomplete_removed: 0, tombstones_purged: 0, failed: 0 }","target":"tachyon_serverless_gateway"}
{"timestamp":"2026-09-17T11:03:53.600628Z","level":"INFO","message":"asynchronous run claimed","invocation_id":"inv_01m2qgj633n0jswcg84psbdwmc","attempt":2,"generation":33,"delivery_count":1,"target":"tachyon_serverless_application::services::invoke_async::dispatch"}
{"timestamp":"2026-09-17T11:03:53.606333Z","level":"INFO","message":"asynchronous invocation rescheduled","invocation_id":"inv_01m2qgj633n0jswcg84psbdwmc","next_attempt_at":"2026-09-17T11:03:54.181091+00:00","counted":false,"error_type":"Host.DispatcherFenced","target":"tachyon_serverless_application::services::invoke_async::dispatch"}
{"timestamp":"2026-09-17T11:03:53.612265Z","level":"INFO","message":"asynchronous run claimed","invocation_id":"inv_01m2qgjj3rqrys3dw47f3zqw32","attempt":1,"generation":32,"delivery_count":1,"target":"tachyon_serverless_application::services::invoke_async::dispatch"}
{"timestamp":"2026-09-17T11:03:53.612450Z","level":"INFO","message":"async dispatch: delivery handled","message_id":"inv_01m2qgj633n0jswcg84psbdwmc.g33","sequence":104,"delivery_count":1,"outcome":"Rescheduled { next_attempt_at: 2026-09-17T11:03:54.181091Z, counted: false }","target":"tachyon_serverless_application::services::invoke_async::dispatch"}
{"timestamp":"2026-09-17T11:03:53.612966Z","level":"INFO","message":"asynchronous invocation rescheduled","invocation_id":"inv_01m2qgjj3rqrys3dw47f3zqw32","next_attempt_at":"2026-09-17T11:03:54.262498+00:00","counted":false,"error_type":"Host.DispatcherFenced","target":"tachyon_serverless_application::services::invoke_async::dispatch"}
{"timestamp":"2026-09-17T11:03:53.617645Z","level":"INFO","message":"async dispatch: delivery handled","message_id":"inv_01m2qgjj3rqrys3dw47f3zqw32.g32","sequence":105,"delivery_count":1,"outcome":"Rescheduled { next_attempt_at: 2026-09-17T11:03:54.262498Z, counted: false }","target":"tachyon_serverless_application::services::invoke_async::dispatch"}
{"timestamp":"2026-09-17T11:03:53.929402Z","level":"INFO","message":"asynchronous run claimed","invocation_id":"inv_01m2qgjj3vwd3dvejw0366xctj","attempt":1,"generation":30,"delivery_count":1,"target":"tachyon_serverless_application::services::invoke_async::dispatch"}
{"timestamp":"2026-09-17T11:03:53.930325Z","level":"INFO","message":"asynchronous invocation rescheduled","invocation_id":"inv_01m2qgjj3vwd3dvejw0366xctj","next_attempt_at":"2026-09-17T11:03:54.452740+00:00","counted":false,"error_type":"Host.DispatcherFenced","target":"tachyon_serverless_application::services::invoke_async::dispatch"}
{"timestamp":"2026-09-17T11:03:53.934710Z","level":"INFO","message":"async dispatch: delivery handled","message_id":"inv_01m2qgjj3vwd3dvejw0366xctj.g30","sequence":106,"delivery_count":1,"outcome":"Rescheduled { next_attempt_at: 2026-09-17T11:03:54.452740Z, counted: false }","target":"tachyon_serverless_application::services::invoke_async::dispatch"}
{"timestamp":"2026-09-17T11:03:54.249306Z","level":"INFO","message":"asynchronous run claimed","invocation_id":"inv_01m2qgj633n0jswcg84psbdwmc","attempt":2,"generation":34,"delivery_count":1,"target":"tachyon_serverless_application::services::invoke_async::dispatch"}
{"timestamp":"2026-09-17T11:03:54.250360Z","level":"INFO","message":"asynchronous invocation rescheduled","invocation_id":"inv_01m2qgj633n0jswcg84psbdwmc","next_attempt_at":"2026-09-17T11:03:54.667725+00:00","counted":false,"error_type":"Host.DispatcherFenced","target":"tachyon_serverless_application::services::invoke_async::dispatch"}
{"timestamp":"2026-09-17T11:03:54.254939Z","level":"INFO","message":"async dispatch: delivery handled","message_id":"inv_01m2qgj633n0jswcg84psbdwmc.g34","sequence":107,"delivery_count":1,"outcome":"Rescheduled { next_attempt_at: 2026-09-17T11:03:54.667725Z, counted: false }","target":"tachyon_serverless_application::services::invoke_async::dispatch"}
{"timestamp":"2026-09-17T11:03:54.361947Z","level":"INFO","message":"asynchronous run claimed","invocation_id":"inv_01m2qgjj3rqrys3dw47f3zqw32","attempt":1,"generation":33,"delivery_count":1,"target":"tachyon_serverless_application::services::invoke_async::dispatch"}
{"timestamp":"2026-09-17T11:03:54.362842Z","level":"INFO","message":"asynchronous invocation rescheduled","invocation_id":"inv_01m2qgjj3rqrys3dw47f3zqw32","next_attempt_at":"2026-09-17T11:03:54.545208+00:00","counted":false,"error_type":"Host.DispatcherFenced","target":"tachyon_serverless_application::services::invoke_async::dispatch"}
{"timestamp":"2026-09-17T11:03:54.367739Z","level":"INFO","message":"async dispatch: delivery handled","message_id":"inv_01m2qgjj3rqrys3dw47f3zqw32.g33","sequence":108,"delivery_count":1,"outcome":"Rescheduled { next_attempt_at: 2026-09-17T11:03:54.545208Z, counted: false }","target":"tachyon_serverless_application::services::invoke_async::dispatch"}
{"timestamp":"2026-09-17T11:03:54.470769Z","level":"INFO","message":"asynchronous run claimed","invocation_id":"inv_01m2qgjj3vwd3dvejw0366xctj","attempt":1,"generation":31,"delivery_count":1,"target":"tachyon_serverless_application::services::invoke_async::dispatch"}
{"timestamp":"2026-09-17T11:03:54.471836Z","level":"INFO","message":"asynchronous invocation rescheduled","invocation_id":"inv_01m2qgjj3vwd3dvejw0366xctj","next_attempt_at":"2026-09-17T11:03:54.571194+00:00","counted":false,"error_type":"Host.DispatcherFenced","target":"tachyon_serverless_application::services::invoke_async::dispatch"}
{"timestamp":"2026-09-17T11:03:54.477202Z","level":"INFO","message":"async dispatch: delivery handled","message_id":"inv_01m2qgjj3vwd3dvejw0366xctj.g31","sequence":109,"delivery_count":1,"outcome":"Rescheduled { next_attempt_at: 2026-09-17T11:03:54.571194Z, counted: false }","target":"tachyon_serverless_application::services::invoke_async::dispatch"}
{"timestamp":"2026-09-17T11:03:54.579592Z","level":"INFO","message":"asynchronous run claimed","invocation_id":"inv_01m2qgjj3rqrys3dw47f3zqw32","attempt":1,"generation":34,"delivery_count":1,"target":"tachyon_serverless_application::services::invoke_async::dispatch"}
{"timestamp":"2026-09-17T11:03:54.585483Z","level":"INFO","message":"asynchronous invocation rescheduled","invocation_id":"inv_01m2qgjj3rqrys3dw47f3zqw32","next_attempt_at":"2026-09-17T11:03:55.427873+00:00","counted":false,"error_type":"Host.DispatcherFenced","target":"tachyon_serverless_application::services::invoke_async::dispatch"}
{"timestamp":"2026-09-17T11:03:54.591504Z","level":"INFO","message":"asynchronous run claimed","invocation_id":"inv_01m2qgjj3vwd3dvejw0366xctj","attempt":1,"generation":32,"delivery_count":1,"target":"tachyon_serverless_application::services::invoke_async::dispatch"}
{"timestamp":"2026-09-17T11:03:54.591650Z","level":"INFO","message":"async dispatch: delivery handled","message_id":"inv_01m2qgjj3rqrys3dw47f3zqw32.g34","sequence":110,"delivery_count":1,"outcome":"Rescheduled { next_attempt_at: 2026-09-17T11:03:55.427873Z, counted: false }","target":"tachyon_serverless_application::services::invoke_async::dispatch"}
{"timestamp":"2026-09-17T11:03:54.592490Z","level":"INFO","message":"asynchronous invocation rescheduled","invocation_id":"inv_01m2qgjj3vwd3dvejw0366xctj","next_attempt_at":"2026-09-17T11:03:55.475745+00:00","counted":false,"error_type":"Host.DispatcherFenced","target":"tachyon_serverless_application::services::invoke_async::dispatch"}
{"timestamp":"2026-09-17T11:03:54.597687Z","level":"INFO","message":"async dispatch: delivery handled","message_id":"inv_01m2qgjj3vwd3dvejw0366xctj.g32","sequence":111,"delivery_count":1,"outcome":"Rescheduled { next_attempt_at: 2026-09-17T11:03:55.475745Z, counted: false }","target":"tachyon_serverless_application::services::invoke_async::dispatch"}
{"timestamp":"2026-09-17T11:03:54.700968Z","level":"INFO","message":"asynchronous run claimed","invocation_id":"inv_01m2qgj633n0jswcg84psbdwmc","attempt":2,"generation":35,"delivery_count":1,"target":"tachyon_serverless_application::services::invoke_async::dispatch"}
{"timestamp":"2026-09-17T11:03:54.701933Z","level":"INFO","message":"asynchronous invocation rescheduled","invocation_id":"inv_01m2qgj633n0jswcg84psbdwmc","next_attempt_at":"2026-09-17T11:03:55.338297+00:00","counted":false,"error_type":"Host.DispatcherFenced","target":"tachyon_serverless_application::services::invoke_async::dispatch"}
{"timestamp":"2026-09-17T11:03:54.706846Z","level":"INFO","message":"async dispatch: delivery handled","message_id":"inv_01m2qgj633n0jswcg84psbdwmc.g35","sequence":112,"delivery_count":1,"outcome":"Rescheduled { next_attempt_at: 2026-09-17T11:03:55.338297Z, counted: false }","target":"tachyon_serverless_application::services::invoke_async::dispatch"}
{"timestamp":"2026-09-17T11:03:55.376315Z","level":"INFO","message":"object retention pass","report":"GcReport { examined: 2, collected_expired: 0, collected_orphans: 0, kept_in_use: 0, kept_referenced: 2, incomplete_removed: 0, tombstones_purged: 0, failed: 0 }","target":"tachyon_serverless_gateway"}
{"timestamp":"2026-09-17T11:03:55.425294Z","level":"INFO","message":"asynchronous run claimed","invocation_id":"inv_01m2qgj633n0jswcg84psbdwmc","attempt":2,"generation":36,"delivery_count":1,"target":"tachyon_serverless_application::services::invoke_async::dispatch"}
{"timestamp":"2026-09-17T11:03:55.426198Z","level":"INFO","message":"asynchronous invocation rescheduled","invocation_id":"inv_01m2qgj633n0jswcg84psbdwmc","next_attempt_at":"2026-09-17T11:03:55.772709+00:00","counted":false,"error_type":"Host.DispatcherFenced","target":"tachyon_serverless_application::services::invoke_async::dispatch"}
{"timestamp":"2026-09-17T11:03:55.431363Z","level":"INFO","message":"async dispatch: delivery handled","message_id":"inv_01m2qgj633n0jswcg84psbdwmc.g36","sequence":113,"delivery_count":1,"outcome":"Rescheduled { next_attempt_at: 2026-09-17T11:03:55.772709Z, counted: false }","target":"tachyon_serverless_application::services::invoke_async::dispatch"}
{"timestamp":"2026-09-17T11:03:55.542423Z","level":"INFO","message":"asynchronous run claimed","invocation_id":"inv_01m2qgjj3rqrys3dw47f3zqw32","attempt":1,"generation":35,"delivery_count":1,"target":"tachyon_serverless_application::services::invoke_async::dispatch"}
{"timestamp":"2026-09-17T11:03:55.543638Z","level":"INFO","message":"asynchronous run claimed","invocation_id":"inv_01m2qgjj3vwd3dvejw0366xctj","attempt":1,"generation":33,"delivery_count":1,"target":"tachyon_serverless_application::services::invoke_async::dispatch"}
{"timestamp":"2026-09-17T11:03:55.543978Z","level":"INFO","message":"asynchronous invocation rescheduled","invocation_id":"inv_01m2qgjj3rqrys3dw47f3zqw32","next_attempt_at":"2026-09-17T11:03:56.006006+00:00","counted":false,"error_type":"Host.DispatcherFenced","target":"tachyon_serverless_application::services::invoke_async::dispatch"}
{"timestamp":"2026-09-17T11:03:55.550484Z","level":"INFO","message":"asynchronous invocation rescheduled","invocation_id":"inv_01m2qgjj3vwd3dvejw0366xctj","next_attempt_at":"2026-09-17T11:03:56.010176+00:00","counted":false,"error_type":"Host.DispatcherFenced","target":"tachyon_serverless_application::services::invoke_async::dispatch"}
{"timestamp":"2026-09-17T11:03:55.550640Z","level":"INFO","message":"async dispatch: delivery handled","message_id":"inv_01m2qgjj3rqrys3dw47f3zqw32.g35","sequence":114,"delivery_count":1,"outcome":"Rescheduled { next_attempt_at: 2026-09-17T11:03:56.006006Z, counted: false }","target":"tachyon_serverless_application::services::invoke_async::dispatch"}
{"timestamp":"2026-09-17T11:03:55.555664Z","level":"INFO","message":"async dispatch: delivery handled","message_id":"inv_01m2qgjj3vwd3dvejw0366xctj.g33","sequence":115,"delivery_count":1,"outcome":"Rescheduled { next_attempt_at: 2026-09-17T11:03:56.010176Z, counted: false }","target":"tachyon_serverless_application::services::invoke_async::dispatch"}
{"timestamp":"2026-09-17T11:03:55.867489Z","level":"INFO","message":"asynchronous run claimed","invocation_id":"inv_01m2qgj633n0jswcg84psbdwmc","attempt":2,"generation":37,"delivery_count":1,"target":"tachyon_serverless_application::services::invoke_async::dispatch"}
{"timestamp":"2026-09-17T11:03:55.868375Z","level":"INFO","message":"asynchronous invocation rescheduled","invocation_id":"inv_01m2qgj633n0jswcg84psbdwmc","next_attempt_at":"2026-09-17T11:03:56.394866+00:00","counted":false,"error_type":"Host.DispatcherFenced","target":"tachyon_serverless_application::services::invoke_async::dispatch"}
{"timestamp":"2026-09-17T11:03:55.873638Z","level":"INFO","message":"async dispatch: delivery handled","message_id":"inv_01m2qgj633n0jswcg84psbdwmc.g37","sequence":116,"delivery_count":1,"outcome":"Rescheduled { next_attempt_at: 2026-09-17T11:03:56.394866Z, counted: false }","target":"tachyon_serverless_application::services::invoke_async::dispatch"}
{"timestamp":"2026-09-17T11:03:56.083737Z","level":"INFO","message":"asynchronous run claimed","invocation_id":"inv_01m2qgjj3rqrys3dw47f3zqw32","attempt":1,"generation":36,"delivery_count":1,"target":"tachyon_serverless_application::services::invoke_async::dispatch"}
{"timestamp":"2026-09-17T11:03:56.087982Z","level":"INFO","message":"asynchronous invocation rescheduled","invocation_id":"inv_01m2qgjj3rqrys3dw47f3zqw32","next_attempt_at":"2026-09-17T11:03:56.392444+00:00","counted":false,"error_type":"Host.DispatcherFenced","target":"tachyon_serverless_application::services::invoke_async::dispatch"}
{"timestamp":"2026-09-17T11:03:56.094361Z","level":"INFO","message":"asynchronous run claimed","invocation_id":"inv_01m2qgjj3vwd3dvejw0366xctj","attempt":1,"generation":34,"delivery_count":1,"target":"tachyon_serverless_application::services::invoke_async::dispatch"}
{"timestamp":"2026-09-17T11:03:56.094692Z","level":"INFO","message":"async dispatch: delivery handled","message_id":"inv_01m2qgjj3rqrys3dw47f3zqw32.g36","sequence":117,"delivery_count":1,"outcome":"Rescheduled { next_attempt_at: 2026-09-17T11:03:56.392444Z, counted: false }","target":"tachyon_serverless_application::services::invoke_async::dispatch"}
{"timestamp":"2026-09-17T11:03:56.095056Z","level":"INFO","message":"asynchronous invocation rescheduled","invocation_id":"inv_01m2qgjj3vwd3dvejw0366xctj","next_attempt_at":"2026-09-17T11:03:56.904599+00:00","counted":false,"error_type":"Host.DispatcherFenced","target":"tachyon_serverless_application::services::invoke_async::dispatch"}
{"timestamp":"2026-09-17T11:03:56.099955Z","level":"INFO","message":"async dispatch: delivery handled","message_id":"inv_01m2qgjj3vwd3dvejw0366xctj.g34","sequence":118,"delivery_count":1,"outcome":"Rescheduled { next_attempt_at: 2026-09-17T11:03:56.904599Z, counted: false }","target":"tachyon_serverless_application::services::invoke_async::dispatch"}
{"timestamp":"2026-09-17T11:03:56.408498Z","level":"INFO","message":"asynchronous run claimed","invocation_id":"inv_01m2qgjj3rqrys3dw47f3zqw32","attempt":1,"generation":37,"delivery_count":1,"target":"tachyon_serverless_application::services::invoke_async::dispatch"}
{"timestamp":"2026-09-17T11:03:56.414918Z","level":"INFO","message":"asynchronous run claimed","invocation_id":"inv_01m2qgj633n0jswcg84psbdwmc","attempt":2,"generation":38,"delivery_count":1,"target":"tachyon_serverless_application::services::invoke_async::dispatch"}
{"timestamp":"2026-09-17T11:03:56.415421Z","level":"INFO","message":"asynchronous invocation rescheduled","invocation_id":"inv_01m2qgjj3rqrys3dw47f3zqw32","next_attempt_at":"2026-09-17T11:03:56.859653+00:00","counted":false,"error_type":"Host.DispatcherFenced","target":"tachyon_serverless_application::services::invoke_async::dispatch"}
{"timestamp":"2026-09-17T11:03:56.421362Z","level":"INFO","message":"asynchronous invocation rescheduled","invocation_id":"inv_01m2qgj633n0jswcg84psbdwmc","next_attempt_at":"2026-09-17T11:03:56.515584+00:00","counted":false,"error_type":"Host.DispatcherFenced","target":"tachyon_serverless_application::services::invoke_async::dispatch"}
{"timestamp":"2026-09-17T11:03:56.421498Z","level":"INFO","message":"async dispatch: delivery handled","message_id":"inv_01m2qgjj3rqrys3dw47f3zqw32.g37","sequence":119,"delivery_count":1,"outcome":"Rescheduled { next_attempt_at: 2026-09-17T11:03:56.859653Z, counted: false }","target":"tachyon_serverless_application::services::invoke_async::dispatch"}
{"timestamp":"2026-09-17T11:03:56.426316Z","level":"INFO","message":"async dispatch: delivery handled","message_id":"inv_01m2qgj633n0jswcg84psbdwmc.g38","sequence":120,"delivery_count":1,"outcome":"Rescheduled { next_attempt_at: 2026-09-17T11:03:56.515584Z, counted: false }","target":"tachyon_serverless_application::services::invoke_async::dispatch"}
{"timestamp":"2026-09-17T11:03:56.528206Z","level":"INFO","message":"asynchronous run claimed","invocation_id":"inv_01m2qgj633n0jswcg84psbdwmc","attempt":2,"generation":39,"delivery_count":1,"target":"tachyon_serverless_application::services::invoke_async::dispatch"}
{"timestamp":"2026-09-17T11:03:56.528741Z","level":"INFO","message":"asynchronous invocation rescheduled","invocation_id":"inv_01m2qgj633n0jswcg84psbdwmc","next_attempt_at":"2026-09-17T11:03:57.435418+00:00","counted":false,"error_type":"Host.DispatcherFenced","target":"tachyon_serverless_application::services::invoke_async::dispatch"}
{"timestamp":"2026-09-17T11:03:56.533730Z","level":"INFO","message":"async dispatch: delivery handled","message_id":"inv_01m2qgj633n0jswcg84psbdwmc.g39","sequence":121,"delivery_count":1,"outcome":"Rescheduled { next_attempt_at: 2026-09-17T11:03:57.435418Z, counted: false }","target":"tachyon_serverless_application::services::invoke_async::dispatch"}
{"timestamp":"2026-09-17T11:03:56.944764Z","level":"INFO","message":"asynchronous run claimed","invocation_id":"inv_01m2qgjj3rqrys3dw47f3zqw32","attempt":1,"generation":38,"delivery_count":1,"target":"tachyon_serverless_application::services::invoke_async::dispatch"}
{"timestamp":"2026-09-17T11:03:56.949538Z","level":"INFO","message":"asynchronous invocation rescheduled","invocation_id":"inv_01m2qgjj3rqrys3dw47f3zqw32","next_attempt_at":"2026-09-17T11:03:57.290697+00:00","counted":false,"error_type":"Host.DispatcherFenced","target":"tachyon_serverless_application::services::invoke_async::dispatch"}
{"timestamp":"2026-09-17T11:03:56.949877Z","level":"INFO","message":"asynchronous run claimed","invocation_id":"inv_01m2qgjj3vwd3dvejw0366xctj","attempt":1,"generation":35,"delivery_count":1,"target":"tachyon_serverless_application::services::invoke_async::dispatch"}
{"timestamp":"2026-09-17T11:03:56.955275Z","level":"INFO","message":"asynchronous invocation rescheduled","invocation_id":"inv_01m2qgjj3vwd3dvejw0366xctj","next_attempt_at":"2026-09-17T11:03:57.773164+00:00","counted":false,"error_type":"Host.DispatcherFenced","target":"tachyon_serverless_application::services::invoke_async::dispatch"}
{"timestamp":"2026-09-17T11:03:56.955406Z","level":"INFO","message":"async dispatch: delivery handled","message_id":"inv_01m2qgjj3rqrys3dw47f3zqw32.g38","sequence":122,"delivery_count":1,"outcome":"Rescheduled { next_attempt_at: 2026-09-17T11:03:57.290697Z, counted: false }","target":"tachyon_serverless_application::services::invoke_async::dispatch"}
{"timestamp":"2026-09-17T11:03:56.959572Z","level":"INFO","message":"async dispatch: delivery handled","message_id":"inv_01m2qgjj3vwd3dvejw0366xctj.g35","sequence":123,"delivery_count":1,"outcome":"Rescheduled { next_attempt_at: 2026-09-17T11:03:57.773164Z, counted: false }","target":"tachyon_serverless_application::services::invoke_async::dispatch"}
{"timestamp":"2026-09-17T11:03:57.366219Z","level":"INFO","message":"asynchronous run claimed","invocation_id":"inv_01m2qgjj3rqrys3dw47f3zqw32","attempt":1,"generation":39,"delivery_count":1,"target":"tachyon_serverless_application::services::invoke_async::dispatch"}
{"timestamp":"2026-09-17T11:03:57.372710Z","level":"INFO","message":"asynchronous invocation rescheduled","invocation_id":"inv_01m2qgjj3rqrys3dw47f3zqw32","next_attempt_at":"2026-09-17T11:03:57.958401+00:00","counted":false,"error_type":"Host.DispatcherFenced","target":"tachyon_serverless_application::services::invoke_async::dispatch"}
{"timestamp":"2026-09-17T11:03:57.376290Z","level":"INFO","message":"object retention pass","report":"GcReport { examined: 2, collected_expired: 0, collected_orphans: 0, kept_in_use: 0, kept_referenced: 2, incomplete_removed: 0, tombstones_purged: 0, failed: 0 }","target":"tachyon_serverless_gateway"}
{"timestamp":"2026-09-17T11:03:57.377921Z","level":"INFO","message":"async dispatch: delivery handled","message_id":"inv_01m2qgjj3rqrys3dw47f3zqw32.g39","sequence":124,"delivery_count":1,"outcome":"Rescheduled { next_attempt_at: 2026-09-17T11:03:57.958401Z, counted: false }","target":"tachyon_serverless_application::services::invoke_async::dispatch"}
{"timestamp":"2026-09-17T11:03:57.484562Z","level":"INFO","message":"asynchronous run claimed","invocation_id":"inv_01m2qgj633n0jswcg84psbdwmc","attempt":2,"generation":40,"delivery_count":1,"target":"tachyon_serverless_application::services::invoke_async::dispatch"}
{"timestamp":"2026-09-17T11:03:57.485403Z","level":"INFO","message":"asynchronous invocation rescheduled","invocation_id":"inv_01m2qgj633n0jswcg84psbdwmc","next_attempt_at":"2026-09-17T11:03:58.389968+00:00","counted":false,"error_type":"Host.DispatcherFenced","target":"tachyon_serverless_application::services::invoke_async::dispatch"}
{"timestamp":"2026-09-17T11:03:57.489713Z","level":"INFO","message":"async dispatch: delivery handled","message_id":"inv_01m2qgj633n0jswcg84psbdwmc.g40","sequence":125,"delivery_count":1,"outcome":"Rescheduled { next_attempt_at: 2026-09-17T11:03:58.389968Z, counted: false }","target":"tachyon_serverless_application::services::invoke_async::dispatch"}
{"timestamp":"2026-09-17T11:03:57.794506Z","level":"INFO","message":"asynchronous run claimed","invocation_id":"inv_01m2qgjj3vwd3dvejw0366xctj","attempt":1,"generation":36,"delivery_count":1,"target":"tachyon_serverless_application::services::invoke_async::dispatch"}
{"timestamp":"2026-09-17T11:03:57.799317Z","level":"INFO","message":"asynchronous invocation rescheduled","invocation_id":"inv_01m2qgjj3vwd3dvejw0366xctj","next_attempt_at":"2026-09-17T11:03:58.501683+00:00","counted":false,"error_type":"Host.DispatcherFenced","target":"tachyon_serverless_application::services::invoke_async::dispatch"}
{"timestamp":"2026-09-17T11:03:57.803639Z","level":"INFO","message":"async dispatch: delivery handled","message_id":"inv_01m2qgjj3vwd3dvejw0366xctj.g36","sequence":126,"delivery_count":1,"outcome":"Rescheduled { next_attempt_at: 2026-09-17T11:03:58.501683Z, counted: false }","target":"tachyon_serverless_application::services::invoke_async::dispatch"}
{"timestamp":"2026-09-17T11:03:58.010366Z","level":"INFO","message":"asynchronous run claimed","invocation_id":"inv_01m2qgjj3rqrys3dw47f3zqw32","attempt":1,"generation":40,"delivery_count":1,"target":"tachyon_serverless_application::services::invoke_async::dispatch"}
{"timestamp":"2026-09-17T11:03:58.010951Z","level":"INFO","message":"asynchronous invocation rescheduled","invocation_id":"inv_01m2qgjj3rqrys3dw47f3zqw32","next_attempt_at":"2026-09-17T11:03:58.772587+00:00","counted":false,"error_type":"Host.DispatcherFenced","target":"tachyon_serverless_application::services::invoke_async::dispatch"}
{"timestamp":"2026-09-17T11:03:58.015761Z","level":"INFO","message":"async dispatch: delivery handled","message_id":"inv_01m2qgjj3rqrys3dw47f3zqw32.g40","sequence":127,"delivery_count":1,"outcome":"Rescheduled { next_attempt_at: 2026-09-17T11:03:58.772587Z, counted: false }","target":"tachyon_serverless_application::services::invoke_async::dispatch"}
{"timestamp":"2026-09-17T11:03:58.429276Z","level":"INFO","message":"asynchronous run claimed","invocation_id":"inv_01m2qgj633n0jswcg84psbdwmc","attempt":2,"generation":41,"delivery_count":1,"target":"tachyon_serverless_application::services::invoke_async::dispatch"}
{"timestamp":"2026-09-17T11:03:58.430084Z","level":"INFO","message":"asynchronous invocation rescheduled","invocation_id":"inv_01m2qgj633n0jswcg84psbdwmc","next_attempt_at":"2026-09-17T11:03:59.024633+00:00","counted":false,"error_type":"Host.DispatcherFenced","target":"tachyon_serverless_application::services::invoke_async::dispatch"}
{"timestamp":"2026-09-17T11:03:58.434594Z","level":"INFO","message":"async dispatch: delivery handled","message_id":"inv_01m2qgj633n0jswcg84psbdwmc.g41","sequence":128,"delivery_count":1,"outcome":"Rescheduled { next_attempt_at: 2026-09-17T11:03:59.024633Z, counted: false }","target":"tachyon_serverless_application::services::invoke_async::dispatch"}
{"timestamp":"2026-09-17T11:03:58.541336Z","level":"INFO","message":"asynchronous run claimed","invocation_id":"inv_01m2qgjj3vwd3dvejw0366xctj","attempt":1,"generation":37,"delivery_count":1,"target":"tachyon_serverless_application::services::invoke_async::dispatch"}
{"timestamp":"2026-09-17T11:03:58.542020Z","level":"INFO","message":"asynchronous invocation rescheduled","invocation_id":"inv_01m2qgjj3vwd3dvejw0366xctj","next_attempt_at":"2026-09-17T11:03:58.951581+00:00","counted":false,"error_type":"Host.DispatcherFenced","target":"tachyon_serverless_application::services::invoke_async::dispatch"}
{"timestamp":"2026-09-17T11:03:58.546849Z","level":"INFO","message":"async dispatch: delivery handled","message_id":"inv_01m2qgjj3vwd3dvejw0366xctj.g37","sequence":129,"delivery_count":1,"outcome":"Rescheduled { next_attempt_at: 2026-09-17T11:03:58.951581Z, counted: false }","target":"tachyon_serverless_application::services::invoke_async::dispatch"}
{"timestamp":"2026-09-17T11:03:58.857298Z","level":"INFO","message":"asynchronous run claimed","invocation_id":"inv_01m2qgjj3rqrys3dw47f3zqw32","attempt":1,"generation":41,"delivery_count":1,"target":"tachyon_serverless_application::services::invoke_async::dispatch"}
{"timestamp":"2026-09-17T11:03:58.858050Z","level":"INFO","message":"asynchronous invocation rescheduled","invocation_id":"inv_01m2qgjj3rqrys3dw47f3zqw32","next_attempt_at":"2026-09-17T11:03:59.457531+00:00","counted":false,"error_type":"Host.DispatcherFenced","target":"tachyon_serverless_application::services::invoke_async::dispatch"}
{"timestamp":"2026-09-17T11:03:58.862658Z","level":"INFO","message":"async dispatch: delivery handled","message_id":"inv_01m2qgjj3rqrys3dw47f3zqw32.g41","sequence":130,"delivery_count":1,"outcome":"Rescheduled { next_attempt_at: 2026-09-17T11:03:59.457531Z, counted: false }","target":"tachyon_serverless_application::services::invoke_async::dispatch"}
{"timestamp":"2026-09-17T11:03:58.970250Z","level":"INFO","message":"asynchronous run claimed","invocation_id":"inv_01m2qgjj3vwd3dvejw0366xctj","attempt":1,"generation":38,"delivery_count":1,"target":"tachyon_serverless_application::services::invoke_async::dispatch"}
{"timestamp":"2026-09-17T11:03:58.970927Z","level":"INFO","message":"asynchronous invocation rescheduled","invocation_id":"inv_01m2qgjj3vwd3dvejw0366xctj","next_attempt_at":"2026-09-17T11:03:59.397439+00:00","counted":false,"error_type":"Host.DispatcherFenced","target":"tachyon_serverless_application::services::invoke_async::dispatch"}
{"timestamp":"2026-09-17T11:03:58.975702Z","level":"INFO","message":"async dispatch: delivery handled","message_id":"inv_01m2qgjj3vwd3dvejw0366xctj.g38","sequence":131,"delivery_count":1,"outcome":"Rescheduled { next_attempt_at: 2026-09-17T11:03:59.397439Z, counted: false }","target":"tachyon_serverless_application::services::invoke_async::dispatch"}
{"timestamp":"2026-09-17T11:03:59.081947Z","level":"INFO","message":"asynchronous run claimed","invocation_id":"inv_01m2qgj633n0jswcg84psbdwmc","attempt":2,"generation":42,"delivery_count":1,"target":"tachyon_serverless_application::services::invoke_async::dispatch"}
{"timestamp":"2026-09-17T11:03:59.082742Z","level":"INFO","message":"asynchronous invocation rescheduled","invocation_id":"inv_01m2qgj633n0jswcg84psbdwmc","next_attempt_at":"2026-09-17T11:03:59.195256+00:00","counted":false,"error_type":"Host.DispatcherFenced","target":"tachyon_serverless_application::services::invoke_async::dispatch"}
{"timestamp":"2026-09-17T11:03:59.087693Z","level":"INFO","message":"async dispatch: delivery handled","message_id":"inv_01m2qgj633n0jswcg84psbdwmc.g42","sequence":132,"delivery_count":1,"outcome":"Rescheduled { next_attempt_at: 2026-09-17T11:03:59.195256Z, counted: false }","target":"tachyon_serverless_application::services::invoke_async::dispatch"}
{"timestamp":"2026-09-17T11:03:59.293012Z","level":"INFO","message":"asynchronous run claimed","invocation_id":"inv_01m2qgj633n0jswcg84psbdwmc","attempt":2,"generation":43,"delivery_count":1,"target":"tachyon_serverless_application::services::invoke_async::dispatch"}
{"timestamp":"2026-09-17T11:03:59.293667Z","level":"INFO","message":"asynchronous invocation rescheduled","invocation_id":"inv_01m2qgj633n0jswcg84psbdwmc","next_attempt_at":"2026-09-17T11:03:59.824259+00:00","counted":false,"error_type":"Host.DispatcherFenced","target":"tachyon_serverless_application::services::invoke_async::dispatch"}
{"timestamp":"2026-09-17T11:03:59.298259Z","level":"INFO","message":"async dispatch: delivery handled","message_id":"inv_01m2qgj633n0jswcg84psbdwmc.g43","sequence":133,"delivery_count":1,"outcome":"Rescheduled { next_attempt_at: 2026-09-17T11:03:59.824259Z, counted: false }","target":"tachyon_serverless_application::services::invoke_async::dispatch"}
{"timestamp":"2026-09-17T11:03:59.376375Z","level":"INFO","message":"object retention pass","report":"GcReport { examined: 2, collected_expired: 0, collected_orphans: 0, kept_in_use: 0, kept_referenced: 2, incomplete_removed: 0, tombstones_purged: 0, failed: 0 }","target":"tachyon_serverless_gateway"}
{"timestamp":"2026-09-17T11:03:59.508143Z","level":"INFO","message":"asynchronous run claimed","invocation_id":"inv_01m2qgjj3vwd3dvejw0366xctj","attempt":1,"generation":39,"delivery_count":1,"target":"tachyon_serverless_application::services::invoke_async::dispatch"}
{"timestamp":"2026-09-17T11:03:59.508986Z","level":"INFO","message":"asynchronous invocation rescheduled","invocation_id":"inv_01m2qgjj3vwd3dvejw0366xctj","next_attempt_at":"2026-09-17T11:04:00.265385+00:00","counted":false,"error_type":"Host.DispatcherFenced","target":"tachyon_serverless_application::services::invoke_async::dispatch"}
{"timestamp":"2026-09-17T11:03:59.514167Z","level":"INFO","message":"asynchronous run claimed","invocation_id":"inv_01m2qgjj3rqrys3dw47f3zqw32","attempt":1,"generation":42,"delivery_count":1,"target":"tachyon_serverless_application::services::invoke_async::dispatch"}
{"timestamp":"2026-09-17T11:03:59.514291Z","level":"INFO","message":"async dispatch: delivery handled","message_id":"inv_01m2qgjj3vwd3dvejw0366xctj.g39","sequence":134,"delivery_count":1,"outcome":"Rescheduled { next_attempt_at: 2026-09-17T11:04:00.265385Z, counted: false }","target":"tachyon_serverless_application::services::invoke_async::dispatch"}
{"timestamp":"2026-09-17T11:03:59.514795Z","level":"INFO","message":"asynchronous invocation rescheduled","invocation_id":"inv_01m2qgjj3rqrys3dw47f3zqw32","next_attempt_at":"2026-09-17T11:04:00.118465+00:00","counted":false,"error_type":"Host.DispatcherFenced","target":"tachyon_serverless_application::services::invoke_async::dispatch"}
{"timestamp":"2026-09-17T11:03:59.519556Z","level":"INFO","message":"async dispatch: delivery handled","message_id":"inv_01m2qgjj3rqrys3dw47f3zqw32.g42","sequence":135,"delivery_count":1,"outcome":"Rescheduled { next_attempt_at: 2026-09-17T11:04:00.118465Z, counted: false }","target":"tachyon_serverless_application::services::invoke_async::dispatch"}
{"timestamp":"2026-09-17T11:03:59.931093Z","level":"INFO","message":"asynchronous run claimed","invocation_id":"inv_01m2qgj633n0jswcg84psbdwmc","attempt":2,"generation":44,"delivery_count":1,"target":"tachyon_serverless_application::services::invoke_async::dispatch"}
{"timestamp":"2026-09-17T11:03:59.931732Z","level":"INFO","message":"asynchronous invocation rescheduled","invocation_id":"inv_01m2qgj633n0jswcg84psbdwmc","next_attempt_at":"2026-09-17T11:04:00.352372+00:00","counted":false,"error_type":"Host.DispatcherFenced","target":"tachyon_serverless_application::services::invoke_async::dispatch"}
{"timestamp":"2026-09-17T11:03:59.936292Z","level":"INFO","message":"async dispatch: delivery handled","message_id":"inv_01m2qgj633n0jswcg84psbdwmc.g44","sequence":136,"delivery_count":1,"outcome":"Rescheduled { next_attempt_at: 2026-09-17T11:04:00.352372Z, counted: false }","target":"tachyon_serverless_application::services::invoke_async::dispatch"}
{"timestamp":"2026-09-17T11:04:00.139775Z","level":"INFO","message":"asynchronous run claimed","invocation_id":"inv_01m2qgjj3rqrys3dw47f3zqw32","attempt":1,"generation":43,"delivery_count":1,"target":"tachyon_serverless_application::services::invoke_async::dispatch"}
{"timestamp":"2026-09-17T11:04:00.140346Z","level":"INFO","message":"asynchronous invocation rescheduled","invocation_id":"inv_01m2qgjj3rqrys3dw47f3zqw32","next_attempt_at":"2026-09-17T11:04:00.511982+00:00","counted":false,"error_type":"Host.DispatcherFenced","target":"tachyon_serverless_application::services::invoke_async::dispatch"}
{"timestamp":"2026-09-17T11:04:00.145165Z","level":"INFO","message":"async dispatch: delivery handled","message_id":"inv_01m2qgjj3rqrys3dw47f3zqw32.g43","sequence":137,"delivery_count":1,"outcome":"Rescheduled { next_attempt_at: 2026-09-17T11:04:00.511982Z, counted: false }","target":"tachyon_serverless_application::services::invoke_async::dispatch"}
{"timestamp":"2026-09-17T11:04:00.347632Z","level":"INFO","message":"asynchronous run claimed","invocation_id":"inv_01m2qgjj3vwd3dvejw0366xctj","attempt":1,"generation":40,"delivery_count":1,"target":"tachyon_serverless_application::services::invoke_async::dispatch"}
{"timestamp":"2026-09-17T11:04:00.348098Z","level":"INFO","message":"asynchronous invocation rescheduled","invocation_id":"inv_01m2qgjj3vwd3dvejw0366xctj","next_attempt_at":"2026-09-17T11:04:00.871769+00:00","counted":false,"error_type":"Host.DispatcherFenced","target":"tachyon_serverless_application::services::invoke_async::dispatch"}
{"timestamp":"2026-09-17T11:04:00.352094Z","level":"INFO","message":"async dispatch: delivery handled","message_id":"inv_01m2qgjj3vwd3dvejw0366xctj.g40","sequence":138,"delivery_count":1,"outcome":"Rescheduled { next_attempt_at: 2026-09-17T11:04:00.871769Z, counted: false }","target":"tachyon_serverless_application::services::invoke_async::dispatch"}
{"timestamp":"2026-09-17T11:04:00.454697Z","level":"INFO","message":"asynchronous run claimed","invocation_id":"inv_01m2qgj633n0jswcg84psbdwmc","attempt":2,"generation":45,"delivery_count":1,"target":"tachyon_serverless_application::services::invoke_async::dispatch"}
{"timestamp":"2026-09-17T11:04:00.455336Z","level":"INFO","message":"asynchronous invocation rescheduled","invocation_id":"inv_01m2qgj633n0jswcg84psbdwmc","next_attempt_at":"2026-09-17T11:04:00.918931+00:00","counted":false,"error_type":"Host.DispatcherFenced","target":"tachyon_serverless_application::services::invoke_async::dispatch"}
{"timestamp":"2026-09-17T11:04:00.459238Z","level":"INFO","message":"async dispatch: delivery handled","message_id":"inv_01m2qgj633n0jswcg84psbdwmc.g45","sequence":139,"delivery_count":1,"outcome":"Rescheduled { next_attempt_at: 2026-09-17T11:04:00.918931Z, counted: false }","target":"tachyon_serverless_application::services::invoke_async::dispatch"}
{"timestamp":"2026-09-17T11:04:00.560828Z","level":"INFO","message":"asynchronous run claimed","invocation_id":"inv_01m2qgjj3rqrys3dw47f3zqw32","attempt":1,"generation":44,"delivery_count":1,"target":"tachyon_serverless_application::services::invoke_async::dispatch"}
{"timestamp":"2026-09-17T11:04:00.561243Z","level":"INFO","message":"asynchronous invocation rescheduled","invocation_id":"inv_01m2qgjj3rqrys3dw47f3zqw32","next_attempt_at":"2026-09-17T11:04:01.469966+00:00","counted":false,"error_type":"Host.DispatcherFenced","target":"tachyon_serverless_application::services::invoke_async::dispatch"}
{"timestamp":"2026-09-17T11:04:00.565467Z","level":"INFO","message":"async dispatch: delivery handled","message_id":"inv_01m2qgjj3rqrys3dw47f3zqw32.g44","sequence":140,"delivery_count":1,"outcome":"Rescheduled { next_attempt_at: 2026-09-17T11:04:01.469966Z, counted: false }","target":"tachyon_serverless_application::services::invoke_async::dispatch"}
{"timestamp":"2026-09-17T11:04:00.975355Z","level":"INFO","message":"asynchronous run claimed","invocation_id":"inv_01m2qgjj3vwd3dvejw0366xctj","attempt":1,"generation":41,"delivery_count":1,"target":"tachyon_serverless_application::services::invoke_async::dispatch"}
{"timestamp":"2026-09-17T11:04:00.981100Z","level":"INFO","message":"asynchronous invocation rescheduled","invocation_id":"inv_01m2qgjj3vwd3dvejw0366xctj","next_attempt_at":"2026-09-17T11:04:01.729646+00:00","counted":false,"error_type":"Host.DispatcherFenced","target":"tachyon_serverless_application::services::invoke_async::dispatch"}
{"timestamp":"2026-09-17T11:04:00.987149Z","level":"INFO","message":"asynchronous run claimed","invocation_id":"inv_01m2qgj633n0jswcg84psbdwmc","attempt":2,"generation":46,"delivery_count":1,"target":"tachyon_serverless_application::services::invoke_async::dispatch"}
{"timestamp":"2026-09-17T11:04:00.987267Z","level":"INFO","message":"async dispatch: delivery handled","message_id":"inv_01m2qgjj3vwd3dvejw0366xctj.g41","sequence":141,"delivery_count":1,"outcome":"Rescheduled { next_attempt_at: 2026-09-17T11:04:01.729646Z, counted: false }","target":"tachyon_serverless_application::services::invoke_async::dispatch"}
{"timestamp":"2026-09-17T11:04:00.987855Z","level":"INFO","message":"asynchronous invocation rescheduled","invocation_id":"inv_01m2qgj633n0jswcg84psbdwmc","next_attempt_at":"2026-09-17T11:04:01.420541+00:00","counted":false,"error_type":"Host.DispatcherFenced","target":"tachyon_serverless_application::services::invoke_async::dispatch"}
{"timestamp":"2026-09-17T11:04:00.992382Z","level":"INFO","message":"async dispatch: delivery handled","message_id":"inv_01m2qgj633n0jswcg84psbdwmc.g46","sequence":142,"delivery_count":1,"outcome":"Rescheduled { next_attempt_at: 2026-09-17T11:04:01.420541Z, counted: false }","target":"tachyon_serverless_application::services::invoke_async::dispatch"}
{"timestamp":"2026-09-17T11:04:01.375868Z","level":"INFO","message":"object retention pass","report":"GcReport { examined: 2, collected_expired: 0, collected_orphans: 0, kept_in_use: 0, kept_referenced: 2, incomplete_removed: 0, tombstones_purged: 0, failed: 0 }","target":"tachyon_serverless_gateway"}
{"timestamp":"2026-09-17T11:04:01.503734Z","level":"INFO","message":"asynchronous run claimed","invocation_id":"inv_01m2qgj633n0jswcg84psbdwmc","attempt":2,"generation":47,"delivery_count":1,"target":"tachyon_serverless_application::services::invoke_async::dispatch"}
{"timestamp":"2026-09-17T11:04:01.509547Z","level":"INFO","message":"asynchronous invocation rescheduled","invocation_id":"inv_01m2qgj633n0jswcg84psbdwmc","next_attempt_at":"2026-09-17T11:04:01.604108+00:00","counted":false,"error_type":"Host.DispatcherFenced","target":"tachyon_serverless_application::services::invoke_async::dispatch"}
{"timestamp":"2026-09-17T11:04:01.515534Z","level":"INFO","message":"asynchronous run claimed","invocation_id":"inv_01m2qgjj3rqrys3dw47f3zqw32","attempt":1,"generation":45,"delivery_count":1,"target":"tachyon_serverless_application::services::invoke_async::dispatch"}
{"timestamp":"2026-09-17T11:04:01.515703Z","level":"INFO","message":"async dispatch: delivery handled","message_id":"inv_01m2qgj633n0jswcg84psbdwmc.g47","sequence":143,"delivery_count":1,"outcome":"Rescheduled { next_attempt_at: 2026-09-17T11:04:01.604108Z, counted: false }","target":"tachyon_serverless_application::services::invoke_async::dispatch"}
{"timestamp":"2026-09-17T11:04:01.516059Z","level":"INFO","message":"asynchronous invocation rescheduled","invocation_id":"inv_01m2qgjj3rqrys3dw47f3zqw32","next_attempt_at":"2026-09-17T11:04:02.175734+00:00","counted":false,"error_type":"Host.DispatcherFenced","target":"tachyon_serverless_application::services::invoke_async::dispatch"}
{"timestamp":"2026-09-17T11:04:01.519980Z","level":"INFO","message":"async dispatch: delivery handled","message_id":"inv_01m2qgjj3rqrys3dw47f3zqw32.g45","sequence":144,"delivery_count":1,"outcome":"Rescheduled { next_attempt_at: 2026-09-17T11:04:02.175734Z, counted: false }","target":"tachyon_serverless_application::services::invoke_async::dispatch"}
{"timestamp":"2026-09-17T11:04:01.622181Z","level":"INFO","message":"asynchronous run claimed","invocation_id":"inv_01m2qgj633n0jswcg84psbdwmc","attempt":2,"generation":48,"delivery_count":1,"target":"tachyon_serverless_application::services::invoke_async::dispatch"}
{"timestamp":"2026-09-17T11:04:01.622720Z","level":"INFO","message":"asynchronous invocation rescheduled","invocation_id":"inv_01m2qgj633n0jswcg84psbdwmc","next_attempt_at":"2026-09-17T11:04:02.024369+00:00","counted":false,"error_type":"Host.DispatcherFenced","target":"tachyon_serverless_application::services::invoke_async::dispatch"}
{"timestamp":"2026-09-17T11:04:01.627867Z","level":"INFO","message":"async dispatch: delivery handled","message_id":"inv_01m2qgj633n0jswcg84psbdwmc.g48","sequence":145,"delivery_count":1,"outcome":"Rescheduled { next_attempt_at: 2026-09-17T11:04:02.024369Z, counted: false }","target":"tachyon_serverless_application::services::invoke_async::dispatch"}
{"timestamp":"2026-09-17T11:04:01.830673Z","level":"INFO","message":"asynchronous run claimed","invocation_id":"inv_01m2qgjj3vwd3dvejw0366xctj","attempt":1,"generation":42,"delivery_count":1,"target":"tachyon_serverless_application::services::invoke_async::dispatch"}
{"timestamp":"2026-09-17T11:04:01.831211Z","level":"INFO","message":"asynchronous invocation rescheduled","invocation_id":"inv_01m2qgjj3vwd3dvejw0366xctj","next_attempt_at":"2026-09-17T11:04:02.401844+00:00","counted":false,"error_type":"Host.DispatcherFenced","target":"tachyon_serverless_application::services::invoke_async::dispatch"}
{"timestamp":"2026-09-17T11:04:01.836156Z","level":"INFO","message":"async dispatch: delivery handled","message_id":"inv_01m2qgjj3vwd3dvejw0366xctj.g42","sequence":146,"delivery_count":1,"outcome":"Rescheduled { next_attempt_at: 2026-09-17T11:04:02.401844Z, counted: false }","target":"tachyon_serverless_application::services::invoke_async::dispatch"}
{"timestamp":"2026-09-17T11:04:02.038943Z","level":"INFO","message":"asynchronous run claimed","invocation_id":"inv_01m2qgj633n0jswcg84psbdwmc","attempt":2,"generation":49,"delivery_count":1,"target":"tachyon_serverless_application::services::invoke_async::dispatch"}
{"timestamp":"2026-09-17T11:04:02.039533Z","level":"INFO","message":"asynchronous invocation rescheduled","invocation_id":"inv_01m2qgj633n0jswcg84psbdwmc","next_attempt_at":"2026-09-17T11:04:02.885166+00:00","counted":false,"error_type":"Host.DispatcherFenced","target":"tachyon_serverless_application::services::invoke_async::dispatch"}
{"timestamp":"2026-09-17T11:04:02.044442Z","level":"INFO","message":"async dispatch: delivery handled","message_id":"inv_01m2qgj633n0jswcg84psbdwmc.g49","sequence":147,"delivery_count":1,"outcome":"Rescheduled { next_attempt_at: 2026-09-17T11:04:02.885166Z, counted: false }","target":"tachyon_serverless_application::services::invoke_async::dispatch"}
{"timestamp":"2026-09-17T11:04:02.246516Z","level":"INFO","message":"asynchronous run claimed","invocation_id":"inv_01m2qgjj3rqrys3dw47f3zqw32","attempt":1,"generation":46,"delivery_count":1,"target":"tachyon_serverless_application::services::invoke_async::dispatch"}
{"timestamp":"2026-09-17T11:04:02.246937Z","level":"INFO","message":"asynchronous invocation rescheduled","invocation_id":"inv_01m2qgjj3rqrys3dw47f3zqw32","next_attempt_at":"2026-09-17T11:04:02.412663+00:00","counted":false,"error_type":"Host.DispatcherFenced","target":"tachyon_serverless_application::services::invoke_async::dispatch"}
{"timestamp":"2026-09-17T11:04:02.251126Z","level":"INFO","message":"async dispatch: delivery handled","message_id":"inv_01m2qgjj3rqrys3dw47f3zqw32.g46","sequence":148,"delivery_count":1,"outcome":"Rescheduled { next_attempt_at: 2026-09-17T11:04:02.412663Z, counted: false }","target":"tachyon_serverless_application::services::invoke_async::dispatch"}
{"timestamp":"2026-09-17T11:04:02.459818Z","level":"INFO","message":"asynchronous run claimed","invocation_id":"inv_01m2qgjj3vwd3dvejw0366xctj","attempt":1,"generation":43,"delivery_count":1,"target":"tachyon_serverless_application::services::invoke_async::dispatch"}
{"timestamp":"2026-09-17T11:04:02.461027Z","level":"INFO","message":"asynchronous run claimed","invocation_id":"inv_01m2qgjj3rqrys3dw47f3zqw32","attempt":1,"generation":47,"delivery_count":1,"target":"tachyon_serverless_application::services::invoke_async::dispatch"}
{"timestamp":"2026-09-17T11:04:02.461499Z","level":"INFO","message":"asynchronous invocation rescheduled","invocation_id":"inv_01m2qgjj3vwd3dvejw0366xctj","next_attempt_at":"2026-09-17T11:04:02.560688+00:00","counted":false,"error_type":"Host.DispatcherFenced","target":"tachyon_serverless_application::services::invoke_async::dispatch"}
{"timestamp":"2026-09-17T11:04:02.467927Z","level":"INFO","message":"asynchronous invocation rescheduled","invocation_id":"inv_01m2qgjj3rqrys3dw47f3zqw32","next_attempt_at":"2026-09-17T11:04:02.610795+00:00","counted":false,"error_type":"Host.DispatcherFenced","target":"tachyon_serverless_application::services::invoke_async::dispatch"}
{"timestamp":"2026-09-17T11:04:02.468092Z","level":"INFO","message":"async dispatch: delivery handled","message_id":"inv_01m2qgjj3vwd3dvejw0366xctj.g43","sequence":149,"delivery_count":1,"outcome":"Rescheduled { next_attempt_at: 2026-09-17T11:04:02.560688Z, counted: false }","target":"tachyon_serverless_application::services::invoke_async::dispatch"}
{"timestamp":"2026-09-17T11:04:02.472195Z","level":"INFO","message":"async dispatch: delivery handled","message_id":"inv_01m2qgjj3rqrys3dw47f3zqw32.g47","sequence":150,"delivery_count":1,"outcome":"Rescheduled { next_attempt_at: 2026-09-17T11:04:02.610795Z, counted: false }","target":"tachyon_serverless_application::services::invoke_async::dispatch"}
{"timestamp":"2026-09-17T11:04:02.574129Z","level":"INFO","message":"asynchronous run claimed","invocation_id":"inv_01m2qgjj3vwd3dvejw0366xctj","attempt":1,"generation":44,"delivery_count":1,"target":"tachyon_serverless_application::services::invoke_async::dispatch"}
{"timestamp":"2026-09-17T11:04:02.574804Z","level":"INFO","message":"asynchronous invocation rescheduled","invocation_id":"inv_01m2qgjj3vwd3dvejw0366xctj","next_attempt_at":"2026-09-17T11:04:03.161292+00:00","counted":false,"error_type":"Host.DispatcherFenced","target":"tachyon_serverless_application::services::invoke_async::dispatch"}
{"timestamp":"2026-09-17T11:04:02.579638Z","level":"INFO","message":"async dispatch: delivery handled","message_id":"inv_01m2qgjj3vwd3dvejw0366xctj.g44","sequence":151,"delivery_count":1,"outcome":"Rescheduled { next_attempt_at: 2026-09-17T11:04:03.161292Z, counted: false }","target":"tachyon_serverless_application::services::invoke_async::dispatch"}
{"timestamp":"2026-09-17T11:04:02.681397Z","level":"INFO","message":"asynchronous run claimed","invocation_id":"inv_01m2qgjj3rqrys3dw47f3zqw32","attempt":1,"generation":48,"delivery_count":1,"target":"tachyon_serverless_application::services::invoke_async::dispatch"}
{"timestamp":"2026-09-17T11:04:02.681886Z","level":"INFO","message":"asynchronous invocation rescheduled","invocation_id":"inv_01m2qgjj3rqrys3dw47f3zqw32","next_attempt_at":"2026-09-17T11:04:03.162565+00:00","counted":false,"error_type":"Host.DispatcherFenced","target":"tachyon_serverless_application::services::invoke_async::dispatch"}
{"timestamp":"2026-09-17T11:04:02.686951Z","level":"INFO","message":"async dispatch: delivery handled","message_id":"inv_01m2qgjj3rqrys3dw47f3zqw32.g48","sequence":152,"delivery_count":1,"outcome":"Rescheduled { next_attempt_at: 2026-09-17T11:04:03.162565Z, counted: false }","target":"tachyon_serverless_application::services::invoke_async::dispatch"}
{"timestamp":"2026-09-17T11:04:02.991328Z","level":"INFO","message":"asynchronous run claimed","invocation_id":"inv_01m2qgj633n0jswcg84psbdwmc","attempt":2,"generation":50,"delivery_count":1,"target":"tachyon_serverless_application::services::invoke_async::dispatch"}
{"timestamp":"2026-09-17T11:04:02.995671Z","level":"INFO","message":"asynchronous invocation rescheduled","invocation_id":"inv_01m2qgj633n0jswcg84psbdwmc","next_attempt_at":"2026-09-17T11:04:03.532285+00:00","counted":false,"error_type":"Host.DispatcherFenced","target":"tachyon_serverless_application::services::invoke_async::dispatch"}
{"timestamp":"2026-09-17T11:04:03.000513Z","level":"INFO","message":"async dispatch: delivery handled","message_id":"inv_01m2qgj633n0jswcg84psbdwmc.g50","sequence":153,"delivery_count":1,"outcome":"Rescheduled { next_attempt_at: 2026-09-17T11:04:03.532285Z, counted: false }","target":"tachyon_serverless_application::services::invoke_async::dispatch"}
{"timestamp":"2026-09-17T11:04:03.208099Z","level":"INFO","message":"asynchronous run claimed","invocation_id":"inv_01m2qgjj3vwd3dvejw0366xctj","attempt":1,"generation":45,"delivery_count":1,"target":"tachyon_serverless_application::services::invoke_async::dispatch"}
{"timestamp":"2026-09-17T11:04:03.213013Z","level":"INFO","message":"asynchronous invocation rescheduled","invocation_id":"inv_01m2qgjj3vwd3dvejw0366xctj","next_attempt_at":"2026-09-17T11:04:03.950166+00:00","counted":false,"error_type":"Host.DispatcherFenced","target":"tachyon_serverless_application::services::invoke_async::dispatch"}
{"timestamp":"2026-09-17T11:04:03.213318Z","level":"INFO","message":"asynchronous run claimed","invocation_id":"inv_01m2qgjj3rqrys3dw47f3zqw32","attempt":1,"generation":49,"delivery_count":1,"target":"tachyon_serverless_application::services::invoke_async::dispatch"}
{"timestamp":"2026-09-17T11:04:03.218841Z","level":"INFO","message":"asynchronous invocation rescheduled","invocation_id":"inv_01m2qgjj3rqrys3dw47f3zqw32","next_attempt_at":"2026-09-17T11:04:03.818674+00:00","counted":false,"error_type":"Host.DispatcherFenced","target":"tachyon_serverless_application::services::invoke_async::dispatch"}
{"timestamp":"2026-09-17T11:04:03.218979Z","level":"INFO","message":"async dispatch: delivery handled","message_id":"inv_01m2qgjj3vwd3dvejw0366xctj.g45","sequence":154,"delivery_count":1,"outcome":"Rescheduled { next_attempt_at: 2026-09-17T11:04:03.950166Z, counted: false }","target":"tachyon_serverless_application::services::invoke_async::dispatch"}
{"timestamp":"2026-09-17T11:04:03.223033Z","level":"INFO","message":"async dispatch: delivery handled","message_id":"inv_01m2qgjj3rqrys3dw47f3zqw32.g49","sequence":155,"delivery_count":1,"outcome":"Rescheduled { next_attempt_at: 2026-09-17T11:04:03.818674Z, counted: false }","target":"tachyon_serverless_application::services::invoke_async::dispatch"}
{"timestamp":"2026-09-17T11:04:03.376309Z","level":"INFO","message":"object retention pass","report":"GcReport { examined: 2, collected_expired: 0, collected_orphans: 0, kept_in_use: 0, kept_referenced: 2, incomplete_removed: 0, tombstones_purged: 0, failed: 0 }","target":"tachyon_serverless_gateway"}
{"timestamp":"2026-09-17T11:04:03.630038Z","level":"INFO","message":"asynchronous run claimed","invocation_id":"inv_01m2qgj633n0jswcg84psbdwmc","attempt":2,"generation":51,"delivery_count":1,"target":"tachyon_serverless_application::services::invoke_async::dispatch"}
{"timestamp":"2026-09-17T11:04:03.636157Z","level":"INFO","message":"asynchronous invocation rescheduled","invocation_id":"inv_01m2qgj633n0jswcg84psbdwmc","next_attempt_at":"2026-09-17T11:04:04.390335+00:00","counted":false,"error_type":"Host.DispatcherFenced","target":"tachyon_serverless_application::services::invoke_async::dispatch"}
{"timestamp":"2026-09-17T11:04:03.640572Z","level":"INFO","message":"async dispatch: delivery handled","message_id":"inv_01m2qgj633n0jswcg84psbdwmc.g51","sequence":156,"delivery_count":1,"outcome":"Rescheduled { next_attempt_at: 2026-09-17T11:04:04.390335Z, counted: false }","target":"tachyon_serverless_application::services::invoke_async::dispatch"}
{"timestamp":"2026-09-17T11:04:03.848435Z","level":"INFO","message":"asynchronous run claimed","invocation_id":"inv_01m2qgjj3rqrys3dw47f3zqw32","attempt":1,"generation":50,"delivery_count":1,"target":"tachyon_serverless_application::services::invoke_async::dispatch"}
{"timestamp":"2026-09-17T11:04:03.848947Z","level":"INFO","message":"asynchronous invocation rescheduled","invocation_id":"inv_01m2qgjj3rqrys3dw47f3zqw32","next_attempt_at":"2026-09-17T11:04:04.452647+00:00","counted":false,"error_type":"Host.DispatcherFenced","target":"tachyon_serverless_application::services::invoke_async::dispatch"}
{"timestamp":"2026-09-17T11:04:03.853857Z","level":"INFO","message":"async dispatch: delivery handled","message_id":"inv_01m2qgjj3rqrys3dw47f3zqw32.g50","sequence":157,"delivery_count":1,"outcome":"Rescheduled { next_attempt_at: 2026-09-17T11:04:04.452647Z, counted: false }","target":"tachyon_serverless_application::services::invoke_async::dispatch"}
{"timestamp":"2026-09-17T11:04:03.962321Z","level":"INFO","message":"asynchronous run claimed","invocation_id":"inv_01m2qgjj3vwd3dvejw0366xctj","attempt":1,"generation":46,"delivery_count":1,"target":"tachyon_serverless_application::services::invoke_async::dispatch"}
{"timestamp":"2026-09-17T11:04:03.962829Z","level":"INFO","message":"asynchronous invocation rescheduled","invocation_id":"inv_01m2qgjj3vwd3dvejw0366xctj","next_attempt_at":"2026-09-17T11:04:04.495477+00:00","counted":false,"error_type":"Host.DispatcherFenced","target":"tachyon_serverless_application::services::invoke_async::dispatch"}
{"timestamp":"2026-09-17T11:04:03.967031Z","level":"INFO","message":"async dispatch: delivery handled","message_id":"inv_01m2qgjj3vwd3dvejw0366xctj.g46","sequence":158,"delivery_count":1,"outcome":"Rescheduled { next_attempt_at: 2026-09-17T11:04:04.495477Z, counted: false }","target":"tachyon_serverless_application::services::invoke_async::dispatch"}
{"timestamp":"2026-09-17T11:04:04.481070Z","level":"INFO","message":"asynchronous run claimed","invocation_id":"inv_01m2qgj633n0jswcg84psbdwmc","attempt":2,"generation":52,"delivery_count":1,"target":"tachyon_serverless_application::services::invoke_async::dispatch"}
{"timestamp":"2026-09-17T11:04:04.487135Z","level":"INFO","message":"asynchronous invocation rescheduled","invocation_id":"inv_01m2qgj633n0jswcg84psbdwmc","next_attempt_at":"2026-09-17T11:04:04.581683+00:00","counted":false,"error_type":"Host.DispatcherFenced","target":"tachyon_serverless_application::services::invoke_async::dispatch"}
{"timestamp":"2026-09-17T11:04:04.493058Z","level":"INFO","message":"asynchronous run claimed","invocation_id":"inv_01m2qgjj3rqrys3dw47f3zqw32","attempt":1,"generation":51,"delivery_count":1,"target":"tachyon_serverless_application::services::invoke_async::dispatch"}
{"timestamp":"2026-09-17T11:04:04.493200Z","level":"INFO","message":"async dispatch: delivery handled","message_id":"inv_01m2qgj633n0jswcg84psbdwmc.g52","sequence":159,"delivery_count":1,"outcome":"Rescheduled { next_attempt_at: 2026-09-17T11:04:04.581683Z, counted: false }","target":"tachyon_serverless_application::services::invoke_async::dispatch"}
{"timestamp":"2026-09-17T11:04:04.493554Z","level":"INFO","message":"asynchronous invocation rescheduled","invocation_id":"inv_01m2qgjj3rqrys3dw47f3zqw32","next_attempt_at":"2026-09-17T11:04:04.835249+00:00","counted":false,"error_type":"Host.DispatcherFenced","target":"tachyon_serverless_application::services::invoke_async::dispatch"}
{"timestamp":"2026-09-17T11:04:04.498251Z","level":"INFO","message":"async dispatch: delivery handled","message_id":"inv_01m2qgjj3rqrys3dw47f3zqw32.g51","sequence":160,"delivery_count":1,"outcome":"Rescheduled { next_attempt_at: 2026-09-17T11:04:04.835249Z, counted: false }","target":"tachyon_serverless_application::services::invoke_async::dispatch"}
{"timestamp":"2026-09-17T11:04:04.604544Z","level":"INFO","message":"asynchronous run claimed","invocation_id":"inv_01m2qgjj3vwd3dvejw0366xctj","attempt":1,"generation":47,"delivery_count":1,"target":"tachyon_serverless_application::services::invoke_async::dispatch"}
{"timestamp":"2026-09-17T11:04:04.605798Z","level":"INFO","message":"asynchronous invocation rescheduled","invocation_id":"inv_01m2qgjj3vwd3dvejw0366xctj","next_attempt_at":"2026-09-17T11:04:04.799141+00:00","counted":false,"error_type":"Host.DispatcherFenced","target":"tachyon_serverless_application::services::invoke_async::dispatch"}
{"timestamp":"2026-09-17T11:04:04.606228Z","level":"INFO","message":"asynchronous run claimed","invocation_id":"inv_01m2qgj633n0jswcg84psbdwmc","attempt":2,"generation":53,"delivery_count":1,"target":"tachyon_serverless_application::services::invoke_async::dispatch"}
{"timestamp":"2026-09-17T11:04:04.611461Z","level":"INFO","message":"asynchronous invocation rescheduled","invocation_id":"inv_01m2qgj633n0jswcg84psbdwmc","next_attempt_at":"2026-09-17T11:04:05.484728+00:00","counted":false,"error_type":"Host.DispatcherFenced","target":"tachyon_serverless_application::services::invoke_async::dispatch"}
{"timestamp":"2026-09-17T11:04:04.611589Z","level":"INFO","message":"async dispatch: delivery handled","message_id":"inv_01m2qgjj3vwd3dvejw0366xctj.g47","sequence":161,"delivery_count":1,"outcome":"Rescheduled { next_attempt_at: 2026-09-17T11:04:04.799141Z, counted: false }","target":"tachyon_serverless_application::services::invoke_async::dispatch"}
{"timestamp":"2026-09-17T11:04:04.615765Z","level":"INFO","message":"async dispatch: delivery handled","message_id":"inv_01m2qgj633n0jswcg84psbdwmc.g53","sequence":162,"delivery_count":1,"outcome":"Rescheduled { next_attempt_at: 2026-09-17T11:04:05.484728Z, counted: false }","target":"tachyon_serverless_application::services::invoke_async::dispatch"}
{"timestamp":"2026-09-17T11:04:04.820905Z","level":"INFO","message":"asynchronous run claimed","invocation_id":"inv_01m2qgjj3vwd3dvejw0366xctj","attempt":1,"generation":48,"delivery_count":1,"target":"tachyon_serverless_application::services::invoke_async::dispatch"}
{"timestamp":"2026-09-17T11:04:04.821505Z","level":"INFO","message":"asynchronous invocation rescheduled","invocation_id":"inv_01m2qgjj3vwd3dvejw0366xctj","next_attempt_at":"2026-09-17T11:04:05.753116+00:00","counted":false,"error_type":"Host.DispatcherFenced","target":"tachyon_serverless_application::services::invoke_async::dispatch"}
{"timestamp":"2026-09-17T11:04:04.826101Z","level":"INFO","message":"async dispatch: delivery handled","message_id":"inv_01m2qgjj3vwd3dvejw0366xctj.g48","sequence":163,"delivery_count":1,"outcome":"Rescheduled { next_attempt_at: 2026-09-17T11:04:05.753116Z, counted: false }","target":"tachyon_serverless_application::services::invoke_async::dispatch"}
{"timestamp":"2026-09-17T11:04:04.926904Z","level":"INFO","message":"asynchronous run claimed","invocation_id":"inv_01m2qgjj3rqrys3dw47f3zqw32","attempt":1,"generation":52,"delivery_count":1,"target":"tachyon_serverless_application::services::invoke_async::dispatch"}
{"timestamp":"2026-09-17T11:04:04.927403Z","level":"INFO","message":"asynchronous invocation rescheduled","invocation_id":"inv_01m2qgjj3rqrys3dw47f3zqw32","next_attempt_at":"2026-09-17T11:04:05.908081+00:00","counted":false,"error_type":"Host.DispatcherFenced","target":"tachyon_serverless_application::services::invoke_async::dispatch"}
{"timestamp":"2026-09-17T11:04:04.932426Z","level":"INFO","message":"async dispatch: delivery handled","message_id":"inv_01m2qgjj3rqrys3dw47f3zqw32.g52","sequence":164,"delivery_count":1,"outcome":"Rescheduled { next_attempt_at: 2026-09-17T11:04:05.908081Z, counted: false }","target":"tachyon_serverless_application::services::invoke_async::dispatch"}
{"timestamp":"2026-09-17T11:04:05.375885Z","level":"INFO","message":"object retention pass","report":"GcReport { examined: 2, collected_expired: 0, collected_orphans: 0, kept_in_use: 0, kept_referenced: 2, incomplete_removed: 0, tombstones_purged: 0, failed: 0 }","target":"tachyon_serverless_gateway"}
{"timestamp":"2026-09-17T11:04:05.545364Z","level":"INFO","message":"asynchronous run claimed","invocation_id":"inv_01m2qgj633n0jswcg84psbdwmc","attempt":2,"generation":54,"delivery_count":1,"target":"tachyon_serverless_application::services::invoke_async::dispatch"}
{"timestamp":"2026-09-17T11:04:05.546337Z","level":"INFO","message":"asynchronous invocation rescheduled","invocation_id":"inv_01m2qgj633n0jswcg84psbdwmc","next_attempt_at":"2026-09-17T11:04:06.177827+00:00","counted":false,"error_type":"Host.DispatcherFenced","target":"tachyon_serverless_application::services::invoke_async::dispatch"}
{"timestamp":"2026-09-17T11:04:05.550703Z","level":"INFO","message":"async dispatch: delivery handled","message_id":"inv_01m2qgj633n0jswcg84psbdwmc.g54","sequence":165,"delivery_count":1,"outcome":"Rescheduled { next_attempt_at: 2026-09-17T11:04:06.177827Z, counted: false }","target":"tachyon_serverless_application::services::invoke_async::dispatch"}
{"timestamp":"2026-09-17T11:04:05.855261Z","level":"INFO","message":"asynchronous run claimed","invocation_id":"inv_01m2qgjj3vwd3dvejw0366xctj","attempt":1,"generation":49,"delivery_count":1,"target":"tachyon_serverless_application::services::invoke_async::dispatch"}
{"timestamp":"2026-09-17T11:04:05.859560Z","level":"INFO","message":"asynchronous invocation rescheduled","invocation_id":"inv_01m2qgjj3vwd3dvejw0366xctj","next_attempt_at":"2026-09-17T11:04:06.823198+00:00","counted":false,"error_type":"Host.DispatcherFenced","target":"tachyon_serverless_application::services::invoke_async::dispatch"}
{"timestamp":"2026-09-17T11:04:05.863359Z","level":"INFO","message":"async dispatch: delivery handled","message_id":"inv_01m2qgjj3vwd3dvejw0366xctj.g49","sequence":166,"delivery_count":1,"outcome":"Rescheduled { next_attempt_at: 2026-09-17T11:04:06.823198Z, counted: false }","target":"tachyon_serverless_application::services::invoke_async::dispatch"}
{"timestamp":"2026-09-17T11:04:05.970649Z","level":"INFO","message":"asynchronous run claimed","invocation_id":"inv_01m2qgjj3rqrys3dw47f3zqw32","attempt":1,"generation":53,"delivery_count":1,"target":"tachyon_serverless_application::services::invoke_async::dispatch"}
{"timestamp":"2026-09-17T11:04:05.971202Z","level":"INFO","message":"asynchronous invocation rescheduled","invocation_id":"inv_01m2qgjj3rqrys3dw47f3zqw32","next_attempt_at":"2026-09-17T11:04:06.229837+00:00","counted":false,"error_type":"Host.DispatcherFenced","target":"tachyon_serverless_application::services::invoke_async::dispatch"}
{"timestamp":"2026-09-17T11:04:05.975225Z","level":"INFO","message":"async dispatch: delivery handled","message_id":"inv_01m2qgjj3rqrys3dw47f3zqw32.g53","sequence":167,"delivery_count":1,"outcome":"Rescheduled { next_attempt_at: 2026-09-17T11:04:06.229837Z, counted: false }","target":"tachyon_serverless_application::services::invoke_async::dispatch"}
{"timestamp":"2026-09-17T11:04:06.143591Z","level":"INFO","message":"SIGTERM received","target":"tachyon_serverless_gateway"}
{"timestamp":"2026-09-17T11:04:06.143653Z","level":"INFO","message":"shutdown requested; cancelling in-flight invocations","target":"tachyon_serverless_gateway"}
{"timestamp":"2026-09-17T11:04:06.143988Z","level":"INFO","message":"final usage collection","report":"CollectReport { batches: 0, read: 0, inserted: 0, duplicates: 0, cursor_seq: 55 }","target":"tachyon_serverless_gateway"}
{"timestamp":"2026-09-17T11:04:06.148832Z","level":"INFO","message":"gateway stopped","target":"tachyon_serverless_gateway"}
{"timestamp":"2026-09-17T11:04:06.149071Z","level":"INFO","message":"event: closed","target":"async_nats"}

===== a start (failpoints: none) 11:04:06 =====
{"timestamp":"2026-09-17T11:04:06.284720Z","level":"INFO","message":"configuration loaded","config":"/private/var/folders/z7/khzdjrt95cg_fcmcnh4j1b5h0000gn/T/tsls-chaos.Ut0gsO/gw-a.toml","target":"tachyon_serverless_gateway"}
{"timestamp":"2026-09-17T11:04:06.287102Z","level":"INFO","message":"connected successfully","server":"61828","max_payload":"1048576","target":"async_nats::connector"}
{"timestamp":"2026-09-17T11:04:06.287283Z","level":"INFO","message":"event: connected","target":"async_nats"}
{"timestamp":"2026-09-17T11:04:06.296722Z","level":"INFO","message":"JetStream queue connected and stream bootstrapped","url":"nats://127.0.0.1:61828","stream":"TACHYON_EVENTS","target":"tachyon_serverless_gateway::durable"}
{"timestamp":"2026-09-17T11:04:06.298866Z","level":"INFO","message":"state store opened","path":"/private/var/folders/z7/khzdjrt95cg_fcmcnh4j1b5h0000gn/T/tsls-chaos.Ut0gsO/data/state.db","schema_version":8,"migrations_applied":"[]","imported_state_json":"None","settled_invocations":0,"settled_attempts":0,"settled_environments":0,"released_leases":0,"dropped_idempotency_keys":0,"purged_idempotency_keys":0,"outputs_purged":0,"target":"tachyon_serverless_application::app"}
{"timestamp":"2026-09-17T11:04:06.299373Z","level":"INFO","message":"dispatcher registered","dispatcher_id":"dsp_01m2qgkfctg48jc8bwxwxcczqh","instance":"chaos-a","pid":91708,"lease_ttl_seconds":6,"target":"tachyon_serverless_application::services::dispatcher"}
{"timestamp":"2026-09-17T11:04:06.299946Z","level":"WARN","message":"reclaimed the work of dispatchers that lost their lease","dispatcher_id":"dsp_01m2qgkfctg48jc8bwxwxcczqh","reclaimed_dispatchers":"[DispatcherId(dsp_01m2qghxn3ek30k48pks8cj5pa)]","leases":0,"invocations":0,"attempts":0,"fenced":0,"target":"tachyon_serverless_application::services::dispatcher"}
{"timestamp":"2026-09-17T11:04:06.301454Z","level":"INFO","message":"application bootstrapped","profile":"dev","provider":"process","dev_only":true,"environment_reuse":false,"reuse_verified":false,"reuse_reason":"[pool] enabled is false","reuse_disabled":"Some(Configuration)","idle_quiesce":"unsupported","idle_resume":"unsupported","data_dir":"/private/var/folders/z7/khzdjrt95cg_fcmcnh4j1b5h0000gn/T/tsls-chaos.Ut0gsO/data","store":"sqlite","dispatcher_id":"dsp_01m2qgkfctg48jc8bwxwxcczqh","node":"local","node_region":"none","node_memory_mib":"None","max_concurrency":8,"queue":"nats","objects":"filesystem","invoke_async":true,"triggers":true,"target":"tachyon_serverless_application::app"}
{"timestamp":"2026-09-17T11:04:06.301884Z","level":"INFO","message":"startup reconcile finished","provider":"process","found":0,"adopted":0,"terminated":0,"disowned":0,"failed":0,"lost":0,"foreign":0,"reclaimed_dispatchers":0,"fenced_terminated":0,"fenced_pending":0,"target":"tachyon_serverless_application::services::reconcile"}
{"timestamp":"2026-09-17T11:04:06.301959Z","level":"INFO","message":"gateway listening","addr":"127.0.0.1:61832","profile":"dev","provider":"process","target":"tachyon_serverless_gateway"}
{"timestamp":"2026-09-17T11:04:06.303753Z","level":"INFO","message":"asynchronous dispatcher started","workers":2,"owner":"dsp_01m2qgkfctg48jc8bwxwxcczqh","target":"tachyon_serverless_gateway"}
{"timestamp":"2026-09-17T11:04:06.304991Z","level":"INFO","message":"late scheduled times skipped by the missed-run policy","trigger_id":"trg_01m2qgj1z1vdjyvet9zq76f02k","skipped":15,"policy":"Skip","target":"tachyon_serverless_application::services::triggers"}
{"timestamp":"2026-09-17T11:04:06.315475Z","level":"INFO","message":"object retention pass","report":"GcReport { examined: 2, collected_expired: 0, collected_orphans: 0, kept_in_use: 0, kept_referenced: 2, incomplete_removed: 0, tombstones_purged: 0, failed: 0 }","target":"tachyon_serverless_gateway"}
{"timestamp":"2026-09-17T11:04:06.322944Z","level":"INFO","message":"asynchronous invocation accepted","invocation_id":"inv_01m2qgkfdbt4z3ymkw8gn2nq81","tenant_id":"tn_01hzzzzzzzzzzzzzzzzzzzzzza","revision_id":"rev_01m2qgj05yr5k5pw4b00fz6pbv","input_bytes":180,"input_storage":"inline","target":"tachyon_serverless_application::services::invoke_async"}
{"timestamp":"2026-09-17T11:04:06.322988Z","level":"INFO","message":"cron trigger fired","trigger_id":"trg_01m2qgj1z1vdjyvet9zq76f02k","scheduled_at":"2026-09-17T11:04:06Z","invocation_id":"inv_01m2qgkfdbt4z3ymkw8gn2nq81","revision_id":"rev_01m2qgj05yr5k5pw4b00fz6pbv","replayed":false,"target":"tachyon_serverless_application::services::triggers"}
{"timestamp":"2026-09-17T11:04:06.332528Z","level":"INFO","message":"asynchronous run claimed","invocation_id":"inv_01m2qgjj3rqrys3dw47f3zqw32","attempt":1,"generation":54,"delivery_count":1,"target":"tachyon_serverless_application::services::invoke_async::dispatch"}
{"timestamp":"2026-09-17T11:04:06.332858Z","level":"INFO","message":"asynchronous run claimed","invocation_id":"inv_01m2qgj633n0jswcg84psbdwmc","attempt":2,"generation":55,"delivery_count":1,"target":"tachyon_serverless_application::services::invoke_async::dispatch"}
{"timestamp":"2026-09-17T11:04:06.622653Z","level":"INFO","message":"bridge spawned","environment_id":"env_01m2qgkfdx8xtqgvsd71e2827q","pid":91727,"target":"tachyon_serverless_provider_process"}
{"timestamp":"2026-09-17T11:04:06.622790Z","level":"INFO","message":"bridge spawned","environment_id":"env_01m2qgkfdx2xxf2ew3gk7ev04z","pid":91728,"target":"tachyon_serverless_provider_process"}
{"timestamp":"2026-09-17T11:04:06.643315Z","level":"INFO","message":"invocation finished","invocation_id":"inv_01m2qgjj3rqrys3dw47f3zqw32","status":"succeeded (async run)","handler_ms":1,"environment_boot_ms":8,"runtime_init_ms":8,"target":"tachyon_serverless_application::services::invoke"}
{"timestamp":"2026-09-17T11:04:06.644045Z","level":"INFO","message":"invocation finished","invocation_id":"inv_01m2qgj633n0jswcg84psbdwmc","status":"succeeded (async run)","handler_ms":0,"environment_boot_ms":7,"runtime_init_ms":9,"target":"tachyon_serverless_application::services::invoke"}
{"timestamp":"2026-09-17T11:04:06.645386Z","level":"INFO","message":"terminating bridge","environment_id":"env_01m2qgkfdx2xxf2ew3gk7ev04z","pid":91728,"reason":"Completed","graceful":true,"target":"tachyon_serverless_provider_process"}
{"timestamp":"2026-09-17T11:04:06.645379Z","level":"INFO","message":"terminating bridge","environment_id":"env_01m2qgkfdx8xtqgvsd71e2827q","pid":91727,"reason":"Completed","graceful":true,"target":"tachyon_serverless_provider_process"}
{"timestamp":"2026-09-17T11:04:06.651300Z","level":"INFO","message":"asynchronous invocation settled","invocation_id":"inv_01m2qgj633n0jswcg84psbdwmc","status":"succeeded","target":"tachyon_serverless_application::services::invoke_async::dispatch"}
{"timestamp":"2026-09-17T11:04:06.652340Z","level":"INFO","message":"asynchronous invocation settled","invocation_id":"inv_01m2qgjj3rqrys3dw47f3zqw32","status":"succeeded","target":"tachyon_serverless_application::services::invoke_async::dispatch"}
{"timestamp":"2026-09-17T11:04:06.657194Z","level":"INFO","message":"async dispatch: delivery handled","message_id":"inv_01m2qgj633n0jswcg84psbdwmc.g55","sequence":168,"delivery_count":1,"outcome":"Completed { status: \"succeeded\" }","target":"tachyon_serverless_application::services::invoke_async::dispatch"}
{"timestamp":"2026-09-17T11:04:06.664945Z","level":"INFO","message":"async dispatch: delivery handled","message_id":"inv_01m2qgjj3rqrys3dw47f3zqw32.g54","sequence":169,"delivery_count":1,"outcome":"Completed { status: \"succeeded\" }","target":"tachyon_serverless_application::services::invoke_async::dispatch"}
{"timestamp":"2026-09-17T11:04:06.666621Z","level":"INFO","message":"asynchronous run claimed","invocation_id":"inv_01m2qgkfdbt4z3ymkw8gn2nq81","attempt":1,"generation":0,"delivery_count":1,"target":"tachyon_serverless_application::services::invoke_async::dispatch"}
{"timestamp":"2026-09-17T11:04:06.852644Z","level":"INFO","message":"asynchronous run claimed","invocation_id":"inv_01m2qgjj3vwd3dvejw0366xctj","attempt":1,"generation":50,"delivery_count":1,"target":"tachyon_serverless_application::services::invoke_async::dispatch"}
{"timestamp":"2026-09-17T11:04:06.984433Z","level":"INFO","message":"bridge spawned","environment_id":"env_01m2qgkfrar86zdzw700akmfkx","pid":91742,"target":"tachyon_serverless_provider_process"}
{"timestamp":"2026-09-17T11:04:07.005709Z","level":"INFO","message":"invocation finished","invocation_id":"inv_01m2qgkfdbt4z3ymkw8gn2nq81","status":"succeeded (async run)","handler_ms":1,"environment_boot_ms":8,"runtime_init_ms":10,"target":"tachyon_serverless_application::services::invoke"}
{"timestamp":"2026-09-17T11:04:07.007671Z","level":"INFO","message":"terminating bridge","environment_id":"env_01m2qgkfrar86zdzw700akmfkx","pid":91742,"reason":"Completed","graceful":true,"target":"tachyon_serverless_provider_process"}
{"timestamp":"2026-09-17T11:04:07.015918Z","level":"INFO","message":"asynchronous invocation settled","invocation_id":"inv_01m2qgkfdbt4z3ymkw8gn2nq81","status":"succeeded","target":"tachyon_serverless_application::services::invoke_async::dispatch"}
{"timestamp":"2026-09-17T11:04:07.020903Z","level":"INFO","message":"async dispatch: delivery handled","message_id":"inv_01m2qgkfdbt4z3ymkw8gn2nq81","sequence":170,"delivery_count":1,"outcome":"Completed { status: \"succeeded\" }","target":"tachyon_serverless_application::services::invoke_async::dispatch"}
{"timestamp":"2026-09-17T11:04:07.090983Z","level":"INFO","message":"bridge spawned","environment_id":"env_01m2qgkfv3yyxcpeft10rn0nsw","pid":91744,"target":"tachyon_serverless_provider_process"}
{"timestamp":"2026-09-17T11:04:07.113646Z","level":"INFO","message":"invocation finished","invocation_id":"inv_01m2qgkfv2tkwhqm2me1tjj53q","status":"succeeded","handler_ms":1,"environment_boot_ms":8,"runtime_init_ms":10,"target":"tachyon_serverless_application::services::invoke"}
{"timestamp":"2026-09-17T11:04:07.115828Z","level":"INFO","message":"terminating bridge","environment_id":"env_01m2qgkfv3yyxcpeft10rn0nsw","pid":91744,"reason":"Completed","graceful":true,"target":"tachyon_serverless_provider_process"}
{"timestamp":"2026-09-17T11:04:07.211687Z","level":"INFO","message":"bridge spawned","environment_id":"env_01m2qgkfy4bqn5c2ebve82bvkz","pid":91763,"target":"tachyon_serverless_provider_process"}
{"timestamp":"2026-09-17T11:04:07.235696Z","level":"INFO","message":"invocation finished","invocation_id":"inv_01m2qgjj3vwd3dvejw0366xctj","status":"succeeded (async run)","handler_ms":2,"environment_boot_ms":8,"runtime_init_ms":11,"target":"tachyon_serverless_application::services::invoke"}
{"timestamp":"2026-09-17T11:04:07.237159Z","level":"INFO","message":"asynchronous invocation accepted","invocation_id":"inv_01m2qgkga336yy1a3mhg4yth3c","tenant_id":"tn_01hzzzzzzzzzzzzzzzzzzzzzza","revision_id":"rev_01m2qghysge0zvjjchgr5edg20","input_bytes":48,"input_storage":"inline","target":"tachyon_serverless_application::services::invoke_async"}
{"timestamp":"2026-09-17T11:04:07.237503Z","level":"INFO","message":"terminating bridge","environment_id":"env_01m2qgkfy4bqn5c2ebve82bvkz","pid":91763,"reason":"Completed","graceful":true,"target":"tachyon_serverless_provider_process"}
{"timestamp":"2026-09-17T11:04:07.251185Z","level":"INFO","message":"asynchronous run claimed","invocation_id":"inv_01m2qgkga336yy1a3mhg4yth3c","attempt":1,"generation":0,"delivery_count":1,"target":"tachyon_serverless_application::services::invoke_async::dispatch"}
{"timestamp":"2026-09-17T11:04:07.252347Z","level":"INFO","message":"asynchronous invocation settled","invocation_id":"inv_01m2qgjj3vwd3dvejw0366xctj","status":"succeeded","target":"tachyon_serverless_application::services::invoke_async::dispatch"}
{"timestamp":"2026-09-17T11:04:07.256420Z","level":"INFO","message":"async dispatch: delivery handled","message_id":"inv_01m2qgjj3vwd3dvejw0366xctj.g50","sequence":171,"delivery_count":1,"outcome":"Completed { status: \"succeeded\" }","target":"tachyon_serverless_application::services::invoke_async::dispatch"}
{"timestamp":"2026-09-17T11:04:07.380774Z","level":"INFO","message":"asynchronous invocation accepted","invocation_id":"inv_01m2qgkge1x3gqmazr4kj39z90","tenant_id":"tn_01hzzzzzzzzzzzzzzzzzzzzzza","revision_id":"rev_01m2qghysge0zvjjchgr5edg20","input_bytes":4128,"input_storage":"object","target":"tachyon_serverless_application::services::invoke_async"}
{"timestamp":"2026-09-17T11:04:07.387077Z","level":"INFO","message":"asynchronous run claimed","invocation_id":"inv_01m2qgkge1x3gqmazr4kj39z90","attempt":1,"generation":0,"delivery_count":1,"target":"tachyon_serverless_application::services::invoke_async::dispatch"}
{"timestamp":"2026-09-17T11:04:07.467077Z","level":"INFO","message":"asynchronous invocation accepted","invocation_id":"inv_01m2qgkgh96qwn9s3aej3cnaqz","tenant_id":"tn_01hzzzzzzzzzzzzzzzzzzzzzza","revision_id":"rev_01m2qgj05yr5k5pw4b00fz6pbv","input_bytes":191,"input_storage":"inline","target":"tachyon_serverless_application::services::invoke_async"}
{"timestamp":"2026-09-17T11:04:07.467195Z","level":"INFO","message":"webhook trigger fired","trigger_id":"trg_01m2qgj1zzyam2g41wf60ns8wm","event_id":"evt-post-w1","invocation_id":"inv_01m2qgkgh96qwn9s3aej3cnaqz","revision_id":"rev_01m2qgj05yr5k5pw4b00fz6pbv","replayed":false,"target":"tachyon_serverless_application::services::triggers"}
{"timestamp":"2026-09-17T11:04:07.624507Z","level":"INFO","message":"bridge spawned","environment_id":"env_01m2qgkgamvdxwpmt9f137h6hb","pid":91822,"target":"tachyon_serverless_provider_process"}
{"timestamp":"2026-09-17T11:04:07.648456Z","level":"INFO","message":"invocation finished","invocation_id":"inv_01m2qgkga336yy1a3mhg4yth3c","status":"succeeded (async run)","handler_ms":1,"environment_boot_ms":9,"runtime_init_ms":11,"target":"tachyon_serverless_application::services::invoke"}
{"timestamp":"2026-09-17T11:04:07.650466Z","level":"INFO","message":"terminating bridge","environment_id":"env_01m2qgkgamvdxwpmt9f137h6hb","pid":91822,"reason":"Completed","graceful":true,"target":"tachyon_serverless_provider_process"}
{"timestamp":"2026-09-17T11:04:07.655956Z","level":"INFO","message":"asynchronous invocation settled","invocation_id":"inv_01m2qgkga336yy1a3mhg4yth3c","status":"succeeded","target":"tachyon_serverless_application::services::invoke_async::dispatch"}
{"timestamp":"2026-09-17T11:04:07.660780Z","level":"INFO","message":"async dispatch: delivery handled","message_id":"inv_01m2qgkga336yy1a3mhg4yth3c","sequence":172,"delivery_count":1,"outcome":"Completed { status: \"succeeded\" }","target":"tachyon_serverless_application::services::invoke_async::dispatch"}
{"timestamp":"2026-09-17T11:04:07.664575Z","level":"INFO","message":"asynchronous run claimed","invocation_id":"inv_01m2qgkgh96qwn9s3aej3cnaqz","attempt":1,"generation":0,"delivery_count":1,"target":"tachyon_serverless_application::services::invoke_async::dispatch"}
{"timestamp":"2026-09-17T11:04:07.765075Z","level":"INFO","message":"bridge spawned","environment_id":"env_01m2qgkgeydtmyrr9a0xsxxev1","pid":91827,"target":"tachyon_serverless_provider_process"}
{"timestamp":"2026-09-17T11:04:07.799519Z","level":"INFO","message":"invocation finished","invocation_id":"inv_01m2qgkge1x3gqmazr4kj39z90","status":"succeeded (async run)","handler_ms":3,"environment_boot_ms":11,"runtime_init_ms":19,"target":"tachyon_serverless_application::services::invoke"}
{"timestamp":"2026-09-17T11:04:07.801482Z","level":"INFO","message":"terminating bridge","environment_id":"env_01m2qgkgeydtmyrr9a0xsxxev1","pid":91827,"reason":"Completed","graceful":true,"target":"tachyon_serverless_provider_process"}
{"timestamp":"2026-09-17T11:04:07.809637Z","level":"INFO","message":"asynchronous invocation settled","invocation_id":"inv_01m2qgkge1x3gqmazr4kj39z90","status":"succeeded","target":"tachyon_serverless_application::services::invoke_async::dispatch"}
{"timestamp":"2026-09-17T11:04:07.815728Z","level":"INFO","message":"async dispatch: delivery handled","message_id":"inv_01m2qgkge1x3gqmazr4kj39z90","sequence":173,"delivery_count":1,"outcome":"Completed { status: \"succeeded\" }","target":"tachyon_serverless_application::services::invoke_async::dispatch"}
{"timestamp":"2026-09-17T11:04:07.881488Z","level":"INFO","message":"bridge spawned","environment_id":"env_01m2qgkgjs04ysck7kqcbtftgv","pid":91830,"target":"tachyon_serverless_provider_process"}
{"timestamp":"2026-09-17T11:04:07.909322Z","level":"INFO","message":"invocation finished","invocation_id":"inv_01m2qgkgjs5tgq8sqc5evc2tvw","status":"succeeded","handler_ms":1,"environment_boot_ms":13,"runtime_init_ms":14,"target":"tachyon_serverless_application::services::invoke"}
{"timestamp":"2026-09-17T11:04:07.911544Z","level":"INFO","message":"terminating bridge","environment_id":"env_01m2qgkgjs04ysck7kqcbtftgv","pid":91830,"reason":"Completed","graceful":true,"target":"tachyon_serverless_provider_process"}
{"timestamp":"2026-09-17T11:04:08.006202Z","level":"INFO","message":"asynchronous invocation accepted","invocation_id":"inv_01m2qgkh24359k7my0daa05389","tenant_id":"tn_01hzzzzzzzzzzzzzzzzzzzzzza","revision_id":"rev_01m2qgj05yr5k5pw4b00fz6pbv","input_bytes":180,"input_storage":"inline","target":"tachyon_serverless_application::services::invoke_async"}
{"timestamp":"2026-09-17T11:04:08.006287Z","level":"INFO","message":"cron trigger fired","trigger_id":"trg_01m2qgj1z1vdjyvet9zq76f02k","scheduled_at":"2026-09-17T11:04:08Z","invocation_id":"inv_01m2qgkh24359k7my0daa05389","revision_id":"rev_01m2qgj05yr5k5pw4b00fz6pbv","replayed":false,"target":"tachyon_serverless_application::services::triggers"}
{"timestamp":"2026-09-17T11:04:08.017021Z","level":"INFO","message":"asynchronous run claimed","invocation_id":"inv_01m2qgkh24359k7my0daa05389","attempt":1,"generation":0,"delivery_count":1,"target":"tachyon_serverless_application::services::invoke_async::dispatch"}
{"timestamp":"2026-09-17T11:04:08.030575Z","level":"INFO","message":"bridge spawned","environment_id":"env_01m2qgkgqgk0fsn3ntfqj6zj8v","pid":91847,"target":"tachyon_serverless_provider_process"}
{"timestamp":"2026-09-17T11:04:08.057015Z","level":"INFO","message":"invocation finished","invocation_id":"inv_01m2qgkgh96qwn9s3aej3cnaqz","status":"succeeded (async run)","handler_ms":1,"environment_boot_ms":10,"runtime_init_ms":12,"target":"tachyon_serverless_application::services::invoke"}
{"timestamp":"2026-09-17T11:04:08.058095Z","level":"INFO","message":"terminating bridge","environment_id":"env_01m2qgkgqgk0fsn3ntfqj6zj8v","pid":91847,"reason":"Completed","graceful":true,"target":"tachyon_serverless_provider_process"}
{"timestamp":"2026-09-17T11:04:08.060157Z","level":"INFO","message":"asynchronous invocation accepted","invocation_id":"inv_01m2qgkh3tzdac8pxsjemdmaa8","tenant_id":"tn_01hzzzzzzzzzzzzzzzzzzzzzza","revision_id":"rev_01m2qghysge0zvjjchgr5edg20","input_bytes":48,"input_storage":"inline","target":"tachyon_serverless_application::services::invoke_async"}
{"timestamp":"2026-09-17T11:04:08.069614Z","level":"INFO","message":"asynchronous invocation settled","invocation_id":"inv_01m2qgkgh96qwn9s3aej3cnaqz","status":"succeeded","target":"tachyon_serverless_application::services::invoke_async::dispatch"}
{"timestamp":"2026-09-17T11:04:08.075281Z","level":"INFO","message":"async dispatch: delivery handled","message_id":"inv_01m2qgkgh96qwn9s3aej3cnaqz","sequence":174,"delivery_count":1,"outcome":"Completed { status: \"succeeded\" }","target":"tachyon_serverless_application::services::invoke_async::dispatch"}
{"timestamp":"2026-09-17T11:04:08.076925Z","level":"INFO","message":"asynchronous run claimed","invocation_id":"inv_01m2qgkh3tzdac8pxsjemdmaa8","attempt":1,"generation":0,"delivery_count":1,"target":"tachyon_serverless_application::services::invoke_async::dispatch"}
{"timestamp":"2026-09-17T11:04:08.220426Z","level":"INFO","message":"asynchronous invocation accepted","invocation_id":"inv_01m2qgkh88t634jcsryzjkd4pk","tenant_id":"tn_01hzzzzzzzzzzzzzzzzzzzzzza","revision_id":"rev_01m2qghysge0zvjjchgr5edg20","input_bytes":4128,"input_storage":"object","target":"tachyon_serverless_application::services::invoke_async"}
{"timestamp":"2026-09-17T11:04:08.309083Z","level":"INFO","message":"object retention pass","report":"GcReport { examined: 2, collected_expired: 0, collected_orphans: 0, kept_in_use: 0, kept_referenced: 2, incomplete_removed: 0, tombstones_purged: 0, failed: 0 }","target":"tachyon_serverless_gateway"}
{"timestamp":"2026-09-17T11:04:08.318715Z","level":"INFO","message":"asynchronous invocation accepted","invocation_id":"inv_01m2qgkhbx3zws9ep94caeazep","tenant_id":"tn_01hzzzzzzzzzzzzzzzzzzzzzza","revision_id":"rev_01m2qgj05yr5k5pw4b00fz6pbv","input_bytes":191,"input_storage":"inline","target":"tachyon_serverless_application::services::invoke_async"}
{"timestamp":"2026-09-17T11:04:08.318788Z","level":"INFO","message":"webhook trigger fired","trigger_id":"trg_01m2qgj1zzyam2g41wf60ns8wm","event_id":"evt-post-w2","invocation_id":"inv_01m2qgkhbx3zws9ep94caeazep","revision_id":"rev_01m2qgj05yr5k5pw4b00fz6pbv","replayed":false,"target":"tachyon_serverless_application::services::triggers"}
{"timestamp":"2026-09-17T11:04:08.386106Z","level":"INFO","message":"bridge spawned","environment_id":"env_01m2qgkh2hbnt9rtnf1dcc75j1","pid":91908,"target":"tachyon_serverless_provider_process"}
{"timestamp":"2026-09-17T11:04:08.412380Z","level":"INFO","message":"invocation finished","invocation_id":"inv_01m2qgkh24359k7my0daa05389","status":"succeeded (async run)","handler_ms":1,"environment_boot_ms":11,"runtime_init_ms":14,"target":"tachyon_serverless_application::services::invoke"}
{"timestamp":"2026-09-17T11:04:08.414301Z","level":"INFO","message":"terminating bridge","environment_id":"env_01m2qgkh2hbnt9rtnf1dcc75j1","pid":91908,"reason":"Completed","graceful":true,"target":"tachyon_serverless_provider_process"}
{"timestamp":"2026-09-17T11:04:08.426619Z","level":"INFO","message":"asynchronous invocation settled","invocation_id":"inv_01m2qgkh24359k7my0daa05389","status":"succeeded","target":"tachyon_serverless_application::services::invoke_async::dispatch"}
{"timestamp":"2026-09-17T11:04:08.433116Z","level":"INFO","message":"async dispatch: delivery handled","message_id":"inv_01m2qgkh24359k7my0daa05389","sequence":175,"delivery_count":1,"outcome":"Completed { status: \"succeeded\" }","target":"tachyon_serverless_application::services::invoke_async::dispatch"}
{"timestamp":"2026-09-17T11:04:08.438837Z","level":"INFO","message":"asynchronous run claimed","invocation_id":"inv_01m2qgkh88t634jcsryzjkd4pk","attempt":1,"generation":0,"delivery_count":1,"target":"tachyon_serverless_application::services::invoke_async::dispatch"}
{"timestamp":"2026-09-17T11:04:08.453873Z","level":"INFO","message":"bridge spawned","environment_id":"env_01m2qgkh4dezv17zk175kf8nqy","pid":91910,"target":"tachyon_serverless_provider_process"}
{"timestamp":"2026-09-17T11:04:08.488771Z","level":"INFO","message":"invocation finished","invocation_id":"inv_01m2qgkh3tzdac8pxsjemdmaa8","status":"succeeded (async run)","handler_ms":2,"environment_boot_ms":19,"runtime_init_ms":15,"target":"tachyon_serverless_application::services::invoke"}
{"timestamp":"2026-09-17T11:04:08.490762Z","level":"INFO","message":"terminating bridge","environment_id":"env_01m2qgkh4dezv17zk175kf8nqy","pid":91910,"reason":"Completed","graceful":true,"target":"tachyon_serverless_provider_process"}
{"timestamp":"2026-09-17T11:04:08.498400Z","level":"INFO","message":"asynchronous invocation settled","invocation_id":"inv_01m2qgkh3tzdac8pxsjemdmaa8","status":"succeeded","target":"tachyon_serverless_application::services::invoke_async::dispatch"}
{"timestamp":"2026-09-17T11:04:08.504280Z","level":"INFO","message":"async dispatch: delivery handled","message_id":"inv_01m2qgkh3tzdac8pxsjemdmaa8","sequence":176,"delivery_count":1,"outcome":"Completed { status: \"succeeded\" }","target":"tachyon_serverless_application::services::invoke_async::dispatch"}
{"timestamp":"2026-09-17T11:04:08.505793Z","level":"INFO","message":"asynchronous run claimed","invocation_id":"inv_01m2qgkhbx3zws9ep94caeazep","attempt":1,"generation":0,"delivery_count":1,"target":"tachyon_serverless_application::services::invoke_async::dispatch"}
{"timestamp":"2026-09-17T11:04:08.812390Z","level":"INFO","message":"bridge spawned","environment_id":"env_01m2qgkhftvcg9q2x3x307xr96","pid":91912,"target":"tachyon_serverless_provider_process"}
{"timestamp":"2026-09-17T11:04:08.840547Z","level":"INFO","message":"invocation finished","invocation_id":"inv_01m2qgkh88t634jcsryzjkd4pk","status":"succeeded (async run)","handler_ms":2,"environment_boot_ms":10,"runtime_init_ms":13,"target":"tachyon_serverless_application::services::invoke"}
{"timestamp":"2026-09-17T11:04:08.842565Z","level":"INFO","message":"terminating bridge","environment_id":"env_01m2qgkhftvcg9q2x3x307xr96","pid":91912,"reason":"Completed","graceful":true,"target":"tachyon_serverless_provider_process"}
{"timestamp":"2026-09-17T11:04:08.849326Z","level":"INFO","message":"asynchronous invocation settled","invocation_id":"inv_01m2qgkh88t634jcsryzjkd4pk","status":"succeeded","target":"tachyon_serverless_application::services::invoke_async::dispatch"}
{"timestamp":"2026-09-17T11:04:08.855822Z","level":"INFO","message":"async dispatch: delivery handled","message_id":"inv_01m2qgkh88t634jcsryzjkd4pk","sequence":177,"delivery_count":1,"outcome":"Completed { status: \"succeeded\" }","target":"tachyon_serverless_application::services::invoke_async::dispatch"}
{"timestamp":"2026-09-17T11:04:08.865662Z","level":"INFO","message":"bridge spawned","environment_id":"env_01m2qgkhht75smk31xw1pcyqe9","pid":91914,"target":"tachyon_serverless_provider_process"}
{"timestamp":"2026-09-17T11:04:08.891749Z","level":"INFO","message":"invocation finished","invocation_id":"inv_01m2qgkhbx3zws9ep94caeazep","status":"succeeded (async run)","handler_ms":1,"environment_boot_ms":9,"runtime_init_ms":13,"target":"tachyon_serverless_application::services::invoke"}
{"timestamp":"2026-09-17T11:04:08.893688Z","level":"INFO","message":"terminating bridge","environment_id":"env_01m2qgkhht75smk31xw1pcyqe9","pid":91914,"reason":"Completed","graceful":true,"target":"tachyon_serverless_provider_process"}
{"timestamp":"2026-09-17T11:04:08.899605Z","level":"INFO","message":"asynchronous invocation settled","invocation_id":"inv_01m2qgkhbx3zws9ep94caeazep","status":"succeeded","target":"tachyon_serverless_application::services::invoke_async::dispatch"}
{"timestamp":"2026-09-17T11:04:08.905732Z","level":"INFO","message":"async dispatch: delivery handled","message_id":"inv_01m2qgkhbx3zws9ep94caeazep","sequence":178,"delivery_count":1,"outcome":"Completed { status: \"succeeded\" }","target":"tachyon_serverless_application::services::invoke_async::dispatch"}
{"timestamp":"2026-09-17T11:04:10.003821Z","level":"INFO","message":"asynchronous invocation accepted","invocation_id":"inv_01m2qgkk0kyqdznarfjs2q9rff","tenant_id":"tn_01hzzzzzzzzzzzzzzzzzzzzzza","revision_id":"rev_01m2qgj05yr5k5pw4b00fz6pbv","input_bytes":180,"input_storage":"inline","target":"tachyon_serverless_application::services::invoke_async"}
{"timestamp":"2026-09-17T11:04:10.003877Z","level":"INFO","message":"cron trigger fired","trigger_id":"trg_01m2qgj1z1vdjyvet9zq76f02k","scheduled_at":"2026-09-17T11:04:10Z","invocation_id":"inv_01m2qgkk0kyqdznarfjs2q9rff","revision_id":"rev_01m2qgj05yr5k5pw4b00fz6pbv","replayed":false,"target":"tachyon_serverless_application::services::triggers"}
{"timestamp":"2026-09-17T11:04:10.015472Z","level":"INFO","message":"asynchronous run claimed","invocation_id":"inv_01m2qgkk0kyqdznarfjs2q9rff","attempt":1,"generation":0,"delivery_count":1,"target":"tachyon_serverless_application::services::invoke_async::dispatch"}
{"timestamp":"2026-09-17T11:04:10.267010Z","level":"INFO","message":"bridge spawned","environment_id":"env_01m2qgkk0zjbqvgahz01ceysms","pid":91917,"target":"tachyon_serverless_provider_process"}
{"timestamp":"2026-09-17T11:04:10.283353Z","level":"INFO","message":"invocation finished","invocation_id":"inv_01m2qgkk0kyqdznarfjs2q9rff","status":"succeeded (async run)","handler_ms":0,"environment_boot_ms":6,"runtime_init_ms":7,"target":"tachyon_serverless_application::services::invoke"}
{"timestamp":"2026-09-17T11:04:10.285128Z","level":"INFO","message":"terminating bridge","environment_id":"env_01m2qgkk0zjbqvgahz01ceysms","pid":91917,"reason":"Completed","graceful":true,"target":"tachyon_serverless_provider_process"}
{"timestamp":"2026-09-17T11:04:10.289085Z","level":"INFO","message":"asynchronous invocation settled","invocation_id":"inv_01m2qgkk0kyqdznarfjs2q9rff","status":"succeeded","target":"tachyon_serverless_application::services::invoke_async::dispatch"}
{"timestamp":"2026-09-17T11:04:10.294132Z","level":"INFO","message":"async dispatch: delivery handled","message_id":"inv_01m2qgkk0kyqdznarfjs2q9rff","sequence":179,"delivery_count":1,"outcome":"Completed { status: \"succeeded\" }","target":"tachyon_serverless_application::services::invoke_async::dispatch"}
{"timestamp":"2026-09-17T11:04:10.307454Z","level":"INFO","message":"object retention pass","report":"GcReport { examined: 2, collected_expired: 0, collected_orphans: 0, kept_in_use: 0, kept_referenced: 2, incomplete_removed: 0, tombstones_purged: 0, failed: 0 }","target":"tachyon_serverless_gateway"}
{"timestamp":"2026-09-17T11:04:12.004719Z","level":"INFO","message":"asynchronous invocation accepted","invocation_id":"inv_01m2qgkmz30r5qw66h7ytxy92e","tenant_id":"tn_01hzzzzzzzzzzzzzzzzzzzzzza","revision_id":"rev_01m2qgj05yr5k5pw4b00fz6pbv","input_bytes":180,"input_storage":"inline","target":"tachyon_serverless_application::services::invoke_async"}
{"timestamp":"2026-09-17T11:04:12.004768Z","level":"INFO","message":"cron trigger fired","trigger_id":"trg_01m2qgj1z1vdjyvet9zq76f02k","scheduled_at":"2026-09-17T11:04:12Z","invocation_id":"inv_01m2qgkmz30r5qw66h7ytxy92e","revision_id":"rev_01m2qgj05yr5k5pw4b00fz6pbv","replayed":false,"target":"tachyon_serverless_application::services::triggers"}
{"timestamp":"2026-09-17T11:04:12.018346Z","level":"INFO","message":"asynchronous run claimed","invocation_id":"inv_01m2qgkmz30r5qw66h7ytxy92e","attempt":1,"generation":0,"delivery_count":1,"target":"tachyon_serverless_application::services::invoke_async::dispatch"}
{"timestamp":"2026-09-17T11:04:12.271342Z","level":"INFO","message":"bridge spawned","environment_id":"env_01m2qgkmzjk12f0rayn1cxbp68","pid":91932,"target":"tachyon_serverless_provider_process"}
{"timestamp":"2026-09-17T11:04:12.287073Z","level":"INFO","message":"invocation finished","invocation_id":"inv_01m2qgkmz30r5qw66h7ytxy92e","status":"succeeded (async run)","handler_ms":0,"environment_boot_ms":6,"runtime_init_ms":7,"target":"tachyon_serverless_application::services::invoke"}
{"timestamp":"2026-09-17T11:04:12.288812Z","level":"INFO","message":"terminating bridge","environment_id":"env_01m2qgkmzjk12f0rayn1cxbp68","pid":91932,"reason":"Completed","graceful":true,"target":"tachyon_serverless_provider_process"}
{"timestamp":"2026-09-17T11:04:12.292650Z","level":"INFO","message":"asynchronous invocation settled","invocation_id":"inv_01m2qgkmz30r5qw66h7ytxy92e","status":"succeeded","target":"tachyon_serverless_application::services::invoke_async::dispatch"}
{"timestamp":"2026-09-17T11:04:12.299328Z","level":"INFO","message":"async dispatch: delivery handled","message_id":"inv_01m2qgkmz30r5qw66h7ytxy92e","sequence":180,"delivery_count":1,"outcome":"Completed { status: \"succeeded\" }","target":"tachyon_serverless_application::services::invoke_async::dispatch"}
{"timestamp":"2026-09-17T11:04:12.306238Z","level":"INFO","message":"object retention pass","report":"GcReport { examined: 2, collected_expired: 0, collected_orphans: 0, kept_in_use: 0, kept_referenced: 2, incomplete_removed: 0, tombstones_purged: 0, failed: 0 }","target":"tachyon_serverless_gateway"}
{"timestamp":"2026-09-17T11:04:13.471692Z","level":"INFO","message":"trigger updated","trigger_id":"trg_01m2qgj1z1vdjyvet9zq76f02k","generation":2,"status":"disabled","next_fire_at":"None","rotated_secret":false,"target":"tachyon_serverless_application::services::triggers"}
{"timestamp":"2026-09-17T11:04:14.308923Z","level":"INFO","message":"object retention pass","report":"GcReport { examined: 4, collected_expired: 0, collected_orphans: 0, kept_in_use: 0, kept_referenced: 4, incomplete_removed: 0, tombstones_purged: 0, failed: 0 }","target":"tachyon_serverless_gateway"}
{"timestamp":"2026-09-17T11:04:16.032346Z","level":"INFO","message":"SIGTERM received","target":"tachyon_serverless_gateway"}
{"timestamp":"2026-09-17T11:04:16.032434Z","level":"INFO","message":"shutdown requested; cancelling in-flight invocations","target":"tachyon_serverless_gateway"}
{"timestamp":"2026-09-17T11:04:16.032986Z","level":"INFO","message":"final usage collection","report":"CollectReport { batches: 0, read: 0, inserted: 0, duplicates: 0, cursor_seq: 130 }","target":"tachyon_serverless_gateway"}
{"timestamp":"2026-09-17T11:04:16.035266Z","level":"INFO","message":"gateway stopped","target":"tachyon_serverless_gateway"}
{"timestamp":"2026-09-17T11:04:16.035572Z","level":"INFO","message":"event: closed","target":"async_nats"}
