
===== a start (failpoints: none) 18:26:38 =====
{"timestamp":"2026-09-17T18:26:39.006344Z","level":"INFO","message":"configuration loaded","config":"/private/var/folders/z7/khzdjrt95cg_fcmcnh4j1b5h0000gn/T/tsls-chaos.bLnQUP/gw-a.toml","target":"tachyon_serverless_gateway"}
{"timestamp":"2026-09-17T18:26:39.008420Z","level":"INFO","message":"connected successfully","server":"51746","max_payload":"1048576","target":"async_nats::connector"}
{"timestamp":"2026-09-17T18:26:39.008505Z","level":"INFO","message":"event: connected","target":"async_nats"}
{"timestamp":"2026-09-17T18:26:39.022288Z","level":"INFO","message":"JetStream queue connected and stream bootstrapped","url":"nats://127.0.0.1:51746","stream":"TACHYON_EVENTS","target":"tachyon_serverless_gateway::durable"}
{"timestamp":"2026-09-17T18:26:39.028234Z","level":"INFO","message":"state store opened","path":"/private/var/folders/z7/khzdjrt95cg_fcmcnh4j1b5h0000gn/T/tsls-chaos.bLnQUP/data/state.db","schema_version":8,"migrations_applied":"[1, 2, 3, 4, 5, 6, 7, 8]","imported_state_json":"None","settled_invocations":0,"settled_attempts":0,"settled_environments":0,"released_leases":0,"dropped_idempotency_keys":0,"purged_idempotency_keys":0,"outputs_purged":0,"target":"tachyon_serverless_application::app"}
{"timestamp":"2026-09-17T18:26:39.030454Z","level":"INFO","message":"log store opened","path":"/private/var/folders/z7/khzdjrt95cg_fcmcnh4j1b5h0000gn/T/tsls-chaos.bLnQUP/data/logs/logs.db","healthy":true,"retention_seconds":604800,"max_total_bytes":1073741824,"target":"tachyon_serverless_application::app"}
{"timestamp":"2026-09-17T18:26:39.030673Z","level":"INFO","message":"dispatcher registered","dispatcher_id":"dsp_01m2r9xsspnp820rjx3yfyde6w","instance":"chaos-a","pid":59428,"lease_ttl_seconds":6,"target":"tachyon_serverless_application::services::dispatcher"}
{"timestamp":"2026-09-17T18:26:39.034294Z","level":"INFO","message":"application bootstrapped","profile":"dev","provider":"process","dev_only":true,"environment_reuse":false,"reuse_verified":false,"reuse_reason":"[pool] enabled is false","reuse_disabled":"Some(Configuration)","idle_quiesce":"unsupported","idle_resume":"unsupported","data_dir":"/private/var/folders/z7/khzdjrt95cg_fcmcnh4j1b5h0000gn/T/tsls-chaos.bLnQUP/data","store":"sqlite","dispatcher_id":"dsp_01m2r9xsspnp820rjx3yfyde6w","node":"local","node_region":"none","node_memory_mib":"None","max_concurrency":8,"queue":"nats","objects":"filesystem","invoke_async":true,"triggers":true,"target":"tachyon_serverless_application::app"}
{"timestamp":"2026-09-17T18:26:39.034466Z","level":"INFO","message":"startup reconcile finished","provider":"process","found":0,"adopted":0,"terminated":0,"disowned":0,"failed":0,"lost":0,"foreign":0,"reclaimed_dispatchers":0,"fenced_terminated":0,"fenced_pending":0,"target":"tachyon_serverless_application::services::reconcile"}
{"timestamp":"2026-09-17T18:26:39.034519Z","level":"INFO","message":"gateway listening","addr":"127.0.0.1:51750","profile":"dev","provider":"process","target":"tachyon_serverless_gateway"}
{"timestamp":"2026-09-17T18:26:39.035583Z","level":"INFO","message":"asynchronous dispatcher started","workers":2,"owner":"dsp_01m2r9xsspnp820rjx3yfyde6w","target":"tachyon_serverless_gateway"}
{"timestamp":"2026-09-17T18:26:39.783138Z","level":"INFO","message":"revision ready","revision_id":"rev_01m2r9xtcgyks4w7mg3cg66s29","function_id":"fn_01m2r9xt23wnkavyep0604xa5w","target":"tachyon_serverless_application::services::revision"}
{"timestamp":"2026-09-17T18:26:40.277753Z","level":"INFO","message":"revision ready","revision_id":"rev_01m2r9xtwc2kmshczn6wd6rvxg","function_id":"fn_01m2r9xtjpewf17mag4ya0bjdt","target":"tachyon_serverless_application::services::revision"}
{"timestamp":"2026-09-17T18:26:40.768236Z","level":"INFO","message":"revision ready","revision_id":"rev_01m2r9xvbnph5v29dd9g643s91","function_id":"fn_01m2r9xv1yd6rg8jxm3rxmbtf0","target":"tachyon_serverless_application::services::revision"}
{"timestamp":"2026-09-17T18:26:40.811629Z","level":"INFO","message":"trigger created","trigger_id":"trg_01m2r9xvhbzze7q5ew24jayde7","function_id":"fn_01m2r9xtjpewf17mag4ya0bjdt","kind":"cron","enabled":true,"next_fire_at":"Some(2026-09-17T18:26:42Z)","target":"tachyon_serverless_application::services::triggers"}
{"timestamp":"2026-09-17T18:26:40.822528Z","level":"INFO","message":"trigger created","trigger_id":"trg_01m2r9xvhpexzd8c04bn7bs9vy","function_id":"fn_01m2r9xtjpewf17mag4ya0bjdt","kind":"webhook","enabled":true,"next_fire_at":"None","target":"tachyon_serverless_application::services::triggers"}
{"timestamp":"2026-09-17T18:26:40.980559Z","level":"INFO","message":"bridge spawned","environment_id":"env_01m2r9xvjbyq0f8fzwq4t8q0j9","pid":59687,"target":"tachyon_serverless_provider_process"}
{"timestamp":"2026-09-17T18:26:41.144493Z","level":"INFO","message":"invocation finished","invocation_id":"inv_01m2r9xvjae2yjpzjggexr21x5","status":"succeeded","handler_ms":0,"environment_boot_ms":4,"runtime_init_ms":158,"target":"tachyon_serverless_application::services::invoke"}
{"timestamp":"2026-09-17T18:26:41.146022Z","level":"INFO","message":"terminating bridge","environment_id":"env_01m2r9xvjbyq0f8fzwq4t8q0j9","pid":59687,"reason":"Completed","graceful":true,"target":"tachyon_serverless_provider_process"}
{"timestamp":"2026-09-17T18:26:41.194025Z","level":"INFO","message":"asynchronous invocation accepted","invocation_id":"inv_01m2r9xvx9qdf5r4d8vekgh9ks","tenant_id":"tn_01hzzzzzzzzzzzzzzzzzzzzzza","revision_id":"rev_01m2r9xtcgyks4w7mg3cg66s29","input_bytes":47,"input_storage":"inline","target":"tachyon_serverless_application::services::invoke_async"}
{"timestamp":"2026-09-17T18:26:41.203798Z","level":"INFO","message":"asynchronous run claimed","invocation_id":"inv_01m2r9xvx9qdf5r4d8vekgh9ks","attempt":1,"generation":0,"delivery_count":1,"target":"tachyon_serverless_application::services::invoke_async::dispatch"}
{"timestamp":"2026-09-17T18:26:41.258481Z","level":"INFO","message":"asynchronous invocation accepted","invocation_id":"inv_01m2r9xvyv0rrrnchvfymxm9tf","tenant_id":"tn_01hzzzzzzzzzzzzzzzzzzzzzza","revision_id":"rev_01m2r9xtcgyks4w7mg3cg66s29","input_bytes":4127,"input_storage":"object","target":"tachyon_serverless_application::services::invoke_async"}
{"timestamp":"2026-09-17T18:26:41.263653Z","level":"INFO","message":"asynchronous run claimed","invocation_id":"inv_01m2r9xvyv0rrrnchvfymxm9tf","attempt":1,"generation":0,"delivery_count":1,"target":"tachyon_serverless_application::services::invoke_async::dispatch"}
{"timestamp":"2026-09-17T18:26:41.294398Z","level":"INFO","message":"asynchronous invocation accepted","invocation_id":"inv_01m2r9xw0d27km4nwg7ms8kxt6","tenant_id":"tn_01hzzzzzzzzzzzzzzzzzzzzzza","revision_id":"rev_01m2r9xtwc2kmshczn6wd6rvxg","input_bytes":189,"input_storage":"inline","target":"tachyon_serverless_application::services::invoke_async"}
{"timestamp":"2026-09-17T18:26:41.294440Z","level":"INFO","message":"webhook trigger fired","trigger_id":"trg_01m2r9xvhpexzd8c04bn7bs9vy","event_id":"evt-pre-w1","invocation_id":"inv_01m2r9xw0d27km4nwg7ms8kxt6","revision_id":"rev_01m2r9xtwc2kmshczn6wd6rvxg","replayed":false,"target":"tachyon_serverless_application::services::triggers"}
{"timestamp":"2026-09-17T18:26:41.359927Z","level":"INFO","message":"bridge spawned","environment_id":"env_01m2r9xvxmcrz9ckwb5n2wh39j","pid":59763,"target":"tachyon_serverless_provider_process"}
{"timestamp":"2026-09-17T18:26:41.416891Z","level":"INFO","message":"bridge spawned","environment_id":"env_01m2r9xvzh5ahhsargx1m0mzjm","pid":59765,"target":"tachyon_serverless_provider_process"}
{"timestamp":"2026-09-17T18:26:41.458875Z","level":"INFO","message":"bridge spawned","environment_id":"env_01m2r9xw0z34efrba42jzfydwb","pid":59767,"target":"tachyon_serverless_provider_process"}
{"timestamp":"2026-09-17T18:26:41.470191Z","level":"INFO","message":"invocation finished","invocation_id":"inv_01m2r9xw0z90m0t29d77d1ep8a","status":"succeeded","handler_ms":0,"environment_boot_ms":4,"runtime_init_ms":5,"target":"tachyon_serverless_application::services::invoke"}
{"timestamp":"2026-09-17T18:26:41.471741Z","level":"INFO","message":"terminating bridge","environment_id":"env_01m2r9xw0z34efrba42jzfydwb","pid":59767,"reason":"Completed","graceful":true,"target":"tachyon_serverless_provider_process"}
{"timestamp":"2026-09-17T18:26:41.523923Z","level":"INFO","message":"invocation finished","invocation_id":"inv_01m2r9xvyv0rrrnchvfymxm9tf","status":"succeeded (async run)","handler_ms":1,"environment_boot_ms":3,"runtime_init_ms":100,"target":"tachyon_serverless_application::services::invoke"}
{"timestamp":"2026-09-17T18:26:41.524377Z","level":"INFO","message":"asynchronous invocation accepted","invocation_id":"inv_01m2r9xw7k6t9h4vf2e1r4asxn","tenant_id":"tn_01hzzzzzzzzzzzzzzzzzzzzzza","revision_id":"rev_01m2r9xtcgyks4w7mg3cg66s29","input_bytes":47,"input_storage":"inline","target":"tachyon_serverless_application::services::invoke_async"}
{"timestamp":"2026-09-17T18:26:41.524596Z","level":"INFO","message":"invocation finished","invocation_id":"inv_01m2r9xvx9qdf5r4d8vekgh9ks","status":"succeeded (async run)","handler_ms":1,"environment_boot_ms":6,"runtime_init_ms":156,"target":"tachyon_serverless_application::services::invoke"}
{"timestamp":"2026-09-17T18:26:41.526216Z","level":"INFO","message":"terminating bridge","environment_id":"env_01m2r9xvzh5ahhsargx1m0mzjm","pid":59765,"reason":"Completed","graceful":true,"target":"tachyon_serverless_provider_process"}
{"timestamp":"2026-09-17T18:26:41.526242Z","level":"INFO","message":"terminating bridge","environment_id":"env_01m2r9xvxmcrz9ckwb5n2wh39j","pid":59763,"reason":"Completed","graceful":true,"target":"tachyon_serverless_provider_process"}
{"timestamp":"2026-09-17T18:26:41.533854Z","level":"INFO","message":"asynchronous invocation settled","invocation_id":"inv_01m2r9xvx9qdf5r4d8vekgh9ks","status":"succeeded","target":"tachyon_serverless_application::services::invoke_async::dispatch"}
{"timestamp":"2026-09-17T18:26:41.534314Z","level":"INFO","message":"asynchronous invocation settled","invocation_id":"inv_01m2r9xvyv0rrrnchvfymxm9tf","status":"succeeded","target":"tachyon_serverless_application::services::invoke_async::dispatch"}
{"timestamp":"2026-09-17T18:26:41.538891Z","level":"INFO","message":"async dispatch: delivery handled","message_id":"inv_01m2r9xvx9qdf5r4d8vekgh9ks","sequence":1,"delivery_count":1,"outcome":"Completed { status: \"succeeded\" }","target":"tachyon_serverless_application::services::invoke_async::dispatch"}
{"timestamp":"2026-09-17T18:26:41.549859Z","level":"INFO","message":"async dispatch: delivery handled","message_id":"inv_01m2r9xvyv0rrrnchvfymxm9tf","sequence":2,"delivery_count":1,"outcome":"Completed { status: \"succeeded\" }","target":"tachyon_serverless_application::services::invoke_async::dispatch"}
{"timestamp":"2026-09-17T18:26:41.550425Z","level":"INFO","message":"asynchronous run claimed","invocation_id":"inv_01m2r9xw0d27km4nwg7ms8kxt6","attempt":1,"generation":0,"delivery_count":1,"target":"tachyon_serverless_application::services::invoke_async::dispatch"}
{"timestamp":"2026-09-17T18:26:41.550551Z","level":"INFO","message":"asynchronous run claimed","invocation_id":"inv_01m2r9xw7k6t9h4vf2e1r4asxn","attempt":1,"generation":0,"delivery_count":1,"target":"tachyon_serverless_application::services::invoke_async::dispatch"}
{"timestamp":"2026-09-17T18:26:41.609305Z","level":"INFO","message":"asynchronous invocation accepted","invocation_id":"inv_01m2r9xw9rnee8n98tbp6srg1c","tenant_id":"tn_01hzzzzzzzzzzzzzzzzzzzzzza","revision_id":"rev_01m2r9xtcgyks4w7mg3cg66s29","input_bytes":4127,"input_storage":"object","target":"tachyon_serverless_application::services::invoke_async"}
{"timestamp":"2026-09-17T18:26:41.638343Z","level":"INFO","message":"asynchronous invocation accepted","invocation_id":"inv_01m2r9xwb5nwa60ynad5v9sy48","tenant_id":"tn_01hzzzzzzzzzzzzzzzzzzzzzza","revision_id":"rev_01m2r9xtwc2kmshczn6wd6rvxg","input_bytes":189,"input_storage":"inline","target":"tachyon_serverless_application::services::invoke_async"}
{"timestamp":"2026-09-17T18:26:41.638378Z","level":"INFO","message":"webhook trigger fired","trigger_id":"trg_01m2r9xvhpexzd8c04bn7bs9vy","event_id":"evt-pre-w2","invocation_id":"inv_01m2r9xwb5nwa60ynad5v9sy48","revision_id":"rev_01m2r9xtwc2kmshczn6wd6rvxg","replayed":false,"target":"tachyon_serverless_application::services::triggers"}
{"timestamp":"2026-09-17T18:26:41.700970Z","level":"INFO","message":"bridge spawned","environment_id":"env_01m2r9xw8e1fv0424r11nfxn6a","pid":59841,"target":"tachyon_serverless_provider_process"}
{"timestamp":"2026-09-17T18:26:41.710920Z","level":"INFO","message":"invocation finished","invocation_id":"inv_01m2r9xw0d27km4nwg7ms8kxt6","status":"succeeded (async run)","handler_ms":0,"environment_boot_ms":3,"runtime_init_ms":4,"target":"tachyon_serverless_application::services::invoke"}
{"timestamp":"2026-09-17T18:26:41.712445Z","level":"INFO","message":"terminating bridge","environment_id":"env_01m2r9xw8e1fv0424r11nfxn6a","pid":59841,"reason":"Completed","graceful":true,"target":"tachyon_serverless_provider_process"}
{"timestamp":"2026-09-17T18:26:41.714537Z","level":"INFO","message":"bridge spawned","environment_id":"env_01m2r9xw8eycfnk01stas33mq1","pid":59843,"target":"tachyon_serverless_provider_process"}
{"timestamp":"2026-09-17T18:26:41.715078Z","level":"INFO","message":"asynchronous invocation settled","invocation_id":"inv_01m2r9xw0d27km4nwg7ms8kxt6","status":"succeeded","target":"tachyon_serverless_application::services::invoke_async::dispatch"}
{"timestamp":"2026-09-17T18:26:41.721142Z","level":"INFO","message":"async dispatch: delivery handled","message_id":"inv_01m2r9xw0d27km4nwg7ms8kxt6","sequence":3,"delivery_count":1,"outcome":"Completed { status: \"succeeded\" }","target":"tachyon_serverless_application::services::invoke_async::dispatch"}
{"timestamp":"2026-09-17T18:26:41.721560Z","level":"INFO","message":"asynchronous run claimed","invocation_id":"inv_01m2r9xw9rnee8n98tbp6srg1c","attempt":1,"generation":0,"delivery_count":1,"target":"tachyon_serverless_application::services::invoke_async::dispatch"}
{"timestamp":"2026-09-17T18:26:41.727815Z","level":"INFO","message":"invocation finished","invocation_id":"inv_01m2r9xw7k6t9h4vf2e1r4asxn","status":"succeeded (async run)","handler_ms":0,"environment_boot_ms":3,"runtime_init_ms":8,"target":"tachyon_serverless_application::services::invoke"}
{"timestamp":"2026-09-17T18:26:41.729329Z","level":"INFO","message":"terminating bridge","environment_id":"env_01m2r9xw8eycfnk01stas33mq1","pid":59843,"reason":"Completed","graceful":true,"target":"tachyon_serverless_provider_process"}
{"timestamp":"2026-09-17T18:26:41.732144Z","level":"INFO","message":"asynchronous invocation settled","invocation_id":"inv_01m2r9xw7k6t9h4vf2e1r4asxn","status":"succeeded","target":"tachyon_serverless_application::services::invoke_async::dispatch"}
{"timestamp":"2026-09-17T18:26:41.737815Z","level":"INFO","message":"async dispatch: delivery handled","message_id":"inv_01m2r9xw7k6t9h4vf2e1r4asxn","sequence":4,"delivery_count":1,"outcome":"Completed { status: \"succeeded\" }","target":"tachyon_serverless_application::services::invoke_async::dispatch"}
{"timestamp":"2026-09-17T18:26:41.738682Z","level":"INFO","message":"asynchronous run claimed","invocation_id":"inv_01m2r9xwb5nwa60ynad5v9sy48","attempt":1,"generation":0,"delivery_count":1,"target":"tachyon_serverless_application::services::invoke_async::dispatch"}
{"timestamp":"2026-09-17T18:26:41.805588Z","level":"INFO","message":"bridge spawned","environment_id":"env_01m2r9xwc1nfyv9pxjt2z4k4vs","pid":59846,"target":"tachyon_serverless_provider_process"}
{"timestamp":"2026-09-17T18:26:41.815614Z","level":"INFO","message":"invocation finished","invocation_id":"inv_01m2r9xwc0v33xbc3zmkn9x1g9","status":"succeeded","handler_ms":0,"environment_boot_ms":3,"runtime_init_ms":4,"target":"tachyon_serverless_application::services::invoke"}
{"timestamp":"2026-09-17T18:26:41.817153Z","level":"INFO","message":"terminating bridge","environment_id":"env_01m2r9xwc1nfyv9pxjt2z4k4vs","pid":59846,"reason":"Completed","graceful":true,"target":"tachyon_serverless_provider_process"}
{"timestamp":"2026-09-17T18:26:41.879629Z","level":"INFO","message":"bridge spawned","environment_id":"env_01m2r9xwdtknatx82x1gv0vftj","pid":59868,"target":"tachyon_serverless_provider_process"}
{"timestamp":"2026-09-17T18:26:41.882094Z","level":"INFO","message":"bridge spawned","environment_id":"env_01m2r9xweaw6vbep20xteaf4k5","pid":59869,"target":"tachyon_serverless_provider_process"}
{"timestamp":"2026-09-17T18:26:41.882392Z","level":"INFO","message":"asynchronous invocation accepted","invocation_id":"inv_01m2r9xwjsy4t9vbw82nm88c09","tenant_id":"tn_01hzzzzzzzzzzzzzzzzzzzzzza","revision_id":"rev_01m2r9xtcgyks4w7mg3cg66s29","input_bytes":47,"input_storage":"inline","target":"tachyon_serverless_application::services::invoke_async"}
{"timestamp":"2026-09-17T18:26:41.895741Z","level":"INFO","message":"invocation finished","invocation_id":"inv_01m2r9xwb5nwa60ynad5v9sy48","status":"succeeded (async run)","handler_ms":0,"environment_boot_ms":3,"runtime_init_ms":7,"target":"tachyon_serverless_application::services::invoke"}
{"timestamp":"2026-09-17T18:26:41.896309Z","level":"INFO","message":"terminating bridge","environment_id":"env_01m2r9xweaw6vbep20xteaf4k5","pid":59869,"reason":"Completed","graceful":true,"target":"tachyon_serverless_provider_process"}
{"timestamp":"2026-09-17T18:26:41.896791Z","level":"INFO","message":"invocation finished","invocation_id":"inv_01m2r9xw9rnee8n98tbp6srg1c","status":"succeeded (async run)","handler_ms":1,"environment_boot_ms":4,"runtime_init_ms":10,"target":"tachyon_serverless_application::services::invoke"}
{"timestamp":"2026-09-17T18:26:41.897603Z","level":"INFO","message":"terminating bridge","environment_id":"env_01m2r9xwdtknatx82x1gv0vftj","pid":59868,"reason":"Completed","graceful":true,"target":"tachyon_serverless_provider_process"}
{"timestamp":"2026-09-17T18:26:41.898948Z","level":"INFO","message":"asynchronous invocation settled","invocation_id":"inv_01m2r9xwb5nwa60ynad5v9sy48","status":"succeeded","target":"tachyon_serverless_application::services::invoke_async::dispatch"}
{"timestamp":"2026-09-17T18:26:41.905771Z","level":"INFO","message":"async dispatch: delivery handled","message_id":"inv_01m2r9xwb5nwa60ynad5v9sy48","sequence":6,"delivery_count":1,"outcome":"Completed { status: \"succeeded\" }","target":"tachyon_serverless_application::services::invoke_async::dispatch"}
{"timestamp":"2026-09-17T18:26:41.906367Z","level":"INFO","message":"asynchronous invocation settled","invocation_id":"inv_01m2r9xw9rnee8n98tbp6srg1c","status":"succeeded","target":"tachyon_serverless_application::services::invoke_async::dispatch"}
{"timestamp":"2026-09-17T18:26:41.906634Z","level":"INFO","message":"asynchronous run claimed","invocation_id":"inv_01m2r9xwjsy4t9vbw82nm88c09","attempt":1,"generation":0,"delivery_count":1,"target":"tachyon_serverless_application::services::invoke_async::dispatch"}
{"timestamp":"2026-09-17T18:26:41.912781Z","level":"INFO","message":"async dispatch: delivery handled","message_id":"inv_01m2r9xw9rnee8n98tbp6srg1c","sequence":5,"delivery_count":1,"outcome":"Completed { status: \"succeeded\" }","target":"tachyon_serverless_application::services::invoke_async::dispatch"}
{"timestamp":"2026-09-17T18:26:41.944192Z","level":"INFO","message":"asynchronous invocation accepted","invocation_id":"inv_01m2r9xwm9d9erddk24exc9nn0","tenant_id":"tn_01hzzzzzzzzzzzzzzzzzzzzzza","revision_id":"rev_01m2r9xtcgyks4w7mg3cg66s29","input_bytes":4127,"input_storage":"object","target":"tachyon_serverless_application::services::invoke_async"}
{"timestamp":"2026-09-17T18:26:41.949775Z","level":"INFO","message":"asynchronous run claimed","invocation_id":"inv_01m2r9xwm9d9erddk24exc9nn0","attempt":1,"generation":0,"delivery_count":1,"target":"tachyon_serverless_application::services::invoke_async::dispatch"}
{"timestamp":"2026-09-17T18:26:41.986149Z","level":"INFO","message":"asynchronous invocation accepted","invocation_id":"inv_01m2r9xwp1gcm0sq1rkdhzk409","tenant_id":"tn_01hzzzzzzzzzzzzzzzzzzzzzza","revision_id":"rev_01m2r9xtwc2kmshczn6wd6rvxg","input_bytes":189,"input_storage":"inline","target":"tachyon_serverless_application::services::invoke_async"}
{"timestamp":"2026-09-17T18:26:41.986189Z","level":"INFO","message":"webhook trigger fired","trigger_id":"trg_01m2r9xvhpexzd8c04bn7bs9vy","event_id":"evt-pre-w3","invocation_id":"inv_01m2r9xwp1gcm0sq1rkdhzk409","revision_id":"rev_01m2r9xtwc2kmshczn6wd6rvxg","replayed":false,"target":"tachyon_serverless_application::services::triggers"}
{"timestamp":"2026-09-17T18:26:42.003427Z","level":"INFO","message":"asynchronous invocation accepted","invocation_id":"inv_01m2r9xwpjp2nd8ykpf1dxh0n0","tenant_id":"tn_01hzzzzzzzzzzzzzzzzzzzzzza","revision_id":"rev_01m2r9xtwc2kmshczn6wd6rvxg","input_bytes":180,"input_storage":"inline","target":"tachyon_serverless_application::services::invoke_async"}
{"timestamp":"2026-09-17T18:26:42.003465Z","level":"INFO","message":"cron trigger fired","trigger_id":"trg_01m2r9xvhbzze7q5ew24jayde7","scheduled_at":"2026-09-17T18:26:42Z","invocation_id":"inv_01m2r9xwpjp2nd8ykpf1dxh0n0","revision_id":"rev_01m2r9xtwc2kmshczn6wd6rvxg","replayed":false,"target":"tachyon_serverless_application::services::triggers"}
{"timestamp":"2026-09-17T18:26:42.010212Z","level":"INFO","message":"trigger updated","trigger_id":"trg_01m2r9xvhbzze7q5ew24jayde7","generation":2,"status":"disabled","next_fire_at":"None","rotated_secret":false,"target":"tachyon_serverless_application::services::triggers"}
{"timestamp":"2026-09-17T18:26:42.013065Z","level":"INFO","message":"SIGTERM received","target":"tachyon_serverless_gateway"}
{"timestamp":"2026-09-17T18:26:42.013112Z","level":"INFO","message":"shutdown requested; cancelling in-flight invocations","target":"tachyon_serverless_gateway"}
{"timestamp":"2026-09-17T18:26:42.013145Z","level":"INFO","message":"cancelling in-flight invocations for shutdown","count":2,"target":"tachyon_serverless_application::services::invoke"}
{"timestamp":"2026-09-17T18:26:42.062190Z","level":"INFO","message":"bridge spawned","environment_id":"env_01m2r9xwkj5x14chbgfafs65kh","pid":59936,"target":"tachyon_serverless_provider_process"}
{"timestamp":"2026-09-17T18:26:42.062440Z","level":"INFO","message":"terminating bridge","environment_id":"env_01m2r9xwkj5x14chbgfafs65kh","pid":59936,"reason":"Shutdown","graceful":true,"target":"tachyon_serverless_provider_process"}
{"timestamp":"2026-09-17T18:26:42.104601Z","level":"INFO","message":"asynchronous invocation rescheduled","invocation_id":"inv_01m2r9xwm9d9erddk24exc9nn0","next_attempt_at":"2026-09-17T18:26:42.261299+00:00","counted":false,"error_type":"Host.GatewayShutdown","target":"tachyon_serverless_application::services::invoke_async::dispatch"}
{"timestamp":"2026-09-17T18:26:42.108769Z","level":"INFO","message":"async dispatch: delivery handled","message_id":"inv_01m2r9xwm9d9erddk24exc9nn0","sequence":8,"delivery_count":1,"outcome":"Rescheduled { next_attempt_at: 2026-09-17T18:26:42.261299Z, counted: false }","target":"tachyon_serverless_application::services::invoke_async::dispatch"}
{"timestamp":"2026-09-17T18:26:44.566633Z","level":"INFO","message":"asynchronous invocation rescheduled","invocation_id":"inv_01m2r9xwjsy4t9vbw82nm88c09","next_attempt_at":"2026-09-17T18:26:44.666314+00:00","counted":false,"error_type":"Host.GatewayShutdown","target":"tachyon_serverless_application::services::invoke_async::dispatch"}
{"timestamp":"2026-09-17T18:26:44.571058Z","level":"INFO","message":"async dispatch: delivery handled","message_id":"inv_01m2r9xwjsy4t9vbw82nm88c09","sequence":7,"delivery_count":1,"outcome":"Rescheduled { next_attempt_at: 2026-09-17T18:26:44.666314Z, counted: false }","target":"tachyon_serverless_application::services::invoke_async::dispatch"}
{"timestamp":"2026-09-17T18:26:44.575486Z","level":"INFO","message":"final usage collection","report":"CollectReport { batches: 1, read: 1, inserted: 1, duplicates: 0, cursor_seq: 47 }","target":"tachyon_serverless_gateway"}
{"timestamp":"2026-09-17T18:26:44.576397Z","level":"INFO","message":"gateway stopped","target":"tachyon_serverless_gateway"}
{"timestamp":"2026-09-17T18:26:44.576529Z","level":"INFO","message":"event: closed","target":"async_nats"}

===== a start (failpoints: accept.after_object_put=kill) 18:26:44 =====
{"timestamp":"2026-09-17T18:26:44.627052Z","level":"INFO","message":"configuration loaded","config":"/private/var/folders/z7/khzdjrt95cg_fcmcnh4j1b5h0000gn/T/tsls-chaos.bLnQUP/gw-a.toml","target":"tachyon_serverless_gateway"}
{"timestamp":"2026-09-17T18:26:44.628924Z","level":"INFO","message":"connected successfully","server":"51746","max_payload":"1048576","target":"async_nats::connector"}
{"timestamp":"2026-09-17T18:26:44.629004Z","level":"INFO","message":"event: connected","target":"async_nats"}
{"timestamp":"2026-09-17T18:26:44.641040Z","level":"INFO","message":"JetStream queue connected and stream bootstrapped","url":"nats://127.0.0.1:51746","stream":"TACHYON_EVENTS","target":"tachyon_serverless_gateway::durable"}
{"timestamp":"2026-09-17T18:26:44.642280Z","level":"INFO","message":"state store opened","path":"/private/var/folders/z7/khzdjrt95cg_fcmcnh4j1b5h0000gn/T/tsls-chaos.bLnQUP/data/state.db","schema_version":8,"migrations_applied":"[]","imported_state_json":"None","settled_invocations":0,"settled_attempts":0,"settled_environments":0,"released_leases":0,"dropped_idempotency_keys":0,"purged_idempotency_keys":0,"outputs_purged":0,"target":"tachyon_serverless_application::app"}
{"timestamp":"2026-09-17T18:26:44.642900Z","level":"INFO","message":"log store opened","path":"/private/var/folders/z7/khzdjrt95cg_fcmcnh4j1b5h0000gn/T/tsls-chaos.bLnQUP/data/logs/logs.db","healthy":true,"retention_seconds":604800,"max_total_bytes":1073741824,"target":"tachyon_serverless_application::app"}
{"timestamp":"2026-09-17T18:26:44.643166Z","level":"INFO","message":"dispatcher registered","dispatcher_id":"dsp_01m2r9xz922vmwjeqabncm9azp","instance":"chaos-a","pid":59970,"lease_ttl_seconds":6,"target":"tachyon_serverless_application::services::dispatcher"}
{"timestamp":"2026-09-17T18:26:44.643443Z","level":"WARN","message":"reclaimed the work of dispatchers that lost their lease","dispatcher_id":"dsp_01m2r9xz922vmwjeqabncm9azp","reclaimed_dispatchers":"[DispatcherId(dsp_01m2r9xsspnp820rjx3yfyde6w)]","leases":0,"invocations":0,"attempts":0,"fenced":0,"target":"tachyon_serverless_application::services::dispatcher"}
{"timestamp":"2026-09-17T18:26:44.644507Z","level":"WARN","message":"failpoint armed from TSLS_FAILPOINTS","name":"accept.after_object_put","action":"Kill","count":"None","target":"tachyon_serverless_application::failpoints"}
{"timestamp":"2026-09-17T18:26:44.644570Z","level":"INFO","message":"application bootstrapped","profile":"dev","provider":"process","dev_only":true,"environment_reuse":false,"reuse_verified":false,"reuse_reason":"[pool] enabled is false","reuse_disabled":"Some(Configuration)","idle_quiesce":"unsupported","idle_resume":"unsupported","data_dir":"/private/var/folders/z7/khzdjrt95cg_fcmcnh4j1b5h0000gn/T/tsls-chaos.bLnQUP/data","store":"sqlite","dispatcher_id":"dsp_01m2r9xz922vmwjeqabncm9azp","node":"local","node_region":"none","node_memory_mib":"None","max_concurrency":8,"queue":"nats","objects":"filesystem","invoke_async":true,"triggers":true,"target":"tachyon_serverless_application::app"}
{"timestamp":"2026-09-17T18:26:44.644815Z","level":"INFO","message":"startup reconcile finished","provider":"process","found":0,"adopted":0,"terminated":0,"disowned":0,"failed":0,"lost":0,"foreign":0,"reclaimed_dispatchers":0,"fenced_terminated":0,"fenced_pending":0,"target":"tachyon_serverless_application::services::reconcile"}
{"timestamp":"2026-09-17T18:26:44.644865Z","level":"INFO","message":"gateway listening","addr":"127.0.0.1:51750","profile":"dev","provider":"process","target":"tachyon_serverless_gateway"}
{"timestamp":"2026-09-17T18:26:44.645944Z","level":"INFO","message":"asynchronous dispatcher started","workers":2,"owner":"dsp_01m2r9xz922vmwjeqabncm9azp","target":"tachyon_serverless_gateway"}
{"timestamp":"2026-09-17T18:26:44.652516Z","level":"INFO","message":"asynchronous run claimed","invocation_id":"inv_01m2r9xwp1gcm0sq1rkdhzk409","attempt":1,"generation":0,"delivery_count":1,"target":"tachyon_serverless_application::services::invoke_async::dispatch"}
{"timestamp":"2026-09-17T18:26:44.657072Z","level":"INFO","message":"asynchronous run claimed","invocation_id":"inv_01m2r9xwpjp2nd8ykpf1dxh0n0","attempt":1,"generation":0,"delivery_count":1,"target":"tachyon_serverless_application::services::invoke_async::dispatch"}
{"timestamp":"2026-09-17T18:26:44.793552Z","level":"INFO","message":"bridge spawned","environment_id":"env_01m2r9xz9h90wkm51pf3wcex3n","pid":59975,"target":"tachyon_serverless_provider_process"}
{"timestamp":"2026-09-17T18:26:44.795136Z","level":"INFO","message":"bridge spawned","environment_id":"env_01m2r9xz9h8p3xgn3zk5931tgg","pid":59976,"target":"tachyon_serverless_provider_process"}
{"timestamp":"2026-09-17T18:26:44.804523Z","level":"INFO","message":"invocation finished","invocation_id":"inv_01m2r9xwp1gcm0sq1rkdhzk409","status":"succeeded (async run)","handler_ms":0,"environment_boot_ms":4,"runtime_init_ms":5,"target":"tachyon_serverless_application::services::invoke"}
{"timestamp":"2026-09-17T18:26:44.805055Z","level":"INFO","message":"invocation finished","invocation_id":"inv_01m2r9xwpjp2nd8ykpf1dxh0n0","status":"succeeded (async run)","handler_ms":0,"environment_boot_ms":3,"runtime_init_ms":5,"target":"tachyon_serverless_application::services::invoke"}
{"timestamp":"2026-09-17T18:26:44.806084Z","level":"INFO","message":"terminating bridge","environment_id":"env_01m2r9xz9h8p3xgn3zk5931tgg","pid":59976,"reason":"Completed","graceful":true,"target":"tachyon_serverless_provider_process"}
{"timestamp":"2026-09-17T18:26:44.806089Z","level":"INFO","message":"terminating bridge","environment_id":"env_01m2r9xz9h90wkm51pf3wcex3n","pid":59975,"reason":"Completed","graceful":true,"target":"tachyon_serverless_provider_process"}
{"timestamp":"2026-09-17T18:26:44.809168Z","level":"INFO","message":"asynchronous invocation settled","invocation_id":"inv_01m2r9xwpjp2nd8ykpf1dxh0n0","status":"succeeded","target":"tachyon_serverless_application::services::invoke_async::dispatch"}
{"timestamp":"2026-09-17T18:26:44.809684Z","level":"INFO","message":"asynchronous invocation settled","invocation_id":"inv_01m2r9xwp1gcm0sq1rkdhzk409","status":"succeeded","target":"tachyon_serverless_application::services::invoke_async::dispatch"}
{"timestamp":"2026-09-17T18:26:44.814070Z","level":"INFO","message":"async dispatch: delivery handled","message_id":"inv_01m2r9xwpjp2nd8ykpf1dxh0n0","sequence":10,"delivery_count":1,"outcome":"Completed { status: \"succeeded\" }","target":"tachyon_serverless_application::services::invoke_async::dispatch"}
{"timestamp":"2026-09-17T18:26:44.818094Z","level":"INFO","message":"async dispatch: delivery handled","message_id":"inv_01m2r9xwp1gcm0sq1rkdhzk409","sequence":9,"delivery_count":1,"outcome":"Completed { status: \"succeeded\" }","target":"tachyon_serverless_application::services::invoke_async::dispatch"}
{"timestamp":"2026-09-17T18:26:44.818740Z","level":"INFO","message":"asynchronous run claimed","invocation_id":"inv_01m2r9xwm9d9erddk24exc9nn0","attempt":1,"generation":1,"delivery_count":1,"target":"tachyon_serverless_application::services::invoke_async::dispatch"}
{"timestamp":"2026-09-17T18:26:44.819246Z","level":"INFO","message":"asynchronous run claimed","invocation_id":"inv_01m2r9xwjsy4t9vbw82nm88c09","attempt":1,"generation":1,"delivery_count":1,"target":"tachyon_serverless_application::services::invoke_async::dispatch"}
{"timestamp":"2026-09-17T18:26:44.969692Z","level":"INFO","message":"bridge spawned","environment_id":"env_01m2r9xzekcnb2yrwxtb29psxa","pid":59988,"target":"tachyon_serverless_provider_process"}
{"timestamp":"2026-09-17T18:26:44.977122Z","level":"INFO","message":"bridge spawned","environment_id":"env_01m2r9xzemt3hf71ted80v40cf","pid":59989,"target":"tachyon_serverless_provider_process"}
{"timestamp":"2026-09-17T18:26:44.977148Z","level":"ERROR","message":"failpoint fired: SIGKILL","name":"accept.after_object_put","target":"tachyon_serverless_application::failpoints"}

===== a start (failpoints: none) 18:26:44 =====
{"timestamp":"2026-09-17T18:26:44.999276Z","level":"INFO","message":"configuration loaded","config":"/private/var/folders/z7/khzdjrt95cg_fcmcnh4j1b5h0000gn/T/tsls-chaos.bLnQUP/gw-a.toml","target":"tachyon_serverless_gateway"}
{"timestamp":"2026-09-17T18:26:45.003733Z","level":"INFO","message":"connected successfully","server":"51746","max_payload":"1048576","target":"async_nats::connector"}
{"timestamp":"2026-09-17T18:26:45.003829Z","level":"INFO","message":"event: connected","target":"async_nats"}
{"timestamp":"2026-09-17T18:26:45.014145Z","level":"INFO","message":"JetStream queue connected and stream bootstrapped","url":"nats://127.0.0.1:51746","stream":"TACHYON_EVENTS","target":"tachyon_serverless_gateway::durable"}
{"timestamp":"2026-09-17T18:26:45.016269Z","level":"INFO","message":"state store opened","path":"/private/var/folders/z7/khzdjrt95cg_fcmcnh4j1b5h0000gn/T/tsls-chaos.bLnQUP/data/state.db","schema_version":8,"migrations_applied":"[]","imported_state_json":"None","settled_invocations":0,"settled_attempts":0,"settled_environments":0,"released_leases":0,"dropped_idempotency_keys":0,"purged_idempotency_keys":0,"outputs_purged":0,"target":"tachyon_serverless_application::app"}
{"timestamp":"2026-09-17T18:26:45.017043Z","level":"INFO","message":"log store opened","path":"/private/var/folders/z7/khzdjrt95cg_fcmcnh4j1b5h0000gn/T/tsls-chaos.bLnQUP/data/logs/logs.db","healthy":true,"retention_seconds":604800,"max_total_bytes":1073741824,"target":"tachyon_serverless_application::app"}
{"timestamp":"2026-09-17T18:26:45.017274Z","level":"INFO","message":"dispatcher registered","dispatcher_id":"dsp_01m2r9xzmste47kftanjtsfyvv","instance":"chaos-a","pid":60002,"lease_ttl_seconds":6,"target":"tachyon_serverless_application::services::dispatcher"}
{"timestamp":"2026-09-17T18:26:45.017859Z","level":"WARN","message":"reclaimed the work of dispatchers that lost their lease","dispatcher_id":"dsp_01m2r9xzmste47kftanjtsfyvv","reclaimed_dispatchers":"[DispatcherId(dsp_01m2r9xz922vmwjeqabncm9azp)]","leases":0,"invocations":0,"attempts":0,"fenced":2,"target":"tachyon_serverless_application::services::dispatcher"}
{"timestamp":"2026-09-17T18:26:45.019612Z","level":"INFO","message":"application bootstrapped","profile":"dev","provider":"process","dev_only":true,"environment_reuse":false,"reuse_verified":false,"reuse_reason":"[pool] enabled is false","reuse_disabled":"Some(Configuration)","idle_quiesce":"unsupported","idle_resume":"unsupported","data_dir":"/private/var/folders/z7/khzdjrt95cg_fcmcnh4j1b5h0000gn/T/tsls-chaos.bLnQUP/data","store":"sqlite","dispatcher_id":"dsp_01m2r9xzmste47kftanjtsfyvv","node":"local","node_region":"none","node_memory_mib":"None","max_concurrency":8,"queue":"nats","objects":"filesystem","invoke_async":true,"triggers":true,"target":"tachyon_serverless_application::app"}
{"timestamp":"2026-09-17T18:26:45.020187Z","level":"INFO","message":"environment stop metered by a path that did not drive it","environment_id":"env_01m2r9xzekcnb2yrwxtb29psxa","stopped_by":"reclaim","cgroup_cpu_usec":"unknown","lifetime_ms":"Some(200)","target":"tachyon_serverless_application::services::stopped"}
{"timestamp":"2026-09-17T18:26:45.020704Z","level":"INFO","message":"fenced environment terminated and settled","environment_id":"env_01m2r9xzekcnb2yrwxtb29psxa","owner":"Some(DispatcherId(dsp_01m2r9xz922vmwjeqabncm9azp))","was_running":false,"target":"tachyon_serverless_application::services::reconcile"}
{"timestamp":"2026-09-17T18:26:45.021014Z","level":"INFO","message":"environment stop metered by a path that did not drive it","environment_id":"env_01m2r9xzemt3hf71ted80v40cf","stopped_by":"reclaim","cgroup_cpu_usec":"unknown","lifetime_ms":"Some(200)","target":"tachyon_serverless_application::services::stopped"}
{"timestamp":"2026-09-17T18:26:45.021467Z","level":"INFO","message":"fenced environment terminated and settled","environment_id":"env_01m2r9xzemt3hf71ted80v40cf","owner":"Some(DispatcherId(dsp_01m2r9xz922vmwjeqabncm9azp))","was_running":false,"target":"tachyon_serverless_application::services::reconcile"}
{"timestamp":"2026-09-17T18:26:45.021581Z","level":"INFO","message":"startup reconcile finished","provider":"process","found":0,"adopted":0,"terminated":0,"disowned":0,"failed":0,"lost":0,"foreign":0,"reclaimed_dispatchers":0,"fenced_terminated":2,"fenced_pending":0,"target":"tachyon_serverless_application::services::reconcile"}
{"timestamp":"2026-09-17T18:26:45.021633Z","level":"INFO","message":"gateway listening","addr":"127.0.0.1:51750","profile":"dev","provider":"process","target":"tachyon_serverless_gateway"}
{"timestamp":"2026-09-17T18:26:45.022698Z","level":"INFO","message":"asynchronous dispatcher started","workers":2,"owner":"dsp_01m2r9xzmste47kftanjtsfyvv","target":"tachyon_serverless_gateway"}
{"timestamp":"2026-09-17T18:26:45.284392Z","level":"INFO","message":"trigger updated","trigger_id":"trg_01m2r9xvhbzze7q5ew24jayde7","generation":3,"status":"enabled","next_fire_at":"Some(2026-09-17T18:26:46Z)","rotated_secret":false,"target":"tachyon_serverless_application::services::triggers"}
{"timestamp":"2026-09-17T18:26:46.003728Z","level":"INFO","message":"asynchronous invocation accepted","invocation_id":"inv_01m2r9y0kk5kmtf4nsh7r09wq3","tenant_id":"tn_01hzzzzzzzzzzzzzzzzzzzzzza","revision_id":"rev_01m2r9xtwc2kmshczn6wd6rvxg","input_bytes":180,"input_storage":"inline","target":"tachyon_serverless_application::services::invoke_async"}
{"timestamp":"2026-09-17T18:26:46.003764Z","level":"INFO","message":"cron trigger fired","trigger_id":"trg_01m2r9xvhbzze7q5ew24jayde7","scheduled_at":"2026-09-17T18:26:46Z","invocation_id":"inv_01m2r9y0kk5kmtf4nsh7r09wq3","revision_id":"rev_01m2r9xtwc2kmshczn6wd6rvxg","replayed":false,"target":"tachyon_serverless_application::services::triggers"}
{"timestamp":"2026-09-17T18:26:46.013253Z","level":"INFO","message":"asynchronous run claimed","invocation_id":"inv_01m2r9y0kk5kmtf4nsh7r09wq3","attempt":1,"generation":0,"delivery_count":1,"target":"tachyon_serverless_application::services::invoke_async::dispatch"}
{"timestamp":"2026-09-17T18:26:46.150415Z","level":"INFO","message":"bridge spawned","environment_id":"env_01m2r9y0kxm4gzdbfa1ybwnmgk","pid":60022,"target":"tachyon_serverless_provider_process"}
{"timestamp":"2026-09-17T18:26:46.160313Z","level":"INFO","message":"invocation finished","invocation_id":"inv_01m2r9y0kk5kmtf4nsh7r09wq3","status":"succeeded (async run)","handler_ms":0,"environment_boot_ms":4,"runtime_init_ms":4,"target":"tachyon_serverless_application::services::invoke"}
{"timestamp":"2026-09-17T18:26:46.161859Z","level":"INFO","message":"terminating bridge","environment_id":"env_01m2r9y0kxm4gzdbfa1ybwnmgk","pid":60022,"reason":"Completed","graceful":true,"target":"tachyon_serverless_provider_process"}
{"timestamp":"2026-09-17T18:26:46.164255Z","level":"INFO","message":"asynchronous invocation settled","invocation_id":"inv_01m2r9y0kk5kmtf4nsh7r09wq3","status":"succeeded","target":"tachyon_serverless_application::services::invoke_async::dispatch"}
{"timestamp":"2026-09-17T18:26:46.169460Z","level":"INFO","message":"async dispatch: delivery handled","message_id":"inv_01m2r9y0kk5kmtf4nsh7r09wq3","sequence":13,"delivery_count":1,"outcome":"Completed { status: \"succeeded\" }","target":"tachyon_serverless_application::services::invoke_async::dispatch"}
{"timestamp":"2026-09-17T18:26:48.003859Z","level":"INFO","message":"asynchronous invocation accepted","invocation_id":"inv_01m2r9y2j3wk3knehr7phb2d2b","tenant_id":"tn_01hzzzzzzzzzzzzzzzzzzzzzza","revision_id":"rev_01m2r9xtwc2kmshczn6wd6rvxg","input_bytes":180,"input_storage":"inline","target":"tachyon_serverless_application::services::invoke_async"}
{"timestamp":"2026-09-17T18:26:48.003897Z","level":"INFO","message":"cron trigger fired","trigger_id":"trg_01m2r9xvhbzze7q5ew24jayde7","scheduled_at":"2026-09-17T18:26:48Z","invocation_id":"inv_01m2r9y2j3wk3knehr7phb2d2b","revision_id":"rev_01m2r9xtwc2kmshczn6wd6rvxg","replayed":false,"target":"tachyon_serverless_application::services::triggers"}
{"timestamp":"2026-09-17T18:26:48.014557Z","level":"INFO","message":"asynchronous run claimed","invocation_id":"inv_01m2r9y2j3wk3knehr7phb2d2b","attempt":1,"generation":0,"delivery_count":1,"target":"tachyon_serverless_application::services::invoke_async::dispatch"}
{"timestamp":"2026-09-17T18:26:48.152689Z","level":"INFO","message":"bridge spawned","environment_id":"env_01m2r9y2jebcqh807042epr4ak","pid":60026,"target":"tachyon_serverless_provider_process"}
{"timestamp":"2026-09-17T18:26:48.162523Z","level":"INFO","message":"invocation finished","invocation_id":"inv_01m2r9y2j3wk3knehr7phb2d2b","status":"succeeded (async run)","handler_ms":0,"environment_boot_ms":4,"runtime_init_ms":4,"target":"tachyon_serverless_application::services::invoke"}
{"timestamp":"2026-09-17T18:26:48.164063Z","level":"INFO","message":"terminating bridge","environment_id":"env_01m2r9y2jebcqh807042epr4ak","pid":60026,"reason":"Completed","graceful":true,"target":"tachyon_serverless_provider_process"}
{"timestamp":"2026-09-17T18:26:48.166726Z","level":"INFO","message":"asynchronous invocation settled","invocation_id":"inv_01m2r9y2j3wk3knehr7phb2d2b","status":"succeeded","target":"tachyon_serverless_application::services::invoke_async::dispatch"}
{"timestamp":"2026-09-17T18:26:48.170755Z","level":"INFO","message":"async dispatch: delivery handled","message_id":"inv_01m2r9y2j3wk3knehr7phb2d2b","sequence":14,"delivery_count":1,"outcome":"Completed { status: \"succeeded\" }","target":"tachyon_serverless_application::services::invoke_async::dispatch"}
{"timestamp":"2026-09-17T18:26:48.451478Z","level":"INFO","message":"bridge spawned","environment_id":"env_01m2r9y2vrvyk7gj3kjka0r4kt","pid":60043,"target":"tachyon_serverless_provider_process"}
{"timestamp":"2026-09-17T18:26:48.451614Z","level":"INFO","message":"bridge spawned","environment_id":"env_01m2r9y2vrwqvn8qc5c4e4xhpe","pid":60044,"target":"tachyon_serverless_provider_process"}
{"timestamp":"2026-09-17T18:26:48.821021Z","level":"INFO","message":"asynchronous run claimed","invocation_id":"inv_01m2r9xwjsy4t9vbw82nm88c09","attempt":2,"generation":1,"delivery_count":2,"target":"tachyon_serverless_application::services::invoke_async::dispatch"}
{"timestamp":"2026-09-17T18:26:48.821473Z","level":"INFO","message":"asynchronous run claimed","invocation_id":"inv_01m2r9xwm9d9erddk24exc9nn0","attempt":2,"generation":1,"delivery_count":2,"target":"tachyon_serverless_application::services::invoke_async::dispatch"}
{"timestamp":"2026-09-17T18:26:48.995823Z","level":"INFO","message":"bridge spawned","environment_id":"env_01m2r9y3bn90hvyvs7nekcjqr3","pid":60054,"target":"tachyon_serverless_provider_process"}
{"timestamp":"2026-09-17T18:26:49.006420Z","level":"INFO","message":"bridge spawned","environment_id":"env_01m2r9y3btaxfsr5qv33g31688","pid":60056,"target":"tachyon_serverless_provider_process"}
{"timestamp":"2026-09-17T18:26:49.013035Z","level":"INFO","message":"invocation finished","invocation_id":"inv_01m2r9xwjsy4t9vbw82nm88c09","status":"succeeded (async run)","handler_ms":1,"environment_boot_ms":6,"runtime_init_ms":8,"target":"tachyon_serverless_application::services::invoke"}
{"timestamp":"2026-09-17T18:26:49.014591Z","level":"INFO","message":"terminating bridge","environment_id":"env_01m2r9y3bn90hvyvs7nekcjqr3","pid":60054,"reason":"Completed","graceful":true,"target":"tachyon_serverless_provider_process"}
{"timestamp":"2026-09-17T18:26:49.017773Z","level":"INFO","message":"invocation finished","invocation_id":"inv_01m2r9xwm9d9erddk24exc9nn0","status":"succeeded (async run)","handler_ms":1,"environment_boot_ms":3,"runtime_init_ms":5,"target":"tachyon_serverless_application::services::invoke"}
{"timestamp":"2026-09-17T18:26:49.018261Z","level":"INFO","message":"asynchronous invocation settled","invocation_id":"inv_01m2r9xwjsy4t9vbw82nm88c09","status":"succeeded","target":"tachyon_serverless_application::services::invoke_async::dispatch"}
{"timestamp":"2026-09-17T18:26:49.018364Z","level":"INFO","message":"terminating bridge","environment_id":"env_01m2r9y3btaxfsr5qv33g31688","pid":60056,"reason":"Completed","graceful":true,"target":"tachyon_serverless_provider_process"}
{"timestamp":"2026-09-17T18:26:49.025840Z","level":"INFO","message":"async dispatch: delivery handled","message_id":"inv_01m2r9xwjsy4t9vbw82nm88c09.g1","sequence":12,"delivery_count":2,"outcome":"Completed { status: \"succeeded\" }","target":"tachyon_serverless_application::services::invoke_async::dispatch"}
{"timestamp":"2026-09-17T18:26:49.027414Z","level":"INFO","message":"asynchronous invocation settled","invocation_id":"inv_01m2r9xwm9d9erddk24exc9nn0","status":"succeeded","target":"tachyon_serverless_application::services::invoke_async::dispatch"}
{"timestamp":"2026-09-17T18:26:49.033922Z","level":"INFO","message":"async dispatch: delivery handled","message_id":"inv_01m2r9xwm9d9erddk24exc9nn0.g1","sequence":11,"delivery_count":2,"outcome":"Completed { status: \"succeeded\" }","target":"tachyon_serverless_application::services::invoke_async::dispatch"}
{"timestamp":"2026-09-17T18:26:49.691198Z","level":"INFO","message":"asynchronous invocation accepted","invocation_id":"inv_01m2r9y46ardj20gtjz2ntedwz","tenant_id":"tn_01hzzzzzzzzzzzzzzzzzzzzzza","revision_id":"rev_01m2r9xtcgyks4w7mg3cg66s29","input_bytes":4127,"input_storage":"object","target":"tachyon_serverless_application::services::invoke_async"}
{"timestamp":"2026-09-17T18:26:49.752051Z","level":"INFO","message":"asynchronous invocation accepted","invocation_id":"inv_01m2r9y489e0v4aka91xyyehx9","tenant_id":"tn_01hzzzzzzzzzzzzzzzzzzzzzza","revision_id":"rev_01m2r9xtcgyks4w7mg3cg66s29","input_bytes":4127,"input_storage":"object","target":"tachyon_serverless_application::services::invoke_async"}
{"timestamp":"2026-09-17T18:26:49.812046Z","level":"INFO","message":"asynchronous invocation accepted","invocation_id":"inv_01m2r9y4a4egam5bks92m3f8y5","tenant_id":"tn_01hzzzzzzzzzzzzzzzzzzzzzza","revision_id":"rev_01m2r9xtcgyks4w7mg3cg66s29","input_bytes":4127,"input_storage":"object","target":"tachyon_serverless_application::services::invoke_async"}
{"timestamp":"2026-09-17T18:26:50.002519Z","level":"INFO","message":"asynchronous invocation accepted","invocation_id":"inv_01m2r9y4gje3p4ska1zggtjthd","tenant_id":"tn_01hzzzzzzzzzzzzzzzzzzzzzza","revision_id":"rev_01m2r9xtwc2kmshczn6wd6rvxg","input_bytes":180,"input_storage":"inline","target":"tachyon_serverless_application::services::invoke_async"}
{"timestamp":"2026-09-17T18:26:50.002554Z","level":"INFO","message":"cron trigger fired","trigger_id":"trg_01m2r9xvhbzze7q5ew24jayde7","scheduled_at":"2026-09-17T18:26:50Z","invocation_id":"inv_01m2r9y4gje3p4ska1zggtjthd","revision_id":"rev_01m2r9xtwc2kmshczn6wd6rvxg","replayed":false,"target":"tachyon_serverless_application::services::triggers"}
{"timestamp":"2026-09-17T18:26:51.694766Z","level":"WARN","message":"outbox: publish failed","event":"inv_01m2r9y46ardj20gtjz2ntedwz","attempts":1,"code":"unavailable","error":"queue unavailable: publish: timed out: didn't receive ack in time","target":"tachyon_serverless_application::services::invoke_async::publisher"}
{"timestamp":"2026-09-17T18:26:52.001754Z","level":"INFO","message":"asynchronous invocation accepted","invocation_id":"inv_01m2r9y6f1v0rqy12h2xwnx40r","tenant_id":"tn_01hzzzzzzzzzzzzzzzzzzzzzza","revision_id":"rev_01m2r9xtwc2kmshczn6wd6rvxg","input_bytes":180,"input_storage":"inline","target":"tachyon_serverless_application::services::invoke_async"}
{"timestamp":"2026-09-17T18:26:52.001788Z","level":"INFO","message":"cron trigger fired","trigger_id":"trg_01m2r9xvhbzze7q5ew24jayde7","scheduled_at":"2026-09-17T18:26:52Z","invocation_id":"inv_01m2r9y6f1v0rqy12h2xwnx40r","revision_id":"rev_01m2r9xtwc2kmshczn6wd6rvxg","replayed":false,"target":"tachyon_serverless_application::services::triggers"}

===== a start (failpoints: none) 18:26:53 =====
{"timestamp":"2026-09-17T18:26:53.266517Z","level":"INFO","message":"configuration loaded","config":"/private/var/folders/z7/khzdjrt95cg_fcmcnh4j1b5h0000gn/T/tsls-chaos.bLnQUP/gw-a.toml","target":"tachyon_serverless_gateway"}
{"timestamp":"2026-09-17T18:26:53.268408Z","level":"INFO","message":"connected successfully","server":"51746","max_payload":"1048576","target":"async_nats::connector"}
{"timestamp":"2026-09-17T18:26:53.268499Z","level":"INFO","message":"event: connected","target":"async_nats"}
{"timestamp":"2026-09-17T18:26:53.281495Z","level":"INFO","message":"JetStream queue connected and stream bootstrapped","url":"nats://127.0.0.1:51746","stream":"TACHYON_EVENTS","target":"tachyon_serverless_gateway::durable"}
{"timestamp":"2026-09-17T18:26:53.284856Z","level":"INFO","message":"state store opened","path":"/private/var/folders/z7/khzdjrt95cg_fcmcnh4j1b5h0000gn/T/tsls-chaos.bLnQUP/data/state.db","schema_version":8,"migrations_applied":"[]","imported_state_json":"None","settled_invocations":0,"settled_attempts":0,"settled_environments":0,"released_leases":0,"dropped_idempotency_keys":0,"purged_idempotency_keys":0,"outputs_purged":0,"target":"tachyon_serverless_application::app"}
{"timestamp":"2026-09-17T18:26:53.285703Z","level":"INFO","message":"log store opened","path":"/private/var/folders/z7/khzdjrt95cg_fcmcnh4j1b5h0000gn/T/tsls-chaos.bLnQUP/data/logs/logs.db","healthy":true,"retention_seconds":604800,"max_total_bytes":1073741824,"target":"tachyon_serverless_application::app"}
{"timestamp":"2026-09-17T18:26:53.285924Z","level":"INFO","message":"dispatcher registered","dispatcher_id":"dsp_01m2r9y7q54e0tkskvhapmeqx0","instance":"chaos-a","pid":60239,"lease_ttl_seconds":6,"target":"tachyon_serverless_application::services::dispatcher"}
{"timestamp":"2026-09-17T18:26:53.287144Z","level":"WARN","message":"reclaimed the work of dispatchers that lost their lease","dispatcher_id":"dsp_01m2r9y7q54e0tkskvhapmeqx0","reclaimed_dispatchers":"[DispatcherId(dsp_01m2r9xzmste47kftanjtsfyvv)]","leases":2,"invocations":2,"attempts":2,"fenced":2,"target":"tachyon_serverless_application::services::dispatcher"}
{"timestamp":"2026-09-17T18:26:53.289210Z","level":"INFO","message":"application bootstrapped","profile":"dev","provider":"process","dev_only":true,"environment_reuse":false,"reuse_verified":false,"reuse_reason":"[pool] enabled is false","reuse_disabled":"Some(Configuration)","idle_quiesce":"unsupported","idle_resume":"unsupported","data_dir":"/private/var/folders/z7/khzdjrt95cg_fcmcnh4j1b5h0000gn/T/tsls-chaos.bLnQUP/data","store":"sqlite","dispatcher_id":"dsp_01m2r9y7q54e0tkskvhapmeqx0","node":"local","node_region":"none","node_memory_mib":"None","max_concurrency":8,"queue":"nats","objects":"filesystem","invoke_async":true,"triggers":true,"target":"tachyon_serverless_application::app"}
{"timestamp":"2026-09-17T18:26:53.289858Z","level":"INFO","message":"environment stop metered by a path that did not drive it","environment_id":"env_01m2r9y2vrvyk7gj3kjka0r4kt","stopped_by":"reclaim","cgroup_cpu_usec":"unknown","lifetime_ms":"Some(4977)","target":"tachyon_serverless_application::services::stopped"}
{"timestamp":"2026-09-17T18:26:53.290434Z","level":"INFO","message":"fenced environment terminated and settled","environment_id":"env_01m2r9y2vrvyk7gj3kjka0r4kt","owner":"Some(DispatcherId(dsp_01m2r9xzmste47kftanjtsfyvv))","was_running":false,"target":"tachyon_serverless_application::services::reconcile"}
{"timestamp":"2026-09-17T18:26:53.290760Z","level":"INFO","message":"environment stop metered by a path that did not drive it","environment_id":"env_01m2r9y2vrwqvn8qc5c4e4xhpe","stopped_by":"reclaim","cgroup_cpu_usec":"unknown","lifetime_ms":"Some(4978)","target":"tachyon_serverless_application::services::stopped"}
{"timestamp":"2026-09-17T18:26:53.291131Z","level":"INFO","message":"fenced environment terminated and settled","environment_id":"env_01m2r9y2vrwqvn8qc5c4e4xhpe","owner":"Some(DispatcherId(dsp_01m2r9xzmste47kftanjtsfyvv))","was_running":false,"target":"tachyon_serverless_application::services::reconcile"}
{"timestamp":"2026-09-17T18:26:53.291292Z","level":"INFO","message":"startup reconcile finished","provider":"process","found":0,"adopted":0,"terminated":0,"disowned":0,"failed":0,"lost":0,"foreign":0,"reclaimed_dispatchers":0,"fenced_terminated":2,"fenced_pending":0,"target":"tachyon_serverless_application::services::reconcile"}
{"timestamp":"2026-09-17T18:26:53.291350Z","level":"INFO","message":"gateway listening","addr":"127.0.0.1:51750","profile":"dev","provider":"process","target":"tachyon_serverless_gateway"}
{"timestamp":"2026-09-17T18:26:53.292431Z","level":"INFO","message":"asynchronous dispatcher started","workers":2,"owner":"dsp_01m2r9y7q54e0tkskvhapmeqx0","target":"tachyon_serverless_gateway"}
{"timestamp":"2026-09-17T18:26:53.309731Z","level":"INFO","message":"asynchronous run claimed","invocation_id":"inv_01m2r9y46ardj20gtjz2ntedwz","attempt":1,"generation":0,"delivery_count":1,"target":"tachyon_serverless_application::services::invoke_async::dispatch"}
{"timestamp":"2026-09-17T18:26:53.309989Z","level":"INFO","message":"asynchronous run claimed","invocation_id":"inv_01m2r9y489e0v4aka91xyyehx9","attempt":1,"generation":0,"delivery_count":1,"target":"tachyon_serverless_application::services::invoke_async::dispatch"}
{"timestamp":"2026-09-17T18:26:53.313703Z","level":"INFO","message":"outbox: re-published events the broker already had, or whose claim moved on","duplicates":1,"lost_claims":0,"marked":2,"target":"tachyon_serverless_application::services::invoke_async::publisher"}
{"timestamp":"2026-09-17T18:26:53.461710Z","level":"INFO","message":"bridge spawned","environment_id":"env_01m2r9y7r35b9jshcdq2k0r0mm","pid":60244,"target":"tachyon_serverless_provider_process"}
{"timestamp":"2026-09-17T18:26:53.462041Z","level":"INFO","message":"bridge spawned","environment_id":"env_01m2r9y7r2x0wb4cjv9e4gcswb","pid":60245,"target":"tachyon_serverless_provider_process"}
{"timestamp":"2026-09-17T18:26:53.487967Z","level":"INFO","message":"invocation finished","invocation_id":"inv_01m2r9y46ardj20gtjz2ntedwz","status":"succeeded (async run)","handler_ms":4,"environment_boot_ms":4,"runtime_init_ms":11,"target":"tachyon_serverless_application::services::invoke"}
{"timestamp":"2026-09-17T18:26:53.488444Z","level":"INFO","message":"invocation finished","invocation_id":"inv_01m2r9y489e0v4aka91xyyehx9","status":"succeeded (async run)","handler_ms":0,"environment_boot_ms":4,"runtime_init_ms":21,"target":"tachyon_serverless_application::services::invoke"}
{"timestamp":"2026-09-17T18:26:53.488696Z","level":"INFO","message":"terminating bridge","environment_id":"env_01m2r9y7r2x0wb4cjv9e4gcswb","pid":60245,"reason":"Completed","graceful":true,"target":"tachyon_serverless_provider_process"}
{"timestamp":"2026-09-17T18:26:53.489970Z","level":"INFO","message":"terminating bridge","environment_id":"env_01m2r9y7r35b9jshcdq2k0r0mm","pid":60244,"reason":"Completed","graceful":true,"target":"tachyon_serverless_provider_process"}
{"timestamp":"2026-09-17T18:26:53.491421Z","level":"INFO","message":"asynchronous invocation settled","invocation_id":"inv_01m2r9y46ardj20gtjz2ntedwz","status":"succeeded","target":"tachyon_serverless_application::services::invoke_async::dispatch"}
{"timestamp":"2026-09-17T18:26:53.504772Z","level":"INFO","message":"async dispatch: delivery handled","message_id":"inv_01m2r9y46ardj20gtjz2ntedwz","sequence":15,"delivery_count":1,"outcome":"Completed { status: \"succeeded\" }","target":"tachyon_serverless_application::services::invoke_async::dispatch"}
{"timestamp":"2026-09-17T18:26:53.505022Z","level":"INFO","message":"asynchronous invocation settled","invocation_id":"inv_01m2r9y489e0v4aka91xyyehx9","status":"succeeded","target":"tachyon_serverless_application::services::invoke_async::dispatch"}
{"timestamp":"2026-09-17T18:26:53.509526Z","level":"INFO","message":"async dispatch: delivery handled","message_id":"inv_01m2r9y489e0v4aka91xyyehx9","sequence":16,"delivery_count":1,"outcome":"Completed { status: \"succeeded\" }","target":"tachyon_serverless_application::services::invoke_async::dispatch"}
{"timestamp":"2026-09-17T18:26:53.509933Z","level":"INFO","message":"asynchronous run claimed","invocation_id":"inv_01m2r9y6f1v0rqy12h2xwnx40r","attempt":1,"generation":0,"delivery_count":1,"target":"tachyon_serverless_application::services::invoke_async::dispatch"}
{"timestamp":"2026-09-17T18:26:53.646057Z","level":"INFO","message":"bridge spawned","environment_id":"env_01m2r9y7y6nr30z43nz745kts5","pid":60281,"target":"tachyon_serverless_provider_process"}
{"timestamp":"2026-09-17T18:26:53.656467Z","level":"INFO","message":"invocation finished","invocation_id":"inv_01m2r9y6f1v0rqy12h2xwnx40r","status":"succeeded (async run)","handler_ms":0,"environment_boot_ms":3,"runtime_init_ms":5,"target":"tachyon_serverless_application::services::invoke"}
{"timestamp":"2026-09-17T18:26:53.658075Z","level":"INFO","message":"terminating bridge","environment_id":"env_01m2r9y7y6nr30z43nz745kts5","pid":60281,"reason":"Completed","graceful":true,"target":"tachyon_serverless_provider_process"}
{"timestamp":"2026-09-17T18:26:53.660622Z","level":"INFO","message":"asynchronous invocation settled","invocation_id":"inv_01m2r9y6f1v0rqy12h2xwnx40r","status":"succeeded","target":"tachyon_serverless_application::services::invoke_async::dispatch"}
{"timestamp":"2026-09-17T18:26:53.666509Z","level":"INFO","message":"async dispatch: delivery handled","message_id":"inv_01m2r9y6f1v0rqy12h2xwnx40r","sequence":17,"delivery_count":1,"outcome":"Completed { status: \"succeeded\" }","target":"tachyon_serverless_application::services::invoke_async::dispatch"}
{"timestamp":"2026-09-17T18:26:54.002513Z","level":"INFO","message":"asynchronous invocation accepted","invocation_id":"inv_01m2r9y8dhj4fmbh7bv5aqwv1q","tenant_id":"tn_01hzzzzzzzzzzzzzzzzzzzzzza","revision_id":"rev_01m2r9xtwc2kmshczn6wd6rvxg","input_bytes":180,"input_storage":"inline","target":"tachyon_serverless_application::services::invoke_async"}
{"timestamp":"2026-09-17T18:26:54.002556Z","level":"INFO","message":"cron trigger fired","trigger_id":"trg_01m2r9xvhbzze7q5ew24jayde7","scheduled_at":"2026-09-17T18:26:54Z","invocation_id":"inv_01m2r9y8dhj4fmbh7bv5aqwv1q","revision_id":"rev_01m2r9xtwc2kmshczn6wd6rvxg","replayed":false,"target":"tachyon_serverless_application::services::triggers"}
{"timestamp":"2026-09-17T18:26:54.012397Z","level":"INFO","message":"asynchronous run claimed","invocation_id":"inv_01m2r9y8dhj4fmbh7bv5aqwv1q","attempt":1,"generation":0,"delivery_count":1,"target":"tachyon_serverless_application::services::invoke_async::dispatch"}
{"timestamp":"2026-09-17T18:26:54.147177Z","level":"INFO","message":"bridge spawned","environment_id":"env_01m2r9y8dwamp14dtccjycwdw9","pid":60306,"target":"tachyon_serverless_provider_process"}
{"timestamp":"2026-09-17T18:26:54.157147Z","level":"INFO","message":"invocation finished","invocation_id":"inv_01m2r9y8dhj4fmbh7bv5aqwv1q","status":"succeeded (async run)","handler_ms":0,"environment_boot_ms":4,"runtime_init_ms":5,"target":"tachyon_serverless_application::services::invoke"}
{"timestamp":"2026-09-17T18:26:54.158738Z","level":"INFO","message":"terminating bridge","environment_id":"env_01m2r9y8dwamp14dtccjycwdw9","pid":60306,"reason":"Completed","graceful":true,"target":"tachyon_serverless_provider_process"}
{"timestamp":"2026-09-17T18:26:54.161244Z","level":"INFO","message":"asynchronous invocation settled","invocation_id":"inv_01m2r9y8dhj4fmbh7bv5aqwv1q","status":"succeeded","target":"tachyon_serverless_application::services::invoke_async::dispatch"}
{"timestamp":"2026-09-17T18:26:54.173172Z","level":"INFO","message":"async dispatch: delivery handled","message_id":"inv_01m2r9y8dhj4fmbh7bv5aqwv1q","sequence":18,"delivery_count":1,"outcome":"Completed { status: \"succeeded\" }","target":"tachyon_serverless_application::services::invoke_async::dispatch"}
{"timestamp":"2026-09-17T18:26:54.730579Z","level":"INFO","message":"asynchronous run claimed","invocation_id":"inv_01m2r9y4a4egam5bks92m3f8y5","attempt":1,"generation":0,"delivery_count":1,"target":"tachyon_serverless_application::services::invoke_async::dispatch"}
{"timestamp":"2026-09-17T18:26:54.737246Z","level":"INFO","message":"asynchronous run claimed","invocation_id":"inv_01m2r9y4gje3p4ska1zggtjthd","attempt":1,"generation":0,"delivery_count":1,"target":"tachyon_serverless_application::services::invoke_async::dispatch"}
{"timestamp":"2026-09-17T18:26:54.873699Z","level":"INFO","message":"bridge spawned","environment_id":"env_01m2r9y94hvcsn76sz6k6be3pe","pid":60354,"target":"tachyon_serverless_provider_process"}
{"timestamp":"2026-09-17T18:26:54.883327Z","level":"INFO","message":"invocation finished","invocation_id":"inv_01m2r9y4gje3p4ska1zggtjthd","status":"succeeded (async run)","handler_ms":0,"environment_boot_ms":4,"runtime_init_ms":4,"target":"tachyon_serverless_application::services::invoke"}
{"timestamp":"2026-09-17T18:26:54.884252Z","level":"INFO","message":"bridge spawned","environment_id":"env_01m2r9y94cse7gh0k90e46577z","pid":60356,"target":"tachyon_serverless_provider_process"}
{"timestamp":"2026-09-17T18:26:54.885011Z","level":"INFO","message":"terminating bridge","environment_id":"env_01m2r9y94hvcsn76sz6k6be3pe","pid":60354,"reason":"Completed","graceful":true,"target":"tachyon_serverless_provider_process"}
{"timestamp":"2026-09-17T18:26:54.887368Z","level":"INFO","message":"asynchronous invocation settled","invocation_id":"inv_01m2r9y4gje3p4ska1zggtjthd","status":"succeeded","target":"tachyon_serverless_application::services::invoke_async::dispatch"}
{"timestamp":"2026-09-17T18:26:54.892727Z","level":"INFO","message":"async dispatch: delivery handled","message_id":"inv_01m2r9y4gje3p4ska1zggtjthd","sequence":20,"delivery_count":1,"outcome":"Completed { status: \"succeeded\" }","target":"tachyon_serverless_application::services::invoke_async::dispatch"}
{"timestamp":"2026-09-17T18:26:54.898283Z","level":"INFO","message":"invocation finished","invocation_id":"inv_01m2r9y4a4egam5bks92m3f8y5","status":"succeeded (async run)","handler_ms":0,"environment_boot_ms":3,"runtime_init_ms":8,"target":"tachyon_serverless_application::services::invoke"}
{"timestamp":"2026-09-17T18:26:54.898524Z","level":"INFO","message":"terminating bridge","environment_id":"env_01m2r9y94cse7gh0k90e46577z","pid":60356,"reason":"Completed","graceful":true,"target":"tachyon_serverless_provider_process"}
{"timestamp":"2026-09-17T18:26:54.900850Z","level":"INFO","message":"asynchronous invocation settled","invocation_id":"inv_01m2r9y4a4egam5bks92m3f8y5","status":"succeeded","target":"tachyon_serverless_application::services::invoke_async::dispatch"}
{"timestamp":"2026-09-17T18:26:54.906585Z","level":"INFO","message":"async dispatch: delivery handled","message_id":"inv_01m2r9y4a4egam5bks92m3f8y5","sequence":19,"delivery_count":1,"outcome":"Completed { status: \"succeeded\" }","target":"tachyon_serverless_application::services::invoke_async::dispatch"}
{"timestamp":"2026-09-17T18:26:56.002854Z","level":"INFO","message":"asynchronous invocation accepted","invocation_id":"inv_01m2r9yac29xhrhxqkby7df6jr","tenant_id":"tn_01hzzzzzzzzzzzzzzzzzzzzzza","revision_id":"rev_01m2r9xtwc2kmshczn6wd6rvxg","input_bytes":180,"input_storage":"inline","target":"tachyon_serverless_application::services::invoke_async"}
{"timestamp":"2026-09-17T18:26:56.002891Z","level":"INFO","message":"cron trigger fired","trigger_id":"trg_01m2r9xvhbzze7q5ew24jayde7","scheduled_at":"2026-09-17T18:26:56Z","invocation_id":"inv_01m2r9yac29xhrhxqkby7df6jr","revision_id":"rev_01m2r9xtwc2kmshczn6wd6rvxg","replayed":false,"target":"tachyon_serverless_application::services::triggers"}
{"timestamp":"2026-09-17T18:26:56.015973Z","level":"INFO","message":"asynchronous run claimed","invocation_id":"inv_01m2r9yac29xhrhxqkby7df6jr","attempt":1,"generation":0,"delivery_count":1,"target":"tachyon_serverless_application::services::invoke_async::dispatch"}
{"timestamp":"2026-09-17T18:26:56.151284Z","level":"INFO","message":"bridge spawned","environment_id":"env_01m2r9yacgzjy29fkp4z5grga6","pid":60485,"target":"tachyon_serverless_provider_process"}
{"timestamp":"2026-09-17T18:26:56.160754Z","level":"INFO","message":"invocation finished","invocation_id":"inv_01m2r9yac29xhrhxqkby7df6jr","status":"succeeded (async run)","handler_ms":0,"environment_boot_ms":4,"runtime_init_ms":4,"target":"tachyon_serverless_application::services::invoke"}
{"timestamp":"2026-09-17T18:26:56.162299Z","level":"INFO","message":"terminating bridge","environment_id":"env_01m2r9yacgzjy29fkp4z5grga6","pid":60485,"reason":"Completed","graceful":true,"target":"tachyon_serverless_provider_process"}
{"timestamp":"2026-09-17T18:26:56.164683Z","level":"INFO","message":"asynchronous invocation settled","invocation_id":"inv_01m2r9yac29xhrhxqkby7df6jr","status":"succeeded","target":"tachyon_serverless_application::services::invoke_async::dispatch"}
{"timestamp":"2026-09-17T18:26:56.171506Z","level":"INFO","message":"async dispatch: delivery handled","message_id":"inv_01m2r9yac29xhrhxqkby7df6jr","sequence":21,"delivery_count":1,"outcome":"Completed { status: \"succeeded\" }","target":"tachyon_serverless_application::services::invoke_async::dispatch"}
{"timestamp":"2026-09-17T18:26:58.003655Z","level":"INFO","message":"asynchronous invocation accepted","invocation_id":"inv_01m2r9ycak6arzht8c3aw5amhy","tenant_id":"tn_01hzzzzzzzzzzzzzzzzzzzzzza","revision_id":"rev_01m2r9xtwc2kmshczn6wd6rvxg","input_bytes":180,"input_storage":"inline","target":"tachyon_serverless_application::services::invoke_async"}
{"timestamp":"2026-09-17T18:26:58.003692Z","level":"INFO","message":"cron trigger fired","trigger_id":"trg_01m2r9xvhbzze7q5ew24jayde7","scheduled_at":"2026-09-17T18:26:58Z","invocation_id":"inv_01m2r9ycak6arzht8c3aw5amhy","revision_id":"rev_01m2r9xtwc2kmshczn6wd6rvxg","replayed":false,"target":"tachyon_serverless_application::services::triggers"}
{"timestamp":"2026-09-17T18:26:58.015636Z","level":"INFO","message":"asynchronous run claimed","invocation_id":"inv_01m2r9ycak6arzht8c3aw5amhy","attempt":1,"generation":0,"delivery_count":1,"target":"tachyon_serverless_application::services::invoke_async::dispatch"}
{"timestamp":"2026-09-17T18:26:58.152276Z","level":"INFO","message":"bridge spawned","environment_id":"env_01m2r9ycaz4b27qs4r5kq44byp","pid":60694,"target":"tachyon_serverless_provider_process"}
{"timestamp":"2026-09-17T18:26:58.161541Z","level":"INFO","message":"invocation finished","invocation_id":"inv_01m2r9ycak6arzht8c3aw5amhy","status":"succeeded (async run)","handler_ms":0,"environment_boot_ms":4,"runtime_init_ms":4,"target":"tachyon_serverless_application::services::invoke"}
{"timestamp":"2026-09-17T18:26:58.163078Z","level":"INFO","message":"terminating bridge","environment_id":"env_01m2r9ycaz4b27qs4r5kq44byp","pid":60694,"reason":"Completed","graceful":true,"target":"tachyon_serverless_provider_process"}
{"timestamp":"2026-09-17T18:26:58.165367Z","level":"INFO","message":"asynchronous invocation settled","invocation_id":"inv_01m2r9ycak6arzht8c3aw5amhy","status":"succeeded","target":"tachyon_serverless_application::services::invoke_async::dispatch"}
{"timestamp":"2026-09-17T18:26:58.171566Z","level":"INFO","message":"async dispatch: delivery handled","message_id":"inv_01m2r9ycak6arzht8c3aw5amhy","sequence":22,"delivery_count":1,"outcome":"Completed { status: \"succeeded\" }","target":"tachyon_serverless_application::services::invoke_async::dispatch"}
{"timestamp":"2026-09-17T18:27:00.002628Z","level":"INFO","message":"asynchronous invocation accepted","invocation_id":"inv_01m2r9ye92p3f1qe21e5p91r4j","tenant_id":"tn_01hzzzzzzzzzzzzzzzzzzzzzza","revision_id":"rev_01m2r9xtwc2kmshczn6wd6rvxg","input_bytes":180,"input_storage":"inline","target":"tachyon_serverless_application::services::invoke_async"}
{"timestamp":"2026-09-17T18:27:00.002669Z","level":"INFO","message":"cron trigger fired","trigger_id":"trg_01m2r9xvhbzze7q5ew24jayde7","scheduled_at":"2026-09-17T18:27:00Z","invocation_id":"inv_01m2r9ye92p3f1qe21e5p91r4j","revision_id":"rev_01m2r9xtwc2kmshczn6wd6rvxg","replayed":false,"target":"tachyon_serverless_application::services::triggers"}
{"timestamp":"2026-09-17T18:27:00.011937Z","level":"INFO","message":"asynchronous run claimed","invocation_id":"inv_01m2r9ye92p3f1qe21e5p91r4j","attempt":1,"generation":0,"delivery_count":1,"target":"tachyon_serverless_application::services::invoke_async::dispatch"}
{"timestamp":"2026-09-17T18:27:00.153970Z","level":"INFO","message":"bridge spawned","environment_id":"env_01m2r9ye9cxqkbbynq76qkzjnx","pid":60910,"target":"tachyon_serverless_provider_process"}
{"timestamp":"2026-09-17T18:27:00.164131Z","level":"INFO","message":"invocation finished","invocation_id":"inv_01m2r9ye92p3f1qe21e5p91r4j","status":"succeeded (async run)","handler_ms":0,"environment_boot_ms":3,"runtime_init_ms":5,"target":"tachyon_serverless_application::services::invoke"}
{"timestamp":"2026-09-17T18:27:00.165667Z","level":"INFO","message":"terminating bridge","environment_id":"env_01m2r9ye9cxqkbbynq76qkzjnx","pid":60910,"reason":"Completed","graceful":true,"target":"tachyon_serverless_provider_process"}
{"timestamp":"2026-09-17T18:27:00.168094Z","level":"INFO","message":"asynchronous invocation settled","invocation_id":"inv_01m2r9ye92p3f1qe21e5p91r4j","status":"succeeded","target":"tachyon_serverless_application::services::invoke_async::dispatch"}
{"timestamp":"2026-09-17T18:27:00.174527Z","level":"INFO","message":"async dispatch: delivery handled","message_id":"inv_01m2r9ye92p3f1qe21e5p91r4j","sequence":23,"delivery_count":1,"outcome":"Completed { status: \"succeeded\" }","target":"tachyon_serverless_application::services::invoke_async::dispatch"}
{"timestamp":"2026-09-17T18:27:02.003202Z","level":"INFO","message":"asynchronous invocation accepted","invocation_id":"inv_01m2r9yg7j4r8wwysqge72w5jm","tenant_id":"tn_01hzzzzzzzzzzzzzzzzzzzzzza","revision_id":"rev_01m2r9xtwc2kmshczn6wd6rvxg","input_bytes":180,"input_storage":"inline","target":"tachyon_serverless_application::services::invoke_async"}
{"timestamp":"2026-09-17T18:27:02.003238Z","level":"INFO","message":"cron trigger fired","trigger_id":"trg_01m2r9xvhbzze7q5ew24jayde7","scheduled_at":"2026-09-17T18:27:02Z","invocation_id":"inv_01m2r9yg7j4r8wwysqge72w5jm","revision_id":"rev_01m2r9xtwc2kmshczn6wd6rvxg","replayed":false,"target":"tachyon_serverless_application::services::triggers"}
{"timestamp":"2026-09-17T18:27:02.016095Z","level":"INFO","message":"asynchronous run claimed","invocation_id":"inv_01m2r9yg7j4r8wwysqge72w5jm","attempt":1,"generation":0,"delivery_count":1,"target":"tachyon_serverless_application::services::invoke_async::dispatch"}
{"timestamp":"2026-09-17T18:27:02.155019Z","level":"INFO","message":"bridge spawned","environment_id":"env_01m2r9yg80pr121mzje3p113j8","pid":61120,"target":"tachyon_serverless_provider_process"}
{"timestamp":"2026-09-17T18:27:02.165751Z","level":"INFO","message":"invocation finished","invocation_id":"inv_01m2r9yg7j4r8wwysqge72w5jm","status":"succeeded (async run)","handler_ms":0,"environment_boot_ms":4,"runtime_init_ms":5,"target":"tachyon_serverless_application::services::invoke"}
{"timestamp":"2026-09-17T18:27:02.167314Z","level":"INFO","message":"terminating bridge","environment_id":"env_01m2r9yg80pr121mzje3p113j8","pid":61120,"reason":"Completed","graceful":true,"target":"tachyon_serverless_provider_process"}
{"timestamp":"2026-09-17T18:27:02.169852Z","level":"INFO","message":"asynchronous invocation settled","invocation_id":"inv_01m2r9yg7j4r8wwysqge72w5jm","status":"succeeded","target":"tachyon_serverless_application::services::invoke_async::dispatch"}
{"timestamp":"2026-09-17T18:27:02.175977Z","level":"INFO","message":"async dispatch: delivery handled","message_id":"inv_01m2r9yg7j4r8wwysqge72w5jm","sequence":24,"delivery_count":1,"outcome":"Completed { status: \"succeeded\" }","target":"tachyon_serverless_application::services::invoke_async::dispatch"}
{"timestamp":"2026-09-17T18:27:04.002178Z","level":"INFO","message":"asynchronous invocation accepted","invocation_id":"inv_01m2r9yj61xdhjdq4c3rtb1bke","tenant_id":"tn_01hzzzzzzzzzzzzzzzzzzzzzza","revision_id":"rev_01m2r9xtwc2kmshczn6wd6rvxg","input_bytes":180,"input_storage":"inline","target":"tachyon_serverless_application::services::invoke_async"}
{"timestamp":"2026-09-17T18:27:04.002215Z","level":"INFO","message":"cron trigger fired","trigger_id":"trg_01m2r9xvhbzze7q5ew24jayde7","scheduled_at":"2026-09-17T18:27:04Z","invocation_id":"inv_01m2r9yj61xdhjdq4c3rtb1bke","revision_id":"rev_01m2r9xtwc2kmshczn6wd6rvxg","replayed":false,"target":"tachyon_serverless_application::services::triggers"}
{"timestamp":"2026-09-17T18:27:04.013170Z","level":"INFO","message":"asynchronous run claimed","invocation_id":"inv_01m2r9yj61xdhjdq4c3rtb1bke","attempt":1,"generation":0,"delivery_count":1,"target":"tachyon_serverless_application::services::invoke_async::dispatch"}
{"timestamp":"2026-09-17T18:27:04.153800Z","level":"INFO","message":"bridge spawned","environment_id":"env_01m2r9yj6dax7znfhs40r4rar0","pid":61333,"target":"tachyon_serverless_provider_process"}
{"timestamp":"2026-09-17T18:27:04.163632Z","level":"INFO","message":"invocation finished","invocation_id":"inv_01m2r9yj61xdhjdq4c3rtb1bke","status":"succeeded (async run)","handler_ms":0,"environment_boot_ms":3,"runtime_init_ms":5,"target":"tachyon_serverless_application::services::invoke"}
{"timestamp":"2026-09-17T18:27:04.165221Z","level":"INFO","message":"terminating bridge","environment_id":"env_01m2r9yj6dax7znfhs40r4rar0","pid":61333,"reason":"Completed","graceful":true,"target":"tachyon_serverless_provider_process"}
{"timestamp":"2026-09-17T18:27:04.167770Z","level":"INFO","message":"asynchronous invocation settled","invocation_id":"inv_01m2r9yj61xdhjdq4c3rtb1bke","status":"succeeded","target":"tachyon_serverless_application::services::invoke_async::dispatch"}
{"timestamp":"2026-09-17T18:27:04.173753Z","level":"INFO","message":"async dispatch: delivery handled","message_id":"inv_01m2r9yj61xdhjdq4c3rtb1bke","sequence":25,"delivery_count":1,"outcome":"Completed { status: \"succeeded\" }","target":"tachyon_serverless_application::services::invoke_async::dispatch"}
{"timestamp":"2026-09-17T18:27:06.004159Z","level":"INFO","message":"asynchronous invocation accepted","invocation_id":"inv_01m2r9ym4kd0q7n2wy9hpnmc83","tenant_id":"tn_01hzzzzzzzzzzzzzzzzzzzzzza","revision_id":"rev_01m2r9xtwc2kmshczn6wd6rvxg","input_bytes":180,"input_storage":"inline","target":"tachyon_serverless_application::services::invoke_async"}
{"timestamp":"2026-09-17T18:27:06.004195Z","level":"INFO","message":"cron trigger fired","trigger_id":"trg_01m2r9xvhbzze7q5ew24jayde7","scheduled_at":"2026-09-17T18:27:06Z","invocation_id":"inv_01m2r9ym4kd0q7n2wy9hpnmc83","revision_id":"rev_01m2r9xtwc2kmshczn6wd6rvxg","replayed":false,"target":"tachyon_serverless_application::services::triggers"}
{"timestamp":"2026-09-17T18:27:06.012027Z","level":"INFO","message":"asynchronous run claimed","invocation_id":"inv_01m2r9ym4kd0q7n2wy9hpnmc83","attempt":1,"generation":0,"delivery_count":1,"target":"tachyon_serverless_application::services::invoke_async::dispatch"}
{"timestamp":"2026-09-17T18:27:06.154374Z","level":"INFO","message":"bridge spawned","environment_id":"env_01m2r9ym4w68zbq6fq3n9y6hea","pid":61523,"target":"tachyon_serverless_provider_process"}
{"timestamp":"2026-09-17T18:27:06.163977Z","level":"INFO","message":"invocation finished","invocation_id":"inv_01m2r9ym4kd0q7n2wy9hpnmc83","status":"succeeded (async run)","handler_ms":0,"environment_boot_ms":3,"runtime_init_ms":4,"target":"tachyon_serverless_application::services::invoke"}
{"timestamp":"2026-09-17T18:27:06.165569Z","level":"INFO","message":"terminating bridge","environment_id":"env_01m2r9ym4w68zbq6fq3n9y6hea","pid":61523,"reason":"Completed","graceful":true,"target":"tachyon_serverless_provider_process"}
{"timestamp":"2026-09-17T18:27:06.168131Z","level":"INFO","message":"asynchronous invocation settled","invocation_id":"inv_01m2r9ym4kd0q7n2wy9hpnmc83","status":"succeeded","target":"tachyon_serverless_application::services::invoke_async::dispatch"}
{"timestamp":"2026-09-17T18:27:06.175235Z","level":"INFO","message":"async dispatch: delivery handled","message_id":"inv_01m2r9ym4kd0q7n2wy9hpnmc83","sequence":26,"delivery_count":1,"outcome":"Completed { status: \"succeeded\" }","target":"tachyon_serverless_application::services::invoke_async::dispatch"}
{"timestamp":"2026-09-17T18:27:08.002913Z","level":"INFO","message":"asynchronous invocation accepted","invocation_id":"inv_01m2r9yp32p7kjwxngz9aa60y6","tenant_id":"tn_01hzzzzzzzzzzzzzzzzzzzzzza","revision_id":"rev_01m2r9xtwc2kmshczn6wd6rvxg","input_bytes":180,"input_storage":"inline","target":"tachyon_serverless_application::services::invoke_async"}
{"timestamp":"2026-09-17T18:27:08.002971Z","level":"INFO","message":"cron trigger fired","trigger_id":"trg_01m2r9xvhbzze7q5ew24jayde7","scheduled_at":"2026-09-17T18:27:08Z","invocation_id":"inv_01m2r9yp32p7kjwxngz9aa60y6","revision_id":"rev_01m2r9xtwc2kmshczn6wd6rvxg","replayed":false,"target":"tachyon_serverless_application::services::triggers"}
{"timestamp":"2026-09-17T18:27:08.019414Z","level":"INFO","message":"asynchronous run claimed","invocation_id":"inv_01m2r9yp32p7kjwxngz9aa60y6","attempt":1,"generation":0,"delivery_count":1,"target":"tachyon_serverless_application::services::invoke_async::dispatch"}
{"timestamp":"2026-09-17T18:27:08.165440Z","level":"INFO","message":"bridge spawned","environment_id":"env_01m2r9yp3kz2sdvvqv1f1m6d2y","pid":61732,"target":"tachyon_serverless_provider_process"}
{"timestamp":"2026-09-17T18:27:08.175339Z","level":"INFO","message":"invocation finished","invocation_id":"inv_01m2r9yp32p7kjwxngz9aa60y6","status":"succeeded (async run)","handler_ms":0,"environment_boot_ms":3,"runtime_init_ms":4,"target":"tachyon_serverless_application::services::invoke"}
{"timestamp":"2026-09-17T18:27:08.176907Z","level":"INFO","message":"terminating bridge","environment_id":"env_01m2r9yp3kz2sdvvqv1f1m6d2y","pid":61732,"reason":"Completed","graceful":true,"target":"tachyon_serverless_provider_process"}
{"timestamp":"2026-09-17T18:27:08.179307Z","level":"INFO","message":"asynchronous invocation settled","invocation_id":"inv_01m2r9yp32p7kjwxngz9aa60y6","status":"succeeded","target":"tachyon_serverless_application::services::invoke_async::dispatch"}
{"timestamp":"2026-09-17T18:27:08.187090Z","level":"INFO","message":"async dispatch: delivery handled","message_id":"inv_01m2r9yp32p7kjwxngz9aa60y6","sequence":27,"delivery_count":1,"outcome":"Completed { status: \"succeeded\" }","target":"tachyon_serverless_application::services::invoke_async::dispatch"}
{"timestamp":"2026-09-17T18:27:10.004066Z","level":"INFO","message":"asynchronous invocation accepted","invocation_id":"inv_01m2r9yr1kfaje9c6gypp1n5ts","tenant_id":"tn_01hzzzzzzzzzzzzzzzzzzzzzza","revision_id":"rev_01m2r9xtwc2kmshczn6wd6rvxg","input_bytes":180,"input_storage":"inline","target":"tachyon_serverless_application::services::invoke_async"}
{"timestamp":"2026-09-17T18:27:10.004102Z","level":"INFO","message":"cron trigger fired","trigger_id":"trg_01m2r9xvhbzze7q5ew24jayde7","scheduled_at":"2026-09-17T18:27:10Z","invocation_id":"inv_01m2r9yr1kfaje9c6gypp1n5ts","revision_id":"rev_01m2r9xtwc2kmshczn6wd6rvxg","replayed":false,"target":"tachyon_serverless_application::services::triggers"}
{"timestamp":"2026-09-17T18:27:10.018014Z","level":"INFO","message":"asynchronous run claimed","invocation_id":"inv_01m2r9yr1kfaje9c6gypp1n5ts","attempt":1,"generation":0,"delivery_count":1,"target":"tachyon_serverless_application::services::invoke_async::dispatch"}
{"timestamp":"2026-09-17T18:27:10.154950Z","level":"INFO","message":"bridge spawned","environment_id":"env_01m2r9yr22w8sv34k8ptz7hj3x","pid":61930,"target":"tachyon_serverless_provider_process"}
{"timestamp":"2026-09-17T18:27:10.164374Z","level":"INFO","message":"invocation finished","invocation_id":"inv_01m2r9yr1kfaje9c6gypp1n5ts","status":"succeeded (async run)","handler_ms":0,"environment_boot_ms":4,"runtime_init_ms":4,"target":"tachyon_serverless_application::services::invoke"}
{"timestamp":"2026-09-17T18:27:10.165902Z","level":"INFO","message":"terminating bridge","environment_id":"env_01m2r9yr22w8sv34k8ptz7hj3x","pid":61930,"reason":"Completed","graceful":true,"target":"tachyon_serverless_provider_process"}
{"timestamp":"2026-09-17T18:27:10.168279Z","level":"INFO","message":"asynchronous invocation settled","invocation_id":"inv_01m2r9yr1kfaje9c6gypp1n5ts","status":"succeeded","target":"tachyon_serverless_application::services::invoke_async::dispatch"}
{"timestamp":"2026-09-17T18:27:10.181830Z","level":"INFO","message":"async dispatch: delivery handled","message_id":"inv_01m2r9yr1kfaje9c6gypp1n5ts","sequence":28,"delivery_count":1,"outcome":"Completed { status: \"succeeded\" }","target":"tachyon_serverless_application::services::invoke_async::dispatch"}
{"timestamp":"2026-09-17T18:27:12.004196Z","level":"INFO","message":"asynchronous invocation accepted","invocation_id":"inv_01m2r9yt037ww2q4xcf78a9dy4","tenant_id":"tn_01hzzzzzzzzzzzzzzzzzzzzzza","revision_id":"rev_01m2r9xtwc2kmshczn6wd6rvxg","input_bytes":180,"input_storage":"inline","target":"tachyon_serverless_application::services::invoke_async"}
{"timestamp":"2026-09-17T18:27:12.004230Z","level":"INFO","message":"cron trigger fired","trigger_id":"trg_01m2r9xvhbzze7q5ew24jayde7","scheduled_at":"2026-09-17T18:27:12Z","invocation_id":"inv_01m2r9yt037ww2q4xcf78a9dy4","revision_id":"rev_01m2r9xtwc2kmshczn6wd6rvxg","replayed":false,"target":"tachyon_serverless_application::services::triggers"}
{"timestamp":"2026-09-17T18:27:12.010828Z","level":"INFO","message":"asynchronous run claimed","invocation_id":"inv_01m2r9yt037ww2q4xcf78a9dy4","attempt":1,"generation":0,"delivery_count":1,"target":"tachyon_serverless_application::services::invoke_async::dispatch"}
{"timestamp":"2026-09-17T18:27:12.151515Z","level":"INFO","message":"bridge spawned","environment_id":"env_01m2r9yt0bjyqjvtrpek5mqvth","pid":62143,"target":"tachyon_serverless_provider_process"}
{"timestamp":"2026-09-17T18:27:12.161029Z","level":"INFO","message":"invocation finished","invocation_id":"inv_01m2r9yt037ww2q4xcf78a9dy4","status":"succeeded (async run)","handler_ms":0,"environment_boot_ms":3,"runtime_init_ms":4,"target":"tachyon_serverless_application::services::invoke"}
{"timestamp":"2026-09-17T18:27:12.162558Z","level":"INFO","message":"terminating bridge","environment_id":"env_01m2r9yt0bjyqjvtrpek5mqvth","pid":62143,"reason":"Completed","graceful":true,"target":"tachyon_serverless_provider_process"}
{"timestamp":"2026-09-17T18:27:12.164947Z","level":"INFO","message":"asynchronous invocation settled","invocation_id":"inv_01m2r9yt037ww2q4xcf78a9dy4","status":"succeeded","target":"tachyon_serverless_application::services::invoke_async::dispatch"}
{"timestamp":"2026-09-17T18:27:12.171420Z","level":"INFO","message":"async dispatch: delivery handled","message_id":"inv_01m2r9yt037ww2q4xcf78a9dy4","sequence":29,"delivery_count":1,"outcome":"Completed { status: \"succeeded\" }","target":"tachyon_serverless_application::services::invoke_async::dispatch"}
{"timestamp":"2026-09-17T18:27:14.003933Z","level":"INFO","message":"asynchronous invocation accepted","invocation_id":"inv_01m2r9yvyk34jc1rfn5n0e58dv","tenant_id":"tn_01hzzzzzzzzzzzzzzzzzzzzzza","revision_id":"rev_01m2r9xtwc2kmshczn6wd6rvxg","input_bytes":180,"input_storage":"inline","target":"tachyon_serverless_application::services::invoke_async"}
{"timestamp":"2026-09-17T18:27:14.003968Z","level":"INFO","message":"cron trigger fired","trigger_id":"trg_01m2r9xvhbzze7q5ew24jayde7","scheduled_at":"2026-09-17T18:27:14Z","invocation_id":"inv_01m2r9yvyk34jc1rfn5n0e58dv","revision_id":"rev_01m2r9xtwc2kmshczn6wd6rvxg","replayed":false,"target":"tachyon_serverless_application::services::triggers"}
{"timestamp":"2026-09-17T18:27:14.019263Z","level":"INFO","message":"asynchronous run claimed","invocation_id":"inv_01m2r9yvyk34jc1rfn5n0e58dv","attempt":1,"generation":0,"delivery_count":1,"target":"tachyon_serverless_application::services::invoke_async::dispatch"}
{"timestamp":"2026-09-17T18:27:14.156265Z","level":"INFO","message":"bridge spawned","environment_id":"env_01m2r9yvz3d5b4rqw1kj92veam","pid":62355,"target":"tachyon_serverless_provider_process"}
{"timestamp":"2026-09-17T18:27:14.165787Z","level":"INFO","message":"invocation finished","invocation_id":"inv_01m2r9yvyk34jc1rfn5n0e58dv","status":"succeeded (async run)","handler_ms":0,"environment_boot_ms":4,"runtime_init_ms":4,"target":"tachyon_serverless_application::services::invoke"}
{"timestamp":"2026-09-17T18:27:14.167323Z","level":"INFO","message":"terminating bridge","environment_id":"env_01m2r9yvz3d5b4rqw1kj92veam","pid":62355,"reason":"Completed","graceful":true,"target":"tachyon_serverless_provider_process"}
{"timestamp":"2026-09-17T18:27:14.169690Z","level":"INFO","message":"asynchronous invocation settled","invocation_id":"inv_01m2r9yvyk34jc1rfn5n0e58dv","status":"succeeded","target":"tachyon_serverless_application::services::invoke_async::dispatch"}
{"timestamp":"2026-09-17T18:27:14.175632Z","level":"INFO","message":"async dispatch: delivery handled","message_id":"inv_01m2r9yvyk34jc1rfn5n0e58dv","sequence":30,"delivery_count":1,"outcome":"Completed { status: \"succeeded\" }","target":"tachyon_serverless_application::services::invoke_async::dispatch"}
{"timestamp":"2026-09-17T18:27:16.003983Z","level":"INFO","message":"asynchronous invocation accepted","invocation_id":"inv_01m2r9yxx2hr8ser8fbsexc0ye","tenant_id":"tn_01hzzzzzzzzzzzzzzzzzzzzzza","revision_id":"rev_01m2r9xtwc2kmshczn6wd6rvxg","input_bytes":180,"input_storage":"inline","target":"tachyon_serverless_application::services::invoke_async"}
{"timestamp":"2026-09-17T18:27:16.004035Z","level":"INFO","message":"cron trigger fired","trigger_id":"trg_01m2r9xvhbzze7q5ew24jayde7","scheduled_at":"2026-09-17T18:27:16Z","invocation_id":"inv_01m2r9yxx2hr8ser8fbsexc0ye","revision_id":"rev_01m2r9xtwc2kmshczn6wd6rvxg","replayed":false,"target":"tachyon_serverless_application::services::triggers"}
{"timestamp":"2026-09-17T18:27:16.017171Z","level":"INFO","message":"asynchronous run claimed","invocation_id":"inv_01m2r9yxx2hr8ser8fbsexc0ye","attempt":1,"generation":0,"delivery_count":1,"target":"tachyon_serverless_application::services::invoke_async::dispatch"}
{"timestamp":"2026-09-17T18:27:16.155234Z","level":"INFO","message":"bridge spawned","environment_id":"env_01m2r9yxxhx2e19k3qanyrc4vg","pid":62566,"target":"tachyon_serverless_provider_process"}
{"timestamp":"2026-09-17T18:27:16.164902Z","level":"INFO","message":"invocation finished","invocation_id":"inv_01m2r9yxx2hr8ser8fbsexc0ye","status":"succeeded (async run)","handler_ms":0,"environment_boot_ms":4,"runtime_init_ms":4,"target":"tachyon_serverless_application::services::invoke"}
{"timestamp":"2026-09-17T18:27:16.166448Z","level":"INFO","message":"terminating bridge","environment_id":"env_01m2r9yxxhx2e19k3qanyrc4vg","pid":62566,"reason":"Completed","graceful":true,"target":"tachyon_serverless_provider_process"}
{"timestamp":"2026-09-17T18:27:16.168784Z","level":"INFO","message":"asynchronous invocation settled","invocation_id":"inv_01m2r9yxx2hr8ser8fbsexc0ye","status":"succeeded","target":"tachyon_serverless_application::services::invoke_async::dispatch"}
{"timestamp":"2026-09-17T18:27:16.175908Z","level":"INFO","message":"async dispatch: delivery handled","message_id":"inv_01m2r9yxx2hr8ser8fbsexc0ye","sequence":31,"delivery_count":1,"outcome":"Completed { status: \"succeeded\" }","target":"tachyon_serverless_application::services::invoke_async::dispatch"}
{"timestamp":"2026-09-17T18:27:18.002595Z","level":"INFO","message":"asynchronous invocation accepted","invocation_id":"inv_01m2r9yzvjxc5q2eyrx2n0z6qp","tenant_id":"tn_01hzzzzzzzzzzzzzzzzzzzzzza","revision_id":"rev_01m2r9xtwc2kmshczn6wd6rvxg","input_bytes":180,"input_storage":"inline","target":"tachyon_serverless_application::services::invoke_async"}
{"timestamp":"2026-09-17T18:27:18.002633Z","level":"INFO","message":"cron trigger fired","trigger_id":"trg_01m2r9xvhbzze7q5ew24jayde7","scheduled_at":"2026-09-17T18:27:18Z","invocation_id":"inv_01m2r9yzvjxc5q2eyrx2n0z6qp","revision_id":"rev_01m2r9xtwc2kmshczn6wd6rvxg","replayed":false,"target":"tachyon_serverless_application::services::triggers"}
{"timestamp":"2026-09-17T18:27:18.010081Z","level":"INFO","message":"asynchronous run claimed","invocation_id":"inv_01m2r9yzvjxc5q2eyrx2n0z6qp","attempt":1,"generation":0,"delivery_count":1,"target":"tachyon_serverless_application::services::invoke_async::dispatch"}
{"timestamp":"2026-09-17T18:27:18.155087Z","level":"INFO","message":"bridge spawned","environment_id":"env_01m2r9yzvt3yye7dkn1vqk2m88","pid":62776,"target":"tachyon_serverless_provider_process"}
{"timestamp":"2026-09-17T18:27:18.164979Z","level":"INFO","message":"invocation finished","invocation_id":"inv_01m2r9yzvjxc5q2eyrx2n0z6qp","status":"succeeded (async run)","handler_ms":0,"environment_boot_ms":3,"runtime_init_ms":4,"target":"tachyon_serverless_application::services::invoke"}
{"timestamp":"2026-09-17T18:27:18.166534Z","level":"INFO","message":"terminating bridge","environment_id":"env_01m2r9yzvt3yye7dkn1vqk2m88","pid":62776,"reason":"Completed","graceful":true,"target":"tachyon_serverless_provider_process"}
{"timestamp":"2026-09-17T18:27:18.169050Z","level":"INFO","message":"asynchronous invocation settled","invocation_id":"inv_01m2r9yzvjxc5q2eyrx2n0z6qp","status":"succeeded","target":"tachyon_serverless_application::services::invoke_async::dispatch"}
{"timestamp":"2026-09-17T18:27:18.175202Z","level":"INFO","message":"async dispatch: delivery handled","message_id":"inv_01m2r9yzvjxc5q2eyrx2n0z6qp","sequence":32,"delivery_count":1,"outcome":"Completed { status: \"succeeded\" }","target":"tachyon_serverless_application::services::invoke_async::dispatch"}
{"timestamp":"2026-09-17T18:27:20.003354Z","level":"INFO","message":"asynchronous invocation accepted","invocation_id":"inv_01m2r9z1t2fsx329wabkpwf028","tenant_id":"tn_01hzzzzzzzzzzzzzzzzzzzzzza","revision_id":"rev_01m2r9xtwc2kmshczn6wd6rvxg","input_bytes":180,"input_storage":"inline","target":"tachyon_serverless_application::services::invoke_async"}
{"timestamp":"2026-09-17T18:27:20.003389Z","level":"INFO","message":"cron trigger fired","trigger_id":"trg_01m2r9xvhbzze7q5ew24jayde7","scheduled_at":"2026-09-17T18:27:20Z","invocation_id":"inv_01m2r9z1t2fsx329wabkpwf028","revision_id":"rev_01m2r9xtwc2kmshczn6wd6rvxg","replayed":false,"target":"tachyon_serverless_application::services::triggers"}
{"timestamp":"2026-09-17T18:27:20.015536Z","level":"INFO","message":"asynchronous run claimed","invocation_id":"inv_01m2r9z1t2fsx329wabkpwf028","attempt":1,"generation":0,"delivery_count":1,"target":"tachyon_serverless_application::services::invoke_async::dispatch"}
{"timestamp":"2026-09-17T18:27:20.152802Z","level":"INFO","message":"bridge spawned","environment_id":"env_01m2r9z1tf94sc9q1j28xd6zwv","pid":62981,"target":"tachyon_serverless_provider_process"}
{"timestamp":"2026-09-17T18:27:20.164601Z","level":"INFO","message":"invocation finished","invocation_id":"inv_01m2r9z1t2fsx329wabkpwf028","status":"succeeded (async run)","handler_ms":0,"environment_boot_ms":3,"runtime_init_ms":6,"target":"tachyon_serverless_application::services::invoke"}
{"timestamp":"2026-09-17T18:27:20.166218Z","level":"INFO","message":"terminating bridge","environment_id":"env_01m2r9z1tf94sc9q1j28xd6zwv","pid":62981,"reason":"Completed","graceful":true,"target":"tachyon_serverless_provider_process"}
{"timestamp":"2026-09-17T18:27:20.168938Z","level":"INFO","message":"asynchronous invocation settled","invocation_id":"inv_01m2r9z1t2fsx329wabkpwf028","status":"succeeded","target":"tachyon_serverless_application::services::invoke_async::dispatch"}
{"timestamp":"2026-09-17T18:27:20.174901Z","level":"INFO","message":"async dispatch: delivery handled","message_id":"inv_01m2r9z1t2fsx329wabkpwf028","sequence":33,"delivery_count":1,"outcome":"Completed { status: \"succeeded\" }","target":"tachyon_serverless_application::services::invoke_async::dispatch"}
{"timestamp":"2026-09-17T18:27:22.002367Z","level":"INFO","message":"asynchronous invocation accepted","invocation_id":"inv_01m2r9z3rh5d5d01kv3b5pwtjr","tenant_id":"tn_01hzzzzzzzzzzzzzzzzzzzzzza","revision_id":"rev_01m2r9xtwc2kmshczn6wd6rvxg","input_bytes":180,"input_storage":"inline","target":"tachyon_serverless_application::services::invoke_async"}
{"timestamp":"2026-09-17T18:27:22.002406Z","level":"INFO","message":"cron trigger fired","trigger_id":"trg_01m2r9xvhbzze7q5ew24jayde7","scheduled_at":"2026-09-17T18:27:22Z","invocation_id":"inv_01m2r9z3rh5d5d01kv3b5pwtjr","revision_id":"rev_01m2r9xtwc2kmshczn6wd6rvxg","replayed":false,"target":"tachyon_serverless_application::services::triggers"}
{"timestamp":"2026-09-17T18:27:22.010181Z","level":"INFO","message":"asynchronous run claimed","invocation_id":"inv_01m2r9z3rh5d5d01kv3b5pwtjr","attempt":1,"generation":0,"delivery_count":1,"target":"tachyon_serverless_application::services::invoke_async::dispatch"}
{"timestamp":"2026-09-17T18:27:22.154033Z","level":"INFO","message":"bridge spawned","environment_id":"env_01m2r9z3rtepb7bf9ks3kzhf99","pid":63190,"target":"tachyon_serverless_provider_process"}
{"timestamp":"2026-09-17T18:27:22.164080Z","level":"INFO","message":"invocation finished","invocation_id":"inv_01m2r9z3rh5d5d01kv3b5pwtjr","status":"succeeded (async run)","handler_ms":0,"environment_boot_ms":3,"runtime_init_ms":5,"target":"tachyon_serverless_application::services::invoke"}
{"timestamp":"2026-09-17T18:27:22.165704Z","level":"INFO","message":"terminating bridge","environment_id":"env_01m2r9z3rtepb7bf9ks3kzhf99","pid":63190,"reason":"Completed","graceful":true,"target":"tachyon_serverless_provider_process"}
{"timestamp":"2026-09-17T18:27:22.168458Z","level":"INFO","message":"asynchronous invocation settled","invocation_id":"inv_01m2r9z3rh5d5d01kv3b5pwtjr","status":"succeeded","target":"tachyon_serverless_application::services::invoke_async::dispatch"}
{"timestamp":"2026-09-17T18:27:22.177023Z","level":"INFO","message":"async dispatch: delivery handled","message_id":"inv_01m2r9z3rh5d5d01kv3b5pwtjr","sequence":34,"delivery_count":1,"outcome":"Completed { status: \"succeeded\" }","target":"tachyon_serverless_application::services::invoke_async::dispatch"}
{"timestamp":"2026-09-17T18:27:24.002371Z","level":"INFO","message":"asynchronous invocation accepted","invocation_id":"inv_01m2r9z5q1ftr22ts6n1ggm705","tenant_id":"tn_01hzzzzzzzzzzzzzzzzzzzzzza","revision_id":"rev_01m2r9xtwc2kmshczn6wd6rvxg","input_bytes":180,"input_storage":"inline","target":"tachyon_serverless_application::services::invoke_async"}
{"timestamp":"2026-09-17T18:27:24.002663Z","level":"INFO","message":"cron trigger fired","trigger_id":"trg_01m2r9xvhbzze7q5ew24jayde7","scheduled_at":"2026-09-17T18:27:24Z","invocation_id":"inv_01m2r9z5q1ftr22ts6n1ggm705","revision_id":"rev_01m2r9xtwc2kmshczn6wd6rvxg","replayed":false,"target":"tachyon_serverless_application::services::triggers"}
{"timestamp":"2026-09-17T18:27:24.010560Z","level":"INFO","message":"asynchronous run claimed","invocation_id":"inv_01m2r9z5q1ftr22ts6n1ggm705","attempt":1,"generation":0,"delivery_count":1,"target":"tachyon_serverless_application::services::invoke_async::dispatch"}
{"timestamp":"2026-09-17T18:27:24.152520Z","level":"INFO","message":"bridge spawned","environment_id":"env_01m2r9z5qapp58hnh25hjmzt87","pid":63391,"target":"tachyon_serverless_provider_process"}
{"timestamp":"2026-09-17T18:27:24.167235Z","level":"INFO","message":"invocation finished","invocation_id":"inv_01m2r9z5q1ftr22ts6n1ggm705","status":"succeeded (async run)","handler_ms":0,"environment_boot_ms":4,"runtime_init_ms":6,"target":"tachyon_serverless_application::services::invoke"}
{"timestamp":"2026-09-17T18:27:24.168823Z","level":"INFO","message":"terminating bridge","environment_id":"env_01m2r9z5qapp58hnh25hjmzt87","pid":63391,"reason":"Completed","graceful":true,"target":"tachyon_serverless_provider_process"}
{"timestamp":"2026-09-17T18:27:24.171667Z","level":"INFO","message":"asynchronous invocation settled","invocation_id":"inv_01m2r9z5q1ftr22ts6n1ggm705","status":"succeeded","target":"tachyon_serverless_application::services::invoke_async::dispatch"}
{"timestamp":"2026-09-17T18:27:24.179030Z","level":"INFO","message":"async dispatch: delivery handled","message_id":"inv_01m2r9z5q1ftr22ts6n1ggm705","sequence":35,"delivery_count":1,"outcome":"Completed { status: \"succeeded\" }","target":"tachyon_serverless_application::services::invoke_async::dispatch"}
{"timestamp":"2026-09-17T18:27:26.002078Z","level":"INFO","message":"asynchronous invocation accepted","invocation_id":"inv_01m2r9z7nhfkv5t2enb14npgxr","tenant_id":"tn_01hzzzzzzzzzzzzzzzzzzzzzza","revision_id":"rev_01m2r9xtwc2kmshczn6wd6rvxg","input_bytes":180,"input_storage":"inline","target":"tachyon_serverless_application::services::invoke_async"}
{"timestamp":"2026-09-17T18:27:26.002112Z","level":"INFO","message":"cron trigger fired","trigger_id":"trg_01m2r9xvhbzze7q5ew24jayde7","scheduled_at":"2026-09-17T18:27:26Z","invocation_id":"inv_01m2r9z7nhfkv5t2enb14npgxr","revision_id":"rev_01m2r9xtwc2kmshczn6wd6rvxg","replayed":false,"target":"tachyon_serverless_application::services::triggers"}
{"timestamp":"2026-09-17T18:27:26.013731Z","level":"INFO","message":"asynchronous run claimed","invocation_id":"inv_01m2r9z7nhfkv5t2enb14npgxr","attempt":1,"generation":0,"delivery_count":1,"target":"tachyon_serverless_application::services::invoke_async::dispatch"}
{"timestamp":"2026-09-17T18:27:26.148356Z","level":"INFO","message":"bridge spawned","environment_id":"env_01m2r9z7nxq6e9stren3h6bnan","pid":63595,"target":"tachyon_serverless_provider_process"}
{"timestamp":"2026-09-17T18:27:26.158087Z","level":"INFO","message":"invocation finished","invocation_id":"inv_01m2r9z7nhfkv5t2enb14npgxr","status":"succeeded (async run)","handler_ms":0,"environment_boot_ms":4,"runtime_init_ms":4,"target":"tachyon_serverless_application::services::invoke"}
{"timestamp":"2026-09-17T18:27:26.159673Z","level":"INFO","message":"terminating bridge","environment_id":"env_01m2r9z7nxq6e9stren3h6bnan","pid":63595,"reason":"Completed","graceful":true,"target":"tachyon_serverless_provider_process"}
{"timestamp":"2026-09-17T18:27:26.162091Z","level":"INFO","message":"asynchronous invocation settled","invocation_id":"inv_01m2r9z7nhfkv5t2enb14npgxr","status":"succeeded","target":"tachyon_serverless_application::services::invoke_async::dispatch"}
{"timestamp":"2026-09-17T18:27:26.168717Z","level":"INFO","message":"async dispatch: delivery handled","message_id":"inv_01m2r9z7nhfkv5t2enb14npgxr","sequence":36,"delivery_count":1,"outcome":"Completed { status: \"succeeded\" }","target":"tachyon_serverless_application::services::invoke_async::dispatch"}
{"timestamp":"2026-09-17T18:27:27.295539Z","level":"INFO","message":"object retention pass","report":"GcReport { examined: 3, collected_expired: 0, collected_orphans: 0, kept_in_use: 0, kept_referenced: 3, incomplete_removed: 0, tombstones_purged: 0, failed: 0 }","target":"tachyon_serverless_gateway"}
{"timestamp":"2026-09-17T18:27:28.004312Z","level":"INFO","message":"asynchronous invocation accepted","invocation_id":"inv_01m2r9z9m3w7zm8x5hqw0xat3f","tenant_id":"tn_01hzzzzzzzzzzzzzzzzzzzzzza","revision_id":"rev_01m2r9xtwc2kmshczn6wd6rvxg","input_bytes":180,"input_storage":"inline","target":"tachyon_serverless_application::services::invoke_async"}
{"timestamp":"2026-09-17T18:27:28.004355Z","level":"INFO","message":"cron trigger fired","trigger_id":"trg_01m2r9xvhbzze7q5ew24jayde7","scheduled_at":"2026-09-17T18:27:28Z","invocation_id":"inv_01m2r9z9m3w7zm8x5hqw0xat3f","revision_id":"rev_01m2r9xtwc2kmshczn6wd6rvxg","replayed":false,"target":"tachyon_serverless_application::services::triggers"}
{"timestamp":"2026-09-17T18:27:28.015900Z","level":"INFO","message":"asynchronous run claimed","invocation_id":"inv_01m2r9z9m3w7zm8x5hqw0xat3f","attempt":1,"generation":0,"delivery_count":1,"target":"tachyon_serverless_application::services::invoke_async::dispatch"}
{"timestamp":"2026-09-17T18:27:28.158775Z","level":"INFO","message":"bridge spawned","environment_id":"env_01m2r9z9mg40kgrjmxer63bbhb","pid":63805,"target":"tachyon_serverless_provider_process"}
{"timestamp":"2026-09-17T18:27:28.170786Z","level":"INFO","message":"invocation finished","invocation_id":"inv_01m2r9z9m3w7zm8x5hqw0xat3f","status":"succeeded (async run)","handler_ms":0,"environment_boot_ms":4,"runtime_init_ms":6,"target":"tachyon_serverless_application::services::invoke"}
{"timestamp":"2026-09-17T18:27:28.172348Z","level":"INFO","message":"terminating bridge","environment_id":"env_01m2r9z9mg40kgrjmxer63bbhb","pid":63805,"reason":"Completed","graceful":true,"target":"tachyon_serverless_provider_process"}
{"timestamp":"2026-09-17T18:27:28.175343Z","level":"INFO","message":"asynchronous invocation settled","invocation_id":"inv_01m2r9z9m3w7zm8x5hqw0xat3f","status":"succeeded","target":"tachyon_serverless_application::services::invoke_async::dispatch"}
{"timestamp":"2026-09-17T18:27:28.181894Z","level":"INFO","message":"async dispatch: delivery handled","message_id":"inv_01m2r9z9m3w7zm8x5hqw0xat3f","sequence":37,"delivery_count":1,"outcome":"Completed { status: \"succeeded\" }","target":"tachyon_serverless_application::services::invoke_async::dispatch"}
{"timestamp":"2026-09-17T18:27:29.296789Z","level":"INFO","message":"object retention pass","report":"GcReport { examined: 3, collected_expired: 0, collected_orphans: 0, kept_in_use: 0, kept_referenced: 3, incomplete_removed: 0, tombstones_purged: 0, failed: 0 }","target":"tachyon_serverless_gateway"}
{"timestamp":"2026-09-17T18:27:30.002938Z","level":"INFO","message":"asynchronous invocation accepted","invocation_id":"inv_01m2r9zbjjvdhm7jenmb8530fy","tenant_id":"tn_01hzzzzzzzzzzzzzzzzzzzzzza","revision_id":"rev_01m2r9xtwc2kmshczn6wd6rvxg","input_bytes":180,"input_storage":"inline","target":"tachyon_serverless_application::services::invoke_async"}
{"timestamp":"2026-09-17T18:27:30.002974Z","level":"INFO","message":"cron trigger fired","trigger_id":"trg_01m2r9xvhbzze7q5ew24jayde7","scheduled_at":"2026-09-17T18:27:30Z","invocation_id":"inv_01m2r9zbjjvdhm7jenmb8530fy","revision_id":"rev_01m2r9xtwc2kmshczn6wd6rvxg","replayed":false,"target":"tachyon_serverless_application::services::triggers"}
{"timestamp":"2026-09-17T18:27:30.015897Z","level":"INFO","message":"asynchronous run claimed","invocation_id":"inv_01m2r9zbjjvdhm7jenmb8530fy","attempt":1,"generation":0,"delivery_count":1,"target":"tachyon_serverless_application::services::invoke_async::dispatch"}
{"timestamp":"2026-09-17T18:27:30.153646Z","level":"INFO","message":"bridge spawned","environment_id":"env_01m2r9zbk0jc19g55yt8atjv9d","pid":63999,"target":"tachyon_serverless_provider_process"}
{"timestamp":"2026-09-17T18:27:30.163288Z","level":"INFO","message":"invocation finished","invocation_id":"inv_01m2r9zbjjvdhm7jenmb8530fy","status":"succeeded (async run)","handler_ms":0,"environment_boot_ms":3,"runtime_init_ms":4,"target":"tachyon_serverless_application::services::invoke"}
{"timestamp":"2026-09-17T18:27:30.164845Z","level":"INFO","message":"terminating bridge","environment_id":"env_01m2r9zbk0jc19g55yt8atjv9d","pid":63999,"reason":"Completed","graceful":true,"target":"tachyon_serverless_provider_process"}
{"timestamp":"2026-09-17T18:27:30.167329Z","level":"INFO","message":"asynchronous invocation settled","invocation_id":"inv_01m2r9zbjjvdhm7jenmb8530fy","status":"succeeded","target":"tachyon_serverless_application::services::invoke_async::dispatch"}
{"timestamp":"2026-09-17T18:27:30.174597Z","level":"INFO","message":"async dispatch: delivery handled","message_id":"inv_01m2r9zbjjvdhm7jenmb8530fy","sequence":38,"delivery_count":1,"outcome":"Completed { status: \"succeeded\" }","target":"tachyon_serverless_application::services::invoke_async::dispatch"}
{"timestamp":"2026-09-17T18:27:31.301116Z","level":"INFO","message":"object retention pass","report":"GcReport { examined: 4, collected_expired: 0, collected_orphans: 1, kept_in_use: 0, kept_referenced: 3, incomplete_removed: 0, tombstones_purged: 0, failed: 0 }","target":"tachyon_serverless_gateway"}
{"timestamp":"2026-09-17T18:27:32.003447Z","level":"INFO","message":"asynchronous invocation accepted","invocation_id":"inv_01m2r9zdh2hzj7nttekyf0x10v","tenant_id":"tn_01hzzzzzzzzzzzzzzzzzzzzzza","revision_id":"rev_01m2r9xtwc2kmshczn6wd6rvxg","input_bytes":180,"input_storage":"inline","target":"tachyon_serverless_application::services::invoke_async"}
{"timestamp":"2026-09-17T18:27:32.003488Z","level":"INFO","message":"cron trigger fired","trigger_id":"trg_01m2r9xvhbzze7q5ew24jayde7","scheduled_at":"2026-09-17T18:27:32Z","invocation_id":"inv_01m2r9zdh2hzj7nttekyf0x10v","revision_id":"rev_01m2r9xtwc2kmshczn6wd6rvxg","replayed":false,"target":"tachyon_serverless_application::services::triggers"}
{"timestamp":"2026-09-17T18:27:32.015412Z","level":"INFO","message":"asynchronous run claimed","invocation_id":"inv_01m2r9zdh2hzj7nttekyf0x10v","attempt":1,"generation":0,"delivery_count":1,"target":"tachyon_serverless_application::services::invoke_async::dispatch"}
{"timestamp":"2026-09-17T18:27:32.157874Z","level":"INFO","message":"bridge spawned","environment_id":"env_01m2r9zdhf6n8x775qcjaw1wxt","pid":64289,"target":"tachyon_serverless_provider_process"}
{"timestamp":"2026-09-17T18:27:32.169504Z","level":"INFO","message":"invocation finished","invocation_id":"inv_01m2r9zdh2hzj7nttekyf0x10v","status":"succeeded (async run)","handler_ms":0,"environment_boot_ms":3,"runtime_init_ms":5,"target":"tachyon_serverless_application::services::invoke"}
{"timestamp":"2026-09-17T18:27:32.171193Z","level":"INFO","message":"terminating bridge","environment_id":"env_01m2r9zdhf6n8x775qcjaw1wxt","pid":64289,"reason":"Completed","graceful":true,"target":"tachyon_serverless_provider_process"}
{"timestamp":"2026-09-17T18:27:32.175524Z","level":"INFO","message":"asynchronous invocation settled","invocation_id":"inv_01m2r9zdh2hzj7nttekyf0x10v","status":"succeeded","target":"tachyon_serverless_application::services::invoke_async::dispatch"}
{"timestamp":"2026-09-17T18:27:32.181907Z","level":"INFO","message":"async dispatch: delivery handled","message_id":"inv_01m2r9zdh2hzj7nttekyf0x10v","sequence":39,"delivery_count":1,"outcome":"Completed { status: \"succeeded\" }","target":"tachyon_serverless_application::services::invoke_async::dispatch"}
{"timestamp":"2026-09-17T18:27:32.667732Z","level":"INFO","message":"bridge spawned","environment_id":"env_01m2r9ze1meyssnhz20s3g953r","pid":64326,"target":"tachyon_serverless_provider_process"}
{"timestamp":"2026-09-17T18:27:32.677573Z","level":"INFO","message":"invocation finished","invocation_id":"inv_01m2r9ze1kbhdkxg89yw0hz6qq","status":"succeeded","handler_ms":0,"environment_boot_ms":4,"runtime_init_ms":4,"target":"tachyon_serverless_application::services::invoke"}
{"timestamp":"2026-09-17T18:27:32.679100Z","level":"INFO","message":"terminating bridge","environment_id":"env_01m2r9ze1meyssnhz20s3g953r","pid":64326,"reason":"Completed","graceful":true,"target":"tachyon_serverless_provider_process"}
{"timestamp":"2026-09-17T18:27:32.729507Z","level":"INFO","message":"asynchronous invocation accepted","invocation_id":"inv_01m2r9ze7szy0zpvfpfxaa4btk","tenant_id":"tn_01hzzzzzzzzzzzzzzzzzzzzzza","revision_id":"rev_01m2r9xtcgyks4w7mg3cg66s29","input_bytes":48,"input_storage":"inline","target":"tachyon_serverless_application::services::invoke_async"}
{"timestamp":"2026-09-17T18:27:32.741490Z","level":"INFO","message":"asynchronous run claimed","invocation_id":"inv_01m2r9ze7szy0zpvfpfxaa4btk","attempt":1,"generation":0,"delivery_count":1,"target":"tachyon_serverless_application::services::invoke_async::dispatch"}
{"timestamp":"2026-09-17T18:27:32.816175Z","level":"INFO","message":"asynchronous invocation accepted","invocation_id":"inv_01m2r9zea2z05fn71rk6fws5sg","tenant_id":"tn_01hzzzzzzzzzzzzzzzzzzzzzza","revision_id":"rev_01m2r9xtcgyks4w7mg3cg66s29","input_bytes":4128,"input_storage":"object","target":"tachyon_serverless_application::services::invoke_async"}
{"timestamp":"2026-09-17T18:27:32.821633Z","level":"INFO","message":"asynchronous run claimed","invocation_id":"inv_01m2r9zea2z05fn71rk6fws5sg","attempt":1,"generation":0,"delivery_count":1,"target":"tachyon_serverless_application::services::invoke_async::dispatch"}
{"timestamp":"2026-09-17T18:27:32.855309Z","level":"INFO","message":"asynchronous invocation accepted","invocation_id":"inv_01m2r9zebph7p8w54qxwsq1hg9","tenant_id":"tn_01hzzzzzzzzzzzzzzzzzzzzzza","revision_id":"rev_01m2r9xtwc2kmshczn6wd6rvxg","input_bytes":191,"input_storage":"inline","target":"tachyon_serverless_application::services::invoke_async"}
{"timestamp":"2026-09-17T18:27:32.855348Z","level":"INFO","message":"webhook trigger fired","trigger_id":"trg_01m2r9xvhpexzd8c04bn7bs9vy","event_id":"evt-post-w1","invocation_id":"inv_01m2r9zebph7p8w54qxwsq1hg9","revision_id":"rev_01m2r9xtwc2kmshczn6wd6rvxg","replayed":false,"target":"tachyon_serverless_application::services::triggers"}
{"timestamp":"2026-09-17T18:27:32.902066Z","level":"INFO","message":"bridge spawned","environment_id":"env_01m2r9ze85a022atsygk0bkv4b","pid":64402,"target":"tachyon_serverless_provider_process"}
{"timestamp":"2026-09-17T18:27:32.902993Z","level":"INFO","message":"trigger updated","trigger_id":"trg_01m2r9xvhbzze7q5ew24jayde7","generation":4,"status":"disabled","next_fire_at":"None","rotated_secret":false,"target":"tachyon_serverless_application::services::triggers"}
{"timestamp":"2026-09-17T18:27:32.917967Z","level":"INFO","message":"invocation finished","invocation_id":"inv_01m2r9ze7szy0zpvfpfxaa4btk","status":"succeeded (async run)","handler_ms":1,"environment_boot_ms":4,"runtime_init_ms":8,"target":"tachyon_serverless_application::services::invoke"}
{"timestamp":"2026-09-17T18:27:32.919965Z","level":"INFO","message":"terminating bridge","environment_id":"env_01m2r9ze85a022atsygk0bkv4b","pid":64402,"reason":"Completed","graceful":true,"target":"tachyon_serverless_provider_process"}
{"timestamp":"2026-09-17T18:27:32.924031Z","level":"INFO","message":"asynchronous invocation settled","invocation_id":"inv_01m2r9ze7szy0zpvfpfxaa4btk","status":"succeeded","target":"tachyon_serverless_application::services::invoke_async::dispatch"}
{"timestamp":"2026-09-17T18:27:32.930608Z","level":"INFO","message":"async dispatch: delivery handled","message_id":"inv_01m2r9ze7szy0zpvfpfxaa4btk","sequence":40,"delivery_count":1,"outcome":"Completed { status: \"succeeded\" }","target":"tachyon_serverless_application::services::invoke_async::dispatch"}
{"timestamp":"2026-09-17T18:27:32.931360Z","level":"INFO","message":"asynchronous run claimed","invocation_id":"inv_01m2r9zebph7p8w54qxwsq1hg9","attempt":1,"generation":0,"delivery_count":1,"target":"tachyon_serverless_application::services::invoke_async::dispatch"}
{"timestamp":"2026-09-17T18:27:32.985645Z","level":"INFO","message":"bridge spawned","environment_id":"env_01m2r9zeaqmhdjjw1dbab4yaec","pid":64435,"target":"tachyon_serverless_provider_process"}
{"timestamp":"2026-09-17T18:27:33.001679Z","level":"INFO","message":"invocation finished","invocation_id":"inv_01m2r9zea2z05fn71rk6fws5sg","status":"succeeded (async run)","handler_ms":1,"environment_boot_ms":5,"runtime_init_ms":7,"target":"tachyon_serverless_application::services::invoke"}
{"timestamp":"2026-09-17T18:27:33.003279Z","level":"INFO","message":"terminating bridge","environment_id":"env_01m2r9zeaqmhdjjw1dbab4yaec","pid":64435,"reason":"Completed","graceful":true,"target":"tachyon_serverless_provider_process"}
{"timestamp":"2026-09-17T18:27:33.007140Z","level":"INFO","message":"asynchronous invocation settled","invocation_id":"inv_01m2r9zea2z05fn71rk6fws5sg","status":"succeeded","target":"tachyon_serverless_application::services::invoke_async::dispatch"}
{"timestamp":"2026-09-17T18:27:33.012565Z","level":"INFO","message":"async dispatch: delivery handled","message_id":"inv_01m2r9zea2z05fn71rk6fws5sg","sequence":41,"delivery_count":1,"outcome":"Completed { status: \"succeeded\" }","target":"tachyon_serverless_application::services::invoke_async::dispatch"}
{"timestamp":"2026-09-17T18:27:33.086952Z","level":"INFO","message":"bridge spawned","environment_id":"env_01m2r9zee3npwv1570w12nx56c","pid":64440,"target":"tachyon_serverless_provider_process"}
{"timestamp":"2026-09-17T18:27:33.096560Z","level":"INFO","message":"invocation finished","invocation_id":"inv_01m2r9zebph7p8w54qxwsq1hg9","status":"succeeded (async run)","handler_ms":0,"environment_boot_ms":3,"runtime_init_ms":4,"target":"tachyon_serverless_application::services::invoke"}
{"timestamp":"2026-09-17T18:27:33.098048Z","level":"INFO","message":"terminating bridge","environment_id":"env_01m2r9zee3npwv1570w12nx56c","pid":64440,"reason":"Completed","graceful":true,"target":"tachyon_serverless_provider_process"}
{"timestamp":"2026-09-17T18:27:33.100660Z","level":"INFO","message":"asynchronous invocation settled","invocation_id":"inv_01m2r9zebph7p8w54qxwsq1hg9","status":"succeeded","target":"tachyon_serverless_application::services::invoke_async::dispatch"}
{"timestamp":"2026-09-17T18:27:33.105833Z","level":"INFO","message":"async dispatch: delivery handled","message_id":"inv_01m2r9zebph7p8w54qxwsq1hg9","sequence":42,"delivery_count":1,"outcome":"Completed { status: \"succeeded\" }","target":"tachyon_serverless_application::services::invoke_async::dispatch"}
{"timestamp":"2026-09-17T18:27:33.295865Z","level":"INFO","message":"object retention pass","report":"GcReport { examined: 3, collected_expired: 0, collected_orphans: 0, kept_in_use: 0, kept_referenced: 3, incomplete_removed: 0, tombstones_purged: 0, failed: 0 }","target":"tachyon_serverless_gateway"}
{"timestamp":"2026-09-17T18:27:34.727785Z","level":"INFO","message":"SIGTERM received","target":"tachyon_serverless_gateway"}
{"timestamp":"2026-09-17T18:27:34.727813Z","level":"INFO","message":"shutdown requested; cancelling in-flight invocations","target":"tachyon_serverless_gateway"}
{"timestamp":"2026-09-17T18:27:34.728074Z","level":"INFO","message":"final usage collection","report":"CollectReport { batches: 0, read: 0, inserted: 0, duplicates: 0, cursor_seq: 230 }","target":"tachyon_serverless_gateway"}
{"timestamp":"2026-09-17T18:27:34.729234Z","level":"INFO","message":"gateway stopped","target":"tachyon_serverless_gateway"}
{"timestamp":"2026-09-17T18:27:34.729318Z","level":"INFO","message":"event: closed","target":"async_nats"}
