ts_ms	env	usage_usec	throttled_usec	nr_throttled	memory_current	memory_peak	pids_current	cpu_max	memory_max
1789697718229	env_01m2s4qxtqhggsw99v7h79fbfp	17497	0	0	25133056	25395200	3	50000/100000	335544320
1789697719070	env_01m2s4qxtqhggsw99v7h79fbfp	448137	373159	8	31686656	31686656	3	50000/100000	335544320
1789697719584	env_01m2s4qxtqhggsw99v7h79fbfp	702307	667480	14	32210944	32210944	3	50000/100000	335544320
1789697720098	env_01m2s4qxtqhggsw99v7h79fbfp	966864	915494	19	32997376	32997376	3	50000/100000	335544320
1789697720610	env_01m2s4qxtqhggsw99v7h79fbfp	1229580	1163643	24	35356672	35356672	3	50000/100000	335544320
1789697721123	env_01m2s4qxtqhggsw99v7h79fbfp	1491508	1412947	29	36929536	36929536	3	50000/100000	335544320
1789697721636	env_01m2s4qxtqhggsw99v7h79fbfp	1748300	1660752	34	37453824	37453824	3	50000/100000	335544320
1789697722152	env_01m2s4qxtqhggsw99v7h79fbfp	1998209	1909623	39	39550976	39550976	3	50000/100000	335544320
1789697722666	env_01m2s4qxtqhggsw99v7h79fbfp	2248765	2157761	44	40116224	40337408	3	50000/100000	335544320
1789697723180	env_01m2s4qxtqhggsw99v7h79fbfp	2501060	2456223	50	43261952	43261952	3	50000/100000	335544320
1789697723698	env_01m2s4qxtqhggsw99v7h79fbfp	2767417	2710411	55	45359104	45359104	3	50000/100000	335544320
1789697724227	env_01m2s4qxtqhggsw99v7h79fbfp	3046222	2958834	60	47194112	47194112	3	50000/100000	335544320
1789697724744	env_01m2s4qxtqhggsw99v7h79fbfp	3157565	3113070	63	47194112	47194112	3	50000/100000	335544320
1789697725276	env_01m2s4qxtqhggsw99v7h79fbfp	3159546	3113070	63	47194112	47194112	3	50000/100000	335544320
1789697725812	env_01m2s4qxtqhggsw99v7h79fbfp	3161729	3113070	63	47194112	47194112	3	50000/100000	335544320
1789697726339	env_01m2s4qxtqhggsw99v7h79fbfp	3183779	3113070	63	47194112	47194112	3	50000/100000	335544320
1789697726862	env_01m2s4qxtqhggsw99v7h79fbfp	3188656	3113070	63	47194112	47194112	3	50000/100000	335544320
1789697727392	env_01m2s4qxtqhggsw99v7h79fbfp	3198755	3113070	63	47194112	47194112	3	50000/100000	335544320
1789697727811	env_01m2s4qxtqhggsw99v7h79fbfp	3200993	3113070	63	47194112	47194112	3	50000/100000	335544320
1789697728340	env_01m2s4qxtqhggsw99v7h79fbfp	3201479	3113070	63	47194112	47194112	3	50000/100000	335544320
1789697728875	env_01m2s4qxtqhggsw99v7h79fbfp	3206294	3113070	63	47194112	47194112	3	50000/100000	335544320
1789697729402	env_01m2s4qxtqhggsw99v7h79fbfp	3281532	3113070	63	47194112	47194112	3	50000/100000	335544320
1789697729917	env_01m2s4r91paqqvcpfmyk0xa98e	137183	83250	2	25931776	26009600	3	50000/100000	335544320
1789697730767	env_01m2s4r91paqqvcpfmyk0xa98e	558602	480208	10	31436800	31436800	3	50000/100000	335544320
1789697731287	env_01m2s4r91paqqvcpfmyk0xa98e	808221	779185	16	32747520	32747520	3	50000/100000	335544320
1789697731802	env_01m2s4r91paqqvcpfmyk0xa98e	1071616	1028108	21	33009664	33009664	3	50000/100000	335544320
1789697732317	env_01m2s4r91paqqvcpfmyk0xa98e	1336218	1277027	26	35368960	35368960	3	50000/100000	335544320
1789697732833	env_01m2s4r91paqqvcpfmyk0xa98e	1596750	1530006	31	36679680	36679680	3	50000/100000	335544320
1789697733348	env_01m2s4r91paqqvcpfmyk0xa98e	1858928	1775427	36	37203968	37203968	3	50000/100000	335544320
1789697733890	env_01m2s4r91paqqvcpfmyk0xa98e	2114198	2071799	42	39301120	39301120	3	50000/100000	335544320
1789697734433	env_01m2s4r91paqqvcpfmyk0xa98e	2400841	2325018	47	39825408	39825408	3	50000/100000	335544320
1789697734968	env_01m2s4r91paqqvcpfmyk0xa98e	2656848	2574471	52	40087552	40087552	3	50000/100000	335544320
1789697735515	env_01m2s4r91paqqvcpfmyk0xa98e	2937970	2868595	58	42971136	42971136	3	50000/100000	335544320
1789697736071	env_01m2s4r91paqqvcpfmyk0xa98e	3207417	3119741	63	43233280	43233280	3	50000/100000	335544320
1789697736616	env_01m2s4r91paqqvcpfmyk0xa98e	3487195	3417999	69	43233280	43233280	3	50000/100000	335544320
1789697737168	env_01m2s4r91paqqvcpfmyk0xa98e	3757465	3669638	74	45068288	45330432	3	50000/100000	335544320
1789697737726	env_01m2s4r91paqqvcpfmyk0xa98e	4046187	3981737	80	45592576	45592576	3	50000/100000	335544320
1789697738251	env_01m2s4r91paqqvcpfmyk0xa98e	4306692	4237235	85	46903296	46903296	3	50000/100000	335544320
1789697738782	env_01m2s4r91paqqvcpfmyk0xa98e	4556394	4477884	91	46895104	46903296	3	50000/100000	335544320
1789697739826	env_01m2s4rjp6gv79bk3kh18w123d	125192	49250	2	25399296	25411584	3	50000/100000	201326592
1789697740742	env_01m2s4rjp6gv79bk3kh18w123d	588073	544790	11	28020736	28020736	3	50000/100000	201326592
1789697741288	env_01m2s4rjp6gv79bk3kh18w123d	875618	794467	16	28545024	28545024	3	50000/100000	201326592
1789697741832	env_01m2s4rjp6gv79bk3kh18w123d	1126477	1091685	22	29069312	29069312	3	50000/100000	201326592
1789697742384	env_01m2s4rjp6gv79bk3kh18w123d	1425722	1343542	27	29331456	29331456	3	50000/100000	201326592
1789697742937	env_01m2s4rjp6gv79bk3kh18w123d	1682854	1637577	33	29855744	29855744	3	50000/100000	201326592
1789697743493	env_01m2s4rjp6gv79bk3kh18w123d	1975418	1885358	38	29855744	29855744	3	50000/100000	201326592
1789697744061	env_01m2s4rjp6gv79bk3kh18w123d	2252805	2188578	44	30117888	30117888	3	50000/100000	201326592
1789697744607	env_01m2s4rjp6gv79bk3kh18w123d	2525578	2434050	49	30904320	30904320	3	50000/100000	201326592
1789697745149	env_01m2s4rjp6gv79bk3kh18w123d	2793855	2730831	55	32739328	32739328	3	50000/100000	201326592
1789697745686	env_01m2s4rjp6gv79bk3kh18w123d	3075497	2979450	60	33263616	33263616	3	50000/100000	201326592
1789697746224	env_01m2s4rjp6gv79bk3kh18w123d	3325318	3228065	66	34050048	34050048	3	50000/100000	201326592
1789697746775	env_01m2s4rjp6gv79bk3kh18w123d	3623898	3524535	71	34312192	34312192	3	50000/100000	201326592
1789697747328	env_01m2s4rjp6gv79bk3kh18w123d	3875796	3822739	77	34574336	34574336	3	50000/100000	201326592
1789697747869	env_01m2s4rjp6gv79bk3kh18w123d	4161894	4074960	82	35885056	35885056	3	50000/100000	201326592
1789697748418	env_01m2s4rjp6gv79bk3kh18w123d	4426841	4323113	87	36933632	36933632	3	50000/100000	201326592
1789697748967	env_01m2s4rjp6gv79bk3kh18w123d	4713998	4616853	93	37195776	37195776	3	50000/100000	201326592
1789697749527	env_01m2s4rjp6gv79bk3kh18w123d	4975971	4866325	99	37457920	37457920	3	50000/100000	201326592
1789697750066	env_01m2s4rjp6gv79bk3kh18w123d	5262682	5164795	104	40079360	40079360	3	50000/100000	201326592
1789697750649	env_01m2s4rjp6gv79bk3kh18w123d	5542896	5464873	110	40341504	40341504	3	50000/100000	201326592
1789697751199	env_01m2s4rjp6gv79bk3kh18w123d	5825546	5713462	115	40341504	40341504	3	50000/100000	201326592
1789697751796	env_01m2s4rjp6gv79bk3kh18w123d	6126434	6026542	121	42438656	42438656	3	50000/100000	201326592
1789697752346	env_01m2s4rjp6gv79bk3kh18w123d	6390518	6331442	127	42438656	42438656	3	50000/100000	201326592
1789697752893	env_01m2s4rjp6gv79bk3kh18w123d	6676957	6582777	132	43225088	43225088	3	50000/100000	201326592
1789697753462	env_01m2s4rjp6gv79bk3kh18w123d	6956441	6887308	138	44273664	44273664	3	50000/100000	201326592
1789697754010	env_01m2s4rjp6gv79bk3kh18w123d	7226515	7138047	143	46370816	46370816	3	50000/100000	201326592
1789697754551	env_01m2s4rjp6gv79bk3kh18w123d	7491885	7435917	149	55021568	55021568	3	50000/100000	201326592
1789697755094	env_01m2s4rjp6gv79bk3kh18w123d	7775837	7681294	154	59740160	59740160	3	50000/100000	201326592
1789697755648	env_01m2s4rjp6gv79bk3kh18w123d	8043789	7979655	160	63672320	63672320	3	50000/100000	201326592
1789697756192	env_01m2s4rjp6gv79bk3kh18w123d	8325799	8226986	165	67604480	67604480	3	50000/100000	201326592
1789697756750	env_01m2s4rjp6gv79bk3kh18w123d	8598427	8524547	171	71536640	71536640	3	50000/100000	201326592
1789697757298	env_01m2s4rjp6gv79bk3kh18w123d	8875962	8776330	176	74944512	74944512	3	50000/100000	201326592
1789697757842	env_01m2s4rjp6gv79bk3kh18w123d	9138145	9071560	182	78352384	78614528	3	50000/100000	201326592
1789697758385	env_01m2s4rjp6gv79bk3kh18w123d	9426318	9320707	187	81760256	81760256	3	50000/100000	201326592
1789697758942	env_01m2s4rjp6gv79bk3kh18w123d	9701132	9617297	193	84905984	84905984	3	50000/100000	201326592
1789697759527	env_01m2s4rjp6gv79bk3kh18w123d	9976061	9915797	199	88051712	88051712	3	50000/100000	201326592
1789697760080	env_01m2s4rjp6gv79bk3kh18w123d	10276071	10164186	204	91197440	91197440	3	50000/100000	201326592
1789697760631	env_01m2s4rjp6gv79bk3kh18w123d	10530053	10463665	210	94081024	94343168	3	50000/100000	201326592
1789697761180	env_01m2s4rjp6gv79bk3kh18w123d	10825396	10713598	215	97226752	97226752	3	50000/100000	201326592
1789697761733	env_01m2s4rjp6gv79bk3kh18w123d	11078860	11010326	221	100110336	100372480	3	50000/100000	201326592
1789697762275	env_01m2s4rjp6gv79bk3kh18w123d	11369558	11260077	226	103256064	103256064	3	50000/100000	201326592
1789697762826	env_01m2s4rjp6gv79bk3kh18w123d	11625585	11556673	232	105877504	106139648	3	50000/100000	201326592
1789697763387	env_01m2s4rjp6gv79bk3kh18w123d	11925449	11805743	237	109023232	109023232	3	50000/100000	201326592
1789697763941	env_01m2s4rjp6gv79bk3kh18w123d	12186183	12104067	243	113741824	114003968	3	50000/100000	201326592
1789697764493	env_01m2s4rjp6gv79bk3kh18w123d	12476924	12354448	248	123965440	123965440	3	50000/100000	201326592
1789697765047	env_01m2s4rjp6gv79bk3kh18w123d	12744387	12649636	254	131567616	131567616	3	50000/100000	201326592
1789697765596	env_01m2s4rjp6gv79bk3kh18w123d	13026228	12897411	259	136286208	136286208	3	50000/100000	201326592
1789697766150	env_01m2s4rjp6gv79bk3kh18w123d	13295917	13196905	265	136286208	136286208	3	50000/100000	201326592
1789697766697	env_01m2s4rjp6gv79bk3kh18w123d	13576842	13444490	270	136286208	136286208	3	50000/100000	201326592
1789697767250	env_01m2s4rjp6gv79bk3kh18w123d	13846929	13742296	276	136286208	136286208	3	50000/100000	201326592
1789697767709	env_01m2s4rjp6gv79bk3kh18w123d	14126718	13990356	281	136286208	136286208	3	50000/100000	201326592
1789697768264	env_01m2s4rjp6gv79bk3kh18w123d	14412881	14289014	287	136286208	136286208	3	50000/100000	201326592
1789697768809	env_01m2s4rjp6gv79bk3kh18w123d	14676064	14551051	292	136286208	136286208	3	50000/100000	201326592
1789697770378	env_01m2s4sgjs10cmn5hcgt77wstw	29652	0	0	3829760	3911680	2	50000/100000	335544320
1789697771035	env_01m2s4sgjs10cmn5hcgt77wstw	350544	268695	6	25677824	25677824	3	50000/100000	335544320
1789697772130	env_01m2s4sgjs10cmn5hcgt77wstw	899434	814792	17	30658560	30658560	3	50000/100000	335544320
1789697772694	env_01m2s4sgjs10cmn5hcgt77wstw	1185044	1111039	23	31182848	31182848	3	50000/100000	335544320
1789697773240	env_01m2s4sgjs10cmn5hcgt77wstw	1449343	1358968	28	31707136	31707136	3	50000/100000	335544320
1789697773795	env_01m2s4sgjs10cmn5hcgt77wstw	1744687	1656512	34	31969280	31969280	3	50000/100000	335544320
1789697774385	env_01m2s4sgjs10cmn5hcgt77wstw	2029722	1953618	40	31969280	31969280	3	50000/100000	335544320
1789697774938	env_01m2s4sgjs10cmn5hcgt77wstw	2300409	2201256	45	32755712	32755712	3	50000/100000	335544320
1789697775490	env_01m2s4sgjs10cmn5hcgt77wstw	2585280	2498894	51	32755712	32755712	3	50000/100000	335544320
1789697776043	env_01m2s4sgjs10cmn5hcgt77wstw	2850364	2746989	56	32755712	32755712	3	50000/100000	335544320
1789697776598	env_01m2s4sgjs10cmn5hcgt77wstw	3142887	3044807	62	33542144	33542144	3	50000/100000	335544320
1789697777157	env_01m2s4sgjs10cmn5hcgt77wstw	3404937	3343995	68	35115008	35115008	3	50000/100000	335544320
1789697777718	env_01m2s4sgjs10cmn5hcgt77wstw	3699489	3591618	73	35639296	35639296	3	50000/100000	335544320
1789697778273	env_01m2s4sgjs10cmn5hcgt77wstw	3967867	3889218	79	36163584	36163584	3	50000/100000	335544320
1789697778845	env_01m2s4sgjs10cmn5hcgt77wstw	4249981	4138475	85	36687872	36687872	3	50000/100000	335544320
1789697779416	env_01m2s4sgjs10cmn5hcgt77wstw	4550087	4435632	90	36950016	36950016	3	50000/100000	335544320
1789697779982	env_01m2s4sgjs10cmn5hcgt77wstw	4827606	4731065	96	37212160	37212160	3	50000/100000	335544320
1789697780540	env_01m2s4sgjs10cmn5hcgt77wstw	5100393	4979442	101	37474304	37474304	3	50000/100000	335544320
1789697781091	env_01m2s4sgjs10cmn5hcgt77wstw	5381893	5279190	107	39309312	39309312	3	50000/100000	335544320
1789697781648	env_01m2s4sgjs10cmn5hcgt77wstw	5651900	5576694	113	39833600	39833600	3	50000/100000	335544320
1789697782250	env_01m2s4sgjs10cmn5hcgt77wstw	5948377	5826267	119	39833600	39833600	3	50000/100000	335544320
1789697782808	env_01m2s4sgjs10cmn5hcgt77wstw	6249954	6121266	124	40095744	40095744	3	50000/100000	335544320
1789697783371	env_01m2s4sgjs10cmn5hcgt77wstw	6530342	6420485	130	42192896	42192896	3	50000/100000	335544320
1789697783974	env_01m2s4sgjs10cmn5hcgt77wstw	6836315	6716910	136	42979328	42979328	3	50000/100000	335544320
1789697784622	env_01m2s4sgjs10cmn5hcgt77wstw	7148821	7016239	142	43241472	43241472	3	50000/100000	335544320
1789697785201	env_01m2s4sgjs10cmn5hcgt77wstw	7442097	7314560	148	43241472	43241472	3	50000/100000	335544320
1789697785776	env_01m2s4sgjs10cmn5hcgt77wstw	7723826	7659280	154	44552192	44552192	3	50000/100000	335544320
1789697786342	env_01m2s4sgjs10cmn5hcgt77wstw	7997936	7920879	160	45338624	45338624	3	50000/100000	335544320
1789697786930	env_01m2s4sgjs10cmn5hcgt77wstw	8297660	8222108	165	45600768	45600768	3	50000/100000	335544320
1789697787497	env_01m2s4sgjs10cmn5hcgt77wstw	8589607	8521425	171	45862912	45862912	3	50000/100000	335544320
1789697788062	env_01m2s4sgjs10cmn5hcgt77wstw	8852947	8818895	177	46649344	46649344	3	50000/100000	335544320
1789697788615	env_01m2s4sgjs10cmn5hcgt77wstw	9148398	9067811	182	46911488	46911488	3	50000/100000	335544320
1789697789174	env_01m2s4sgjs10cmn5hcgt77wstw	9420649	9366299	188	50057216	50319360	3	50000/100000	335544320
1789697789740	env_01m2s4sgjs10cmn5hcgt77wstw	9698371	9614951	193	55562240	55562240	3	50000/100000	335544320
1789697790287	env_01m2s4sgjs10cmn5hcgt77wstw	9977926	9912574	199	60805120	61067264	3	50000/100000	335544320
1789697790833	env_01m2s4sgjs10cmn5hcgt77wstw	10248462	10161526	204	64737280	64737280	3	50000/100000	335544320
1789697791376	env_01m2s4sgjs10cmn5hcgt77wstw	10516367	10459953	210	68407296	68407296	3	50000/100000	335544320
1789697791909	env_01m2s4sgjs10cmn5hcgt77wstw	10797477	10708332	215	71553024	71553024	3	50000/100000	335544320
1789697792443	env_01m2s4sgjs10cmn5hcgt77wstw	11047512	11053663	220	105369600	105369600	3	50000/100000	335544320
1789697792974	env_01m2s4sgjs10cmn5hcgt77wstw	11313189	11349970	226	115593216	115593216	3	50000/100000	335544320
1789697793509	env_01m2s4sgjs10cmn5hcgt77wstw	11598308	11684158	231	143118336	143118336	3	50000/100000	335544320
1789697794063	env_01m2s4sgjs10cmn5hcgt77wstw	11853973	12007774	237	157798400	157798400	3	50000/100000	335544320
1789697794621	env_01m2s4sgjs10cmn5hcgt77wstw	12147884	12255265	242	162254848	162254848	3	50000/100000	335544320
1789697795161	env_01m2s4sgjs10cmn5hcgt77wstw	12402064	12560558	248	173002752	173002752	3	50000/100000	335544320
1789697799231	env_01m2s4tcqrb0dy132pnp1z0kdj	56437	0	0	24068096	24068096	2	50000/100000	335544320
1789697799781	env_01m2s4tcqrb0dy132pnp1z0kdj	320947	283495	6	25894912	25894912	3	50000/100000	335544320
1789697800730	env_01m2s4tcqrb0dy132pnp1z0kdj	820687	730428	15	30613504	30613504	3	50000/100000	335544320
1789697801301	env_01m2s4tcqrb0dy132pnp1z0kdj	1085193	1032940	21	31137792	31137792	3	50000/100000	335544320
1789697801837	env_01m2s4tcqrb0dy132pnp1z0kdj	1370073	1277210	26	31399936	31399936	3	50000/100000	335544320
1789697802368	env_01m2s4tcqrb0dy132pnp1z0kdj	1620772	1523996	31	31662080	31662080	3	50000/100000	335544320
1789697802900	env_01m2s4tcqrb0dy132pnp1z0kdj	1883744	1826156	37	32448512	32448512	3	50000/100000	335544320
1789697803430	env_01m2s4tcqrb0dy132pnp1z0kdj	2164771	2074497	42	32448512	32448512	3	50000/100000	335544320
1789697803960	env_01m2s4tcqrb0dy132pnp1z0kdj	2420868	2321912	47	32448512	32448512	3	50000/100000	335544320
1789697804491	env_01m2s4tcqrb0dy132pnp1z0kdj	2679805	2617288	53	33234944	33234944	3	50000/100000	335544320
1789697805022	env_01m2s4tcqrb0dy132pnp1z0kdj	2958513	2867995	58	35069952	35069952	3	50000/100000	335544320
1789697805552	env_01m2s4tcqrb0dy132pnp1z0kdj	3219935	3116868	63	35594240	35594240	3	50000/100000	335544320
1789697806083	env_01m2s4tcqrb0dy132pnp1z0kdj	3470612	3412351	69	36380672	36380672	3	50000/100000	335544320
1789697806614	env_01m2s4tcqrb0dy132pnp1z0kdj	3750698	3662603	74	36904960	36904960	3	50000/100000	335544320
1789697807147	env_01m2s4tcqrb0dy132pnp1z0kdj	4020352	3910392	79	37167104	37167104	3	50000/100000	335544320
1789697807681	env_01m2s4tcqrb0dy132pnp1z0kdj	4270402	4207199	85	37429248	37429248	3	50000/100000	335544320
1789697808216	env_01m2s4tcqrb0dy132pnp1z0kdj	4553224	4459253	90	39002112	39002112	3	50000/100000	335544320
1789697808759	env_01m2s4tcqrb0dy132pnp1z0kdj	4821501	4705995	95	39788544	39788544	3	50000/100000	335544320
1789697809303	env_01m2s4tcqrb0dy132pnp1z0kdj	5093649	5004477	101	40050688	40050688	3	50000/100000	335544320
1789697809836	env_01m2s4tcqrb0dy132pnp1z0kdj	5368428	5256891	106	41885696	41885696	3	50000/100000	335544320
1789697810366	env_01m2s4tcqrb0dy132pnp1z0kdj	5620860	5504786	111	43196416	43196416	3	50000/100000	335544320
1789697810899	env_01m2s4tcqrb0dy132pnp1z0kdj	5888860	5783925	117	43458560	43720704	3	50000/100000	335544320
1789697811446	env_01m2s4tcqrb0dy132pnp1z0kdj	6170100	6039171	122	43720704	43720704	3	50000/100000	335544320
1789697812007	env_01m2s4tcqrb0dy132pnp1z0kdj	6449805	6344199	128	44769280	44769280	3	50000/100000	335544320
1789697812611	env_01m2s4tcqrb0dy132pnp1z0kdj	6756585	6642914	134	45555712	45555712	3	50000/100000	335544320
1789697813221	env_01m2s4tcqrb0dy132pnp1z0kdj	7060825	6983111	140	45817856	45817856	3	50000/100000	335544320
1789697813796	env_01m2s4tcqrb0dy132pnp1z0kdj	7348700	7277819	146	46080000	46080000	3	50000/100000	335544320
1789697814474	env_01m2s4tcqrb0dy132pnp1z0kdj	7677127	7732566	153	46604288	46604288	3	50000/100000	335544320
1789697815127	env_01m2s4tcqrb0dy132pnp1z0kdj	8017683	8041531	159	47128576	47128576	3	50000/100000	335544320
1789697815711	env_01m2s4tcqrb0dy132pnp1z0kdj	8304904	8337568	165	47390720	47390720	3	50000/100000	335544320
1789697816325	env_01m2s4tcqrb0dy132pnp1z0kdj	8609356	8641162	171	47390720	47390720	3	50000/100000	335544320
1789697816890	env_01m2s4tcqrb0dy132pnp1z0kdj	8881888	8942585	177	47390720	47390720	3	50000/100000	335544320
1789697817442	env_01m2s4tcqrb0dy132pnp1z0kdj	9005505	8994132	178	47652864	47652864	3	50000/100000	335544320
1789697817870	env_01m2s4tcqrb0dy132pnp1z0kdj	9039805	8994132	178	47652864	47652864	3	50000/100000	335544320
1789697818403	env_01m2s4tcqrb0dy132pnp1z0kdj	9062965	8994132	178	47652864	47652864	3	50000/100000	335544320
1789697818935	env_01m2s4tcqrb0dy132pnp1z0kdj	9078584	8994132	178	47652864	47652864	3	50000/100000	335544320
1789697819474	env_01m2s4tcqrb0dy132pnp1z0kdj	9094331	8994132	178	47652864	47652864	3	50000/100000	335544320
1789697820013	env_01m2s4tcqrb0dy132pnp1z0kdj	9095059	8994132	178	47652864	47652864	3	50000/100000	335544320
1789697820557	env_01m2s4tcqrb0dy132pnp1z0kdj	9098785	8994132	178	47652864	47652864	3	50000/100000	335544320
1789697821088	env_01m2s4tcqrb0dy132pnp1z0kdj	9101544	8994132	178	47652864	47652864	3	50000/100000	335544320
1789697821627	env_01m2s4tcqrb0dy132pnp1z0kdj	9110339	8994132	178	47652864	47652864	3	50000/100000	335544320
1789697822163	env_01m2s4tcqrb0dy132pnp1z0kdj	9275210	9128293	181	47198208	47652864	3	50000/100000	335544320
1789697823225	env_01m2s4v3xjbgyj22xts148tkk5	160956	101118	2	25948160	25948160	3	50000/100000	335544320
1789697824196	env_01m2s4v3xjbgyj22xts148tkk5	661860	547494	11	29618176	29618176	3	50000/100000	335544320
1789697824749	env_01m2s4v3xjbgyj22xts148tkk5	925876	847256	17	30928896	30928896	3	50000/100000	335544320
1789697825379	env_01m2s4v3xjbgyj22xts148tkk5	1255384	1142326	23	31715328	31715328	3	50000/100000	335544320
1789697825925	env_01m2s4v3xjbgyj22xts148tkk5	1512609	1393454	28	31715328	31715328	3	50000/100000	335544320
1789697826465	env_01m2s4v3xjbgyj22xts148tkk5	1790562	1688511	34	31879168	31977472	3	50000/100000	335544320
1789697827002	env_01m2s4v3xjbgyj22xts148tkk5	2062643	1936689	39	32665600	32665600	3	50000/100000	335544320
1789697827544	env_01m2s4v3xjbgyj22xts148tkk5	2320226	2234342	45	32665600	32665600	3	50000/100000	335544320
1789697828080	env_01m2s4v3xjbgyj22xts148tkk5	2602730	2486037	50	32927744	32927744	3	50000/100000	335544320
1789697828630	env_01m2s4v3xjbgyj22xts148tkk5	2862209	2779592	56	33452032	33452032	3	50000/100000	335544320
1789697829180	env_01m2s4v3xjbgyj22xts148tkk5	3159129	3030510	61	35287040	35287040	3	50000/100000	335544320
1789697829781	env_01m2s4v3xjbgyj22xts148tkk5	3456501	3327496	67	35811328	35811328	3	50000/100000	335544320
1789697830330	env_01m2s4v3xjbgyj22xts148tkk5	3716465	3624611	73	36597760	36597760	3	50000/100000	335544320
1789697830905	env_01m2s4v3xjbgyj22xts148tkk5	4012748	3871347	78	36859904	36859904	3	50000/100000	335544320
1789697831461	env_01m2s4v3xjbgyj22xts148tkk5	4288324	4169632	84	37122048	37122048	3	50000/100000	335544320
1789697832017	env_01m2s4v3xjbgyj22xts148tkk5	4563091	4417504	89	37384192	37384192	3	50000/100000	335544320
1789697832597	env_01m2s4v3xjbgyj22xts148tkk5	4862324	4717768	95	37384192	37384192	3	50000/100000	335544320
1789697833152	env_01m2s4v3xjbgyj22xts148tkk5	5127209	5014468	101	39481344	39481344	3	50000/100000	335544320
1789697833682	env_01m2s4v3xjbgyj22xts148tkk5	5405006	5263528	106	40267776	40267776	3	50000/100000	335544320
1789697834208	env_01m2s4v3xjbgyj22xts148tkk5	5661683	5513348	111	41316352	41316352	3	50000/100000	335544320
1789697834726	env_01m2s4v3xjbgyj22xts148tkk5	5911864	5760619	116	43413504	43413504	3	50000/100000	335544320
1789697835247	env_01m2s4v3xjbgyj22xts148tkk5	6170796	6048289	122	43413504	43413504	3	50000/100000	335544320
1789697835767	env_01m2s4v3xjbgyj22xts148tkk5	6442062	6306122	127	45772800	45772800	3	50000/100000	335544320
1789697836289	env_01m2s4v3xjbgyj22xts148tkk5	6710032	6559017	132	46821376	46821376	3	50000/100000	335544320
1789697836807	env_01m2s4v3xjbgyj22xts148tkk5	6961386	6804417	137	47083520	47083520	3	50000/100000	335544320
1789697837324	env_01m2s4v3xjbgyj22xts148tkk5	6987660	6855585	138	47083520	47083520	3	50000/100000	335544320
1789697837845	env_01m2s4v3xjbgyj22xts148tkk5	6996751	6855585	138	47083520	47083520	3	50000/100000	335544320
1789697838361	env_01m2s4v3xjbgyj22xts148tkk5	6998346	6855585	138	47083520	47083520	3	50000/100000	335544320
1789697838877	env_01m2s4v3xjbgyj22xts148tkk5	7003425	6855585	138	47083520	47083520	3	50000/100000	335544320
1789697839394	env_01m2s4v3xjbgyj22xts148tkk5	7004997	6855585	138	47083520	47083520	3	50000/100000	335544320
1789697839913	env_01m2s4v3xjbgyj22xts148tkk5	7007139	6855585	138	47083520	47083520	3	50000/100000	335544320
1789697840427	env_01m2s4v3xjbgyj22xts148tkk5	7007685	6855585	138	47083520	47083520	3	50000/100000	335544320
1789697840944	env_01m2s4v3xjbgyj22xts148tkk5	7007912	6855585	138	47083520	47083520	3	50000/100000	335544320
1789697841462	env_01m2s4v3xjbgyj22xts148tkk5	7011173	6855585	138	47083520	47083520	3	50000/100000	335544320
1789697841975	env_01m2s4v3xjbgyj22xts148tkk5	7078217	6855585	138	47083520	47083520	3	50000/100000	335544320
1789697842488	env_01m2s4vq0qp46tm0js5sqebq1v	114073	49203	2	25718784	25722880	3	50000/100000	335544320
1789697843353	env_01m2s4vq0qp46tm0js5sqebq1v	516107	491490	9	30961664	30961664	3	50000/100000	335544320
1789697843878	env_01m2s4vq0qp46tm0js5sqebq1v	781734	777029	15	31748096	31748096	3	50000/100000	335544320
1789697844501	env_01m2s4vq0qp46tm0js5sqebq1v	1099922	1075341	21	32010240	32010240	3	50000/100000	335544320
1789697845071	env_01m2s4vq0qp46tm0js5sqebq1v	1371415	1371838	27	32010240	32010240	3	50000/100000	335544320
1789697845626	env_01m2s4vq0qp46tm0js5sqebq1v	1666182	1619158	32	32534528	32534528	3	50000/100000	335544320
1789697846156	env_01m2s4vq0qp46tm0js5sqebq1v	1917012	1859651	37	32563200	32796672	3	50000/100000	335544320
1789697846181	env_01m2s4vt8k881300vjye4gwq49	205622	181671	4	25534464	25538560	3	50000/100000	335544320
1789697847066	env_01m2s4vq0qp46tm0js5sqebq1v	2367125	2306690	47	32825344	32825344	3	50000/100000	335544320
1789697847095	env_01m2s4vt8k881300vjye4gwq49	667664	628347	13	30515200	30515200	3	50000/100000	335544320
1789697847624	env_01m2s4vq0qp46tm0js5sqebq1v	2667320	2603759	52	33349632	33349632	3	50000/100000	335544320
1789697847644	env_01m2s4vt8k881300vjye4gwq49	946042	875565	18	31301632	31301632	3	50000/100000	335544320
1789697848174	env_01m2s4vq0qp46tm0js5sqebq1v	2919477	2901897	58	35184640	35184640	3	50000/100000	335544320
1789697848200	env_01m2s4vt8k881300vjye4gwq49	1222407	1173805	24	31563776	31563776	3	50000/100000	335544320
1789697848731	env_01m2s4vq0qp46tm0js5sqebq1v	3217116	3149614	63	35971072	35971072	3	50000/100000	335544320
1789697848754	env_01m2s4vt8k881300vjye4gwq49	1496177	1420293	29	31825920	31825920	3	50000/100000	335544320
1789697849284	env_01m2s4vq0qp46tm0js5sqebq1v	3478389	3450223	69	36495360	36495360	3	50000/100000	335544320
1789697849317	env_01m2s4vt8k881300vjye4gwq49	1789690	1718133	35	32612352	32612352	3	50000/100000	335544320
1789697849855	env_01m2s4vq0qp46tm0js5sqebq1v	3767359	3695683	74	36757504	36757504	3	50000/100000	335544320
1789697849883	env_01m2s4vt8k881300vjye4gwq49	2056845	2014206	41	32612352	32612352	3	50000/100000	335544320
1789697850417	env_01m2s4vq0qp46tm0js5sqebq1v	4067000	3990121	80	37019648	37019648	3	50000/100000	335544320
1789697850511	env_01m2s4vt8k881300vjye4gwq49	2389780	2312625	47	32612352	32612352	3	50000/100000	335544320
1789697851096	env_01m2s4vq0qp46tm0js5sqebq1v	4399453	4335782	87	37019648	37019648	3	50000/100000	335544320
1789697851168	env_01m2s4vt8k881300vjye4gwq49	2697629	2656908	54	32874496	32874496	3	50000/100000	335544320
1789697851719	env_01m2s4vq0qp46tm0js5sqebq1v	4714792	4633171	93	38330368	38330368	3	50000/100000	335544320
1789697851745	env_01m2s4vt8k881300vjye4gwq49	2996876	2904831	59	33398784	33398784	3	50000/100000	335544320
1789697852272	env_01m2s4vq0qp46tm0js5sqebq1v	4968533	4932318	99	39378944	39378944	3	50000/100000	335544320
1789697852306	env_01m2s4vt8k881300vjye4gwq49	3277988	3203798	65	35233792	35233792	3	50000/100000	335544320
1789697852831	env_01m2s4vq0qp46tm0js5sqebq1v	5266424	5178419	104	39903232	39903232	3	50000/100000	335544320
1789697852854	env_01m2s4vt8k881300vjye4gwq49	3547687	3450605	70	36020224	36020224	3	50000/100000	335544320
1789697853379	env_01m2s4vq0qp46tm0js5sqebq1v	5523715	5476454	110	41213952	41213952	3	50000/100000	335544320
1789697853397	env_01m2s4vt8k881300vjye4gwq49	3820439	3749030	76	37068800	37068800	3	50000/100000	335544320
1789697853926	env_01m2s4vq0qp46tm0js5sqebq1v	5808198	5724629	115	43311104	43311104	3	50000/100000	335544320
1789697853949	env_01m2s4vt8k881300vjye4gwq49	4097507	3997502	81	37330944	37330944	3	50000/100000	335544320
1789697854474	env_01m2s4vq0qp46tm0js5sqebq1v	6068895	6010630	121	43311104	43311104	3	50000/100000	335544320
1789697854494	env_01m2s4vt8k881300vjye4gwq49	4367168	4295975	87	38641664	38641664	3	50000/100000	335544320
1789697855014	env_01m2s4vq0qp46tm0js5sqebq1v	6360346	6263869	126	44883968	44883968	3	50000/100000	335544320
1789697855034	env_01m2s4vt8k881300vjye4gwq49	4646987	4545044	92	39952384	39952384	3	50000/100000	335544320
1789697855553	env_01m2s4vq0qp46tm0js5sqebq1v	6617301	6516337	131	45670400	45670400	3	50000/100000	335544320
1789697855570	env_01m2s4vt8k881300vjye4gwq49	4896849	4793755	97	40214528	40214528	3	50000/100000	335544320
1789697856090	env_01m2s4vq0qp46tm0js5sqebq1v	6887240	6816303	137	45670400	45670400	3	50000/100000	335544320
1789697856115	env_01m2s4vt8k881300vjye4gwq49	5188785	5092030	103	41263104	41263104	3	50000/100000	335544320
1789697856640	env_01m2s4vq0qp46tm0js5sqebq1v	7168014	7067297	142	47243264	47243264	3	50000/100000	335544320
1789697856657	env_01m2s4vt8k881300vjye4gwq49	5447213	5341154	108	43098112	43098112	3	50000/100000	335544320
1789697857176	env_01m2s4vq0qp46tm0js5sqebq1v	7312006	7215233	145	47505408	47505408	3	50000/100000	335544320
1789697857193	env_01m2s4vt8k881300vjye4gwq49	5716402	5629457	114	43360256	43360256	3	50000/100000	335544320
1789697857611	env_01m2s4vq0qp46tm0js5sqebq1v	7320793	7215233	145	47505408	47505408	3	50000/100000	335544320
1789697857627	env_01m2s4vt8k881300vjye4gwq49	5996819	5882382	119	45195264	45195264	3	50000/100000	335544320
1789697858157	env_01m2s4vq0qp46tm0js5sqebq1v	7339117	7215233	145	47505408	47505408	3	50000/100000	335544320
1789697858174	env_01m2s4vt8k881300vjye4gwq49	6248121	6182562	125	45719552	45719552	3	50000/100000	335544320
1789697858693	env_01m2s4vq0qp46tm0js5sqebq1v	7346054	7215233	145	47505408	47505408	3	50000/100000	335544320
1789697858718	env_01m2s4vt8k881300vjye4gwq49	6540663	6434320	130	47030272	47030272	3	50000/100000	335544320
1789697859250	env_01m2s4vq0qp46tm0js5sqebq1v	7359509	7215233	145	47505408	47505408	3	50000/100000	335544320
1789697859277	env_01m2s4vt8k881300vjye4gwq49	6587586	6483137	131	47030272	47030272	3	50000/100000	335544320
1789697859803	env_01m2s4vq0qp46tm0js5sqebq1v	7375773	7215233	145	47505408	47505408	3	50000/100000	335544320
1789697859832	env_01m2s4vt8k881300vjye4gwq49	6600772	6483137	131	47030272	47030272	3	50000/100000	335544320
1789697860353	env_01m2s4vq0qp46tm0js5sqebq1v	7392057	7215233	145	47505408	47505408	3	50000/100000	335544320
1789697860379	env_01m2s4vt8k881300vjye4gwq49	6604178	6483137	131	47030272	47030272	3	50000/100000	335544320
1789697860893	env_01m2s4vq0qp46tm0js5sqebq1v	7408275	7215233	145	47505408	47505408	3	50000/100000	335544320
1789697860906	env_01m2s4vt8k881300vjye4gwq49	6684448	6508049	132	47030272	47030272	3	50000/100000	335544320
1789697861424	env_01m2s4vq0qp46tm0js5sqebq1v	7417772	7215233	145	46903296	47505408	3	50000/100000	335544320
1789697861958	env_01m2s4vq0qp46tm0js5sqebq1v	7435685	7215233	145	46903296	47505408	3	50000/100000	335544320
1789697862496	env_01m2s4vq0qp46tm0js5sqebq1v	7455446	7215233	145	46903296	47505408	3	50000/100000	335544320
1789697863024	env_01m2s4vq0qp46tm0js5sqebq1v	7473951	7215233	145	46903296	47505408	3	50000/100000	335544320
1789697863563	env_01m2s4vq0qp46tm0js5sqebq1v	7490987	7215233	145	46903296	47505408	3	50000/100000	335544320
1789697864110	env_01m2s4vq0qp46tm0js5sqebq1v	7510263	7215233	145	46903296	47505408	3	50000/100000	335544320
1789697864655	env_01m2s4vq0qp46tm0js5sqebq1v	7538956	7215233	145	46903296	47505408	3	50000/100000	335544320
1789697865201	env_01m2s4vq0qp46tm0js5sqebq1v	7557961	7215233	145	46903296	47505408	3	50000/100000	335544320
1789697865750	env_01m2s4vq0qp46tm0js5sqebq1v	7578027	7215233	145	46903296	47505408	3	50000/100000	335544320
1789697866293	env_01m2s4vq0qp46tm0js5sqebq1v	7595029	7215233	145	46903296	47505408	3	50000/100000	335544320
1789697866836	env_01m2s4vq0qp46tm0js5sqebq1v	7612144	7215233	145	46903296	47505408	3	50000/100000	335544320
1789697867377	env_01m2s4vq0qp46tm0js5sqebq1v	7632572	7215233	145	46903296	47505408	3	50000/100000	335544320
1789697867921	env_01m2s4vq0qp46tm0js5sqebq1v	7651980	7215233	145	46903296	47505408	3	50000/100000	335544320
1789697868464	env_01m2s4vq0qp46tm0js5sqebq1v	7686695	7215233	145	46903296	47505408	3	50000/100000	335544320
1789697868995	env_01m2s4vq0qp46tm0js5sqebq1v	7707394	7215233	145	46903296	47505408	3	50000/100000	335544320
1789697869535	env_01m2s4vq0qp46tm0js5sqebq1v	7727083	7215233	145	46903296	47505408	3	50000/100000	335544320
1789697870074	env_01m2s4vq0qp46tm0js5sqebq1v	7742103	7215233	145	46903296	47505408	3	50000/100000	335544320
1789697870606	env_01m2s4vq0qp46tm0js5sqebq1v	7758761	7215233	145	46903296	47505408	3	50000/100000	335544320
1789697871142	env_01m2s4vq0qp46tm0js5sqebq1v	7778371	7215233	145	46903296	47505408	3	50000/100000	335544320
1789697871674	env_01m2s4vq0qp46tm0js5sqebq1v	7796075	7215233	145	46903296	47505408	3	50000/100000	335544320
1789697872208	env_01m2s4vq0qp46tm0js5sqebq1v	7812663	7215233	145	46903296	47505408	3	50000/100000	335544320
1789697872741	env_01m2s4vq0qp46tm0js5sqebq1v	7822837	7215233	145	46903296	47505408	3	50000/100000	335544320
1789697873273	env_01m2s4vq0qp46tm0js5sqebq1v	7838450	7215233	145	46903296	47505408	3	50000/100000	335544320
1789697873808	env_01m2s4vq0qp46tm0js5sqebq1v	7853208	7215233	145	46903296	47505408	3	50000/100000	335544320
1789697874340	env_01m2s4vq0qp46tm0js5sqebq1v	7870239	7215233	145	46903296	47505408	3	50000/100000	335544320
1789697874877	env_01m2s4vq0qp46tm0js5sqebq1v	7886659	7215233	145	46903296	47505408	3	50000/100000	335544320
1789697875413	env_01m2s4vq0qp46tm0js5sqebq1v	7905466	7215233	145	46903296	47505408	3	50000/100000	335544320
1789697875944	env_01m2s4vq0qp46tm0js5sqebq1v	7920865	7215233	145	46903296	47505408	3	50000/100000	335544320
1789697876481	env_01m2s4vq0qp46tm0js5sqebq1v	7937379	7215233	145	47165440	47505408	3	50000/100000	335544320
1789697877013	env_01m2s4vq0qp46tm0js5sqebq1v	7958063	7215233	145	47165440	47505408	3	50000/100000	335544320
1789697877548	env_01m2s4vq0qp46tm0js5sqebq1v	7975072	7215233	145	47165440	47505408	3	50000/100000	335544320
1789697878085	env_01m2s4vq0qp46tm0js5sqebq1v	7988051	7215233	145	47165440	47505408	3	50000/100000	335544320
1789697878615	env_01m2s4vq0qp46tm0js5sqebq1v	8003760	7215233	145	47165440	47505408	3	50000/100000	335544320
1789697879136	env_01m2s4vq0qp46tm0js5sqebq1v	8020314	7215233	145	47165440	47505408	3	50000/100000	335544320
1789697879670	env_01m2s4vq0qp46tm0js5sqebq1v	8035456	7215233	145	47165440	47505408	3	50000/100000	335544320
1789697880211	env_01m2s4vq0qp46tm0js5sqebq1v	8053370	7215233	145	47165440	47505408	3	50000/100000	335544320
1789697880748	env_01m2s4vq0qp46tm0js5sqebq1v	8069447	7215233	145	47165440	47505408	3	50000/100000	335544320
1789697881287	env_01m2s4vq0qp46tm0js5sqebq1v	8090569	7215233	145	47165440	47505408	3	50000/100000	335544320
1789697881818	env_01m2s4vq0qp46tm0js5sqebq1v	8105936	7215233	145	47165440	47505408	3	50000/100000	335544320
1789697884865	env_01m2s4x00z1g941nbb86m1qmgv	477875	420	1	30650368	30650368	3	100000/100000	335544320
1789697885833	env_01m2s4x00z1g941nbb86m1qmgv	1443798	610	3	32747520	32747520	3	100000/100000	335544320
1789697886383	env_01m2s4x00z1g941nbb86m1qmgv	1993260	654	4	32747520	32747520	3	100000/100000	335544320
1789697886956	env_01m2s4x00z1g941nbb86m1qmgv	2565333	654	4	35368960	35368960	3	100000/100000	335544320
1789697887508	env_01m2s4x00z1g941nbb86m1qmgv	3115897	654	4	36679680	36679680	3	100000/100000	335544320
1789697888097	env_01m2s4x00z1g941nbb86m1qmgv	3703284	654	4	37203968	37203968	3	100000/100000	335544320
1789697888685	env_01m2s4x00z1g941nbb86m1qmgv	4298492	654	5	38514688	38514688	3	100000/100000	335544320
1789697889266	env_01m2s4x00z1g941nbb86m1qmgv	4868972	1400	5	39825408	39825408	3	100000/100000	335544320
1789697889825	env_01m2s4x00z1g941nbb86m1qmgv	5425249	1400	5	40038400	40038400	3	100000/100000	335544320
1789697890388	env_01m2s4x00z1g941nbb86m1qmgv	5988018	1400	5	42921984	42921984	3	100000/100000	335544320
1789697890952	env_01m2s4x00z1g941nbb86m1qmgv	6544024	5666	6	43184128	43184128	3	100000/100000	335544320
1789697891520	env_01m2s4x00z1g941nbb86m1qmgv	7114365	13904	11	45281280	45281280	3	100000/100000	335544320
1789697892106	env_01m2s4x00z1g941nbb86m1qmgv	7695368	20318	15	46329856	46592000	3	100000/100000	335544320
1789697892692	env_01m2s4x00z1g941nbb86m1qmgv	8279638	21340	16	46854144	46854144	3	100000/100000	335544320
1789697893258	env_01m2s4x00z1g941nbb86m1qmgv	8842513	21603	17	46854144	46854144	3	100000/100000	335544320
1789697893809	env_01m2s4x00z1g941nbb86m1qmgv	9392742	21603	17	46854144	46854144	3	100000/100000	335544320
1789697894385	env_01m2s4x00z1g941nbb86m1qmgv	9963866	27054	19	46854144	46854144	3	100000/100000	335544320
1789697894981	env_01m2s4x00z1g941nbb86m1qmgv	10550757	29128	20	46854144	46854144	3	100000/100000	335544320
1789697895535	env_01m2s4x00z1g941nbb86m1qmgv	11106095	29128	20	46854144	46854144	3	100000/100000	335544320
1789697896113	env_01m2s4x00z1g941nbb86m1qmgv	11683097	29695	21	46854144	46854144	3	100000/100000	335544320
1789697896691	env_01m2s4x00z1g941nbb86m1qmgv	12207032	30114	22	6361088				
1789697897684	env_01m2s4xcjnn6fm7dpmx0ynywdn	445939	1204	1	26456064	26456064	3	100000/100000	335544320
1789697898732	env_01m2s4xcjnn6fm7dpmx0ynywdn	1488683	1204	1	31698944	31698944	3	100000/100000	335544320
1789697899290	env_01m2s4xcjnn6fm7dpmx0ynywdn	2049817	1204	1	32747520	32747520	3	100000/100000	335544320
1789697899866	env_01m2s4xcjnn6fm7dpmx0ynywdn	2618816	1204	1	32747520	32747520	3	100000/100000	335544320
1789697900427	env_01m2s4xcjnn6fm7dpmx0ynywdn	3178163	1204	1	35368960	35368960	3	100000/100000	335544320
1789697901002	env_01m2s4xcjnn6fm7dpmx0ynywdn	3751585	1204	1	36679680	36679680	3	100000/100000	335544320
1789697901566	env_01m2s4xcjnn6fm7dpmx0ynywdn	4315017	1204	1	37203968	37203968	3	100000/100000	335544320
1789697902119	env_01m2s4xcjnn6fm7dpmx0ynywdn	4864391	1204	1	38776832	38776832	3	100000/100000	335544320
1789697902666	env_01m2s4xcjnn6fm7dpmx0ynywdn	5412043	1204	1	40087552	40087552	3	100000/100000	335544320
1789697903211	env_01m2s4xcjnn6fm7dpmx0ynywdn	5953707	1204	1	43233280	43233280	3	100000/100000	335544320
1789697903751	env_01m2s4xcjnn6fm7dpmx0ynywdn	6495550	3185	2	43757568	43757568	3	100000/100000	335544320
1789697904297	env_01m2s4xcjnn6fm7dpmx0ynywdn	7042829	17677	8	45854720	45854720	3	100000/100000	335544320
1789697904850	env_01m2s4xcjnn6fm7dpmx0ynywdn	7591072	23052	11	47165440	47165440	3	100000/100000	335544320
1789697905395	env_01m2s4xcjnn6fm7dpmx0ynywdn	8134687	23052	11	47165440	47165440	3	100000/100000	335544320
1789697905935	env_01m2s4xcjnn6fm7dpmx0ynywdn	8673430	23052	11	47165440	47165440	3	100000/100000	335544320
1789697906491	env_01m2s4xcjnn6fm7dpmx0ynywdn	9230710	23052	11	47165440	47165440	3	100000/100000	335544320
1789697907038	env_01m2s4xcjnn6fm7dpmx0ynywdn	9775301	23052	11	47165440	47165440	3	100000/100000	335544320
1789697907584	env_01m2s4xcjnn6fm7dpmx0ynywdn	10316829	23052	11	47165440	47165440	3	100000/100000	335544320
1789697908129	env_01m2s4xcjnn6fm7dpmx0ynywdn	10865165	23052	11	47165440	47165440	3	100000/100000	335544320
1789697909710	env_01m2s4xr4vdnexns7zw4bt07kp	492144	0	0	26451968	26476544	3	100000/100000	335544320
1789697910720	env_01m2s4xr4vdnexns7zw4bt07kp	1500185	0	0	31694848	31694848	3	100000/100000	335544320
1789697911282	env_01m2s4xr4vdnexns7zw4bt07kp	2056666	0	0	32743424	32743424	3	100000/100000	335544320
1789697911831	env_01m2s4xr4vdnexns7zw4bt07kp	2606796	0	0	33005568	33005568	3	100000/100000	335544320
1789697912403	env_01m2s4xr4vdnexns7zw4bt07kp	3176104	0	0	35364864	35364864	3	100000/100000	335544320
1789697912958	env_01m2s4xr4vdnexns7zw4bt07kp	3729528	0	0	36675584	36675584	3	100000/100000	335544320
1789697913520	env_01m2s4xr4vdnexns7zw4bt07kp	4287718	0	0	37199872	37199872	3	100000/100000	335544320
1789697914067	env_01m2s4xr4vdnexns7zw4bt07kp	4833175	0	0	39034880	39034880	3	100000/100000	335544320
1789697914621	env_01m2s4xr4vdnexns7zw4bt07kp	5388258	1548	1	40083456	40083456	3	100000/100000	335544320
1789697915186	env_01m2s4xr4vdnexns7zw4bt07kp	5952061	1548	1	42704896	42704896	3	100000/100000	335544320
1789697915742	env_01m2s4xr4vdnexns7zw4bt07kp	6507659	2090	2	43229184	43229184	3	100000/100000	335544320
1789697916302	env_01m2s4xr4vdnexns7zw4bt07kp	7068078	18069	7	45326336	45326336	3	100000/100000	335544320
1789697916874	env_01m2s4xr4vdnexns7zw4bt07kp	7643517	32371	12	45850624	45850624	3	100000/100000	335544320
1789697917463	env_01m2s4xr4vdnexns7zw4bt07kp	8227103	35765	14	46899200	46899200	3	100000/100000	335544320
1789697918011	env_01m2s4xr4vdnexns7zw4bt07kp	8767592	35765	14	46899200	46899200	3	100000/100000	335544320
1789697918545	env_01m2s4xr4vdnexns7zw4bt07kp	9301064	35765	14	46899200	46899200	3	100000/100000	335544320
1789697919087	env_01m2s4xr4vdnexns7zw4bt07kp	9843445	35765	14	46899200	46899200	3	100000/100000	335544320
1789697919642	env_01m2s4xr4vdnexns7zw4bt07kp	10398984	35765	14	46899200	46899200	3	100000/100000	335544320
1789697920198	env_01m2s4xr4vdnexns7zw4bt07kp	10953353	35765	14	46899200	46899200	3	100000/100000	335544320
1789697920750	env_01m2s4xr4vdnexns7zw4bt07kp	11504133	38423	15	48472064	48472064	3	100000/100000	335544320
1789697921804	env_01m2s4y46pv1kfngsspjn68pvq	320430	0	0	26202112	26202112	3	100000/100000	335544320
1789697922841	env_01m2s4y46pv1kfngsspjn68pvq	1363200	0	0	31444992	31444992	3	100000/100000	335544320
1789697923431	env_01m2s4y46pv1kfngsspjn68pvq	1942815	0	0	32755712	32755712	3	100000/100000	335544320
1789697924032	env_01m2s4y46pv1kfngsspjn68pvq	2544393	0	0	32755712	32755712	3	100000/100000	335544320
1789697924609	env_01m2s4y46pv1kfngsspjn68pvq	3113697	0	0	34328576	34590720	3	100000/100000	335544320
1789697925181	env_01m2s4y46pv1kfngsspjn68pvq	3685195	0	0	35639296	35639296	3	100000/100000	335544320
1789697925744	env_01m2s4y46pv1kfngsspjn68pvq	4243528	0	0	36950016	36950016	3	100000/100000	335544320
1789697926308	env_01m2s4y46pv1kfngsspjn68pvq	4803269	4544	1	37212160	37212160	3	100000/100000	335544320
1789697926861	env_01m2s4y46pv1kfngsspjn68pvq	5354957	4544	1	39047168	39047168	3	100000/100000	335544320
1789697927424	env_01m2s4y46pv1kfngsspjn68pvq	5917465	4544	1	39833600	39833600	3	100000/100000	335544320
1789697928031	env_01m2s4y46pv1kfngsspjn68pvq	6524346	4888	2	41930752	41930752	3	100000/100000	335544320
1789697928609	env_01m2s4y46pv1kfngsspjn68pvq	7095932	4888	2	43241472	43241472	3	100000/100000	335544320
1789697929181	env_01m2s4y46pv1kfngsspjn68pvq	7660642	5690	4	45338624	45338624	3	100000/100000	335544320
1789697929755	env_01m2s4y46pv1kfngsspjn68pvq	8225927	6989	6	45338624	45338624	3	100000/100000	335544320
1789697930337	env_01m2s4y46pv1kfngsspjn68pvq	8801731	12956	9	46649344	46649344	3	100000/100000	335544320
1789697930891	env_01m2s4y46pv1kfngsspjn68pvq	9355120	12956	9	46649344	46649344	3	100000/100000	335544320
1789697931468	env_01m2s4y46pv1kfngsspjn68pvq	9933470	12956	9	46649344	46649344	3	100000/100000	335544320
1789697932034	env_01m2s4y46pv1kfngsspjn68pvq	10494878	12956	9	46649344	46649344	3	100000/100000	335544320
1789697932605	env_01m2s4y46pv1kfngsspjn68pvq	11064761	12956	9	46649344	46649344	3	100000/100000	335544320
1789697933178	env_01m2s4y46pv1kfngsspjn68pvq	11635517	12956	9	46649344	46649344	3	100000/100000	335544320
1789697933738	env_01m2s4y46pv1kfngsspjn68pvq	12193670	12956	9	46649344	46649344	3	100000/100000	335544320
1789697934308	env_01m2s4y46pv1kfngsspjn68pvq	12721504	12956	10	6418432	49008640	0	100000/100000	
1789697935385	env_01m2s4yh9p08gwvs9bxj63er42	428603	692	1	25935872	25935872	3	100000/100000	335544320
1789697936409	env_01m2s4yh9p08gwvs9bxj63er42	1452396	1364	2	31440896	31440896	3	100000/100000	335544320
1789697937012	env_01m2s4yh9p08gwvs9bxj63er42	2053414	1364	2	32489472	32489472	3	100000/100000	335544320
1789697937605	env_01m2s4yh9p08gwvs9bxj63er42	2637886	3051	3	32751616	32751616	3	100000/100000	335544320
1789697938201	env_01m2s4yh9p08gwvs9bxj63er42	3239450	3552	5	33538048	33538048	3	100000/100000	335544320
1789697938806	env_01m2s4yh9p08gwvs9bxj63er42	3831438	4799	5	35635200	35635200	3	100000/100000	335544320
1789697939389	env_01m2s4yh9p08gwvs9bxj63er42	4425479	4904	6	36159488	36159488	3	100000/100000	335544320
1789697940005	env_01m2s4yh9p08gwvs9bxj63er42	5023939	4904	6	36945920	36945920	3	100000/100000	335544320
1789697940590	env_01m2s4yh9p08gwvs9bxj63er42	5607437	4904	6	37208064	37208064	3	100000/100000	335544320
1789697941180	env_01m2s4yh9p08gwvs9bxj63er42	6196756	4904	6	38780928	38780928	3	100000/100000	335544320
1789697941767	env_01m2s4yh9p08gwvs9bxj63er42	6782497	11587	9	39567360	39567360	3	100000/100000	335544320
1789697942356	env_01m2s4yh9p08gwvs9bxj63er42	7364322	12699	11	39829504	39829504	3	100000/100000	335544320
1789697942916	env_01m2s4yh9p08gwvs9bxj63er42	7921649	12699	11	42975232	42975232	3	100000/100000	335544320
1789697943484	env_01m2s4yh9p08gwvs9bxj63er42	8489803	14982	12	42975232	43237376	3	100000/100000	335544320
1789697944047	env_01m2s4yh9p08gwvs9bxj63er42	9041057	21389	14	45334528	45334528	3	100000/100000	335544320
1789697944663	env_01m2s4yh9p08gwvs9bxj63er42	9700005	21389	14	45858816	45858816	3	100000/100000	335544320
1789697945324	env_01m2s4yh9p08gwvs9bxj63er42	10316323	46885	18	47169536	47169536	3	100000/100000	335544320
1789697946097	env_01m2s4yh9p08gwvs9bxj63er42	11071902	71009	19	47169536	47169536	3	100000/100000	335544320
1789697946728	env_01m2s4yh9p08gwvs9bxj63er42	11691669	72050	20	47169536	47169536	3	100000/100000	335544320
1789697947340	env_01m2s4yh9p08gwvs9bxj63er42	12301095	72050	20	47169536	47169536	3	100000/100000	335544320
1789697947778	env_01m2s4yh9p08gwvs9bxj63er42	12860444	72050	20	47169536	47169536	3	100000/100000	335544320
1789697948367	env_01m2s4yh9p08gwvs9bxj63er42	13445374	72325	21	47169536	47169536	3	100000/100000	335544320
1789697948948	env_01m2s4yh9p08gwvs9bxj63er42	14029033	72325	21	47169536	47169536	3	100000/100000	335544320
1789697949523	env_01m2s4yh9p08gwvs9bxj63er42	14596149	72613	22	47169536	47169536	3	100000/100000	335544320
1789697950118	env_01m2s4yh9p08gwvs9bxj63er42	15169659	74991	24	6152192	49266688	0		
1789697951271	env_01m2s4z0twert3zvd4vhr5sych	181310	36179	2	24346624	24375296	3	50000/100000	201326592
1789697951828	env_01m2s4z0vvfx47yk66ager4et7	443668	322803	7	26001408	26001408	3	50000/100000	201326592
1789697952387	env_01m2s4z0wzww3m1wazq80ssrpx	713067	619404	13	27856896	27856896	3	50000/100000	201326592
1789697953497	env_01m2s4z0twert3zvd4vhr5sych	1284256	1169530	25	28540928	28540928	3	50000/100000	201326592
1789697953641	env_01m2s4z0vvfx47yk66ager4et7	1355187	1214390	27	28622848	28622848	3	50000/100000	201326592
1789697954032	env_01m2s4z0wzww3m1wazq80ssrpx	1529897	1356080	30	28643328	28643328	3	50000/100000	201326592
1789697954785	env_01m2s4z0twert3zvd4vhr5sych	1937044	1743816	38	29065216	29065216	3	50000/100000	201326592
1789697954882	env_01m2s4z0vvfx47yk66ager4et7	1962624	1769727	38	28622848	28622848	3	50000/100000	201326592
1789697954972	env_01m2s4z0wzww3m1wazq80ssrpx	1997786	1819550	39	28905472	28905472	3	50000/100000	201326592
1789697955602	env_01m2s4z0twert3zvd4vhr5sych	2337103	2134809	46	29065216	29327360	3	50000/100000	201326592
1789697955675	env_01m2s4z0vvfx47yk66ager4et7	2359361	2157533	46	29147136	29147136	3	50000/100000	201326592
1789697955792	env_01m2s4z0wzww3m1wazq80ssrpx	2424259	2193340	47	29167616	29167616	3	50000/100000	201326592
1789697956412	env_01m2s4z0twert3zvd4vhr5sych	2744853	2516695	54	29851648	29851648	3	50000/100000	201326592
1789697956550	env_01m2s4z0vvfx47yk66ager4et7	2793856	2579907	55	30195712	30195712	3	50000/100000	201326592
1789697956664	env_01m2s4z0wzww3m1wazq80ssrpx	2840776	2637688	56	29954048	29954048	3	50000/100000	201326592
1789697957270	env_01m2s4z0twert3zvd4vhr5sych	3182397	2884110	62	29851648	29851648	3	50000/100000	201326592
1789697957359	env_01m2s4z0vvfx47yk66ager4et7	3199255	2966413	63	30195712	30195712	3	50000/100000	201326592
1789697957435	env_01m2s4z0wzww3m1wazq80ssrpx	3229701	3019314	64	29954048	29954048	3	50000/100000	201326592
1789697958021	env_01m2s4z0twert3zvd4vhr5sych	3553068	3273627	70	30113792	30113792	3	50000/100000	201326592
1789697958070	env_01m2s4z0vvfx47yk66ager4et7	3551554	3314478	70	30195712	30195712	3	50000/100000	201326592
1789697958122	env_01m2s4z0wzww3m1wazq80ssrpx	3580659	3312293	70	29954048	29954048	3	50000/100000	201326592
1789697958702	env_01m2s4z0twert3zvd4vhr5sych	3886890	3619627	77	30375936	30375936	3	50000/100000	201326592
1789697958754	env_01m2s4z0vvfx47yk66ager4et7	3893224	3604431	77	30195712	30195712	3	50000/100000	201326592
1789697958813	env_01m2s4z0wzww3m1wazq80ssrpx	3930683	3655858	77	29954048	29954048	3	50000/100000	201326592
1789697959369	env_01m2s4z0twert3zvd4vhr5sych	4232239	3917772	83	30900224	30900224	3	50000/100000	201326592
1789697959413	env_01m2s4z0vvfx47yk66ager4et7	4238700	3944859	83	30195712	30195712	3	50000/100000	201326592
1789697959457	env_01m2s4z0wzww3m1wazq80ssrpx	4231041	4005296	84	30216192	30216192	3	50000/100000	201326592
1789697960035	env_01m2s4z0twert3zvd4vhr5sych	4564693	4262462	90	32735232	32735232	3	50000/100000	201326592
1789697960085	env_01m2s4z0vvfx47yk66ager4et7	4562301	4287481	90	30720000	30720000	3	50000/100000	201326592
1789697960140	env_01m2s4z0wzww3m1wazq80ssrpx	4581170	4300618	90	30740480	30740480	3	50000/100000	201326592
1789697960707	env_01m2s4z0twert3zvd4vhr5sych	4890717	4607014	97	32997376	32997376	3	50000/100000	201326592
1789697960799	env_01m2s4z0vvfx47yk66ager4et7	4924365	4629237	97	32555008	32555008	3	50000/100000	201326592
1789697960882	env_01m2s4z0wzww3m1wazq80ssrpx	4957703	4693565	98	32313344	32313344	3	50000/100000	201326592
1789697961492	env_01m2s4z0twert3zvd4vhr5sych	5281560	4943051	105	34082816	34308096	3	50000/100000	201326592
1789697961594	env_01m2s4z0vvfx47yk66ager4et7	5322402	5012426	105	32555008	32555008	3	50000/100000	201326592
1789697961675	env_01m2s4z0wzww3m1wazq80ssrpx	5360484	5088067	106	32837632	32837632	3	50000/100000	201326592
1789697962273	env_01m2s4z0twert3zvd4vhr5sych	5680742	5333152	113	34344960	34344960	3	50000/100000	201326592
1789697962487	env_01m2s4z0vvfx47yk66ager4et7	5763963	5426560	114	33079296	33079296	3	50000/100000	201326592
1789697962550	env_01m2s4z0wzww3m1wazq80ssrpx	5780783	5529487	115	33099776	33099776	3	50000/100000	201326592
1789697963131	env_01m2s4z0twert3zvd4vhr5sych	6119728	5775676	121	34361344	34361344	3	50000/100000	201326592
1789697963197	env_01m2s4z0vvfx47yk66ager4et7	6124752	5762004	121	33865728	33865728	3	50000/100000	201326592
1789697963263	env_01m2s4z0wzww3m1wazq80ssrpx	6139153	5876793	122	33886208	33886208	3	50000/100000	201326592
1789697963871	env_01m2s4z0twert3zvd4vhr5sych	6481312	6111617	128	34623488	34623488	3	50000/100000	201326592
1789697963923	env_01m2s4z0vvfx47yk66ager4et7	6494632	6102219	128	34037760	34037760	3	50000/100000	201326592
1789697963974	env_01m2s4z0wzww3m1wazq80ssrpx	6498244	6219065	129	34148352	34148352	3	50000/100000	201326592
1789697964560	env_01m2s4z0twert3zvd4vhr5sych	6831698	6459814	135	36196352	36196352	3	50000/100000	201326592
1789697964616	env_01m2s4z0vvfx47yk66ager4et7	6843462	6445050	135	34299904	34299904	3	50000/100000	201326592
1789697964729	env_01m2s4z0wzww3m1wazq80ssrpx	6880502	6564519	137	34410496	34410496	3	50000/100000	201326592
1789697965319	env_01m2s4z0twert3zvd4vhr5sych	7201460	6853965	143	37244928	37244928	3	50000/100000	201326592
1789697965369	env_01m2s4z0vvfx47yk66ager4et7	7197177	6833597	143	34299904	34299904	3	50000/100000	201326592
1789697965434	env_01m2s4z0wzww3m1wazq80ssrpx	7230399	6908508	143	34672640	34672640	3	50000/100000	201326592
1789697966018	env_01m2s4z0twert3zvd4vhr5sych	7558321	7185009	150	37244928	37244928	3	50000/100000	201326592
1789697966118	env_01m2s4z0vvfx47yk66ager4et7	7586520	7154179	150	34390016	34390016	3	50000/100000	201326592
1789697966204	env_01m2s4z0wzww3m1wazq80ssrpx	7622526	7277501	151	34672640	34672640	3	50000/100000	201326592
1789697966257	env_01m2s4zfjqbt8sf2s1yh3db8pz	210721	0	0	21774336	22822912	2	100000/100000	335544320
1789697967394	env_01m2s4z0twert3zvd4vhr5sych	8232193	7747207	163	37507072	37769216	3	50000/100000	201326592
1789697967464	env_01m2s4z0vvfx47yk66ager4et7	8245342	7794980	164	34652160	34914304	3	50000/100000	201326592
1789697967521	env_01m2s4z0wzww3m1wazq80ssrpx	8282249	7882590	164	36245504	36245504	3	50000/100000	201326592
1789697967570	env_01m2s4zfjqbt8sf2s1yh3db8pz	1493331	0	0	30658560	30658560	3	100000/100000	335544320
1789697968126	env_01m2s4z0twert3zvd4vhr5sych	8606735	8085782	171	39903232	39903232	3	50000/100000	201326592
1789697968214	env_01m2s4z0vvfx47yk66ager4et7	8644656	8104808	171	36040704	36225024	3	50000/100000	201326592
1789697968301	env_01m2s4z0wzww3m1wazq80ssrpx	8672957	8212628	172	37076992	37076992	3	50000/100000	201326592
1789697968399	env_01m2s4zfjqbt8sf2s1yh3db8pz	2299074	0	0	31444992	31444992	3	100000/100000	335544320
1789697968983	env_01m2s4z0twert3zvd4vhr5sych	9033083	8495416	180	40427520	40427520	3	50000/100000	201326592
1789697969121	env_01m2s4z0vvfx47yk66ager4et7	9070944	8496625	180	36827136	36827136	3	50000/100000	201326592
1789697969200	env_01m2s4z0wzww3m1wazq80ssrpx	9130264	8591559	181	36986880	37076992	3	50000/100000	201326592
1789697969301	env_01m2s4zfjqbt8sf2s1yh3db8pz	3162863	0	0	31707136	31707136	3	100000/100000	335544320
1789697969880	env_01m2s4z0twert3zvd4vhr5sych	9482027	8844512	188	40427520	40427520	3	50000/100000	201326592
1789697969941	env_01m2s4z0vvfx47yk66ager4et7	9495797	8827172	188	37089280	37089280	3	50000/100000	201326592
1789697970005	env_01m2s4z0wzww3m1wazq80ssrpx	9524287	8959247	189	37249024	37249024	3	50000/100000	201326592
1789697970047	env_01m2s4zfjqbt8sf2s1yh3db8pz	3870332	0	0	32493568	32493568	3	100000/100000	335544320
1789697970600	env_01m2s4z0twert3zvd4vhr5sych	9834386	9222365	196	42262528	42262528	3	50000/100000	201326592
1789697970663	env_01m2s4z0vvfx47yk66ager4et7	9845000	9185210	196	37351424	37351424	3	50000/100000	201326592
1789697970710	env_01m2s4z0wzww3m1wazq80ssrpx	9872075	9290855	196	38559744	38559744	3	50000/100000	201326592
1789697970756	env_01m2s4zfjqbt8sf2s1yh3db8pz	4557364	0	0	32493568	32493568	3	100000/100000	335544320
1789697971345	env_01m2s4z0twert3zvd4vhr5sych	10231847	9545132	203	42786816	42786816	3	50000/100000	201326592
1789697971427	env_01m2s4z0vvfx47yk66ager4et7	10243645	9509690	203	37351424	37351424	3	50000/100000	201326592
1789697971509	env_01m2s4z0wzww3m1wazq80ssrpx	10273032	9653151	204	39346176	39346176	3	50000/100000	201326592
1789697971559	env_01m2s4zfjqbt8sf2s1yh3db8pz	5339985	0	0	32755712	32755712	3	100000/100000	335544320
1789697972140	env_01m2s4z0twert3zvd4vhr5sych	10623337	9914384	211	42786816	42786816	3	50000/100000	201326592
1789697972202	env_01m2s4z0vvfx47yk66ager4et7	10628285	9885778	211	38400000	38400000	3	50000/100000	201326592
1789697972275	env_01m2s4z0wzww3m1wazq80ssrpx	10641375	10024607	212	40394752	40394752	3	50000/100000	201326592
1789697972346	env_01m2s4zfjqbt8sf2s1yh3db8pz	6096511	0	0	34852864	34852864	3	100000/100000	335544320
1789697972977	env_01m2s4z0twert3zvd4vhr5sych	11032784	10252976	219	42786816	42786816	3	50000/100000	201326592
1789697973069	env_01m2s4z0vvfx47yk66ager4et7	11056673	10298290	220	39559168	39559168	3	50000/100000	201326592
1789697973142	env_01m2s4z0wzww3m1wazq80ssrpx	11084810	10384532	220	40296448	40394752	3	50000/100000	201326592
1789697973198	env_01m2s4zfjqbt8sf2s1yh3db8pz	6898259	0	0	35639296	35639296	3	100000/100000	335544320
1789697973757	env_01m2s4z0twert3zvd4vhr5sych	11431589	10596741	227	43835392	43835392	3	50000/100000	201326592
1789697973856	env_01m2s4z0vvfx47yk66ager4et7	11443135	10653298	228	40345600	40345600	3	50000/100000	201326592
1789697973922	env_01m2s4z0wzww3m1wazq80ssrpx	11481929	10710638	228	40558592	40558592	3	50000/100000	201326592
1789697973989	env_01m2s4zfjqbt8sf2s1yh3db8pz	7676160	0	0	36425728	36425728	3	100000/100000	335544320
1789697974574	env_01m2s4z0twert3zvd4vhr5sych	11830629	10961177	235	44249088	44249088	3	50000/100000	201326592
1789697974645	env_01m2s4z0vvfx47yk66ager4et7	11842877	10982984	235	40345600	40345600	3	50000/100000	201326592
1789697974701	env_01m2s4z0wzww3m1wazq80ssrpx	11875364	11075665	236	40820736	40820736	3	50000/100000	201326592
1789697974753	env_01m2s4zfjqbt8sf2s1yh3db8pz	8393730	0	0	36548608	36687872	3	100000/100000	335544320
1789697975340	env_01m2s4z0twert3zvd4vhr5sych	12224357	11326368	243	44249088	44249088	3	50000/100000	201326592
1789697975443	env_01m2s4z0vvfx47yk66ager4et7	12242941	11349574	243	40345600	40345600	3	50000/100000	201326592
1789697975523	env_01m2s4z0wzww3m1wazq80ssrpx	12280453	11495896	244	41607168	41607168	3	50000/100000	201326592
1789697975628	env_01m2s4zfjqbt8sf2s1yh3db8pz	9225747	0	0	36810752	36810752	3	100000/100000	335544320
1789697976246	env_01m2s4z0twert3zvd4vhr5sych	12683067	11736622	252	44249088	44249088	3	50000/100000	201326592
1789697976337	env_01m2s4z0vvfx47yk66ager4et7	12693595	11755218	252	40345600	40345600	3	50000/100000	201326592
1789697976458	env_01m2s4z0wzww3m1wazq80ssrpx	12735888	11956169	254	41869312	41869312	3	50000/100000	201326592
1789697976565	env_01m2s4zfjqbt8sf2s1yh3db8pz	10129670	808	1	37335040	37335040	3	100000/100000	335544320
1789697977126	env_01m2s4z0twert3zvd4vhr5sych	13108964	12111536	261	44249088	44249088	3	50000/100000	201326592
1789697977238	env_01m2s4z0vvfx47yk66ager4et7	13145841	12123215	262	40345600	40345600	3	50000/100000	201326592
1789697977343	env_01m2s4z0wzww3m1wazq80ssrpx	13179344	12259115	262	41869312	41869312	3	50000/100000	201326592
1789697977414	env_01m2s4zfjqbt8sf2s1yh3db8pz	10938447	4185	2	39170048	39170048	3	100000/100000	335544320
1789697977968	env_01m2s4z0twert3zvd4vhr5sych	13532646	12477822	269	44249088	44249088	3	50000/100000	201326592
1789697978058	env_01m2s4z0vvfx47yk66ager4et7	13544386	12530696	270	41918464	41918464	3	50000/100000	201326592
1789697978380	env_01m2s4z0wzww3m1wazq80ssrpx	13707032	12728562	271	41869312	41869312	3	50000/100000	201326592
1789697978455	env_01m2s4zfjqbt8sf2s1yh3db8pz	11936457	4185	2	39694336	39694336	3	100000/100000	335544320
1789697979449	env_01m2s4z0twert3zvd4vhr5sych	14293740	13103397	285	44249088	44249088	3	50000/100000	201326592
1789697979662	env_01m2s4z0vvfx47yk66ager4et7	14344361	13089481	285	42442752	42442752	3	50000/100000	201326592
1789697979747	env_01m2s4z0wzww3m1wazq80ssrpx	14362017	13158031	282	42131456	42131456	3	50000/100000	201326592
1789697979889	env_01m2s4zfjqbt8sf2s1yh3db8pz	13058440	4185	2	41267200	41267200	3	100000/100000	335544320
1789697980460	env_01m2s4z0twert3zvd4vhr5sych	14783572	13446794	294	44249088	44249088	3	50000/100000	201326592
1789697980544	env_01m2s4z0vvfx47yk66ager4et7	14789389	13413036	294	42704896	42704896	3	50000/100000	201326592
1789697980645	env_01m2s4z0wzww3m1wazq80ssrpx	14804885	13550319	291	42655744	42655744	3	50000/100000	201326592
1789697980885	env_01m2s4zfjqbt8sf2s1yh3db8pz	13981727	4185	2	43102208	43102208	3	100000/100000	335544320
1789697981544	env_01m2s4z0twert3zvd4vhr5sych	15332915	13884123	305	43679744	44249088	3	50000/100000	201326592
1789697981648	env_01m2s4zfjqbt8sf2s1yh3db8pz	14653748	4185	2	43102208	43102208	3	100000/100000	335544320
1789697982218	env_01m2s4z0twert3zvd4vhr5sych	15660675	14216501	312	43679744	44249088	3	50000/100000	201326592
1789697982358	env_01m2s4zfjqbt8sf2s1yh3db8pz	15358564	4185	3	45461504	45461504	3	100000/100000	335544320
1789697982457	env_01m2s4zz16t21sxyz02k0yby2b	326253	175901	5	23834624	23863296	3	50000/100000	201326592
1789697983555	env_01m2s4z0twert3zvd4vhr5sych	16331463	14852467	325	43679744	44249088	3	50000/100000	201326592
1789697983637	env_01m2s4zfjqbt8sf2s1yh3db8pz	16605756	13491	6	46772224	46772224	3	100000/100000	335544320
1789697983724	env_01m2s4zz16t21sxyz02k0yby2b	924614	798535	17	25145344	25145344	3	50000/100000	201326592
1789697984301	env_01m2s4z0twert3zvd4vhr5sych	16686770	15288298	333	43941888	44249088	3	50000/100000	201326592
1789697984374	env_01m2s4zfjqbt8sf2s1yh3db8pz	17325813	13491	6	46772224	46772224	3	100000/100000	335544320
1789697984440	env_01m2s4zz16t21sxyz02k0yby2b	1273885	1173175	25	27766784	27766784	3	50000/100000	201326592
1789697985022	env_01m2s4z0twert3zvd4vhr5sych	17053622	15633949	340	43941888	44249088	3	50000/100000	201326592
1789697985126	env_01m2s4zfjqbt8sf2s1yh3db8pz	18075422	13491	6	46772224	46772224	3	100000/100000	335544320
1789697985196	env_01m2s4zz16t21sxyz02k0yby2b	1665839	1513757	32	28291072	28291072	3	50000/100000	201326592
1789697985772	env_01m2s4z0twert3zvd4vhr5sych	17433180	15982942	347	43941888	44249088	3	50000/100000	201326592
1789697985844	env_01m2s4zfjqbt8sf2s1yh3db8pz	18788477	13491	6	46772224	46772224	3	100000/100000	335544320
1789697985900	env_01m2s4zz16t21sxyz02k0yby2b	2019402	1854691	39	28553216	28553216	3	50000/100000	201326592
1789697986466	env_01m2s4z0twert3zvd4vhr5sych	17783416	16321593	354	43941888	44249088	3	50000/100000	201326592
1789697986556	env_01m2s4zfjqbt8sf2s1yh3db8pz	19500430	14178	7	46772224	46772224	3	100000/100000	335544320
1789697986617	env_01m2s4zz16t21sxyz02k0yby2b	2374498	2196179	46	28815360	28815360	3	50000/100000	201326592
1789697987197	env_01m2s4z0twert3zvd4vhr5sych	18131001	16714253	362	43941888	44249088	3	50000/100000	201326592
1789697987247	env_01m2s4zfjqbt8sf2s1yh3db8pz	20184461	14290	8	46772224	46772224	3	100000/100000	335544320
1789697987296	env_01m2s4zz16t21sxyz02k0yby2b	2715830	2533361	53	29601792	29601792	3	50000/100000	201326592
1789697987849	env_01m2s4z0twert3zvd4vhr5sych	18479121	17011530	368	43941888	44249088	3	50000/100000	201326592
1789697987932	env_01m2s4zfjqbt8sf2s1yh3db8pz	20819701	16114	10	49131520	49131520	3	100000/100000	335544320
1789697987975	env_01m2s4zz16t21sxyz02k0yby2b	3049631	2872330	60	29601792	29601792	3	50000/100000	201326592
1789697988529	env_01m2s4z0twert3zvd4vhr5sych	18812958	17346729	375	43679744	44249088	3	50000/100000	201326592
1789697988610	env_01m2s4zz16t21sxyz02k0yby2b	3374352	3155349	66	29470720	29601792	3	50000/100000	201326592
1789697989225	env_01m2s4z0twert3zvd4vhr5sych	19159723	17690844	382	43941888	44249088	3	50000/100000	201326592
1789697989318	env_01m2s4zz16t21sxyz02k0yby2b	3729063	3505832	73	30257152	30257152	3	50000/100000	201326592
1789697989395	env_01m2s505txz5sw8sdn7656d9zm	537445	4238	1	26198016	26198016	3	100000/100000	335544320
1789697990469	env_01m2s4z0twert3zvd4vhr5sych	19782585	18279298	394	43941888	44249088	3	50000/100000	201326592
1789697990542	env_01m2s4zz16t21sxyz02k0yby2b	4324692	4119267	86	32354304	32354304	3	50000/100000	201326592
1789697990607	env_01m2s505txz5sw8sdn7656d9zm	1731854	5111	3	31440896	31440896	3	100000/100000	335544320
1789697991191	env_01m2s4z0twert3zvd4vhr5sych	20131535	18677241	402	43941888	44249088	3	50000/100000	201326592
1789697991309	env_01m2s4zz16t21sxyz02k0yby2b	4724212	4460411	93	32616448	32616448	3	50000/100000	201326592
1789697991376	env_01m2s505txz5sw8sdn7656d9zm	2497519	5111	3	32489472	32489472	3	100000/100000	335544320
1789697991944	env_01m2s4z0twert3zvd4vhr5sych	20530916	19016286	409	43941888	44249088	3	50000/100000	201326592
1789697992008	env_01m2s4zz16t21sxyz02k0yby2b	5075882	4799679	100	33140736	33140736	3	50000/100000	201326592
1789697992068	env_01m2s505txz5sw8sdn7656d9zm	3189558	6119	5	32751616	32751616	3	100000/100000	335544320
1789697992671	env_01m2s4z0twert3zvd4vhr5sych	20880928	19361345	416	43941888	44249088	3	50000/100000	201326592
1789697992726	env_01m2s4zz16t21sxyz02k0yby2b	5423381	5141644	107	33665024	33665024	3	50000/100000	201326592
1789697992778	env_01m2s505txz5sw8sdn7656d9zm	3893023	6331	6	35110912	35110912	3	100000/100000	335544320
1789697993340	env_01m2s4z0twert3zvd4vhr5sych	21231257	19683296	423	43941888	44249088	3	50000/100000	201326592
1789697993446	env_01m2s4zz16t21sxyz02k0yby2b	5777716	5514074	115	33927168	33927168	3	50000/100000	201326592
1789697993592	env_01m2s505txz5sw8sdn7656d9zm	4709673	6331	6	36421632	36421632	3	100000/100000	335544320
1789697994167	env_01m2s4z0twert3zvd4vhr5sych	21631148	20075346	431	43941888	44249088	3	50000/100000	201326592
1789697994241	env_01m2s4zz16t21sxyz02k0yby2b	6175642	5864918	122	34189312	34189312	3	50000/100000	201326592
1789697994298	env_01m2s505txz5sw8sdn7656d9zm	5390376	7908	7	36945920	36945920	3	100000/100000	335544320
1789697994883	env_01m2s4z0twert3zvd4vhr5sych	21981824	20419766	438	43941888	44249088	3	50000/100000	201326592
1789697994935	env_01m2s4zz16t21sxyz02k0yby2b	6524156	6204728	129	34451456	34451456	3	50000/100000	201326592
1789697994997	env_01m2s505txz5sw8sdn7656d9zm	6076118	7908	7	38518784	38518784	3	100000/100000	335544320
1789697995582	env_01m2s4z0twert3zvd4vhr5sych	22331202	20766224	445	43941888	44249088	3	50000/100000	201326592
1789697995650	env_01m2s4zz16t21sxyz02k0yby2b	6880580	6589493	137	35762176	35762176	3	50000/100000	201326592
1789697995732	env_01m2s505txz5sw8sdn7656d9zm	6804761	7908	7	39567360	39567360	3	100000/100000	335544320
1789697996285	env_01m2s4z0twert3zvd4vhr5sych	22681163	21111253	452	43941888	44249088	3	50000/100000	201326592
1789697996334	env_01m2s4zz16t21sxyz02k0yby2b	7224551	6882270	143	36286464	36286464	3	50000/100000	201326592
1789697996398	env_01m2s505txz5sw8sdn7656d9zm	7476026	7908	7	41664512	41926656	3	100000/100000	335544320
1789697996989	env_01m2s4z0twert3zvd4vhr5sych	23033458	21457563	459	43941888	44249088	3	50000/100000	201326592
1789697997032	env_01m2s4zz16t21sxyz02k0yby2b	7574486	7232090	150	36810752	36810752	3	50000/100000	201326592
1789697997096	env_01m2s505txz5sw8sdn7656d9zm	8159004	7908	7	42975232	42975232	3	100000/100000	335544320
1789697997668	env_01m2s4z0twert3zvd4vhr5sych	23383055	21795373	466	43941888	44249088	3	50000/100000	201326592
1789697997653	env_01m2s4zz16t21sxyz02k0yby2b	7953776	7610645	158	37072896	37072896	3	50000/100000	201326592
1789697997748	env_01m2s505txz5sw8sdn7656d9zm	8902950	22908	9	45096960	45096960	3	100000/100000	335544320
1789697998310	env_01m2s4z0twert3zvd4vhr5sych	23767861	22165882	474	43679744	44249088	3	50000/100000	201326592
1789697998369	env_01m2s4zz16t21sxyz02k0yby2b	8316018	7945669	165	37335040	37335040	3	50000/100000	201326592
1789697998405	env_01m2s505txz5sw8sdn7656d9zm	9562158	24882	12	45621248	45621248	3	100000/100000	335544320
1789697998974	env_01m2s4z0twert3zvd4vhr5sych	24090299	22507822	481	43941888	44249088	3	50000/100000	201326592
1789697999029	env_01m2s4zz16t21sxyz02k0yby2b	8627629	8289290	172	37081088	37335040	3	50000/100000	201326592
1789697999077	env_01m2s505txz5sw8sdn7656d9zm	10228708	29087	14	46931968	46931968	3	100000/100000	335544320
1789697999643	env_01m2s4z0twert3zvd4vhr5sych	24430948	22807916	487	43941888	44249088	3	50000/100000	201326592
1789697999712	env_01m2s4zz16t21sxyz02k0yby2b	8972846	8588601	178	38391808	38391808	3	50000/100000	201326592
1789697999758	env_01m2s505txz5sw8sdn7656d9zm	10906780	29087	14	46931968	46931968	3	100000/100000	335544320
1789698000327	env_01m2s4z0twert3zvd4vhr5sych	24781308	23153025	494	43941888	44249088	3	50000/100000	201326592
1789698000379	env_01m2s4zz16t21sxyz02k0yby2b	9323258	8930340	185	39964672	39964672	3	50000/100000	201326592
1789698000421	env_01m2s505txz5sw8sdn7656d9zm	11566510	29087	14	46931968	46931968	3	100000/100000	335544320
1789698000964	env_01m2s4z0twert3zvd4vhr5sych	25081699	23499587	501	43941888	44249088	3	50000/100000	201326592
1789698001018	env_01m2s4zz16t21sxyz02k0yby2b	9624343	9225255	191	40488960	40488960	3	50000/100000	201326592
1789698001072	env_01m2s505txz5sw8sdn7656d9zm	12216116	29087	14	46931968	46931968	3	100000/100000	335544320
1789698001651	env_01m2s4z0twert3zvd4vhr5sych	25431450	23795791	507	43941888	44249088	3	50000/100000	201326592
1789698001713	env_01m2s4zz16t21sxyz02k0yby2b	9975832	9569080	199	41013248	41013248	3	50000/100000	201326592
1789698001794	env_01m2s505txz5sw8sdn7656d9zm	12934036	29087	14	46931968	46931968	3	100000/100000	335544320
1789698002377	env_01m2s4z0twert3zvd4vhr5sych	25793228	24190282	515	43941888	44249088	3	50000/100000	201326592
1789698002450	env_01m2s4zz16t21sxyz02k0yby2b	10354099	9960419	206	42323968	42323968	3	50000/100000	201326592
1789698002517	env_01m2s505txz5sw8sdn7656d9zm	13659109	29087	14	46931968	46931968	3	100000/100000	335544320
1789698003087	env_01m2s4z0twert3zvd4vhr5sych	26147485	24587644	522	43941888	44249088	3	50000/100000	201326592
1789698003156	env_01m2s4zz16t21sxyz02k0yby2b	10703360	10299012	213	42586112	42586112	3	50000/100000	201326592
1789698003217	env_01m2s505txz5sw8sdn7656d9zm	14353991	29087	14	48242688	48504832	3	100000/100000	335544320
1789698003784	env_01m2s4z0twert3zvd4vhr5sych	26496072	24923435	529	43679744	44249088	3	50000/100000	201326592
1789698003860	env_01m2s4zz16t21sxyz02k0yby2b	11061419	10637001	220	42668032	42848256	3	50000/100000	201326592
1789698004430	env_01m2s4z0twert3zvd4vhr5sych	26832664	25217624	535	43679744	44249088	3	50000/100000	201326592
1789698004500	env_01m2s4zz16t21sxyz02k0yby2b	11373054	10933049	226	43716608	43716608	3	50000/100000	201326592
1789698004571	env_01m2s50mx6t4hmbwsc4btevpg4	380130	1628	1	25411584	25432064	3	100000/100000	335544320
1789698005587	env_01m2s4z0twert3zvd4vhr5sych	27395025	25813395	547	43679744	44249088	3	50000/100000	201326592
1789698005674	env_01m2s4zz16t21sxyz02k0yby2b	11971557	11521656	238	46862336	46862336	3	50000/100000	201326592
1789698005726	env_01m2s50mx6t4hmbwsc4btevpg4	1508195	1628	1	31178752	31178752	3	100000/100000	335544320
1789698006318	env_01m2s4z0twert3zvd4vhr5sych	27778063	26144207	554	43679744	44249088	3	50000/100000	201326592
1789698006381	env_01m2s4zz16t21sxyz02k0yby2b	12322793	11853973	245	54726656	54726656	3	50000/100000	201326592
1789698006436	env_01m2s50mx6t4hmbwsc4btevpg4	2210743	1628	1	31703040	31703040	3	100000/100000	335544320
1789698007000	env_01m2s4z0twert3zvd4vhr5sych	28108492	26492195	561	43679744	44249088	3	50000/100000	201326592
1789698007052	env_01m2s4zz16t21sxyz02k0yby2b	12647260	12199566	252	58920960	59183104	3	50000/100000	201326592
1789698007110	env_01m2s50mx6t4hmbwsc4btevpg4	2875395	1628	1	32489472	32489472	3	100000/100000	335544320
1789698007665	env_01m2s4z0twert3zvd4vhr5sych	28431875	26787498	568	43679744	44249088	3	50000/100000	201326592
1789698007716	env_01m2s4zz16t21sxyz02k0yby2b	12972794	12494994	258	61804544	61804544	3	50000/100000	201326592
1789698007760	env_01m2s50mx6t4hmbwsc4btevpg4	3516710	1628	1	32489472	32489472	3	100000/100000	335544320
1789698008320	env_01m2s4z0twert3zvd4vhr5sych	28781791	27134060	574	43679744	44249088	3	50000/100000	201326592
1789698008386	env_01m2s4zz16t21sxyz02k0yby2b	13322814	12841678	265	65212416	65212416	3	50000/100000	201326592
1789698008426	env_01m2s50mx6t4hmbwsc4btevpg4	4176433	1628	1	32751616	32751616	3	100000/100000	335544320
1789698008989	env_01m2s4z0twert3zvd4vhr5sych	29101704	27480498	581	43941888	44249088	3	50000/100000	201326592
1789698009045	env_01m2s4zz16t21sxyz02k0yby2b	13640257	13187248	272	68358144	68358144	3	50000/100000	201326592
1789698009095	env_01m2s50mx6t4hmbwsc4btevpg4	4841613	2213	2	35110912	35110912	3	100000/100000	335544320
1789698009650	env_01m2s4z0twert3zvd4vhr5sych	29433804	27774215	587	43941888	44249088	3	50000/100000	201326592
1789698009715	env_01m2s4zz16t21sxyz02k0yby2b	13973251	13483485	278	71241728	71241728	3	50000/100000	201326592
1789698009762	env_01m2s50mx6t4hmbwsc4btevpg4	5507353	2640	3	35635200	35635200	3	100000/100000	335544320
1789698010339	env_01m2s4z0twert3zvd4vhr5sych	29782328	28121197	594	43941888	44249088	3	50000/100000	201326592
1789698010399	env_01m2s4zz16t21sxyz02k0yby2b	14324382	13832003	285	73863168	73863168	3	50000/100000	201326592
1789698010439	env_01m2s50mx6t4hmbwsc4btevpg4	6172204	9314	5	36683776	36683776	3	100000/100000	335544320
1789698011085	env_01m2s4z0twert3zvd4vhr5sych	30145413	28514982	602	43941888	44249088	3	50000/100000	201326592
1789698011144	env_01m2s4zz16t21sxyz02k0yby2b	14694057	14224476	293	75960320	76222464	3	50000/100000	201326592
1789698011217	env_01m2s50mx6t4hmbwsc4btevpg4	6929065	24989	8	36945920	36945920	3	100000/100000	335544320
1789698011774	env_01m2s4z0twert3zvd4vhr5sych	30483619	28859598	609	43941888	44249088	3	50000/100000	201326592
1789698011837	env_01m2s4zz16t21sxyz02k0yby2b	15037930	14569903	300	77533184	77533184	3	50000/100000	201326592
1789698011893	env_01m2s50mx6t4hmbwsc4btevpg4	7602058	26208	9	37208064	37208064	3	100000/100000	335544320
1789698012463	env_01m2s4z0twert3zvd4vhr5sych	30835925	29151925	615	43941888	44249088	3	50000/100000	201326592
1789698012518	env_01m2s4zz16t21sxyz02k0yby2b	15374746	14862375	307	80154624	80154624	3	50000/100000	201326592
1789698012569	env_01m2s50mx6t4hmbwsc4btevpg4	8274726	26208	9	38780928	38780928	3	100000/100000	335544320
1789698013137	env_01m2s4z0twert3zvd4vhr5sych	31183181	29495099	622	43941888	44249088	3	50000/100000	201326592
1789698013205	env_01m2s4zz16t21sxyz02k0yby2b	15725044	15208698	313	82513920	82513920	3	50000/100000	201326592
1789698013271	env_01m2s50mx6t4hmbwsc4btevpg4	8973560	30744	10	39567360	39567360	3	100000/100000	335544320
1789698013849	env_01m2s4z0twert3zvd4vhr5sych	31533853	29837505	629	43941888	44249088	3	50000/100000	201326592
1789698013912	env_01m2s4zz16t21sxyz02k0yby2b	16073756	15548975	320	84611072	84611072	3	50000/100000	201326592
1789698013975	env_01m2s50mx6t4hmbwsc4btevpg4	9669319	30744	10	39829504	39829504	3	100000/100000	335544320
1789698014576	env_01m2s4z0twert3zvd4vhr5sych	31893244	30225307	637	43941888	44249088	3	50000/100000	201326592
1789698014643	env_01m2s4zz16t21sxyz02k0yby2b	16441225	15939246	328	86708224	86708224	3	50000/100000	201326592
1789698014698	env_01m2s50mx6t4hmbwsc4btevpg4	10387477	30744	10	42188800	42188800	3	100000/100000	335544320
1789698015252	env_01m2s4z0twert3zvd4vhr5sych	32233435	30511013	643	43941888	44249088	3	50000/100000	201326592
1789698015310	env_01m2s4zz16t21sxyz02k0yby2b	16773792	16232088	334	88281088	88543232	3	50000/100000	201326592
1789698015360	env_01m2s50mx6t4hmbwsc4btevpg4	11044047	30744	10	42975232	42975232	3	100000/100000	335544320
1789698015922	env_01m2s4z0twert3zvd4vhr5sych	32583315	30856412	650	43941888	44249088	3	50000/100000	201326592
1789698016035	env_01m2s4zz16t21sxyz02k0yby2b	17139122	16628130	342	90378240	90378240	3	50000/100000	201326592
1789698016100	env_01m2s50mx6t4hmbwsc4btevpg4	11779644	31509	11	43237376	43237376	3	100000/100000	335544320
1789698016658	env_01m2s4z0twert3zvd4vhr5sych	32933709	31199576	657	43941888	44249088	3	50000/100000	201326592
1789698016729	env_01m2s4zz16t21sxyz02k0yby2b	17480449	16972367	349	91688960	91951104	3	50000/100000	201326592
1789698016799	env_01m2s50mx6t4hmbwsc4btevpg4	12484455	43879	16	45596672	45596672	3	100000/100000	335544320
1789698017370	env_01m2s4z0twert3zvd4vhr5sych	33285499	31592948	665	43941888	44249088	3	50000/100000	201326592
1789698017426	env_01m2s4zz16t21sxyz02k0yby2b	17823760	17320126	356	93261824	93261824	3	50000/100000	201326592
1789698017487	env_01m2s50mx6t4hmbwsc4btevpg4	13146345	43879	16	45596672	45596672	3	100000/100000	335544320
1789698018056	env_01m2s4z0twert3zvd4vhr5sych	33632574	31887582	671	43941888	44249088	3	50000/100000	201326592
1789698018137	env_01m2s4zz16t21sxyz02k0yby2b	18194740	17701334	363	95096832	95096832	3	50000/100000	201326592
1789698018292	env_01m2s50mx6t4hmbwsc4btevpg4	13935102	43879	16	46645248	46645248	3	100000/100000	335544320
1789698018920	env_01m2s4z0twert3zvd4vhr5sych	34072592	32317897	680	43941888	44249088	3	50000/100000	201326592
1789698018987	env_01m2s4zz16t21sxyz02k0yby2b	18624656	18092939	371	96407552	96407552	3	50000/100000	201326592
1789698019053	env_01m2s50mx6t4hmbwsc4btevpg4	14679329	43879	16	46907392	46907392	3	100000/100000	335544320
1789698019679	env_01m2s4z0twert3zvd4vhr5sych	34441747	32702481	688	43941888	44249088	3	50000/100000	201326592
1789698019760	env_01m2s4zz16t21sxyz02k0yby2b	19013602	18477646	379	97718272	97718272	3	50000/100000	201326592
1789698019846	env_01m2s50mx6t4hmbwsc4btevpg4	15465668	43879	16	46907392	46907392	3	100000/100000	335544320
1789698020428	env_01m2s4z0twert3zvd4vhr5sych	34832619	33041559	695	43941888	44249088	3	50000/100000	201326592
1789698020508	env_01m2s4zz16t21sxyz02k0yby2b	19374260	18821589	387	99291136	99291136	3	50000/100000	201326592
1789698020606	env_01m2s50mx6t4hmbwsc4btevpg4	16225561	43879	16	46907392	46907392	3	100000/100000	335544320
1789698021222	env_01m2s4z0twert3zvd4vhr5sych	35232680	33427987	703	43941888	44249088	3	50000/100000	201326592
1789698021309	env_01m2s4zz16t21sxyz02k0yby2b	19775061	19211912	394	100601856	100601856	3	50000/100000	201326592
1789698021377	env_01m2s50mx6t4hmbwsc4btevpg4	16982366	49268	18	46678016	46907392	3	100000/100000	335544320
1789698021984	env_01m2s4z0twert3zvd4vhr5sych	35590990	33824071	711	43941888	44249088	3	50000/100000	201326592
1789698022061	env_01m2s4zz16t21sxyz02k0yby2b	20159955	19603525	402	102699008	102699008	3	50000/100000	201326592
1789698022116	env_01m2s50mx6t4hmbwsc4btevpg4	17710110	51459	19	46678016	46907392	3	100000/100000	335544320
1789698022679	env_01m2s4z0twert3zvd4vhr5sych	35938529	34165363	718	43941888	44249088	3	50000/100000	201326592
1789698022732	env_01m2s4zz16t21sxyz02k0yby2b	20481102	19951167	409	104534016	104534016	3	50000/100000	201326592
1789698022791	env_01m2s50mx6t4hmbwsc4btevpg4	18379105	51459	19	46678016	46907392	3	100000/100000	335544320
1789698023347	env_01m2s4z0twert3zvd4vhr5sych	36281927	34463136	724	43941888	44249088	3	50000/100000	201326592
1789698023433	env_01m2s4zz16t21sxyz02k0yby2b	20834071	20297648	416	106074112	106074112	3	50000/100000	201326592
1789698023493	env_01m2s50mx6t4hmbwsc4btevpg4	19065783	51459	19	46673920	46940160	3	100000/100000	335544320
1789698024052	env_01m2s4z0twert3zvd4vhr5sych	36631863	34808956	731	43941888	44249088	3	50000/100000	201326592
1789698024130	env_01m2s4zz16t21sxyz02k0yby2b	21181759	20644793	423	108171264	108171264	3	50000/100000	201326592
1789698024210	env_01m2s50mx6t4hmbwsc4btevpg4	19781638	51459	19	46673920	46940160	3	100000/100000	335544320
1789698024775	env_01m2s4z0twert3zvd4vhr5sych	36984064	35203893	739	43941888	44249088	3	50000/100000	201326592
1789698024827	env_01m2s4zz16t21sxyz02k0yby2b	21530296	20985491	430	110006272	110006272	3	50000/100000	201326592
1789698024888	env_01m2s50mx6t4hmbwsc4btevpg4	20454433	51459	19	46673920	46940160	3	100000/100000	335544320
1789698025461	env_01m2s4z0twert3zvd4vhr5sych	37331613	35498669	745	43679744	44249088	3	50000/100000	201326592
1789698025515	env_01m2s4zz16t21sxyz02k0yby2b	21873816	21281709	436	112365568	112365568	3	50000/100000	201326592
1789698025582	env_01m2s50mx6t4hmbwsc4btevpg4	21130423	53000	20	6406144	49274880			
1789698026169	env_01m2s4z0twert3zvd4vhr5sych	37685002	35889362	753	43679744	44249088	3	50000/100000	201326592
1789698026239	env_01m2s4zz16t21sxyz02k0yby2b	22244802	21675433	444	122007552	122007552	3	50000/100000	201326592
1789698026322	env_01m2s51ab52kqtyx40c8b74c3d	187091	0	0	25681920	25681920	3	100000/100000	335544320
1789698027313	env_01m2s4z0twert3zvd4vhr5sych	38273251	36420829	764	43679744	44249088	3	50000/100000	201326592
1789698027377	env_01m2s4zz16t21sxyz02k0yby2b	22828283	22209591	455	135114752	135114752	3	50000/100000	201326592
1789698027429	env_01m2s51ab52kqtyx40c8b74c3d	1283066	0	0	30662656	30924800	3	100000/100000	335544320
1789698027983	env_01m2s4z0twert3zvd4vhr5sych	38590655	36764029	771	43679744	44249088	3	50000/100000	201326592
1789698028034	env_01m2s4zz16t21sxyz02k0yby2b	23141483	22555039	462	135901184	135901184	3	50000/100000	201326592
1789698028115	env_01m2s51ab52kqtyx40c8b74c3d	1963652	0	0	31711232	31711232	3	100000/100000	335544320
1789698028683	env_01m2s4z0twert3zvd4vhr5sych	38938069	37102647	778	43679744	44249088	3	50000/100000	201326592
1789698028745	env_01m2s4zz16t21sxyz02k0yby2b	23489731	22889934	469	135901184	135901184	3	50000/100000	201326592
1789698028778	env_01m2s51ab52kqtyx40c8b74c3d	2614583	0	0	32759808	32759808	3	100000/100000	335544320
1789698029325	env_01m2s4z0twert3zvd4vhr5sych	39283073	37450950	784	43941888	44249088	3	50000/100000	201326592
1789698029374	env_01m2s4zz16t21sxyz02k0yby2b	23820102	23178027	475	135901184	135901184	3	50000/100000	201326592
1789698029419	env_01m2s51ab52kqtyx40c8b74c3d	3250035	0	0	33021952	33021952	3	100000/100000	335544320
1789698029971	env_01m2s4z0twert3zvd4vhr5sych	39587484	37790512	791	43941888	44249088	3	50000/100000	201326592
1789698030017	env_01m2s4zz16t21sxyz02k0yby2b	24126717	23469348	482	135901184	135901184	3	50000/100000	201326592
1789698030066	env_01m2s51ab52kqtyx40c8b74c3d	3895229	0	0	35643392	35643392	3	100000/100000	335544320
1789698030632	env_01m2s4z0twert3zvd4vhr5sych	39932429	38087119	797	43941888	44249088	3	50000/100000	201326592
1789698030674	env_01m2s4zz16t21sxyz02k0yby2b	24472077	23811795	488	135901184	135901184	3	50000/100000	201326592
1789698030718	env_01m2s51ab52kqtyx40c8b74c3d	4538432	0	0	36954112	36954112	3	100000/100000	335544320
1789698031266	env_01m2s4z0twert3zvd4vhr5sych	40233015	38382627	804	43941888	44249088	3	50000/100000	201326592
1789698031325	env_01m2s4zz16t21sxyz02k0yby2b	24775967	24154325	495	135901184	135901184	3	50000/100000	201326592
1789698031368	env_01m2s51ab52kqtyx40c8b74c3d	5186318	0	0	37478400	37478400	3	100000/100000	335544320
1789698031913	env_01m2s4z0twert3zvd4vhr5sych	40570710	38728774	810	43941888	44249088	3	50000/100000	201326592
1789698031949	env_01m2s4zz16t21sxyz02k0yby2b	25100616	24448428	501	135901184	135901184	3	50000/100000	201326592
1789698031989	env_01m2s51ab52kqtyx40c8b74c3d	5806624	0	0	39575552	39837696	3	100000/100000	335544320
1789698032550	env_01m2s4z0twert3zvd4vhr5sych	40882782	39025294	816	43941888	44249088	3	50000/100000	201326592
1789698032614	env_01m2s4zz16t21sxyz02k0yby2b	25424829	24750475	507	135901184	135901184	3	50000/100000	201326592
1789698032668	env_01m2s51ab52kqtyx40c8b74c3d	6483459	167	1	40099840	40099840	3	100000/100000	335544320
1789698033224	env_01m2s4z0twert3zvd4vhr5sych	41232219	39367785	823	43941888	44249088	3	50000/100000	201326592
1789698033282	env_01m2s4zz16t21sxyz02k0yby2b	25775658	25113685	514	135901184	135901184	3	50000/100000	201326592
1789698033331	env_01m2s51ab52kqtyx40c8b74c3d	7146237	2796	2	42459136	42459136	3	100000/100000	335544320
1789698033900	env_01m2s4z0twert3zvd4vhr5sych	41558921	39710256	830	43941888	44249088	3	50000/100000	201326592
1789698033959	env_01m2s51ab52kqtyx40c8b74c3d	7752006	2796	2	43204608	43204608	3	100000/100000	335544320
1789698034531	env_01m2s4z0twert3zvd4vhr5sych	41882321	40005681	836	43679744	44249088	3	50000/100000	201326592
1789698034583	env_01m2s51ab52kqtyx40c8b74c3d	8368866	4191	4	45301760	45301760	3	100000/100000	335544320
1789698034648	env_01m2s51hzh6rf3s0vysh5jps0t	338101	276463	6	25145344	25145344	3	50000/100000	201326592
1789698035641	env_01m2s4z0twert3zvd4vhr5sych	42432453	40529545	847	43679744	44249088	3	50000/100000	201326592
1789698035863	env_01m2s51ab52kqtyx40c8b74c3d	9646121	5733	6	46612480	46612480	3	100000/100000	335544320
1789698036084	env_01m2s51hzh6rf3s0vysh5jps0t	1048294	916984	20	25669632	25669632	3	50000/100000	201326592
1789698036717	env_01m2s4z0twert3zvd4vhr5sych	42982844	41033760	858	43679744	44249088	3	50000/100000	201326592
1789698036789	env_01m2s51ab52kqtyx40c8b74c3d	10539274	5733	6	46612480	46612480	3	100000/100000	335544320
1789698036842	env_01m2s51hzh6rf3s0vysh5jps0t	1437211	1317319	27	28291072	28291072	3	50000/100000	201326592
1789698037403	env_01m2s4z0twert3zvd4vhr5sych	43313596	41375463	865	43679744	44249088	3	50000/100000	201326592
1789698037444	env_01m2s51ab52kqtyx40c8b74c3d	11185794	5733	6	46612480	46612480	3	100000/100000	335544320
1789698037494	env_01m2s51hzh6rf3s0vysh5jps0t	1751644	1610631	34	28553216	28553216	3	50000/100000	201326592
1789698037952	env_01m2s4z0twert3zvd4vhr5sych	43632809	41663963	871	43679744	44249088	3	50000/100000	201326592
1789698038024	env_01m2s51ab52kqtyx40c8b74c3d	11871447	5733	6	46612480	46612480	3	100000/100000	335544320
1789698038111	env_01m2s51hzh6rf3s0vysh5jps0t	2110341	2006369	41	29077504	29077504	3	50000/100000	201326592
1789698038686	env_01m2s4z0twert3zvd4vhr5sych	43997736	42058615	879	43679744	44249088	3	50000/100000	201326592
1789698038751	env_01m2s51ab52kqtyx40c8b74c3d	12574744	21509	7	46612480	46612480	3	100000/100000	335544320
1789698038799	env_01m2s51hzh6rf3s0vysh5jps0t	2447092	2350017	48	29863936	29863936	3	50000/100000	201326592
1789698039362	env_01m2s4z0twert3zvd4vhr5sych	44332081	42352789	885	43941888	44249088	3	50000/100000	201326592
1789698039418	env_01m2s51ab52kqtyx40c8b74c3d	13239058	21509	7	46612480	46612480	3	100000/100000	335544320
1789698039466	env_01m2s51hzh6rf3s0vysh5jps0t	2797655	2646444	54	29863936	29863936	3	50000/100000	201326592
1789698040016	env_01m2s4z0twert3zvd4vhr5sych	44673507	42695106	892	43941888	44249088	3	50000/100000	201326592
1789698040068	env_01m2s51ab52kqtyx40c8b74c3d	13821347	21509	7	6115328	48971776	0	100000/100000	
1789698040127	env_01m2s51hzh6rf3s0vysh5jps0t	3120553	2987054	61	29769728	30126080	3	50000/100000	201326592
1789698040725	env_01m2s4z0twert3zvd4vhr5sych	45033171	43035065	899	43679744	44249088	3	50000/100000	201326592
1789698040789	env_01m2s51hzh6rf3s0vysh5jps0t	3447157	3276984	67	30294016	30294016	3	50000/100000	201326592
1789698041347	env_01m2s4z0twert3zvd4vhr5sych	45331760	43324457	905	43679744	44249088	3	50000/100000	201326592
1789698041404	env_01m2s51hzh6rf3s0vysh5jps0t	3750154	3615688	74	32129024	32129024	3	50000/100000	201326592
1789698041449	env_01m2s51rhvnkxwtg0ab9rzzdvr	633440	0	0	30134272	30396416	3	100000/100000	335544320
1789698042470	env_01m2s4z0twert3zvd4vhr5sych	45881731	43914241	917	43679744	44249088	3	50000/100000	201326592
1789698042529	env_01m2s51hzh6rf3s0vysh5jps0t	4320088	4147270	85	32653312	32653312	3	50000/100000	201326592
1789698042583	env_01m2s51rhvnkxwtg0ab9rzzdvr	1743732	0	0	31707136	31707136	3	100000/100000	335544320
1789698043151	env_01m2s4z0twert3zvd4vhr5sych	46232640	44208242	923	43679744	44249088	3	50000/100000	201326592
1789698043229	env_01m2s51hzh6rf3s0vysh5jps0t	4674526	4486736	92	33701888	33701888	3	50000/100000	201326592
1789698043286	env_01m2s51rhvnkxwtg0ab9rzzdvr	2442257	1081	2	32493568	32493568	3	100000/100000	335544320
1789698043859	env_01m2s4z0twert3zvd4vhr5sych	46582898	44552102	930	43679744	44249088	3	50000/100000	201326592
1789698043907	env_01m2s51hzh6rf3s0vysh5jps0t	5002088	4828998	99	33701888	33701888	3	50000/100000	201326592
1789698043962	env_01m2s51rhvnkxwtg0ab9rzzdvr	3115952	1725	3	33017856	33017856	3	100000/100000	335544320
1789698044523	env_01m2s4z0twert3zvd4vhr5sych	46933021	44894512	937	43941888	44249088	3	50000/100000	201326592
1789698044598	env_01m2s51hzh6rf3s0vysh5jps0t	5346961	5173893	106	34226176	34226176	3	50000/100000	201326592
1789698044657	env_01m2s51rhvnkxwtg0ab9rzzdvr	3806406	2204	4	35377152	35377152	3	100000/100000	335544320
1789698045224	env_01m2s4z0twert3zvd4vhr5sych	47282447	45237752	944	43941888	44249088	3	50000/100000	201326592
1789698045284	env_01m2s51hzh6rf3s0vysh5jps0t	5697701	5471247	112	34226176	34226176	3	50000/100000	201326592
1789698045321	env_01m2s51rhvnkxwtg0ab9rzzdvr	4466837	2204	4	36425728	36425728	3	100000/100000	335544320
1789698045878	env_01m2s4z0twert3zvd4vhr5sych	47587453	45578783	951	43941888	44249088	3	50000/100000	201326592
1789698045924	env_01m2s51hzh6rf3s0vysh5jps0t	6015813	5818335	119	34488320	34488320	3	50000/100000	201326592
1789698045966	env_01m2s51rhvnkxwtg0ab9rzzdvr	5106978	3919	6	37212160	37212160	3	100000/100000	335544320
1789698046514	env_01m2s4z0twert3zvd4vhr5sych	47920926	45877849	957	43941888	44249088	3	50000/100000	201326592
1789698046574	env_01m2s51hzh6rf3s0vysh5jps0t	6347279	6111465	125	36323328	36323328	3	50000/100000	201326592
1789698046626	env_01m2s51rhvnkxwtg0ab9rzzdvr	5766691	4724	7	38785024	38785024	3	100000/100000	335544320
1789698047186	env_01m2s4z0twert3zvd4vhr5sych	48247636	46219244	964	43941888	44249088	3	50000/100000	201326592
1789698047244	env_01m2s51hzh6rf3s0vysh5jps0t	6681458	6453038	132	37109760	37109760	3	50000/100000	201326592
1789698047291	env_01m2s51rhvnkxwtg0ab9rzzdvr	6426306	4724	7	40095744	40095744	3	100000/100000	335544320
1789698047849	env_01m2s4z0twert3zvd4vhr5sych	48582482	46514128	970	43941888	44249088	3	50000/100000	201326592
1789698047909	env_01m2s51hzh6rf3s0vysh5jps0t	7002655	6778286	139	37371904	37371904	3	50000/100000	201326592
1789698047953	env_01m2s51rhvnkxwtg0ab9rzzdvr	7088429	4724	7	42979328	42979328	3	100000/100000	335544320
1789698048515	env_01m2s4z0twert3zvd4vhr5sych	48923830	46859120	977	43941888	44249088	3	50000/100000	201326592
1789698048557	env_01m2s51hzh6rf3s0vysh5jps0t	7348267	7064056	145	37371904	37371904	3	50000/100000	201326592
1789698048609	env_01m2s51rhvnkxwtg0ab9rzzdvr	7734019	4724	7	42979328	42979328	3	100000/100000	335544320
1789698049155	env_01m2s4z0twert3zvd4vhr5sych	49233729	47151043	983	43941888	44249088	3	50000/100000	201326592
1789698049228	env_01m2s51hzh6rf3s0vysh5jps0t	7677977	7405460	152	37371904	37371904	3	50000/100000	201326592
1789698049308	env_01m2s51rhvnkxwtg0ab9rzzdvr	8408364	10543	9	45076480	45076480	3	100000/100000	335544320
1789698049855	env_01m2s4z0twert3zvd4vhr5sych	49584096	47490946	990	43941888	44249088	3	50000/100000	201326592
1789698049910	env_01m2s51hzh6rf3s0vysh5jps0t	8006199	7745367	159	39206912	39206912	3	50000/100000	201326592
1789698049953	env_01m2s51rhvnkxwtg0ab9rzzdvr	9052778	12716	11	46649344	46649344	3	100000/100000	335544320
1789698050520	env_01m2s4z0twert3zvd4vhr5sych	49930767	47831032	997	43941888	44249088	3	50000/100000	201326592
1789698050628	env_01m2s51hzh6rf3s0vysh5jps0t	8376617	8094515	166	39731200	39731200	3	50000/100000	201326592
1789698050746	env_01m2s51rhvnkxwtg0ab9rzzdvr	9866735	16612	13	46911488	46911488	3	100000/100000	335544320
1789698051376	env_01m2s4z0twert3zvd4vhr5sych	50341233	48259590	1006	43941888	44249088	3	50000/100000	201326592
1789698051436	env_01m2s51hzh6rf3s0vysh5jps0t	8783055	8481868	174	40517632	40517632	3	50000/100000	201326592
1789698051487	env_01m2s51rhvnkxwtg0ab9rzzdvr	10579154	16612	13	46911488	46911488	3	100000/100000	335544320
1789698052049	env_01m2s4z0twert3zvd4vhr5sych	50682543	48556755	1012	43941888	44249088	3	50000/100000	201326592
1789698052118	env_01m2s51hzh6rf3s0vysh5jps0t	9112774	8829931	181	40517632	40517632	3	50000/100000	201326592
1789698052167	env_01m2s51rhvnkxwtg0ab9rzzdvr	11255632	16612	13	46911488	46911488	3	100000/100000	335544320
1789698052729	env_01m2s4z0twert3zvd4vhr5sych	51036028	48901419	1019	43941888	44249088	3	50000/100000	201326592
1789698052794	env_01m2s51hzh6rf3s0vysh5jps0t	9448392	9127893	188	42614784	42614784	3	50000/100000	201326592
1789698052852	env_01m2s51rhvnkxwtg0ab9rzzdvr	11934943	16612	13	46911488	46911488	3	100000/100000	335544320
1789698053447	env_01m2s4z0twert3zvd4vhr5sych	51382180	49246844	1026	43941888	44249088	3	50000/100000	201326592
1789698053536	env_01m2s51hzh6rf3s0vysh5jps0t	9823615	9502371	195	42614784	42614784	3	50000/100000	201326592
1789698053601	env_01m2s51rhvnkxwtg0ab9rzzdvr	12679071	16612	13	46911488	46911488	3	100000/100000	335544320
1789698054176	env_01m2s4z0twert3zvd4vhr5sych	51738480	49639405	1034	43941888	44249088	3	50000/100000	201326592
1789698054245	env_01m2s51hzh6rf3s0vysh5jps0t	10193526	9830662	202	42872832	42876928	3	50000/100000	201326592
1789698054305	env_01m2s51rhvnkxwtg0ab9rzzdvr	13373882	19186	15	46911488	46911488	3	100000/100000	335544320
1789698054888	env_01m2s4z0twert3zvd4vhr5sych	52098275	49970691	1041	43941888	44249088	3	50000/100000	201326592
1789698054954	env_01m2s51hzh6rf3s0vysh5jps0t	10547540	10183663	209	43659264	43659264	3	50000/100000	201326592
1789698055009	env_01m2s51rhvnkxwtg0ab9rzzdvr	14043798	19784	17	49008640	49008640	3	100000/100000	335544320
1789698055581	env_01m2s4z0twert3zvd4vhr5sych	52442017	50307089	1048	43679744	44249088	3	50000/100000	201326592
1789698055635	env_01m2s51hzh6rf3s0vysh5jps0t	10883132	10524128	216	44122112	44122112	3	50000/100000	201326592
1789698056202	env_01m2s4z0twert3zvd4vhr5sych	52764907	50605203	1054	43679744	44249088	3	50000/100000	201326592
1789698056251	env_01m2s51hzh6rf3s0vysh5jps0t	11195182	10822190	222	50413568	50413568	3	50000/100000	201326592
1789698056806	env_01m2s4z0twert3zvd4vhr5sych	53066641	50899997	1060	43679744	44249088	3	50000/100000	201326592
1789698056864	env_01m2s51hzh6rf3s0vysh5jps0t	11498550	11119046	228	55918592	55918592	3	50000/100000	201326592
1789698057433	env_01m2s4z0twert3zvd4vhr5sych	53381744	51198715	1066	43679744	44249088	3	50000/100000	201326592
1789698057476	env_01m2s51hzh6rf3s0vysh5jps0t	11798735	11415953	234	59850752	59850752	3	50000/100000	201326592
1789698058028	env_01m2s4z0twert3zvd4vhr5sych	53681759	51496660	1072	43679744	44249088	3	50000/100000	201326592
1789698058077	env_01m2s51hzh6rf3s0vysh5jps0t	12098477	11713700	240	71385088	71385088	3	50000/100000	201326592
1789698058628	env_01m2s4z0twert3zvd4vhr5sych	53982586	51796951	1078	43679744	44249088	3	50000/100000	201326592
1789698058674	env_01m2s51hzh6rf3s0vysh5jps0t	12398762	12011915	246	79773696	79773696	3	50000/100000	201326592
1789698059238	env_01m2s4z0twert3zvd4vhr5sych	54283086	52090629	1084	43941888	44249088	3	50000/100000	201326592
1789698059301	env_01m2s51hzh6rf3s0vysh5jps0t	12699787	12357342	253	86851584	87113728	3	50000/100000	201326592
1789698059875	env_01m2s4z0twert3zvd4vhr5sych	54588156	52438920	1091	43941888	44249088	3	50000/100000	201326592
1789698059941	env_01m2s51hzh6rf3s0vysh5jps0t	13038865	12655529	259	92618752	92618752	3	50000/100000	201326592
1789698060503	env_01m2s4z0twert3zvd4vhr5sych	54909273	52738461	1097	43941888	44249088	3	50000/100000	201326592
1789698060547	env_01m2s51hzh6rf3s0vysh5jps0t	13344479	12952907	265	95240192	95240192	3	50000/100000	201326592
1789698061116	env_01m2s4z0twert3zvd4vhr5sych	55231019	53032033	1103	43941888	44249088	3	50000/100000	201326592
1789698061183	env_01m2s51hzh6rf3s0vysh5jps0t	13650518	13249870	271	99172352	99172352	3	50000/100000	201326592
1789698061768	env_01m2s4z0twert3zvd4vhr5sych	55536416	53379205	1110	43941888	44249088	3	50000/100000	201326592
1789698061843	env_01m2s51hzh6rf3s0vysh5jps0t	13989487	13594344	278	102842368	102842368	3	50000/100000	201326592
1789698062487	env_01m2s4z0twert3zvd4vhr5sych	55904391	53726678	1117	43941888	44249088	3	50000/100000	201326592
1789698062554	env_01m2s51hzh6rf3s0vysh5jps0t	14349871	13937399	285	107036672	107036672	3	50000/100000	201326592
1789698063117	env_01m2s4z0twert3zvd4vhr5sych	56223580	54023271	1123	43941888	44249088	3	50000/100000	201326592
1789698063167	env_01m2s51hzh6rf3s0vysh5jps0t	14650008	14236687	291	110968832	110968832	3	50000/100000	201326592
1789698063752	env_01m2s4z0twert3zvd4vhr5sych	56534631	54320268	1129	43941888	44249088	3	50000/100000	201326592
1789698063802	env_01m2s51hzh6rf3s0vysh5jps0t	14950601	14582172	298	114376704	114638848	3	50000/100000	201326592
1789698064361	env_01m2s4z0twert3zvd4vhr5sych	56834084	54617531	1136	43941888	44249088	3	50000/100000	201326592
1789698064415	env_01m2s51hzh6rf3s0vysh5jps0t	15262404	14881469	304	118308864	118308864	3	50000/100000	201326592
1789698064992	env_01m2s4z0twert3zvd4vhr5sych	57153597	54965254	1142	43941888	44249088	3	50000/100000	201326592
1789698065063	env_01m2s51hzh6rf3s0vysh5jps0t	15599213	15179828	310	120668160	120668160	3	50000/100000	201326592
1789698065646	env_01m2s4z0twert3zvd4vhr5sych	57482940	55260365	1148	43941888	44249088	3	50000/100000	201326592
1789698065705	env_01m2s51hzh6rf3s0vysh5jps0t	15905744	15527188	317	123813888	123813888	3	50000/100000	201326592
1789698066287	env_01m2s4z0twert3zvd4vhr5sych	57797365	55581825	1155	43941888	44249088	3	50000/100000	201326592
1789698066349	env_01m2s51hzh6rf3s0vysh5jps0t	16246824	15825110	323	126697472	126697472	3	50000/100000	201326592
1789698066929	env_01m2s51hzh6rf3s0vysh5jps0t	16531398	16121062	329	128102400	128102400	3	50000/100000	201326592
1789698067524	env_01m2s51hzh6rf3s0vysh5jps0t	16819490	16419232	335	130723840	130985984	3	50000/100000	201326592
1789698068094	env_01m2s51hzh6rf3s0vysh5jps0t	17099131	16716366	341	133607424	133869568	3	50000/100000	201326592
1789698068655	env_01m2s51hzh6rf3s0vysh5jps0t	17399156	16969600	346	135704576	135704576	3	50000/100000	201326592
1789698069243	env_01m2s51hzh6rf3s0vysh5jps0t	17698103	17264637	352	135704576	135704576	3	50000/100000	201326592
1789698069821	env_01m2s51hzh6rf3s0vysh5jps0t	17969843	17561968	358	135704576	135704576	3	50000/100000	201326592
1789698070396	env_01m2s51hzh6rf3s0vysh5jps0t	18249148	17859579	364	135704576	135704576	3	50000/100000	201326592
1789698070954	env_01m2s51hzh6rf3s0vysh5jps0t	18549438	18110749	369	135704576	135704576	3	50000/100000	201326592
1789698071520	env_01m2s51hzh6rf3s0vysh5jps0t	18812603	18419474	375	135704576	135704576	3	50000/100000	201326592
1789698072093	env_01m2s51hzh6rf3s0vysh5jps0t	19100202	18738020	381	135434240	135966720	1	50000/100000	201326592
1789698073214	env_01m2s52qvebk5sxegz2eyyahm3	416690	0	0	26202112	26464256	3	100000/100000	335544320
1789698074204	env_01m2s52qvebk5sxegz2eyyahm3	1395379	0	0	31707136	31707136	3	100000/100000	335544320
1789698074767	env_01m2s52qvebk5sxegz2eyyahm3	1959483	0	0	32755712	32755712	3	100000/100000	335544320
1789698075328	env_01m2s52qvebk5sxegz2eyyahm3	2517596	0	0	32755712	32755712	3	100000/100000	335544320
1789698075897	env_01m2s52qvebk5sxegz2eyyahm3	3084937	0	0	33542144	33804288	3	100000/100000	335544320
1789698076478	env_01m2s52qvebk5sxegz2eyyahm3	3665168	0	0	35639296	35639296	3	100000/100000	335544320
1789698077035	env_01m2s52qvebk5sxegz2eyyahm3	4222181	0	0	36950016	36950016	3	100000/100000	335544320
1789698077598	env_01m2s52qvebk5sxegz2eyyahm3	4781084	0	0	37474304	37474304	3	100000/100000	335544320
1789698078055	env_01m2s52qvebk5sxegz2eyyahm3	5340408	1341	1	39571456	39571456	3	100000/100000	335544320
1789698078617	env_01m2s52qvebk5sxegz2eyyahm3	5898432	1341	1	40095744	40095744	3	100000/100000	335544320
1789698079178	env_01m2s52qvebk5sxegz2eyyahm3	6456960	1341	1	42979328	42979328	3	100000/100000	335544320
1789698079738	env_01m2s52qvebk5sxegz2eyyahm3	7018734	2752	3	43241472	43241472	3	100000/100000	335544320
1789698080316	env_01m2s52qvebk5sxegz2eyyahm3	7587727	5291	5	45338624	45338624	3	100000/100000	335544320
1789698080894	env_01m2s52qvebk5sxegz2eyyahm3	8166439	8892	6	46125056	46387200	3	100000/100000	335544320
1789698081520	env_01m2s52qvebk5sxegz2eyyahm3	8789799	13966	8	46649344	46649344	3	100000/100000	335544320
1789698082108	env_01m2s52qvebk5sxegz2eyyahm3	9373123	14157	9	46649344	46649344	3	100000/100000	335544320
1789698082691	env_01m2s52qvebk5sxegz2eyyahm3	9951085	14157	9	46649344	46649344	3	100000/100000	335544320
1789698083264	env_01m2s52qvebk5sxegz2eyyahm3	10525033	15182	10	46649344	46649344	3	100000/100000	335544320
1789698083837	env_01m2s52qvebk5sxegz2eyyahm3	11095333	15182	10	46649344	46649344	3	100000/100000	335544320
1789698084441	env_01m2s52qvebk5sxegz2eyyahm3	11698650	15182	10	46649344	46649344	3	100000/100000	335544320
1789698085020	env_01m2s52qvebk5sxegz2eyyahm3	12289850	15182	10	46911488	46911488	3	100000/100000	335544320
1789698085616	env_01m2s52qvebk5sxegz2eyyahm3	12818013	15182	10	49008640	49008640	3	100000/100000	335544320
1789698086729	env_01m2s53551jefqty59fvzn9yrz	329798	3949	2	25415680	25493504	3	100000/100000	335544320
1789698087773	env_01m2s53551jefqty59fvzn9yrz	1366505	4844	3	31182848	31444992	3	100000/100000	335544320
1789698088336	env_01m2s53551jefqty59fvzn9yrz	1924715	7026	4	32493568	32493568	3	100000/100000	335544320
1789698088895	env_01m2s53551jefqty59fvzn9yrz	2485041	7026	4	32493568	32493568	3	100000/100000	335544320
1789698089459	env_01m2s53551jefqty59fvzn9yrz	3046530	7026	4	34852864	35115008	3	100000/100000	335544320
1789698090048	env_01m2s53551jefqty59fvzn9yrz	3634878	7026	4	35901440	35901440	3	100000/100000	335544320
1789698090636	env_01m2s53551jefqty59fvzn9yrz	4222197	7026	4	36687872	36687872	3	100000/100000	335544320
1789698091210	env_01m2s53551jefqty59fvzn9yrz	4789591	7026	4	37212160	37212160	3	100000/100000	335544320
1789698091780	env_01m2s53551jefqty59fvzn9yrz	5360165	7089	5	39833600	39833600	3	100000/100000	335544320
1789698092354	env_01m2s53551jefqty59fvzn9yrz	5933038	7779	7	41406464	41406464	3	100000/100000	335544320
1789698092933	env_01m2s53551jefqty59fvzn9yrz	6512140	7779	7	43241472	43241472	3	100000/100000	335544320
1789698093512	env_01m2s53551jefqty59fvzn9yrz	7090422	13593	9	44552192	44552192	3	100000/100000	335544320
1789698094110	env_01m2s53551jefqty59fvzn9yrz	7669166	16972	10	45600768	45600768	3	100000/100000	335544320
1789698094682	env_01m2s53551jefqty59fvzn9yrz	8238807	27529	14	46911488	46911488	3	100000/100000	335544320
1789698095247	env_01m2s53551jefqty59fvzn9yrz	8802804	27529	14	46911488	46911488	3	100000/100000	335544320
1789698095816	env_01m2s53551jefqty59fvzn9yrz	9373039	27529	14	46911488	46911488	3	100000/100000	335544320
1789698096408	env_01m2s53551jefqty59fvzn9yrz	9960426	27529	14	46911488	46911488	3	100000/100000	335544320
1789698096969	env_01m2s53551jefqty59fvzn9yrz	10518312	27529	14	46911488	46911488	3	100000/100000	335544320
1789698097544	env_01m2s53551jefqty59fvzn9yrz	11094982	27529	14	46911488	46911488	3	100000/100000	335544320
1789698098108	env_01m2s53551jefqty59fvzn9yrz	11654328	27529	14	46911488	46911488	3	100000/100000	335544320
1789698098696	env_01m2s53551jefqty59fvzn9yrz	12229821	29744	16	48771072	49532928	0		
1789698099794	env_01m2s53hyb6s54hqywhfga19m3	296172	1064	1	25677824	26202112	3	100000/100000	335544320
1789698100812	env_01m2s53hyb6s54hqywhfga19m3	1312583	1064	1	31707136	31707136	3	100000/100000	335544320
1789698101414	env_01m2s53hyb6s54hqywhfga19m3	1914813	1064	1	32755712	32755712	3	100000/100000	335544320
1789698101989	env_01m2s53hyb6s54hqywhfga19m3	2482943	1064	1	32755712	32755712	3	100000/100000	335544320
1789698102569	env_01m2s53hyb6s54hqywhfga19m3	3060841	1630	2	34590720	34590720	3	100000/100000	335544320
1789698103148	env_01m2s53hyb6s54hqywhfga19m3	3639154	1630	2	36163584	36425728	3	100000/100000	335544320
1789698103727	env_01m2s53hyb6s54hqywhfga19m3	4214449	1630	2	37212160	37212160	3	100000/100000	335544320
1789698104292	env_01m2s53hyb6s54hqywhfga19m3	4779913	1630	2	38785024	38785024	3	100000/100000	335544320
1789698104870	env_01m2s53hyb6s54hqywhfga19m3	5363243	1630	2	40095744	40095744	3	100000/100000	335544320
1789698105443	env_01m2s53hyb6s54hqywhfga19m3	5923722	1791	3	42192896	42192896	3	100000/100000	335544320
1789698106001	env_01m2s53hyb6s54hqywhfga19m3	6464548	1791	3	43503616	43503616	3	100000/100000	335544320
1789698106570	env_01m2s53hyb6s54hqywhfga19m3	7039513	3436	4	45600768	45600768	3	100000/100000	335544320
1789698107140	env_01m2s53hyb6s54hqywhfga19m3	7594740	13601	7	46649344	46649344	3	100000/100000	335544320
1789698107707	env_01m2s53hyb6s54hqywhfga19m3	8159193	13601	7	46911488	46911488	3	100000/100000	335544320
1789698108273	env_01m2s53hyb6s54hqywhfga19m3	8722651	13601	7	46911488	46911488	3	100000/100000	335544320
1789698108836	env_01m2s53hyb6s54hqywhfga19m3	9285842	13601	7	46911488	46911488	3	100000/100000	335544320
1789698109415	env_01m2s53hyb6s54hqywhfga19m3	9866240	13601	7	46911488	46911488	3	100000/100000	335544320
1789698109986	env_01m2s53hyb6s54hqywhfga19m3	10430700	13601	7	46911488	46911488	3	100000/100000	335544320
1789698110565	env_01m2s53hyb6s54hqywhfga19m3	11009074	13601	7	46911488	46911488	3	100000/100000	335544320
1789698111152	env_01m2s53hyb6s54hqywhfga19m3	11563387	13601	7	49270784	49270784	3	100000/100000	335544320
