
===== a start (failpoints: none) 11:07:24 =====
{"timestamp":"2026-09-17T11:07:24.406070Z","level":"INFO","message":"configuration loaded","config":"/private/var/folders/z7/khzdjrt95cg_fcmcnh4j1b5h0000gn/T/tsls-chaos.fXdKSA/gw-a.toml","target":"tachyon_serverless_gateway"}
{"timestamp":"2026-09-17T11:07:24.431393Z","level":"INFO","message":"connected successfully","server":"63728","max_payload":"1048576","target":"async_nats::connector"}
{"timestamp":"2026-09-17T11:07:24.433307Z","level":"INFO","message":"event: connected","target":"async_nats"}
{"timestamp":"2026-09-17T11:07:24.476908Z","level":"INFO","message":"JetStream queue connected and stream bootstrapped","url":"nats://127.0.0.1:63728","stream":"TACHYON_EVENTS","target":"tachyon_serverless_gateway::durable"}
{"timestamp":"2026-09-17T11:07:24.505837Z","level":"INFO","message":"state store opened","path":"/private/var/folders/z7/khzdjrt95cg_fcmcnh4j1b5h0000gn/T/tsls-chaos.fXdKSA/data/state.db","schema_version":8,"migrations_applied":"[1, 2, 3, 4, 5, 6, 7, 8]","imported_state_json":"None","settled_invocations":0,"settled_attempts":0,"settled_environments":0,"released_leases":0,"dropped_idempotency_keys":0,"purged_idempotency_keys":0,"outputs_purged":0,"target":"tachyon_serverless_application::app"}
{"timestamp":"2026-09-17T11:07:24.506605Z","level":"INFO","message":"dispatcher registered","dispatcher_id":"dsp_01m2qgsgys9v8r6hqmpsptx2fg","instance":"chaos-a","pid":2624,"lease_ttl_seconds":6,"target":"tachyon_serverless_application::services::dispatcher"}
{"timestamp":"2026-09-17T11:07:24.556592Z","level":"INFO","message":"application bootstrapped","profile":"dev","provider":"process","dev_only":true,"environment_reuse":false,"reuse_verified":false,"reuse_reason":"[pool] enabled is false","reuse_disabled":"Some(Configuration)","idle_quiesce":"unsupported","idle_resume":"unsupported","data_dir":"/private/var/folders/z7/khzdjrt95cg_fcmcnh4j1b5h0000gn/T/tsls-chaos.fXdKSA/data","store":"sqlite","dispatcher_id":"dsp_01m2qgsgys9v8r6hqmpsptx2fg","node":"local","node_region":"none","node_memory_mib":"None","max_concurrency":8,"queue":"nats","objects":"filesystem","invoke_async":true,"triggers":true,"target":"tachyon_serverless_application::app"}
{"timestamp":"2026-09-17T11:07:24.558094Z","level":"INFO","message":"startup reconcile finished","provider":"process","found":0,"adopted":0,"terminated":0,"disowned":0,"failed":0,"lost":0,"foreign":0,"reclaimed_dispatchers":0,"fenced_terminated":0,"fenced_pending":0,"target":"tachyon_serverless_application::services::reconcile"}
{"timestamp":"2026-09-17T11:07:24.560393Z","level":"INFO","message":"gateway listening","addr":"127.0.0.1:63739","profile":"dev","provider":"process","target":"tachyon_serverless_gateway"}
{"timestamp":"2026-09-17T11:07:24.564257Z","level":"INFO","message":"asynchronous dispatcher started","workers":2,"owner":"dsp_01m2qgsgys9v8r6hqmpsptx2fg","target":"tachyon_serverless_gateway"}
{"timestamp":"2026-09-17T11:07:26.946865Z","level":"INFO","message":"revision ready","revision_id":"rev_01m2qgsjsz01hjxjeqc8na06h4","function_id":"fn_01m2qgshdhebc1q67mbvcrcaan","target":"tachyon_serverless_application::services::revision"}
{"timestamp":"2026-09-17T11:07:29.797056Z","level":"INFO","message":"revision ready","revision_id":"rev_01m2qgsnkxbmrzegpezdpx0cg4","function_id":"fn_01m2qgskz649mf913vjn8ezjym","target":"tachyon_serverless_application::services::revision"}
{"timestamp":"2026-09-17T11:07:32.503359Z","level":"INFO","message":"revision ready","revision_id":"rev_01m2qgsr3q4s0z2gehsqqx6wtr","function_id":"fn_01m2qgspph7daewzk7gvbqjpdr","target":"tachyon_serverless_application::services::revision"}
{"timestamp":"2026-09-17T11:07:33.019062Z","level":"INFO","message":"trigger created","trigger_id":"trg_01m2qgss8tng92pkacgrmgf5a0","function_id":"fn_01m2qgskz649mf913vjn8ezjym","kind":"cron","enabled":true,"next_fire_at":"Some(2026-09-17T11:07:34Z)","target":"tachyon_serverless_application::services::triggers"}
{"timestamp":"2026-09-17T11:07:33.168317Z","level":"INFO","message":"trigger created","trigger_id":"trg_01m2qgssdfqdrtfgz5pebefx6c","function_id":"fn_01m2qgskz649mf913vjn8ezjym","kind":"webhook","enabled":true,"next_fire_at":"None","target":"tachyon_serverless_application::services::triggers"}
{"timestamp":"2026-09-17T11:07:33.908656Z","level":"INFO","message":"bridge spawned","environment_id":"env_01m2qgssk1cfr6yt7kmegv3dr2","pid":2950,"target":"tachyon_serverless_provider_process"}
{"timestamp":"2026-09-17T11:07:34.006769Z","level":"INFO","message":"asynchronous invocation accepted","invocation_id":"inv_01m2qgst7mjk42mbgqxbb2xmyg","tenant_id":"tn_01hzzzzzzzzzzzzzzzzzzzzzza","revision_id":"rev_01m2qgsnkxbmrzegpezdpx0cg4","input_bytes":180,"input_storage":"inline","target":"tachyon_serverless_application::services::invoke_async"}
{"timestamp":"2026-09-17T11:07:34.007178Z","level":"INFO","message":"cron trigger fired","trigger_id":"trg_01m2qgss8tng92pkacgrmgf5a0","scheduled_at":"2026-09-17T11:07:34Z","invocation_id":"inv_01m2qgst7mjk42mbgqxbb2xmyg","revision_id":"rev_01m2qgsnkxbmrzegpezdpx0cg4","replayed":false,"target":"tachyon_serverless_application::services::triggers"}
{"timestamp":"2026-09-17T11:07:34.053245Z","level":"INFO","message":"asynchronous run claimed","invocation_id":"inv_01m2qgst7mjk42mbgqxbb2xmyg","attempt":1,"generation":0,"delivery_count":1,"target":"tachyon_serverless_application::services::invoke_async::dispatch"}
{"timestamp":"2026-09-17T11:07:34.548219Z","level":"INFO","message":"invocation finished","invocation_id":"inv_01m2qgssk0xtbch8gbd0s8hwm6","status":"succeeded","handler_ms":35,"environment_boot_ms":49,"runtime_init_ms":549,"target":"tachyon_serverless_application::services::invoke"}
{"timestamp":"2026-09-17T11:07:34.551991Z","level":"INFO","message":"terminating bridge","environment_id":"env_01m2qgssk1cfr6yt7kmegv3dr2","pid":2950,"reason":"Completed","graceful":true,"target":"tachyon_serverless_provider_process"}
{"timestamp":"2026-09-17T11:07:34.807283Z","level":"INFO","message":"bridge spawned","environment_id":"env_01m2qgst96pczfmdzf4j25rn74","pid":2972,"target":"tachyon_serverless_provider_process"}
{"timestamp":"2026-09-17T11:07:34.913562Z","level":"INFO","message":"invocation finished","invocation_id":"inv_01m2qgst7mjk42mbgqxbb2xmyg","status":"succeeded (async run)","handler_ms":10,"environment_boot_ms":37,"runtime_init_ms":54,"target":"tachyon_serverless_application::services::invoke"}
{"timestamp":"2026-09-17T11:07:34.918258Z","level":"INFO","message":"terminating bridge","environment_id":"env_01m2qgst96pczfmdzf4j25rn74","pid":2972,"reason":"Completed","graceful":true,"target":"tachyon_serverless_provider_process"}
{"timestamp":"2026-09-17T11:07:34.956321Z","level":"INFO","message":"asynchronous invocation settled","invocation_id":"inv_01m2qgst7mjk42mbgqxbb2xmyg","status":"succeeded","target":"tachyon_serverless_application::services::invoke_async::dispatch"}
{"timestamp":"2026-09-17T11:07:34.972663Z","level":"INFO","message":"async dispatch: delivery handled","message_id":"inv_01m2qgst7mjk42mbgqxbb2xmyg","sequence":1,"delivery_count":1,"outcome":"Completed { status: \"succeeded\" }","target":"tachyon_serverless_application::services::invoke_async::dispatch"}
{"timestamp":"2026-09-17T11:07:35.115099Z","level":"INFO","message":"asynchronous invocation accepted","invocation_id":"inv_01m2qgsva7gx7qbf01xzjvas4d","tenant_id":"tn_01hzzzzzzzzzzzzzzzzzzzzzza","revision_id":"rev_01m2qgsjsz01hjxjeqc8na06h4","input_bytes":47,"input_storage":"inline","target":"tachyon_serverless_application::services::invoke_async"}
{"timestamp":"2026-09-17T11:07:35.134241Z","level":"INFO","message":"asynchronous run claimed","invocation_id":"inv_01m2qgsva7gx7qbf01xzjvas4d","attempt":1,"generation":0,"delivery_count":1,"target":"tachyon_serverless_application::services::invoke_async::dispatch"}
{"timestamp":"2026-09-17T11:07:35.531151Z","level":"INFO","message":"asynchronous invocation accepted","invocation_id":"inv_01m2qgsvpp7sz9tack17h03qjh","tenant_id":"tn_01hzzzzzzzzzzzzzzzzzzzzzza","revision_id":"rev_01m2qgsjsz01hjxjeqc8na06h4","input_bytes":4127,"input_storage":"object","target":"tachyon_serverless_application::services::invoke_async"}
{"timestamp":"2026-09-17T11:07:35.542652Z","level":"INFO","message":"asynchronous run claimed","invocation_id":"inv_01m2qgsvpp7sz9tack17h03qjh","attempt":1,"generation":0,"delivery_count":1,"target":"tachyon_serverless_application::services::invoke_async::dispatch"}
{"timestamp":"2026-09-17T11:07:35.944053Z","level":"INFO","message":"asynchronous invocation accepted","invocation_id":"inv_01m2qgsw417sv7jc2nwyayfz5t","tenant_id":"tn_01hzzzzzzzzzzzzzzzzzzzzzza","revision_id":"rev_01m2qgsnkxbmrzegpezdpx0cg4","input_bytes":189,"input_storage":"inline","target":"tachyon_serverless_application::services::invoke_async"}
{"timestamp":"2026-09-17T11:07:35.945557Z","level":"INFO","message":"webhook trigger fired","trigger_id":"trg_01m2qgssdfqdrtfgz5pebefx6c","event_id":"evt-pre-w1","invocation_id":"inv_01m2qgsw417sv7jc2nwyayfz5t","revision_id":"rev_01m2qgsnkxbmrzegpezdpx0cg4","replayed":false,"target":"tachyon_serverless_application::services::triggers"}
{"timestamp":"2026-09-17T11:07:36.006114Z","level":"INFO","message":"asynchronous invocation accepted","invocation_id":"inv_01m2qgsw64jc7e7hkn8ptrva0r","tenant_id":"tn_01hzzzzzzzzzzzzzzzzzzzzzza","revision_id":"rev_01m2qgsnkxbmrzegpezdpx0cg4","input_bytes":180,"input_storage":"inline","target":"tachyon_serverless_application::services::invoke_async"}
{"timestamp":"2026-09-17T11:07:36.006215Z","level":"INFO","message":"cron trigger fired","trigger_id":"trg_01m2qgss8tng92pkacgrmgf5a0","scheduled_at":"2026-09-17T11:07:36Z","invocation_id":"inv_01m2qgsw64jc7e7hkn8ptrva0r","revision_id":"rev_01m2qgsnkxbmrzegpezdpx0cg4","replayed":false,"target":"tachyon_serverless_application::services::triggers"}
{"timestamp":"2026-09-17T11:07:36.058927Z","level":"INFO","message":"bridge spawned","environment_id":"env_01m2qgsvazcbvqnepx9rd8ckax","pid":3034,"target":"tachyon_serverless_provider_process"}
{"timestamp":"2026-09-17T11:07:36.299633Z","level":"INFO","message":"bridge spawned","environment_id":"env_01m2qgsvrfp767fy0vv8a6z2eh","pid":3042,"target":"tachyon_serverless_provider_process"}
{"timestamp":"2026-09-17T11:07:36.662201Z","level":"INFO","message":"invocation finished","invocation_id":"inv_01m2qgsvpp7sz9tack17h03qjh","status":"succeeded (async run)","handler_ms":9,"environment_boot_ms":48,"runtime_init_ms":301,"target":"tachyon_serverless_application::services::invoke"}
{"timestamp":"2026-09-17T11:07:36.665077Z","level":"INFO","message":"invocation finished","invocation_id":"inv_01m2qgsva7gx7qbf01xzjvas4d","status":"succeeded (async run)","handler_ms":11,"environment_boot_ms":58,"runtime_init_ms":537,"target":"tachyon_serverless_application::services::invoke"}
{"timestamp":"2026-09-17T11:07:36.666026Z","level":"INFO","message":"terminating bridge","environment_id":"env_01m2qgsvrfp767fy0vv8a6z2eh","pid":3042,"reason":"Completed","graceful":true,"target":"tachyon_serverless_provider_process"}
{"timestamp":"2026-09-17T11:07:36.667906Z","level":"INFO","message":"terminating bridge","environment_id":"env_01m2qgsvazcbvqnepx9rd8ckax","pid":3034,"reason":"Completed","graceful":true,"target":"tachyon_serverless_provider_process"}
{"timestamp":"2026-09-17T11:07:36.683475Z","level":"INFO","message":"asynchronous invocation settled","invocation_id":"inv_01m2qgsva7gx7qbf01xzjvas4d","status":"succeeded","target":"tachyon_serverless_application::services::invoke_async::dispatch"}
{"timestamp":"2026-09-17T11:07:36.693774Z","level":"INFO","message":"async dispatch: delivery handled","message_id":"inv_01m2qgsva7gx7qbf01xzjvas4d","sequence":2,"delivery_count":1,"outcome":"Completed { status: \"succeeded\" }","target":"tachyon_serverless_application::services::invoke_async::dispatch"}
{"timestamp":"2026-09-17T11:07:36.699434Z","level":"INFO","message":"asynchronous invocation settled","invocation_id":"inv_01m2qgsvpp7sz9tack17h03qjh","status":"succeeded","target":"tachyon_serverless_application::services::invoke_async::dispatch"}
{"timestamp":"2026-09-17T11:07:36.705859Z","level":"INFO","message":"async dispatch: delivery handled","message_id":"inv_01m2qgsvpp7sz9tack17h03qjh","sequence":3,"delivery_count":1,"outcome":"Completed { status: \"succeeded\" }","target":"tachyon_serverless_application::services::invoke_async::dispatch"}
{"timestamp":"2026-09-17T11:07:36.707404Z","level":"INFO","message":"asynchronous run claimed","invocation_id":"inv_01m2qgsw417sv7jc2nwyayfz5t","attempt":1,"generation":0,"delivery_count":1,"target":"tachyon_serverless_application::services::invoke_async::dispatch"}
{"timestamp":"2026-09-17T11:07:36.716509Z","level":"INFO","message":"asynchronous run claimed","invocation_id":"inv_01m2qgsw64jc7e7hkn8ptrva0r","attempt":1,"generation":0,"delivery_count":1,"target":"tachyon_serverless_application::services::invoke_async::dispatch"}
{"timestamp":"2026-09-17T11:07:36.904080Z","level":"INFO","message":"bridge spawned","environment_id":"env_01m2qgswbwghavernpg5d6m4k8","pid":3046,"target":"tachyon_serverless_provider_process"}
{"timestamp":"2026-09-17T11:07:37.109742Z","level":"INFO","message":"invocation finished","invocation_id":"inv_01m2qgswbvfb95f97q6562e3s6","status":"succeeded","handler_ms":44,"environment_boot_ms":51,"runtime_init_ms":109,"target":"tachyon_serverless_application::services::invoke"}
{"timestamp":"2026-09-17T11:07:37.114941Z","level":"INFO","message":"terminating bridge","environment_id":"env_01m2qgswbwghavernpg5d6m4k8","pid":3046,"reason":"Completed","graceful":true,"target":"tachyon_serverless_provider_process"}
{"timestamp":"2026-09-17T11:07:37.433696Z","level":"INFO","message":"bridge spawned","environment_id":"env_01m2qgswwdz14d6pnbvfqfknv1","pid":3064,"target":"tachyon_serverless_provider_process"}
{"timestamp":"2026-09-17T11:07:37.487843Z","level":"INFO","message":"invocation finished","invocation_id":"inv_01m2qgsw64jc7e7hkn8ptrva0r","status":"succeeded (async run)","handler_ms":4,"environment_boot_ms":17,"runtime_init_ms":29,"target":"tachyon_serverless_application::services::invoke"}
{"timestamp":"2026-09-17T11:07:37.490297Z","level":"INFO","message":"terminating bridge","environment_id":"env_01m2qgswwdz14d6pnbvfqfknv1","pid":3064,"reason":"Completed","graceful":true,"target":"tachyon_serverless_provider_process"}
{"timestamp":"2026-09-17T11:07:37.508194Z","level":"INFO","message":"asynchronous invocation settled","invocation_id":"inv_01m2qgsw64jc7e7hkn8ptrva0r","status":"succeeded","target":"tachyon_serverless_application::services::invoke_async::dispatch"}
{"timestamp":"2026-09-17T11:07:37.516866Z","level":"INFO","message":"async dispatch: delivery handled","message_id":"inv_01m2qgsw64jc7e7hkn8ptrva0r","sequence":5,"delivery_count":1,"outcome":"Completed { status: \"succeeded\" }","target":"tachyon_serverless_application::services::invoke_async::dispatch"}
{"timestamp":"2026-09-17T11:07:37.588317Z","level":"INFO","message":"bridge spawned","environment_id":"env_01m2qgsww4ba0p7xrhv6b0rqb9","pid":3073,"target":"tachyon_serverless_provider_process"}
{"timestamp":"2026-09-17T11:07:37.613467Z","level":"INFO","message":"asynchronous invocation accepted","invocation_id":"inv_01m2qgsxr9kevnef8534hanj8f","tenant_id":"tn_01hzzzzzzzzzzzzzzzzzzzzzza","revision_id":"rev_01m2qgsjsz01hjxjeqc8na06h4","input_bytes":47,"input_storage":"inline","target":"tachyon_serverless_application::services::invoke_async"}
{"timestamp":"2026-09-17T11:07:37.647192Z","level":"INFO","message":"asynchronous run claimed","invocation_id":"inv_01m2qgsxr9kevnef8534hanj8f","attempt":1,"generation":0,"delivery_count":1,"target":"tachyon_serverless_application::services::invoke_async::dispatch"}
{"timestamp":"2026-09-17T11:07:37.711184Z","level":"INFO","message":"invocation finished","invocation_id":"inv_01m2qgsw417sv7jc2nwyayfz5t","status":"succeeded (async run)","handler_ms":7,"environment_boot_ms":36,"runtime_init_ms":71,"target":"tachyon_serverless_application::services::invoke"}
{"timestamp":"2026-09-17T11:07:37.712518Z","level":"INFO","message":"terminating bridge","environment_id":"env_01m2qgsww4ba0p7xrhv6b0rqb9","pid":3073,"reason":"Completed","graceful":true,"target":"tachyon_serverless_provider_process"}
{"timestamp":"2026-09-17T11:07:37.732489Z","level":"INFO","message":"asynchronous invocation settled","invocation_id":"inv_01m2qgsw417sv7jc2nwyayfz5t","status":"succeeded","target":"tachyon_serverless_application::services::invoke_async::dispatch"}
{"timestamp":"2026-09-17T11:07:37.740556Z","level":"INFO","message":"async dispatch: delivery handled","message_id":"inv_01m2qgsw417sv7jc2nwyayfz5t","sequence":4,"delivery_count":1,"outcome":"Completed { status: \"succeeded\" }","target":"tachyon_serverless_application::services::invoke_async::dispatch"}
{"timestamp":"2026-09-17T11:07:38.010032Z","level":"INFO","message":"asynchronous invocation accepted","invocation_id":"inv_01m2qgsy4q6xmd7rkryj7jcd23","tenant_id":"tn_01hzzzzzzzzzzzzzzzzzzzzzza","revision_id":"rev_01m2qgsnkxbmrzegpezdpx0cg4","input_bytes":180,"input_storage":"inline","target":"tachyon_serverless_application::services::invoke_async"}
{"timestamp":"2026-09-17T11:07:38.010159Z","level":"INFO","message":"cron trigger fired","trigger_id":"trg_01m2qgss8tng92pkacgrmgf5a0","scheduled_at":"2026-09-17T11:07:38Z","invocation_id":"inv_01m2qgsy4q6xmd7rkryj7jcd23","revision_id":"rev_01m2qgsnkxbmrzegpezdpx0cg4","replayed":false,"target":"tachyon_serverless_application::services::triggers"}
{"timestamp":"2026-09-17T11:07:38.036587Z","level":"INFO","message":"asynchronous run claimed","invocation_id":"inv_01m2qgsy4q6xmd7rkryj7jcd23","attempt":1,"generation":0,"delivery_count":1,"target":"tachyon_serverless_application::services::invoke_async::dispatch"}
{"timestamp":"2026-09-17T11:07:38.136415Z","level":"INFO","message":"asynchronous invocation accepted","invocation_id":"inv_01m2qgsy7yfa4hvntrkf62nyk5","tenant_id":"tn_01hzzzzzzzzzzzzzzzzzzzzzza","revision_id":"rev_01m2qgsjsz01hjxjeqc8na06h4","input_bytes":4127,"input_storage":"object","target":"tachyon_serverless_application::services::invoke_async"}
{"timestamp":"2026-09-17T11:07:38.405182Z","level":"INFO","message":"asynchronous invocation accepted","invocation_id":"inv_01m2qgsyh1j9dtqska0gbzgeae","tenant_id":"tn_01hzzzzzzzzzzzzzzzzzzzzzza","revision_id":"rev_01m2qgsnkxbmrzegpezdpx0cg4","input_bytes":189,"input_storage":"inline","target":"tachyon_serverless_application::services::invoke_async"}
{"timestamp":"2026-09-17T11:07:38.405321Z","level":"INFO","message":"webhook trigger fired","trigger_id":"trg_01m2qgssdfqdrtfgz5pebefx6c","event_id":"evt-pre-w2","invocation_id":"inv_01m2qgsyh1j9dtqska0gbzgeae","revision_id":"rev_01m2qgsnkxbmrzegpezdpx0cg4","replayed":false,"target":"tachyon_serverless_application::services::triggers"}
{"timestamp":"2026-09-17T11:07:38.497436Z","level":"INFO","message":"bridge spawned","environment_id":"env_01m2qgsxt2ta2mrz7f8bamcmc4","pid":3124,"target":"tachyon_serverless_provider_process"}
{"timestamp":"2026-09-17T11:07:38.666083Z","level":"INFO","message":"invocation finished","invocation_id":"inv_01m2qgsxr9kevnef8534hanj8f","status":"succeeded (async run)","handler_ms":21,"environment_boot_ms":38,"runtime_init_ms":111,"target":"tachyon_serverless_application::services::invoke"}
{"timestamp":"2026-09-17T11:07:38.668655Z","level":"INFO","message":"terminating bridge","environment_id":"env_01m2qgsxt2ta2mrz7f8bamcmc4","pid":3124,"reason":"Completed","graceful":true,"target":"tachyon_serverless_provider_process"}
{"timestamp":"2026-09-17T11:07:38.690325Z","level":"INFO","message":"asynchronous invocation settled","invocation_id":"inv_01m2qgsxr9kevnef8534hanj8f","status":"succeeded","target":"tachyon_serverless_application::services::invoke_async::dispatch"}
{"timestamp":"2026-09-17T11:07:38.697265Z","level":"INFO","message":"async dispatch: delivery handled","message_id":"inv_01m2qgsxr9kevnef8534hanj8f","sequence":6,"delivery_count":1,"outcome":"Completed { status: \"succeeded\" }","target":"tachyon_serverless_application::services::invoke_async::dispatch"}
{"timestamp":"2026-09-17T11:07:38.704998Z","level":"INFO","message":"asynchronous run claimed","invocation_id":"inv_01m2qgsy7yfa4hvntrkf62nyk5","attempt":1,"generation":0,"delivery_count":1,"target":"tachyon_serverless_application::services::invoke_async::dispatch"}
{"timestamp":"2026-09-17T11:07:38.761412Z","level":"INFO","message":"bridge spawned","environment_id":"env_01m2qgsy5xt8nz6b3z2zdz6cjz","pid":3134,"target":"tachyon_serverless_provider_process"}
{"timestamp":"2026-09-17T11:07:38.903178Z","level":"INFO","message":"invocation finished","invocation_id":"inv_01m2qgsy4q6xmd7rkryj7jcd23","status":"succeeded (async run)","handler_ms":32,"environment_boot_ms":16,"runtime_init_ms":80,"target":"tachyon_serverless_application::services::invoke"}
{"timestamp":"2026-09-17T11:07:38.909420Z","level":"INFO","message":"terminating bridge","environment_id":"env_01m2qgsy5xt8nz6b3z2zdz6cjz","pid":3134,"reason":"Completed","graceful":true,"target":"tachyon_serverless_provider_process"}
{"timestamp":"2026-09-17T11:07:39.055508Z","level":"INFO","message":"asynchronous invocation settled","invocation_id":"inv_01m2qgsy4q6xmd7rkryj7jcd23","status":"succeeded","target":"tachyon_serverless_application::services::invoke_async::dispatch"}
{"timestamp":"2026-09-17T11:07:39.075276Z","level":"INFO","message":"async dispatch: delivery handled","message_id":"inv_01m2qgsy4q6xmd7rkryj7jcd23","sequence":7,"delivery_count":1,"outcome":"Completed { status: \"succeeded\" }","target":"tachyon_serverless_application::services::invoke_async::dispatch"}
{"timestamp":"2026-09-17T11:07:39.084666Z","level":"INFO","message":"asynchronous run claimed","invocation_id":"inv_01m2qgsyh1j9dtqska0gbzgeae","attempt":1,"generation":0,"delivery_count":1,"target":"tachyon_serverless_application::services::invoke_async::dispatch"}
{"timestamp":"2026-09-17T11:07:39.400229Z","level":"INFO","message":"bridge spawned","environment_id":"env_01m2qgsytn7q7f9zt680waqhen","pid":3143,"target":"tachyon_serverless_provider_process"}
{"timestamp":"2026-09-17T11:07:39.409523Z","level":"INFO","message":"bridge spawned","environment_id":"env_01m2qgsyt8appw070cfhqzd14g","pid":3144,"target":"tachyon_serverless_provider_process"}
{"timestamp":"2026-09-17T11:07:39.566813Z","level":"INFO","message":"invocation finished","invocation_id":"inv_01m2qgsy7yfa4hvntrkf62nyk5","status":"succeeded (async run)","handler_ms":4,"environment_boot_ms":30,"runtime_init_ms":131,"target":"tachyon_serverless_application::services::invoke"}
{"timestamp":"2026-09-17T11:07:39.585513Z","level":"INFO","message":"terminating bridge","environment_id":"env_01m2qgsytn7q7f9zt680waqhen","pid":3143,"reason":"Completed","graceful":true,"target":"tachyon_serverless_provider_process"}
{"timestamp":"2026-09-17T11:07:39.596981Z","level":"INFO","message":"invocation finished","invocation_id":"inv_01m2qgsyt5avgq5ebxbbj2fzed","status":"succeeded","handler_ms":20,"environment_boot_ms":38,"runtime_init_ms":125,"target":"tachyon_serverless_application::services::invoke"}
{"timestamp":"2026-09-17T11:07:39.602553Z","level":"INFO","message":"terminating bridge","environment_id":"env_01m2qgsyt8appw070cfhqzd14g","pid":3144,"reason":"Completed","graceful":true,"target":"tachyon_serverless_provider_process"}
{"timestamp":"2026-09-17T11:07:39.621609Z","level":"INFO","message":"asynchronous invocation settled","invocation_id":"inv_01m2qgsy7yfa4hvntrkf62nyk5","status":"succeeded","target":"tachyon_serverless_application::services::invoke_async::dispatch"}
{"timestamp":"2026-09-17T11:07:39.630573Z","level":"INFO","message":"async dispatch: delivery handled","message_id":"inv_01m2qgsy7yfa4hvntrkf62nyk5","sequence":8,"delivery_count":1,"outcome":"Completed { status: \"succeeded\" }","target":"tachyon_serverless_application::services::invoke_async::dispatch"}
{"timestamp":"2026-09-17T11:07:39.758605Z","level":"INFO","message":"bridge spawned","environment_id":"env_01m2qgsz6s8k9swgjygyeygd24","pid":3152,"target":"tachyon_serverless_provider_process"}
{"timestamp":"2026-09-17T11:07:39.906592Z","level":"INFO","message":"invocation finished","invocation_id":"inv_01m2qgsyh1j9dtqska0gbzgeae","status":"succeeded (async run)","handler_ms":22,"environment_boot_ms":39,"runtime_init_ms":65,"target":"tachyon_serverless_application::services::invoke"}
{"timestamp":"2026-09-17T11:07:39.911365Z","level":"INFO","message":"terminating bridge","environment_id":"env_01m2qgsz6s8k9swgjygyeygd24","pid":3152,"reason":"Completed","graceful":true,"target":"tachyon_serverless_provider_process"}
{"timestamp":"2026-09-17T11:07:39.940642Z","level":"INFO","message":"asynchronous invocation settled","invocation_id":"inv_01m2qgsyh1j9dtqska0gbzgeae","status":"succeeded","target":"tachyon_serverless_application::services::invoke_async::dispatch"}
{"timestamp":"2026-09-17T11:07:39.950389Z","level":"INFO","message":"async dispatch: delivery handled","message_id":"inv_01m2qgsyh1j9dtqska0gbzgeae","sequence":9,"delivery_count":1,"outcome":"Completed { status: \"succeeded\" }","target":"tachyon_serverless_application::services::invoke_async::dispatch"}
{"timestamp":"2026-09-17T11:07:40.005626Z","level":"INFO","message":"asynchronous invocation accepted","invocation_id":"inv_01m2qgt033e5wxn3bpbbaa9p42","tenant_id":"tn_01hzzzzzzzzzzzzzzzzzzzzzza","revision_id":"rev_01m2qgsnkxbmrzegpezdpx0cg4","input_bytes":180,"input_storage":"inline","target":"tachyon_serverless_application::services::invoke_async"}
{"timestamp":"2026-09-17T11:07:40.005775Z","level":"INFO","message":"cron trigger fired","trigger_id":"trg_01m2qgss8tng92pkacgrmgf5a0","scheduled_at":"2026-09-17T11:07:40Z","invocation_id":"inv_01m2qgt033e5wxn3bpbbaa9p42","revision_id":"rev_01m2qgsnkxbmrzegpezdpx0cg4","replayed":false,"target":"tachyon_serverless_application::services::triggers"}
{"timestamp":"2026-09-17T11:07:40.016527Z","level":"INFO","message":"asynchronous run claimed","invocation_id":"inv_01m2qgt033e5wxn3bpbbaa9p42","attempt":1,"generation":0,"delivery_count":1,"target":"tachyon_serverless_application::services::invoke_async::dispatch"}
{"timestamp":"2026-09-17T11:07:40.038948Z","level":"INFO","message":"asynchronous invocation accepted","invocation_id":"inv_01m2qgt044h8z8rqf5ccjqvz3p","tenant_id":"tn_01hzzzzzzzzzzzzzzzzzzzzzza","revision_id":"rev_01m2qgsjsz01hjxjeqc8na06h4","input_bytes":47,"input_storage":"inline","target":"tachyon_serverless_application::services::invoke_async"}
{"timestamp":"2026-09-17T11:07:40.078334Z","level":"INFO","message":"asynchronous run claimed","invocation_id":"inv_01m2qgt044h8z8rqf5ccjqvz3p","attempt":1,"generation":0,"delivery_count":1,"target":"tachyon_serverless_application::services::invoke_async::dispatch"}
{"timestamp":"2026-09-17T11:07:40.666970Z","level":"INFO","message":"asynchronous invocation accepted","invocation_id":"inv_01m2qgt0pcscyvxbrmsxddn6pq","tenant_id":"tn_01hzzzzzzzzzzzzzzzzzzzzzza","revision_id":"rev_01m2qgsjsz01hjxjeqc8na06h4","input_bytes":4127,"input_storage":"object","target":"tachyon_serverless_application::services::invoke_async"}
{"timestamp":"2026-09-17T11:07:40.684657Z","level":"INFO","message":"bridge spawned","environment_id":"env_01m2qgt03hjdav8stmyy49jrq8","pid":3196,"target":"tachyon_serverless_provider_process"}
{"timestamp":"2026-09-17T11:07:40.747147Z","level":"INFO","message":"bridge spawned","environment_id":"env_01m2qgt05ha1r8ay9xtwzca481","pid":3201,"target":"tachyon_serverless_provider_process"}
{"timestamp":"2026-09-17T11:07:40.780889Z","level":"INFO","message":"invocation finished","invocation_id":"inv_01m2qgt033e5wxn3bpbbaa9p42","status":"succeeded (async run)","handler_ms":13,"environment_boot_ms":23,"runtime_init_ms":57,"target":"tachyon_serverless_application::services::invoke"}
{"timestamp":"2026-09-17T11:07:40.789337Z","level":"INFO","message":"terminating bridge","environment_id":"env_01m2qgt03hjdav8stmyy49jrq8","pid":3196,"reason":"Completed","graceful":true,"target":"tachyon_serverless_provider_process"}
{"timestamp":"2026-09-17T11:07:40.822371Z","level":"INFO","message":"asynchronous invocation settled","invocation_id":"inv_01m2qgt033e5wxn3bpbbaa9p42","status":"succeeded","target":"tachyon_serverless_application::services::invoke_async::dispatch"}
{"timestamp":"2026-09-17T11:07:40.843872Z","level":"INFO","message":"async dispatch: delivery handled","message_id":"inv_01m2qgt033e5wxn3bpbbaa9p42","sequence":10,"delivery_count":1,"outcome":"Completed { status: \"succeeded\" }","target":"tachyon_serverless_application::services::invoke_async::dispatch"}
{"timestamp":"2026-09-17T11:07:40.853112Z","level":"INFO","message":"asynchronous run claimed","invocation_id":"inv_01m2qgt0pcscyvxbrmsxddn6pq","attempt":1,"generation":0,"delivery_count":1,"target":"tachyon_serverless_application::services::invoke_async::dispatch"}
{"timestamp":"2026-09-17T11:07:40.864167Z","level":"INFO","message":"invocation finished","invocation_id":"inv_01m2qgt044h8z8rqf5ccjqvz3p","status":"succeeded (async run)","handler_ms":22,"environment_boot_ms":21,"runtime_init_ms":59,"target":"tachyon_serverless_application::services::invoke"}
{"timestamp":"2026-09-17T11:07:40.866775Z","level":"INFO","message":"terminating bridge","environment_id":"env_01m2qgt05ha1r8ay9xtwzca481","pid":3201,"reason":"Completed","graceful":true,"target":"tachyon_serverless_provider_process"}
{"timestamp":"2026-09-17T11:07:40.914910Z","level":"INFO","message":"asynchronous invocation settled","invocation_id":"inv_01m2qgt044h8z8rqf5ccjqvz3p","status":"succeeded","target":"tachyon_serverless_application::services::invoke_async::dispatch"}
{"timestamp":"2026-09-17T11:07:40.930648Z","level":"INFO","message":"async dispatch: delivery handled","message_id":"inv_01m2qgt044h8z8rqf5ccjqvz3p","sequence":11,"delivery_count":1,"outcome":"Completed { status: \"succeeded\" }","target":"tachyon_serverless_application::services::invoke_async::dispatch"}
{"timestamp":"2026-09-17T11:07:41.009116Z","level":"INFO","message":"asynchronous invocation accepted","invocation_id":"inv_01m2qgt12fhdhw468qk0rs932a","tenant_id":"tn_01hzzzzzzzzzzzzzzzzzzzzzza","revision_id":"rev_01m2qgsnkxbmrzegpezdpx0cg4","input_bytes":189,"input_storage":"inline","target":"tachyon_serverless_application::services::invoke_async"}
{"timestamp":"2026-09-17T11:07:41.009246Z","level":"INFO","message":"webhook trigger fired","trigger_id":"trg_01m2qgssdfqdrtfgz5pebefx6c","event_id":"evt-pre-w3","invocation_id":"inv_01m2qgt12fhdhw468qk0rs932a","revision_id":"rev_01m2qgsnkxbmrzegpezdpx0cg4","replayed":false,"target":"tachyon_serverless_application::services::triggers"}
{"timestamp":"2026-09-17T11:07:41.032030Z","level":"INFO","message":"asynchronous run claimed","invocation_id":"inv_01m2qgt12fhdhw468qk0rs932a","attempt":1,"generation":0,"delivery_count":1,"target":"tachyon_serverless_application::services::invoke_async::dispatch"}
{"timestamp":"2026-09-17T11:07:41.185058Z","level":"INFO","message":"trigger updated","trigger_id":"trg_01m2qgss8tng92pkacgrmgf5a0","generation":2,"status":"disabled","next_fire_at":"None","rotated_secret":false,"target":"tachyon_serverless_application::services::triggers"}
{"timestamp":"2026-09-17T11:07:41.236208Z","level":"INFO","message":"SIGTERM received","target":"tachyon_serverless_gateway"}
{"timestamp":"2026-09-17T11:07:41.236321Z","level":"INFO","message":"shutdown requested; cancelling in-flight invocations","target":"tachyon_serverless_gateway"}
{"timestamp":"2026-09-17T11:07:41.236374Z","level":"INFO","message":"cancelling in-flight invocations for shutdown","count":2,"target":"tachyon_serverless_application::services::invoke"}
{"timestamp":"2026-09-17T11:07:41.406704Z","level":"INFO","message":"bridge spawned","environment_id":"env_01m2qgt0y2dz19readxfdk6ae7","pid":3245,"target":"tachyon_serverless_provider_process"}
{"timestamp":"2026-09-17T11:07:41.407794Z","level":"INFO","message":"terminating bridge","environment_id":"env_01m2qgt0y2dz19readxfdk6ae7","pid":3245,"reason":"Shutdown","graceful":true,"target":"tachyon_serverless_provider_process"}
{"timestamp":"2026-09-17T11:07:41.518258Z","level":"INFO","message":"bridge spawned","environment_id":"env_01m2qgt13h77p5b2jf609p5ccq","pid":3250,"target":"tachyon_serverless_provider_process"}
{"timestamp":"2026-09-17T11:07:41.520711Z","level":"INFO","message":"terminating bridge","environment_id":"env_01m2qgt13h77p5b2jf609p5ccq","pid":3250,"reason":"Shutdown","graceful":true,"target":"tachyon_serverless_provider_process"}
{"timestamp":"2026-09-17T11:07:43.939973Z","level":"INFO","message":"asynchronous invocation rescheduled","invocation_id":"inv_01m2qgt0pcscyvxbrmsxddn6pq","next_attempt_at":"2026-09-17T11:07:44.211289+00:00","counted":false,"error_type":"Host.GatewayShutdown","target":"tachyon_serverless_application::services::invoke_async::dispatch"}
{"timestamp":"2026-09-17T11:07:43.954363Z","level":"INFO","message":"async dispatch: delivery handled","message_id":"inv_01m2qgt0pcscyvxbrmsxddn6pq","sequence":12,"delivery_count":1,"outcome":"Rescheduled { next_attempt_at: 2026-09-17T11:07:44.211289Z, counted: false }","target":"tachyon_serverless_application::services::invoke_async::dispatch"}
{"timestamp":"2026-09-17T11:07:44.040998Z","level":"INFO","message":"asynchronous invocation rescheduled","invocation_id":"inv_01m2qgt12fhdhw468qk0rs932a","next_attempt_at":"2026-09-17T11:07:44.135967+00:00","counted":false,"error_type":"Host.GatewayShutdown","target":"tachyon_serverless_application::services::invoke_async::dispatch"}
{"timestamp":"2026-09-17T11:07:44.054837Z","level":"INFO","message":"async dispatch: delivery handled","message_id":"inv_01m2qgt12fhdhw468qk0rs932a","sequence":13,"delivery_count":1,"outcome":"Rescheduled { next_attempt_at: 2026-09-17T11:07:44.135967Z, counted: false }","target":"tachyon_serverless_application::services::invoke_async::dispatch"}
{"timestamp":"2026-09-17T11:07:44.061733Z","level":"INFO","message":"final usage collection","report":"CollectReport { batches: 1, read: 2, inserted: 2, duplicates: 0, cursor_seq: 72 }","target":"tachyon_serverless_gateway"}
{"timestamp":"2026-09-17T11:07:44.074506Z","level":"INFO","message":"gateway stopped","target":"tachyon_serverless_gateway"}
{"timestamp":"2026-09-17T11:07:44.075787Z","level":"INFO","message":"event: closed","target":"async_nats"}

===== a start (failpoints: accept.after_object_put=kill) 11:07:44 =====
{"timestamp":"2026-09-17T11:07:44.252355Z","level":"INFO","message":"configuration loaded","config":"/private/var/folders/z7/khzdjrt95cg_fcmcnh4j1b5h0000gn/T/tsls-chaos.fXdKSA/gw-a.toml","target":"tachyon_serverless_gateway"}
{"timestamp":"2026-09-17T11:07:44.285756Z","level":"INFO","message":"connected successfully","server":"63728","max_payload":"1048576","target":"async_nats::connector"}
{"timestamp":"2026-09-17T11:07:44.286792Z","level":"INFO","message":"event: connected","target":"async_nats"}
{"timestamp":"2026-09-17T11:07:44.324748Z","level":"INFO","message":"JetStream queue connected and stream bootstrapped","url":"nats://127.0.0.1:63728","stream":"TACHYON_EVENTS","target":"tachyon_serverless_gateway::durable"}
{"timestamp":"2026-09-17T11:07:44.330817Z","level":"INFO","message":"state store opened","path":"/private/var/folders/z7/khzdjrt95cg_fcmcnh4j1b5h0000gn/T/tsls-chaos.fXdKSA/data/state.db","schema_version":8,"migrations_applied":"[]","imported_state_json":"None","settled_invocations":0,"settled_attempts":0,"settled_environments":0,"released_leases":0,"dropped_idempotency_keys":0,"purged_idempotency_keys":0,"outputs_purged":0,"target":"tachyon_serverless_application::app"}
{"timestamp":"2026-09-17T11:07:44.333152Z","level":"INFO","message":"dispatcher registered","dispatcher_id":"dsp_01m2qgt4abcc7q2fakwayg3ge7","instance":"chaos-a","pid":3283,"lease_ttl_seconds":6,"target":"tachyon_serverless_application::services::dispatcher"}
{"timestamp":"2026-09-17T11:07:44.335042Z","level":"WARN","message":"reclaimed the work of dispatchers that lost their lease","dispatcher_id":"dsp_01m2qgt4abcc7q2fakwayg3ge7","reclaimed_dispatchers":"[DispatcherId(dsp_01m2qgsgys9v8r6hqmpsptx2fg)]","leases":0,"invocations":0,"attempts":0,"fenced":0,"target":"tachyon_serverless_application::services::dispatcher"}
{"timestamp":"2026-09-17T11:07:44.370522Z","level":"WARN","message":"failpoint armed from TSLS_FAILPOINTS","name":"accept.after_object_put","action":"Kill","count":"None","target":"tachyon_serverless_application::failpoints"}
{"timestamp":"2026-09-17T11:07:44.372188Z","level":"INFO","message":"application bootstrapped","profile":"dev","provider":"process","dev_only":true,"environment_reuse":false,"reuse_verified":false,"reuse_reason":"[pool] enabled is false","reuse_disabled":"Some(Configuration)","idle_quiesce":"unsupported","idle_resume":"unsupported","data_dir":"/private/var/folders/z7/khzdjrt95cg_fcmcnh4j1b5h0000gn/T/tsls-chaos.fXdKSA/data","store":"sqlite","dispatcher_id":"dsp_01m2qgt4abcc7q2fakwayg3ge7","node":"local","node_region":"none","node_memory_mib":"None","max_concurrency":8,"queue":"nats","objects":"filesystem","invoke_async":true,"triggers":true,"target":"tachyon_serverless_application::app"}
{"timestamp":"2026-09-17T11:07:44.377134Z","level":"INFO","message":"startup reconcile finished","provider":"process","found":0,"adopted":0,"terminated":0,"disowned":0,"failed":0,"lost":0,"foreign":0,"reclaimed_dispatchers":0,"fenced_terminated":0,"fenced_pending":0,"target":"tachyon_serverless_application::services::reconcile"}
{"timestamp":"2026-09-17T11:07:44.377460Z","level":"INFO","message":"gateway listening","addr":"127.0.0.1:63739","profile":"dev","provider":"process","target":"tachyon_serverless_gateway"}
{"timestamp":"2026-09-17T11:07:44.381906Z","level":"INFO","message":"asynchronous dispatcher started","workers":2,"owner":"dsp_01m2qgt4abcc7q2fakwayg3ge7","target":"tachyon_serverless_gateway"}
{"timestamp":"2026-09-17T11:07:44.446267Z","level":"INFO","message":"asynchronous run claimed","invocation_id":"inv_01m2qgt12fhdhw468qk0rs932a","attempt":1,"generation":1,"delivery_count":1,"target":"tachyon_serverless_application::services::invoke_async::dispatch"}
{"timestamp":"2026-09-17T11:07:44.461401Z","level":"INFO","message":"asynchronous run claimed","invocation_id":"inv_01m2qgt0pcscyvxbrmsxddn6pq","attempt":1,"generation":1,"delivery_count":1,"target":"tachyon_serverless_application::services::invoke_async::dispatch"}
{"timestamp":"2026-09-17T11:07:44.941316Z","level":"ERROR","message":"failpoint fired: SIGKILL","name":"accept.after_object_put","target":"tachyon_serverless_application::failpoints"}

===== a start (failpoints: none) 11:07:45 =====
{"timestamp":"2026-09-17T11:07:45.106262Z","level":"INFO","message":"configuration loaded","config":"/private/var/folders/z7/khzdjrt95cg_fcmcnh4j1b5h0000gn/T/tsls-chaos.fXdKSA/gw-a.toml","target":"tachyon_serverless_gateway"}
{"timestamp":"2026-09-17T11:07:45.113647Z","level":"INFO","message":"connected successfully","server":"63728","max_payload":"1048576","target":"async_nats::connector"}
{"timestamp":"2026-09-17T11:07:45.114656Z","level":"INFO","message":"event: connected","target":"async_nats"}
{"timestamp":"2026-09-17T11:07:45.146655Z","level":"INFO","message":"JetStream queue connected and stream bootstrapped","url":"nats://127.0.0.1:63728","stream":"TACHYON_EVENTS","target":"tachyon_serverless_gateway::durable"}
{"timestamp":"2026-09-17T11:07:45.151114Z","level":"INFO","message":"state store opened","path":"/private/var/folders/z7/khzdjrt95cg_fcmcnh4j1b5h0000gn/T/tsls-chaos.fXdKSA/data/state.db","schema_version":8,"migrations_applied":"[]","imported_state_json":"None","settled_invocations":0,"settled_attempts":0,"settled_environments":0,"released_leases":0,"dropped_idempotency_keys":0,"purged_idempotency_keys":0,"outputs_purged":0,"target":"tachyon_serverless_application::app"}
{"timestamp":"2026-09-17T11:07:45.155140Z","level":"INFO","message":"dispatcher registered","dispatcher_id":"dsp_01m2qgt53zsav7z84yh91kmbw6","instance":"chaos-a","pid":3310,"lease_ttl_seconds":6,"target":"tachyon_serverless_application::services::dispatcher"}
{"timestamp":"2026-09-17T11:07:45.157703Z","level":"WARN","message":"reclaimed the work of dispatchers that lost their lease","dispatcher_id":"dsp_01m2qgt53zsav7z84yh91kmbw6","reclaimed_dispatchers":"[DispatcherId(dsp_01m2qgt4abcc7q2fakwayg3ge7)]","leases":0,"invocations":0,"attempts":0,"fenced":2,"target":"tachyon_serverless_application::services::dispatcher"}
{"timestamp":"2026-09-17T11:07:45.160611Z","level":"INFO","message":"application bootstrapped","profile":"dev","provider":"process","dev_only":true,"environment_reuse":false,"reuse_verified":false,"reuse_reason":"[pool] enabled is false","reuse_disabled":"Some(Configuration)","idle_quiesce":"unsupported","idle_resume":"unsupported","data_dir":"/private/var/folders/z7/khzdjrt95cg_fcmcnh4j1b5h0000gn/T/tsls-chaos.fXdKSA/data","store":"sqlite","dispatcher_id":"dsp_01m2qgt53zsav7z84yh91kmbw6","node":"local","node_region":"none","node_memory_mib":"None","max_concurrency":8,"queue":"nats","objects":"filesystem","invoke_async":true,"triggers":true,"target":"tachyon_serverless_application::app"}
{"timestamp":"2026-09-17T11:07:45.162673Z","level":"INFO","message":"fenced environment terminated and settled","environment_id":"env_01m2qgt4dz3qc5sdg426szy8ga","owner":"Some(DispatcherId(dsp_01m2qgt4abcc7q2fakwayg3ge7))","was_running":false,"target":"tachyon_serverless_application::services::reconcile"}
{"timestamp":"2026-09-17T11:07:45.163149Z","level":"INFO","message":"fenced environment terminated and settled","environment_id":"env_01m2qgt4ek4z23favjzbq1rsjz","owner":"Some(DispatcherId(dsp_01m2qgt4abcc7q2fakwayg3ge7))","was_running":false,"target":"tachyon_serverless_application::services::reconcile"}
{"timestamp":"2026-09-17T11:07:45.167194Z","level":"INFO","message":"startup reconcile finished","provider":"process","found":0,"adopted":0,"terminated":0,"disowned":0,"failed":0,"lost":0,"foreign":0,"reclaimed_dispatchers":0,"fenced_terminated":2,"fenced_pending":0,"target":"tachyon_serverless_application::services::reconcile"}
{"timestamp":"2026-09-17T11:07:45.167396Z","level":"INFO","message":"gateway listening","addr":"127.0.0.1:63739","profile":"dev","provider":"process","target":"tachyon_serverless_gateway"}
{"timestamp":"2026-09-17T11:07:45.170148Z","level":"INFO","message":"asynchronous dispatcher started","workers":2,"owner":"dsp_01m2qgt53zsav7z84yh91kmbw6","target":"tachyon_serverless_gateway"}
{"timestamp":"2026-09-17T11:07:45.671538Z","level":"INFO","message":"trigger updated","trigger_id":"trg_01m2qgss8tng92pkacgrmgf5a0","generation":3,"status":"enabled","next_fire_at":"Some(2026-09-17T11:07:46Z)","rotated_secret":false,"target":"tachyon_serverless_application::services::triggers"}
{"timestamp":"2026-09-17T11:07:46.004992Z","level":"INFO","message":"asynchronous invocation accepted","invocation_id":"inv_01m2qgt5yj6b1z48zy03z7dyzs","tenant_id":"tn_01hzzzzzzzzzzzzzzzzzzzzzza","revision_id":"rev_01m2qgsnkxbmrzegpezdpx0cg4","input_bytes":180,"input_storage":"inline","target":"tachyon_serverless_application::services::invoke_async"}
{"timestamp":"2026-09-17T11:07:46.005120Z","level":"INFO","message":"cron trigger fired","trigger_id":"trg_01m2qgss8tng92pkacgrmgf5a0","scheduled_at":"2026-09-17T11:07:46Z","invocation_id":"inv_01m2qgt5yj6b1z48zy03z7dyzs","revision_id":"rev_01m2qgsnkxbmrzegpezdpx0cg4","replayed":false,"target":"tachyon_serverless_application::services::triggers"}
{"timestamp":"2026-09-17T11:07:46.024542Z","level":"INFO","message":"asynchronous run claimed","invocation_id":"inv_01m2qgt5yj6b1z48zy03z7dyzs","attempt":1,"generation":0,"delivery_count":1,"target":"tachyon_serverless_application::services::invoke_async::dispatch"}
{"timestamp":"2026-09-17T11:07:46.521130Z","level":"INFO","message":"bridge spawned","environment_id":"env_01m2qgt5znx5nbyqnqx6wxcad3","pid":3331,"target":"tachyon_serverless_provider_process"}
{"timestamp":"2026-09-17T11:07:46.601584Z","level":"INFO","message":"invocation finished","invocation_id":"inv_01m2qgt5yj6b1z48zy03z7dyzs","status":"succeeded (async run)","handler_ms":7,"environment_boot_ms":17,"runtime_init_ms":54,"target":"tachyon_serverless_application::services::invoke"}
{"timestamp":"2026-09-17T11:07:46.605198Z","level":"INFO","message":"terminating bridge","environment_id":"env_01m2qgt5znx5nbyqnqx6wxcad3","pid":3331,"reason":"Completed","graceful":true,"target":"tachyon_serverless_provider_process"}
{"timestamp":"2026-09-17T11:07:46.619144Z","level":"INFO","message":"asynchronous invocation settled","invocation_id":"inv_01m2qgt5yj6b1z48zy03z7dyzs","status":"succeeded","target":"tachyon_serverless_application::services::invoke_async::dispatch"}
{"timestamp":"2026-09-17T11:07:46.642851Z","level":"INFO","message":"async dispatch: delivery handled","message_id":"inv_01m2qgt5yj6b1z48zy03z7dyzs","sequence":16,"delivery_count":1,"outcome":"Completed { status: \"succeeded\" }","target":"tachyon_serverless_application::services::invoke_async::dispatch"}
{"timestamp":"2026-09-17T11:07:48.005784Z","level":"INFO","message":"asynchronous invocation accepted","invocation_id":"inv_01m2qgt7x4c9ghpwhgnwnne997","tenant_id":"tn_01hzzzzzzzzzzzzzzzzzzzzzza","revision_id":"rev_01m2qgsnkxbmrzegpezdpx0cg4","input_bytes":180,"input_storage":"inline","target":"tachyon_serverless_application::services::invoke_async"}
{"timestamp":"2026-09-17T11:07:48.005908Z","level":"INFO","message":"cron trigger fired","trigger_id":"trg_01m2qgss8tng92pkacgrmgf5a0","scheduled_at":"2026-09-17T11:07:48Z","invocation_id":"inv_01m2qgt7x4c9ghpwhgnwnne997","revision_id":"rev_01m2qgsnkxbmrzegpezdpx0cg4","replayed":false,"target":"tachyon_serverless_application::services::triggers"}
{"timestamp":"2026-09-17T11:07:48.027824Z","level":"INFO","message":"asynchronous run claimed","invocation_id":"inv_01m2qgt7x4c9ghpwhgnwnne997","attempt":1,"generation":0,"delivery_count":1,"target":"tachyon_serverless_application::services::invoke_async::dispatch"}
{"timestamp":"2026-09-17T11:07:48.427903Z","level":"INFO","message":"async dispatch: delivery handled","message_id":"inv_01m2qgt12fhdhw468qk0rs932a.g1","sequence":14,"delivery_count":2,"outcome":"Skipped(\"claimed\")","target":"tachyon_serverless_application::services::invoke_async::dispatch"}
{"timestamp":"2026-09-17T11:07:48.464253Z","level":"INFO","message":"async dispatch: delivery handled","message_id":"inv_01m2qgt0pcscyvxbrmsxddn6pq.g1","sequence":15,"delivery_count":2,"outcome":"Skipped(\"claimed\")","target":"tachyon_serverless_application::services::invoke_async::dispatch"}
{"timestamp":"2026-09-17T11:07:48.608840Z","level":"INFO","message":"bridge spawned","environment_id":"env_01m2qgt7y4ss90kdr9ee2vgqmt","pid":3339,"target":"tachyon_serverless_provider_process"}
{"timestamp":"2026-09-17T11:07:48.730364Z","level":"INFO","message":"invocation finished","invocation_id":"inv_01m2qgt7x4c9ghpwhgnwnne997","status":"succeeded (async run)","handler_ms":26,"environment_boot_ms":48,"runtime_init_ms":47,"target":"tachyon_serverless_application::services::invoke"}
{"timestamp":"2026-09-17T11:07:48.733528Z","level":"INFO","message":"terminating bridge","environment_id":"env_01m2qgt7y4ss90kdr9ee2vgqmt","pid":3339,"reason":"Completed","graceful":true,"target":"tachyon_serverless_provider_process"}
{"timestamp":"2026-09-17T11:07:48.782288Z","level":"INFO","message":"asynchronous invocation settled","invocation_id":"inv_01m2qgt7x4c9ghpwhgnwnne997","status":"succeeded","target":"tachyon_serverless_application::services::invoke_async::dispatch"}
{"timestamp":"2026-09-17T11:07:48.795667Z","level":"INFO","message":"async dispatch: delivery handled","message_id":"inv_01m2qgt7x4c9ghpwhgnwnne997","sequence":17,"delivery_count":1,"outcome":"Completed { status: \"succeeded\" }","target":"tachyon_serverless_application::services::invoke_async::dispatch"}
{"timestamp":"2026-09-17T11:07:49.199339Z","level":"INFO","message":"asynchronous invocation rescheduled","invocation_id":"inv_01m2qgt0pcscyvxbrmsxddn6pq","next_attempt_at":"2026-09-17T11:07:49.361118+00:00","counted":true,"error_type":"Host.AsyncRunAbandoned","target":"tachyon_serverless_application::services::invoke_async::dispatch"}
{"timestamp":"2026-09-17T11:07:49.200078Z","level":"INFO","message":"asynchronous invocation rescheduled","invocation_id":"inv_01m2qgt12fhdhw468qk0rs932a","next_attempt_at":"2026-09-17T11:07:49.284118+00:00","counted":true,"error_type":"Host.AsyncRunAbandoned","target":"tachyon_serverless_application::services::invoke_async::dispatch"}
{"timestamp":"2026-09-17T11:07:49.200133Z","level":"INFO","message":"async reaper pass","report":"ReapReport { examined: 2, abandoned: 2, republished: 0, dead_lettered: 0, lost: 0, failed: 0 }","target":"tachyon_serverless_application::services::invoke_async::dispatch"}
{"timestamp":"2026-09-17T11:07:49.329144Z","level":"INFO","message":"asynchronous run claimed","invocation_id":"inv_01m2qgt12fhdhw468qk0rs932a","attempt":2,"generation":2,"delivery_count":1,"target":"tachyon_serverless_application::services::invoke_async::dispatch"}
{"timestamp":"2026-09-17T11:07:49.474122Z","level":"INFO","message":"asynchronous run claimed","invocation_id":"inv_01m2qgt0pcscyvxbrmsxddn6pq","attempt":2,"generation":2,"delivery_count":1,"target":"tachyon_serverless_application::services::invoke_async::dispatch"}
{"timestamp":"2026-09-17T11:07:49.657111Z","level":"INFO","message":"bridge spawned","environment_id":"env_01m2qgt8rsgewpjfm5gz97md45","pid":3374,"target":"tachyon_serverless_provider_process"}
{"timestamp":"2026-09-17T11:07:49.777501Z","level":"INFO","message":"bridge spawned","environment_id":"env_01m2qgt8sczfk57ryyr28wfm1t","pid":3384,"target":"tachyon_serverless_provider_process"}
{"timestamp":"2026-09-17T11:07:50.005584Z","level":"INFO","message":"asynchronous invocation accepted","invocation_id":"inv_01m2qgt9vjnefcvcnfexvm04gc","tenant_id":"tn_01hzzzzzzzzzzzzzzzzzzzzzza","revision_id":"rev_01m2qgsnkxbmrzegpezdpx0cg4","input_bytes":180,"input_storage":"inline","target":"tachyon_serverless_application::services::invoke_async"}
{"timestamp":"2026-09-17T11:07:50.005748Z","level":"INFO","message":"cron trigger fired","trigger_id":"trg_01m2qgss8tng92pkacgrmgf5a0","scheduled_at":"2026-09-17T11:07:50Z","invocation_id":"inv_01m2qgt9vjnefcvcnfexvm04gc","revision_id":"rev_01m2qgsnkxbmrzegpezdpx0cg4","replayed":false,"target":"tachyon_serverless_application::services::triggers"}
{"timestamp":"2026-09-17T11:07:50.321199Z","level":"INFO","message":"bridge spawned","environment_id":"env_01m2qgt9b7tkkq3nz95qaxej5w","pid":3399,"target":"tachyon_serverless_provider_process"}
{"timestamp":"2026-09-17T11:07:50.323901Z","level":"INFO","message":"bridge spawned","environment_id":"env_01m2qgt96jtc32k3cp6aa9egfe","pid":3400,"target":"tachyon_serverless_provider_process"}
{"timestamp":"2026-09-17T11:07:50.466076Z","level":"INFO","message":"invocation finished","invocation_id":"inv_01m2qgt0pcscyvxbrmsxddn6pq","status":"succeeded (async run)","handler_ms":6,"environment_boot_ms":50,"runtime_init_ms":87,"target":"tachyon_serverless_application::services::invoke"}
{"timestamp":"2026-09-17T11:07:50.468780Z","level":"INFO","message":"terminating bridge","environment_id":"env_01m2qgt9b7tkkq3nz95qaxej5w","pid":3399,"reason":"Completed","graceful":true,"target":"tachyon_serverless_provider_process"}
{"timestamp":"2026-09-17T11:07:50.474377Z","level":"INFO","message":"invocation finished","invocation_id":"inv_01m2qgt12fhdhw468qk0rs932a","status":"succeeded (async run)","handler_ms":4,"environment_boot_ms":51,"runtime_init_ms":85,"target":"tachyon_serverless_application::services::invoke"}
{"timestamp":"2026-09-17T11:07:50.476855Z","level":"INFO","message":"terminating bridge","environment_id":"env_01m2qgt96jtc32k3cp6aa9egfe","pid":3400,"reason":"Completed","graceful":true,"target":"tachyon_serverless_provider_process"}
{"timestamp":"2026-09-17T11:07:50.492617Z","level":"INFO","message":"asynchronous invocation settled","invocation_id":"inv_01m2qgt0pcscyvxbrmsxddn6pq","status":"succeeded","target":"tachyon_serverless_application::services::invoke_async::dispatch"}
{"timestamp":"2026-09-17T11:07:50.501722Z","level":"INFO","message":"async dispatch: delivery handled","message_id":"inv_01m2qgt0pcscyvxbrmsxddn6pq.g2","sequence":19,"delivery_count":1,"outcome":"Completed { status: \"succeeded\" }","target":"tachyon_serverless_application::services::invoke_async::dispatch"}
{"timestamp":"2026-09-17T11:07:50.506901Z","level":"INFO","message":"asynchronous run claimed","invocation_id":"inv_01m2qgt9vjnefcvcnfexvm04gc","attempt":1,"generation":0,"delivery_count":1,"target":"tachyon_serverless_application::services::invoke_async::dispatch"}
{"timestamp":"2026-09-17T11:07:50.511097Z","level":"INFO","message":"asynchronous invocation settled","invocation_id":"inv_01m2qgt12fhdhw468qk0rs932a","status":"succeeded","target":"tachyon_serverless_application::services::invoke_async::dispatch"}
{"timestamp":"2026-09-17T11:07:50.517450Z","level":"INFO","message":"async dispatch: delivery handled","message_id":"inv_01m2qgt12fhdhw468qk0rs932a.g2","sequence":18,"delivery_count":1,"outcome":"Completed { status: \"succeeded\" }","target":"tachyon_serverless_application::services::invoke_async::dispatch"}
{"timestamp":"2026-09-17T11:07:51.040851Z","level":"INFO","message":"bridge spawned","environment_id":"env_01m2qgtabb9zkakf5fcep1krrq","pid":3405,"target":"tachyon_serverless_provider_process"}
{"timestamp":"2026-09-17T11:07:51.108873Z","level":"INFO","message":"invocation finished","invocation_id":"inv_01m2qgt9vjnefcvcnfexvm04gc","status":"succeeded (async run)","handler_ms":4,"environment_boot_ms":21,"runtime_init_ms":37,"target":"tachyon_serverless_application::services::invoke"}
{"timestamp":"2026-09-17T11:07:51.111293Z","level":"INFO","message":"terminating bridge","environment_id":"env_01m2qgtabb9zkakf5fcep1krrq","pid":3405,"reason":"Completed","graceful":true,"target":"tachyon_serverless_provider_process"}
{"timestamp":"2026-09-17T11:07:51.124064Z","level":"INFO","message":"asynchronous invocation settled","invocation_id":"inv_01m2qgt9vjnefcvcnfexvm04gc","status":"succeeded","target":"tachyon_serverless_application::services::invoke_async::dispatch"}
{"timestamp":"2026-09-17T11:07:51.133753Z","level":"INFO","message":"async dispatch: delivery handled","message_id":"inv_01m2qgt9vjnefcvcnfexvm04gc","sequence":20,"delivery_count":1,"outcome":"Completed { status: \"succeeded\" }","target":"tachyon_serverless_application::services::invoke_async::dispatch"}
{"timestamp":"2026-09-17T11:07:51.778714Z","level":"INFO","message":"asynchronous invocation accepted","invocation_id":"inv_01m2qgtbj73539w1x8tzznekyq","tenant_id":"tn_01hzzzzzzzzzzzzzzzzzzzzzza","revision_id":"rev_01m2qgsjsz01hjxjeqc8na06h4","input_bytes":4127,"input_storage":"object","target":"tachyon_serverless_application::services::invoke_async"}
{"timestamp":"2026-09-17T11:07:52.009391Z","level":"INFO","message":"asynchronous invocation accepted","invocation_id":"inv_01m2qgtbt77vwprh1rbzenkttk","tenant_id":"tn_01hzzzzzzzzzzzzzzzzzzzzzza","revision_id":"rev_01m2qgsnkxbmrzegpezdpx0cg4","input_bytes":180,"input_storage":"inline","target":"tachyon_serverless_application::services::invoke_async"}
{"timestamp":"2026-09-17T11:07:52.009498Z","level":"INFO","message":"cron trigger fired","trigger_id":"trg_01m2qgss8tng92pkacgrmgf5a0","scheduled_at":"2026-09-17T11:07:52Z","invocation_id":"inv_01m2qgtbt77vwprh1rbzenkttk","revision_id":"rev_01m2qgsnkxbmrzegpezdpx0cg4","replayed":false,"target":"tachyon_serverless_application::services::triggers"}
{"timestamp":"2026-09-17T11:07:52.226885Z","level":"INFO","message":"asynchronous invocation accepted","invocation_id":"inv_01m2qgtc0bcww5g3xntgf38886","tenant_id":"tn_01hzzzzzzzzzzzzzzzzzzzzzza","revision_id":"rev_01m2qgsjsz01hjxjeqc8na06h4","input_bytes":4127,"input_storage":"object","target":"tachyon_serverless_application::services::invoke_async"}
{"timestamp":"2026-09-17T11:07:52.728953Z","level":"INFO","message":"asynchronous invocation accepted","invocation_id":"inv_01m2qgtcg1g20232cjyq27wpsa","tenant_id":"tn_01hzzzzzzzzzzzzzzzzzzzzzza","revision_id":"rev_01m2qgsjsz01hjxjeqc8na06h4","input_bytes":4127,"input_storage":"object","target":"tachyon_serverless_application::services::invoke_async"}
{"timestamp":"2026-09-17T11:07:53.786059Z","level":"WARN","message":"outbox: publish failed","event":"inv_01m2qgtbj73539w1x8tzznekyq","attempts":1,"code":"unavailable","error":"queue unavailable: publish: timed out: didn't receive ack in time","target":"tachyon_serverless_application::services::invoke_async::publisher"}
{"timestamp":"2026-09-17T11:07:54.005132Z","level":"INFO","message":"asynchronous invocation accepted","invocation_id":"inv_01m2qgtdrkmdhxbxfq5v0792nh","tenant_id":"tn_01hzzzzzzzzzzzzzzzzzzzzzza","revision_id":"rev_01m2qgsnkxbmrzegpezdpx0cg4","input_bytes":180,"input_storage":"inline","target":"tachyon_serverless_application::services::invoke_async"}
{"timestamp":"2026-09-17T11:07:54.005257Z","level":"INFO","message":"cron trigger fired","trigger_id":"trg_01m2qgss8tng92pkacgrmgf5a0","scheduled_at":"2026-09-17T11:07:54Z","invocation_id":"inv_01m2qgtdrkmdhxbxfq5v0792nh","revision_id":"rev_01m2qgsnkxbmrzegpezdpx0cg4","replayed":false,"target":"tachyon_serverless_application::services::triggers"}
{"timestamp":"2026-09-17T11:07:55.792645Z","level":"WARN","message":"outbox: publish failed","event":"inv_01m2qgtbt77vwprh1rbzenkttk","attempts":1,"code":"unavailable","error":"queue unavailable: publish: timed out: didn't receive ack in time","target":"tachyon_serverless_application::services::invoke_async::publisher"}
{"timestamp":"2026-09-17T11:07:56.006036Z","level":"INFO","message":"asynchronous invocation accepted","invocation_id":"inv_01m2qgtfq4zxt09r7gfwrv0g8f","tenant_id":"tn_01hzzzzzzzzzzzzzzzzzzzzzza","revision_id":"rev_01m2qgsnkxbmrzegpezdpx0cg4","input_bytes":180,"input_storage":"inline","target":"tachyon_serverless_application::services::invoke_async"}
{"timestamp":"2026-09-17T11:07:56.006186Z","level":"INFO","message":"cron trigger fired","trigger_id":"trg_01m2qgss8tng92pkacgrmgf5a0","scheduled_at":"2026-09-17T11:07:56Z","invocation_id":"inv_01m2qgtfq4zxt09r7gfwrv0g8f","revision_id":"rev_01m2qgsnkxbmrzegpezdpx0cg4","replayed":false,"target":"tachyon_serverless_application::services::triggers"}
{"timestamp":"2026-09-17T11:07:57.811781Z","level":"WARN","message":"outbox: publish failed","event":"inv_01m2qgtbj73539w1x8tzznekyq","attempts":2,"code":"unavailable","error":"queue unavailable: publish: timed out: didn't receive ack in time","target":"tachyon_serverless_application::services::invoke_async::publisher"}
{"timestamp":"2026-09-17T11:07:58.026008Z","level":"INFO","message":"asynchronous invocation accepted","invocation_id":"inv_01m2qgthnv27636qvejn7e5naz","tenant_id":"tn_01hzzzzzzzzzzzzzzzzzzzzzza","revision_id":"rev_01m2qgsnkxbmrzegpezdpx0cg4","input_bytes":180,"input_storage":"inline","target":"tachyon_serverless_application::services::invoke_async"}
{"timestamp":"2026-09-17T11:07:58.026168Z","level":"INFO","message":"cron trigger fired","trigger_id":"trg_01m2qgss8tng92pkacgrmgf5a0","scheduled_at":"2026-09-17T11:07:58Z","invocation_id":"inv_01m2qgthnv27636qvejn7e5naz","revision_id":"rev_01m2qgsnkxbmrzegpezdpx0cg4","replayed":false,"target":"tachyon_serverless_application::services::triggers"}

===== a start (failpoints: none) 11:07:59 =====
{"timestamp":"2026-09-17T11:07:59.243205Z","level":"INFO","message":"configuration loaded","config":"/private/var/folders/z7/khzdjrt95cg_fcmcnh4j1b5h0000gn/T/tsls-chaos.fXdKSA/gw-a.toml","target":"tachyon_serverless_gateway"}
{"timestamp":"2026-09-17T11:07:59.248719Z","level":"INFO","message":"connected successfully","server":"63728","max_payload":"1048576","target":"async_nats::connector"}
{"timestamp":"2026-09-17T11:07:59.251281Z","level":"INFO","message":"event: connected","target":"async_nats"}
{"timestamp":"2026-09-17T11:07:59.269867Z","level":"INFO","message":"JetStream queue connected and stream bootstrapped","url":"nats://127.0.0.1:63728","stream":"TACHYON_EVENTS","target":"tachyon_serverless_gateway::durable"}
{"timestamp":"2026-09-17T11:07:59.273770Z","level":"INFO","message":"state store opened","path":"/private/var/folders/z7/khzdjrt95cg_fcmcnh4j1b5h0000gn/T/tsls-chaos.fXdKSA/data/state.db","schema_version":8,"migrations_applied":"[]","imported_state_json":"None","settled_invocations":0,"settled_attempts":0,"settled_environments":0,"released_leases":0,"dropped_idempotency_keys":0,"purged_idempotency_keys":0,"outputs_purged":0,"target":"tachyon_serverless_application::app"}
{"timestamp":"2026-09-17T11:07:59.274429Z","level":"INFO","message":"dispatcher registered","dispatcher_id":"dsp_01m2qgtjx9x4fhjd48m9e0rwxf","instance":"chaos-a","pid":3608,"lease_ttl_seconds":6,"target":"tachyon_serverless_application::services::dispatcher"}
{"timestamp":"2026-09-17T11:07:59.277692Z","level":"WARN","message":"reclaimed the work of dispatchers that lost their lease","dispatcher_id":"dsp_01m2qgtjx9x4fhjd48m9e0rwxf","reclaimed_dispatchers":"[DispatcherId(dsp_01m2qgt53zsav7z84yh91kmbw6)]","leases":2,"invocations":2,"attempts":2,"fenced":2,"target":"tachyon_serverless_application::services::dispatcher"}
{"timestamp":"2026-09-17T11:07:59.282258Z","level":"INFO","message":"application bootstrapped","profile":"dev","provider":"process","dev_only":true,"environment_reuse":false,"reuse_verified":false,"reuse_reason":"[pool] enabled is false","reuse_disabled":"Some(Configuration)","idle_quiesce":"unsupported","idle_resume":"unsupported","data_dir":"/private/var/folders/z7/khzdjrt95cg_fcmcnh4j1b5h0000gn/T/tsls-chaos.fXdKSA/data","store":"sqlite","dispatcher_id":"dsp_01m2qgtjx9x4fhjd48m9e0rwxf","node":"local","node_region":"none","node_memory_mib":"None","max_concurrency":8,"queue":"nats","objects":"filesystem","invoke_async":true,"triggers":true,"target":"tachyon_serverless_application::app"}
{"timestamp":"2026-09-17T11:07:59.286472Z","level":"INFO","message":"fenced environment terminated and settled","environment_id":"env_01m2qgt8rsgewpjfm5gz97md45","owner":"Some(DispatcherId(dsp_01m2qgt53zsav7z84yh91kmbw6))","was_running":false,"target":"tachyon_serverless_application::services::reconcile"}
{"timestamp":"2026-09-17T11:07:59.288043Z","level":"INFO","message":"fenced environment terminated and settled","environment_id":"env_01m2qgt8sczfk57ryyr28wfm1t","owner":"Some(DispatcherId(dsp_01m2qgt53zsav7z84yh91kmbw6))","was_running":false,"target":"tachyon_serverless_application::services::reconcile"}
{"timestamp":"2026-09-17T11:07:59.288489Z","level":"INFO","message":"startup reconcile finished","provider":"process","found":0,"adopted":0,"terminated":0,"disowned":0,"failed":0,"lost":0,"foreign":0,"reclaimed_dispatchers":0,"fenced_terminated":2,"fenced_pending":0,"target":"tachyon_serverless_application::services::reconcile"}
{"timestamp":"2026-09-17T11:07:59.288690Z","level":"INFO","message":"gateway listening","addr":"127.0.0.1:63739","profile":"dev","provider":"process","target":"tachyon_serverless_gateway"}
{"timestamp":"2026-09-17T11:07:59.291347Z","level":"INFO","message":"asynchronous dispatcher started","workers":2,"owner":"dsp_01m2qgtjx9x4fhjd48m9e0rwxf","target":"tachyon_serverless_gateway"}
{"timestamp":"2026-09-17T11:07:59.343365Z","level":"INFO","message":"asynchronous run claimed","invocation_id":"inv_01m2qgtbj73539w1x8tzznekyq","attempt":1,"generation":0,"delivery_count":1,"target":"tachyon_serverless_application::services::invoke_async::dispatch"}
{"timestamp":"2026-09-17T11:07:59.351230Z","level":"INFO","message":"asynchronous run claimed","invocation_id":"inv_01m2qgtbt77vwprh1rbzenkttk","attempt":1,"generation":0,"delivery_count":1,"target":"tachyon_serverless_application::services::invoke_async::dispatch"}
{"timestamp":"2026-09-17T11:07:59.359428Z","level":"INFO","message":"outbox: re-published events the broker already had, or whose claim moved on","duplicates":1,"lost_claims":0,"marked":3,"target":"tachyon_serverless_application::services::invoke_async::publisher"}
{"timestamp":"2026-09-17T11:07:59.901503Z","level":"INFO","message":"bridge spawned","environment_id":"env_01m2qgtjzrpa65kx7kpkpzzxza","pid":3638,"target":"tachyon_serverless_provider_process"}
{"timestamp":"2026-09-17T11:07:59.986014Z","level":"INFO","message":"invocation finished","invocation_id":"inv_01m2qgtbt77vwprh1rbzenkttk","status":"succeeded (async run)","handler_ms":4,"environment_boot_ms":63,"runtime_init_ms":28,"target":"tachyon_serverless_application::services::invoke"}
{"timestamp":"2026-09-17T11:07:59.987754Z","level":"INFO","message":"terminating bridge","environment_id":"env_01m2qgtjzrpa65kx7kpkpzzxza","pid":3638,"reason":"Completed","graceful":true,"target":"tachyon_serverless_provider_process"}
{"timestamp":"2026-09-17T11:08:00.002025Z","level":"INFO","message":"asynchronous invocation settled","invocation_id":"inv_01m2qgtbt77vwprh1rbzenkttk","status":"succeeded","target":"tachyon_serverless_application::services::invoke_async::dispatch"}
{"timestamp":"2026-09-17T11:08:00.014230Z","level":"INFO","message":"asynchronous invocation accepted","invocation_id":"inv_01m2qgtkmbwr3wt068cxny2nm7","tenant_id":"tn_01hzzzzzzzzzzzzzzzzzzzzzza","revision_id":"rev_01m2qgsnkxbmrzegpezdpx0cg4","input_bytes":180,"input_storage":"inline","target":"tachyon_serverless_application::services::invoke_async"}
{"timestamp":"2026-09-17T11:08:00.014996Z","level":"INFO","message":"cron trigger fired","trigger_id":"trg_01m2qgss8tng92pkacgrmgf5a0","scheduled_at":"2026-09-17T11:08:00Z","invocation_id":"inv_01m2qgtkmbwr3wt068cxny2nm7","revision_id":"rev_01m2qgsnkxbmrzegpezdpx0cg4","replayed":false,"target":"tachyon_serverless_application::services::triggers"}
{"timestamp":"2026-09-17T11:08:00.018538Z","level":"INFO","message":"async dispatch: delivery handled","message_id":"inv_01m2qgtbt77vwprh1rbzenkttk","sequence":22,"delivery_count":1,"outcome":"Completed { status: \"succeeded\" }","target":"tachyon_serverless_application::services::invoke_async::dispatch"}
{"timestamp":"2026-09-17T11:08:00.030390Z","level":"INFO","message":"bridge spawned","environment_id":"env_01m2qgtjztnnvg93dy85pth8cw","pid":3645,"target":"tachyon_serverless_provider_process"}
{"timestamp":"2026-09-17T11:08:00.030520Z","level":"INFO","message":"asynchronous run claimed","invocation_id":"inv_01m2qgtdrkmdhxbxfq5v0792nh","attempt":1,"generation":0,"delivery_count":1,"target":"tachyon_serverless_application::services::invoke_async::dispatch"}
{"timestamp":"2026-09-17T11:08:00.143908Z","level":"INFO","message":"invocation finished","invocation_id":"inv_01m2qgtbj73539w1x8tzznekyq","status":"succeeded (async run)","handler_ms":28,"environment_boot_ms":43,"runtime_init_ms":41,"target":"tachyon_serverless_application::services::invoke"}
{"timestamp":"2026-09-17T11:08:00.146811Z","level":"INFO","message":"terminating bridge","environment_id":"env_01m2qgtjztnnvg93dy85pth8cw","pid":3645,"reason":"Completed","graceful":true,"target":"tachyon_serverless_provider_process"}
{"timestamp":"2026-09-17T11:08:00.180189Z","level":"INFO","message":"asynchronous invocation settled","invocation_id":"inv_01m2qgtbj73539w1x8tzznekyq","status":"succeeded","target":"tachyon_serverless_application::services::invoke_async::dispatch"}
{"timestamp":"2026-09-17T11:08:00.197735Z","level":"INFO","message":"async dispatch: delivery handled","message_id":"inv_01m2qgtbj73539w1x8tzznekyq","sequence":21,"delivery_count":1,"outcome":"Completed { status: \"succeeded\" }","target":"tachyon_serverless_application::services::invoke_async::dispatch"}
{"timestamp":"2026-09-17T11:08:00.199911Z","level":"INFO","message":"asynchronous run claimed","invocation_id":"inv_01m2qgthnv27636qvejn7e5naz","attempt":1,"generation":0,"delivery_count":1,"target":"tachyon_serverless_application::services::invoke_async::dispatch"}
{"timestamp":"2026-09-17T11:08:00.586414Z","level":"INFO","message":"bridge spawned","environment_id":"env_01m2qgtkn0z05t62x9epr1bm71","pid":3655,"target":"tachyon_serverless_provider_process"}
{"timestamp":"2026-09-17T11:08:00.732041Z","level":"INFO","message":"bridge spawned","environment_id":"env_01m2qgtkt8hwj95xyeqx4p60wp","pid":3662,"target":"tachyon_serverless_provider_process"}
{"timestamp":"2026-09-17T11:08:00.754726Z","level":"INFO","message":"invocation finished","invocation_id":"inv_01m2qgtdrkmdhxbxfq5v0792nh","status":"succeeded (async run)","handler_ms":27,"environment_boot_ms":39,"runtime_init_ms":105,"target":"tachyon_serverless_application::services::invoke"}
{"timestamp":"2026-09-17T11:08:00.764066Z","level":"INFO","message":"terminating bridge","environment_id":"env_01m2qgtkn0z05t62x9epr1bm71","pid":3655,"reason":"Completed","graceful":true,"target":"tachyon_serverless_provider_process"}
{"timestamp":"2026-09-17T11:08:00.807095Z","level":"INFO","message":"asynchronous invocation settled","invocation_id":"inv_01m2qgtdrkmdhxbxfq5v0792nh","status":"succeeded","target":"tachyon_serverless_application::services::invoke_async::dispatch"}
{"timestamp":"2026-09-17T11:08:00.817748Z","level":"INFO","message":"async dispatch: delivery handled","message_id":"inv_01m2qgtdrkmdhxbxfq5v0792nh","sequence":23,"delivery_count":1,"outcome":"Completed { status: \"succeeded\" }","target":"tachyon_serverless_application::services::invoke_async::dispatch"}
{"timestamp":"2026-09-17T11:08:00.854358Z","level":"INFO","message":"asynchronous run claimed","invocation_id":"inv_01m2qgtkmbwr3wt068cxny2nm7","attempt":1,"generation":0,"delivery_count":1,"target":"tachyon_serverless_application::services::invoke_async::dispatch"}
{"timestamp":"2026-09-17T11:08:00.863246Z","level":"INFO","message":"invocation finished","invocation_id":"inv_01m2qgthnv27636qvejn7e5naz","status":"succeeded (async run)","handler_ms":9,"environment_boot_ms":34,"runtime_init_ms":55,"target":"tachyon_serverless_application::services::invoke"}
{"timestamp":"2026-09-17T11:08:00.867769Z","level":"INFO","message":"terminating bridge","environment_id":"env_01m2qgtkt8hwj95xyeqx4p60wp","pid":3662,"reason":"Completed","graceful":true,"target":"tachyon_serverless_provider_process"}
{"timestamp":"2026-09-17T11:08:00.889535Z","level":"INFO","message":"asynchronous invocation settled","invocation_id":"inv_01m2qgthnv27636qvejn7e5naz","status":"succeeded","target":"tachyon_serverless_application::services::invoke_async::dispatch"}
{"timestamp":"2026-09-17T11:08:00.901345Z","level":"INFO","message":"async dispatch: delivery handled","message_id":"inv_01m2qgthnv27636qvejn7e5naz","sequence":24,"delivery_count":1,"outcome":"Completed { status: \"succeeded\" }","target":"tachyon_serverless_application::services::invoke_async::dispatch"}
{"timestamp":"2026-09-17T11:08:00.903999Z","level":"INFO","message":"asynchronous run claimed","invocation_id":"inv_01m2qgtc0bcww5g3xntgf38886","attempt":1,"generation":0,"delivery_count":1,"target":"tachyon_serverless_application::services::invoke_async::dispatch"}
{"timestamp":"2026-09-17T11:08:01.535645Z","level":"INFO","message":"bridge spawned","environment_id":"env_01m2qgtmetr72363e2dnaxhbsv","pid":3684,"target":"tachyon_serverless_provider_process"}
{"timestamp":"2026-09-17T11:08:01.569855Z","level":"INFO","message":"bridge spawned","environment_id":"env_01m2qgtmgqv9tddyq2qe81v774","pid":3685,"target":"tachyon_serverless_provider_process"}
{"timestamp":"2026-09-17T11:08:01.608464Z","level":"INFO","message":"invocation finished","invocation_id":"inv_01m2qgtkmbwr3wt068cxny2nm7","status":"succeeded (async run)","handler_ms":9,"environment_boot_ms":38,"runtime_init_ms":30,"target":"tachyon_serverless_application::services::invoke"}
{"timestamp":"2026-09-17T11:08:01.610391Z","level":"INFO","message":"terminating bridge","environment_id":"env_01m2qgtmetr72363e2dnaxhbsv","pid":3684,"reason":"Completed","graceful":true,"target":"tachyon_serverless_provider_process"}
{"timestamp":"2026-09-17T11:08:01.630464Z","level":"INFO","message":"asynchronous invocation settled","invocation_id":"inv_01m2qgtkmbwr3wt068cxny2nm7","status":"succeeded","target":"tachyon_serverless_application::services::invoke_async::dispatch"}
{"timestamp":"2026-09-17T11:08:01.638089Z","level":"INFO","message":"invocation finished","invocation_id":"inv_01m2qgtc0bcww5g3xntgf38886","status":"succeeded (async run)","handler_ms":15,"environment_boot_ms":21,"runtime_init_ms":30,"target":"tachyon_serverless_application::services::invoke"}
{"timestamp":"2026-09-17T11:08:01.645639Z","level":"INFO","message":"async dispatch: delivery handled","message_id":"inv_01m2qgtkmbwr3wt068cxny2nm7","sequence":25,"delivery_count":1,"outcome":"Completed { status: \"succeeded\" }","target":"tachyon_serverless_application::services::invoke_async::dispatch"}
{"timestamp":"2026-09-17T11:08:01.646464Z","level":"INFO","message":"terminating bridge","environment_id":"env_01m2qgtmgqv9tddyq2qe81v774","pid":3685,"reason":"Completed","graceful":true,"target":"tachyon_serverless_provider_process"}
{"timestamp":"2026-09-17T11:08:01.652819Z","level":"INFO","message":"asynchronous run claimed","invocation_id":"inv_01m2qgtcg1g20232cjyq27wpsa","attempt":1,"generation":0,"delivery_count":1,"target":"tachyon_serverless_application::services::invoke_async::dispatch"}
{"timestamp":"2026-09-17T11:08:01.720054Z","level":"INFO","message":"asynchronous invocation settled","invocation_id":"inv_01m2qgtc0bcww5g3xntgf38886","status":"succeeded","target":"tachyon_serverless_application::services::invoke_async::dispatch"}
{"timestamp":"2026-09-17T11:08:01.787581Z","level":"INFO","message":"async dispatch: delivery handled","message_id":"inv_01m2qgtc0bcww5g3xntgf38886","sequence":26,"delivery_count":1,"outcome":"Completed { status: \"succeeded\" }","target":"tachyon_serverless_application::services::invoke_async::dispatch"}
{"timestamp":"2026-09-17T11:08:01.796687Z","level":"INFO","message":"asynchronous run claimed","invocation_id":"inv_01m2qgtfq4zxt09r7gfwrv0g8f","attempt":1,"generation":0,"delivery_count":1,"target":"tachyon_serverless_application::services::invoke_async::dispatch"}
{"timestamp":"2026-09-17T11:08:02.005022Z","level":"INFO","message":"asynchronous invocation accepted","invocation_id":"inv_01m2qgtnjk7ej9f45a2z0kv6sr","tenant_id":"tn_01hzzzzzzzzzzzzzzzzzzzzzza","revision_id":"rev_01m2qgsnkxbmrzegpezdpx0cg4","input_bytes":180,"input_storage":"inline","target":"tachyon_serverless_application::services::invoke_async"}
{"timestamp":"2026-09-17T11:08:02.005135Z","level":"INFO","message":"cron trigger fired","trigger_id":"trg_01m2qgss8tng92pkacgrmgf5a0","scheduled_at":"2026-09-17T11:08:02Z","invocation_id":"inv_01m2qgtnjk7ej9f45a2z0kv6sr","revision_id":"rev_01m2qgsnkxbmrzegpezdpx0cg4","replayed":false,"target":"tachyon_serverless_application::services::triggers"}
{"timestamp":"2026-09-17T11:08:02.440081Z","level":"INFO","message":"bridge spawned","environment_id":"env_01m2qgtn7wj50hhngyv076rm67","pid":3731,"target":"tachyon_serverless_provider_process"}
{"timestamp":"2026-09-17T11:08:02.528970Z","level":"INFO","message":"bridge spawned","environment_id":"env_01m2qgtnc5m0wat1cg6vacm8kk","pid":3734,"target":"tachyon_serverless_provider_process"}
{"timestamp":"2026-09-17T11:08:02.579325Z","level":"INFO","message":"invocation finished","invocation_id":"inv_01m2qgtcg1g20232cjyq27wpsa","status":"succeeded (async run)","handler_ms":16,"environment_boot_ms":18,"runtime_init_ms":105,"target":"tachyon_serverless_application::services::invoke"}
{"timestamp":"2026-09-17T11:08:02.582137Z","level":"INFO","message":"terminating bridge","environment_id":"env_01m2qgtn7wj50hhngyv076rm67","pid":3731,"reason":"Completed","graceful":true,"target":"tachyon_serverless_provider_process"}
{"timestamp":"2026-09-17T11:08:02.596121Z","level":"INFO","message":"asynchronous invocation settled","invocation_id":"inv_01m2qgtcg1g20232cjyq27wpsa","status":"succeeded","target":"tachyon_serverless_application::services::invoke_async::dispatch"}
{"timestamp":"2026-09-17T11:08:02.603879Z","level":"INFO","message":"invocation finished","invocation_id":"inv_01m2qgtfq4zxt09r7gfwrv0g8f","status":"succeeded (async run)","handler_ms":5,"environment_boot_ms":29,"runtime_init_ms":32,"target":"tachyon_serverless_application::services::invoke"}
{"timestamp":"2026-09-17T11:08:02.604221Z","level":"INFO","message":"async dispatch: delivery handled","message_id":"inv_01m2qgtcg1g20232cjyq27wpsa","sequence":27,"delivery_count":1,"outcome":"Completed { status: \"succeeded\" }","target":"tachyon_serverless_application::services::invoke_async::dispatch"}
{"timestamp":"2026-09-17T11:08:02.606352Z","level":"INFO","message":"terminating bridge","environment_id":"env_01m2qgtnc5m0wat1cg6vacm8kk","pid":3734,"reason":"Completed","graceful":true,"target":"tachyon_serverless_provider_process"}
{"timestamp":"2026-09-17T11:08:02.612391Z","level":"INFO","message":"asynchronous run claimed","invocation_id":"inv_01m2qgtnjk7ej9f45a2z0kv6sr","attempt":1,"generation":0,"delivery_count":1,"target":"tachyon_serverless_application::services::invoke_async::dispatch"}
{"timestamp":"2026-09-17T11:08:02.636434Z","level":"INFO","message":"asynchronous invocation settled","invocation_id":"inv_01m2qgtfq4zxt09r7gfwrv0g8f","status":"succeeded","target":"tachyon_serverless_application::services::invoke_async::dispatch"}
{"timestamp":"2026-09-17T11:08:02.643504Z","level":"INFO","message":"async dispatch: delivery handled","message_id":"inv_01m2qgtfq4zxt09r7gfwrv0g8f","sequence":28,"delivery_count":1,"outcome":"Completed { status: \"succeeded\" }","target":"tachyon_serverless_application::services::invoke_async::dispatch"}
{"timestamp":"2026-09-17T11:08:03.167266Z","level":"INFO","message":"bridge spawned","environment_id":"env_01m2qgtp5nssb1ypjx7raspt3f","pid":3759,"target":"tachyon_serverless_provider_process"}
{"timestamp":"2026-09-17T11:08:03.256735Z","level":"INFO","message":"invocation finished","invocation_id":"inv_01m2qgtnjk7ej9f45a2z0kv6sr","status":"succeeded (async run)","handler_ms":12,"environment_boot_ms":30,"runtime_init_ms":46,"target":"tachyon_serverless_application::services::invoke"}
{"timestamp":"2026-09-17T11:08:03.258462Z","level":"INFO","message":"terminating bridge","environment_id":"env_01m2qgtp5nssb1ypjx7raspt3f","pid":3759,"reason":"Completed","graceful":true,"target":"tachyon_serverless_provider_process"}
{"timestamp":"2026-09-17T11:08:03.387164Z","level":"INFO","message":"asynchronous invocation settled","invocation_id":"inv_01m2qgtnjk7ej9f45a2z0kv6sr","status":"succeeded","target":"tachyon_serverless_application::services::invoke_async::dispatch"}
{"timestamp":"2026-09-17T11:08:03.409048Z","level":"INFO","message":"async dispatch: delivery handled","message_id":"inv_01m2qgtnjk7ej9f45a2z0kv6sr","sequence":29,"delivery_count":1,"outcome":"Completed { status: \"succeeded\" }","target":"tachyon_serverless_application::services::invoke_async::dispatch"}
{"timestamp":"2026-09-17T11:08:04.006328Z","level":"INFO","message":"asynchronous invocation accepted","invocation_id":"inv_01m2qgtqh3cjds2sjnd1t221vx","tenant_id":"tn_01hzzzzzzzzzzzzzzzzzzzzzza","revision_id":"rev_01m2qgsnkxbmrzegpezdpx0cg4","input_bytes":180,"input_storage":"inline","target":"tachyon_serverless_application::services::invoke_async"}
{"timestamp":"2026-09-17T11:08:04.006422Z","level":"INFO","message":"cron trigger fired","trigger_id":"trg_01m2qgss8tng92pkacgrmgf5a0","scheduled_at":"2026-09-17T11:08:04Z","invocation_id":"inv_01m2qgtqh3cjds2sjnd1t221vx","revision_id":"rev_01m2qgsnkxbmrzegpezdpx0cg4","replayed":false,"target":"tachyon_serverless_application::services::triggers"}
{"timestamp":"2026-09-17T11:08:04.022632Z","level":"INFO","message":"asynchronous run claimed","invocation_id":"inv_01m2qgtqh3cjds2sjnd1t221vx","attempt":1,"generation":0,"delivery_count":1,"target":"tachyon_serverless_application::services::invoke_async::dispatch"}
{"timestamp":"2026-09-17T11:08:04.526305Z","level":"INFO","message":"bridge spawned","environment_id":"env_01m2qgtqhqeqx6618cam3s07gp","pid":3811,"target":"tachyon_serverless_provider_process"}
{"timestamp":"2026-09-17T11:08:04.668819Z","level":"INFO","message":"invocation finished","invocation_id":"inv_01m2qgtqh3cjds2sjnd1t221vx","status":"succeeded (async run)","handler_ms":36,"environment_boot_ms":27,"runtime_init_ms":71,"target":"tachyon_serverless_application::services::invoke"}
{"timestamp":"2026-09-17T11:08:04.675793Z","level":"INFO","message":"terminating bridge","environment_id":"env_01m2qgtqhqeqx6618cam3s07gp","pid":3811,"reason":"Completed","graceful":true,"target":"tachyon_serverless_provider_process"}
{"timestamp":"2026-09-17T11:08:04.731335Z","level":"INFO","message":"asynchronous invocation settled","invocation_id":"inv_01m2qgtqh3cjds2sjnd1t221vx","status":"succeeded","target":"tachyon_serverless_application::services::invoke_async::dispatch"}
{"timestamp":"2026-09-17T11:08:04.747486Z","level":"INFO","message":"async dispatch: delivery handled","message_id":"inv_01m2qgtqh3cjds2sjnd1t221vx","sequence":30,"delivery_count":1,"outcome":"Completed { status: \"succeeded\" }","target":"tachyon_serverless_application::services::invoke_async::dispatch"}
{"timestamp":"2026-09-17T11:08:06.003871Z","level":"INFO","message":"asynchronous invocation accepted","invocation_id":"inv_01m2qgtsfjy1pneq1bqghbx847","tenant_id":"tn_01hzzzzzzzzzzzzzzzzzzzzzza","revision_id":"rev_01m2qgsnkxbmrzegpezdpx0cg4","input_bytes":180,"input_storage":"inline","target":"tachyon_serverless_application::services::invoke_async"}
{"timestamp":"2026-09-17T11:08:06.004240Z","level":"INFO","message":"cron trigger fired","trigger_id":"trg_01m2qgss8tng92pkacgrmgf5a0","scheduled_at":"2026-09-17T11:08:06Z","invocation_id":"inv_01m2qgtsfjy1pneq1bqghbx847","revision_id":"rev_01m2qgsnkxbmrzegpezdpx0cg4","replayed":false,"target":"tachyon_serverless_application::services::triggers"}
{"timestamp":"2026-09-17T11:08:06.021159Z","level":"INFO","message":"asynchronous run claimed","invocation_id":"inv_01m2qgtsfjy1pneq1bqghbx847","attempt":1,"generation":0,"delivery_count":1,"target":"tachyon_serverless_application::services::invoke_async::dispatch"}
{"timestamp":"2026-09-17T11:08:06.556375Z","level":"INFO","message":"bridge spawned","environment_id":"env_01m2qgtsg5djf43t2zx0rpm8r6","pid":3867,"target":"tachyon_serverless_provider_process"}
{"timestamp":"2026-09-17T11:08:06.749408Z","level":"INFO","message":"invocation finished","invocation_id":"inv_01m2qgtsfjy1pneq1bqghbx847","status":"succeeded (async run)","handler_ms":30,"environment_boot_ms":21,"runtime_init_ms":130,"target":"tachyon_serverless_application::services::invoke"}
{"timestamp":"2026-09-17T11:08:06.756804Z","level":"INFO","message":"terminating bridge","environment_id":"env_01m2qgtsg5djf43t2zx0rpm8r6","pid":3867,"reason":"Completed","graceful":true,"target":"tachyon_serverless_provider_process"}
{"timestamp":"2026-09-17T11:08:06.796650Z","level":"INFO","message":"asynchronous invocation settled","invocation_id":"inv_01m2qgtsfjy1pneq1bqghbx847","status":"succeeded","target":"tachyon_serverless_application::services::invoke_async::dispatch"}
{"timestamp":"2026-09-17T11:08:06.811465Z","level":"INFO","message":"async dispatch: delivery handled","message_id":"inv_01m2qgtsfjy1pneq1bqghbx847","sequence":31,"delivery_count":1,"outcome":"Completed { status: \"succeeded\" }","target":"tachyon_serverless_application::services::invoke_async::dispatch"}
{"timestamp":"2026-09-17T11:08:08.005222Z","level":"INFO","message":"asynchronous invocation accepted","invocation_id":"inv_01m2qgtve3m7zxmmd21k1j87dv","tenant_id":"tn_01hzzzzzzzzzzzzzzzzzzzzzza","revision_id":"rev_01m2qgsnkxbmrzegpezdpx0cg4","input_bytes":180,"input_storage":"inline","target":"tachyon_serverless_application::services::invoke_async"}
{"timestamp":"2026-09-17T11:08:08.005369Z","level":"INFO","message":"cron trigger fired","trigger_id":"trg_01m2qgss8tng92pkacgrmgf5a0","scheduled_at":"2026-09-17T11:08:08Z","invocation_id":"inv_01m2qgtve3m7zxmmd21k1j87dv","revision_id":"rev_01m2qgsnkxbmrzegpezdpx0cg4","replayed":false,"target":"tachyon_serverless_application::services::triggers"}
{"timestamp":"2026-09-17T11:08:08.023812Z","level":"INFO","message":"asynchronous run claimed","invocation_id":"inv_01m2qgtve3m7zxmmd21k1j87dv","attempt":1,"generation":0,"delivery_count":1,"target":"tachyon_serverless_application::services::invoke_async::dispatch"}
{"timestamp":"2026-09-17T11:08:08.520210Z","level":"INFO","message":"bridge spawned","environment_id":"env_01m2qgtvetwqyedcg820ptayjt","pid":3925,"target":"tachyon_serverless_provider_process"}
{"timestamp":"2026-09-17T11:08:08.673049Z","level":"INFO","message":"invocation finished","invocation_id":"inv_01m2qgtve3m7zxmmd21k1j87dv","status":"succeeded (async run)","handler_ms":53,"environment_boot_ms":13,"runtime_init_ms":83,"target":"tachyon_serverless_application::services::invoke"}
{"timestamp":"2026-09-17T11:08:08.688170Z","level":"INFO","message":"terminating bridge","environment_id":"env_01m2qgtvetwqyedcg820ptayjt","pid":3925,"reason":"Completed","graceful":true,"target":"tachyon_serverless_provider_process"}
{"timestamp":"2026-09-17T11:08:08.723623Z","level":"INFO","message":"asynchronous invocation settled","invocation_id":"inv_01m2qgtve3m7zxmmd21k1j87dv","status":"succeeded","target":"tachyon_serverless_application::services::invoke_async::dispatch"}
{"timestamp":"2026-09-17T11:08:08.770311Z","level":"INFO","message":"async dispatch: delivery handled","message_id":"inv_01m2qgtve3m7zxmmd21k1j87dv","sequence":32,"delivery_count":1,"outcome":"Completed { status: \"succeeded\" }","target":"tachyon_serverless_application::services::invoke_async::dispatch"}
{"timestamp":"2026-09-17T11:08:10.014353Z","level":"INFO","message":"asynchronous invocation accepted","invocation_id":"inv_01m2qgtxcv6narrhyqqzfhbjeq","tenant_id":"tn_01hzzzzzzzzzzzzzzzzzzzzzza","revision_id":"rev_01m2qgsnkxbmrzegpezdpx0cg4","input_bytes":180,"input_storage":"inline","target":"tachyon_serverless_application::services::invoke_async"}
{"timestamp":"2026-09-17T11:08:10.014512Z","level":"INFO","message":"cron trigger fired","trigger_id":"trg_01m2qgss8tng92pkacgrmgf5a0","scheduled_at":"2026-09-17T11:08:10Z","invocation_id":"inv_01m2qgtxcv6narrhyqqzfhbjeq","revision_id":"rev_01m2qgsnkxbmrzegpezdpx0cg4","replayed":false,"target":"tachyon_serverless_application::services::triggers"}
{"timestamp":"2026-09-17T11:08:10.079738Z","level":"INFO","message":"asynchronous run claimed","invocation_id":"inv_01m2qgtxcv6narrhyqqzfhbjeq","attempt":1,"generation":0,"delivery_count":1,"target":"tachyon_serverless_application::services::invoke_async::dispatch"}
{"timestamp":"2026-09-17T11:08:10.612799Z","level":"INFO","message":"bridge spawned","environment_id":"env_01m2qgtxf01vjrsfrsakg806m9","pid":3994,"target":"tachyon_serverless_provider_process"}
{"timestamp":"2026-09-17T11:08:10.751325Z","level":"INFO","message":"invocation finished","invocation_id":"inv_01m2qgtxcv6narrhyqqzfhbjeq","status":"succeeded (async run)","handler_ms":7,"environment_boot_ms":80,"runtime_init_ms":49,"target":"tachyon_serverless_application::services::invoke"}
{"timestamp":"2026-09-17T11:08:10.754047Z","level":"INFO","message":"terminating bridge","environment_id":"env_01m2qgtxf01vjrsfrsakg806m9","pid":3994,"reason":"Completed","graceful":true,"target":"tachyon_serverless_provider_process"}
{"timestamp":"2026-09-17T11:08:10.773715Z","level":"INFO","message":"asynchronous invocation settled","invocation_id":"inv_01m2qgtxcv6narrhyqqzfhbjeq","status":"succeeded","target":"tachyon_serverless_application::services::invoke_async::dispatch"}
{"timestamp":"2026-09-17T11:08:10.787404Z","level":"INFO","message":"async dispatch: delivery handled","message_id":"inv_01m2qgtxcv6narrhyqqzfhbjeq","sequence":33,"delivery_count":1,"outcome":"Completed { status: \"succeeded\" }","target":"tachyon_serverless_application::services::invoke_async::dispatch"}
{"timestamp":"2026-09-17T11:08:12.005463Z","level":"INFO","message":"asynchronous invocation accepted","invocation_id":"inv_01m2qgtzb4ff6dbrjmrfsv92tn","tenant_id":"tn_01hzzzzzzzzzzzzzzzzzzzzzza","revision_id":"rev_01m2qgsnkxbmrzegpezdpx0cg4","input_bytes":180,"input_storage":"inline","target":"tachyon_serverless_application::services::invoke_async"}
{"timestamp":"2026-09-17T11:08:12.005687Z","level":"INFO","message":"cron trigger fired","trigger_id":"trg_01m2qgss8tng92pkacgrmgf5a0","scheduled_at":"2026-09-17T11:08:12Z","invocation_id":"inv_01m2qgtzb4ff6dbrjmrfsv92tn","revision_id":"rev_01m2qgsnkxbmrzegpezdpx0cg4","replayed":false,"target":"tachyon_serverless_application::services::triggers"}
{"timestamp":"2026-09-17T11:08:12.032932Z","level":"INFO","message":"asynchronous run claimed","invocation_id":"inv_01m2qgtzb4ff6dbrjmrfsv92tn","attempt":1,"generation":0,"delivery_count":1,"target":"tachyon_serverless_application::services::invoke_async::dispatch"}
{"timestamp":"2026-09-17T11:08:12.507871Z","level":"INFO","message":"bridge spawned","environment_id":"env_01m2qgtzcc62hhjbzrkftmp9be","pid":4067,"target":"tachyon_serverless_provider_process"}
{"timestamp":"2026-09-17T11:08:12.600379Z","level":"INFO","message":"invocation finished","invocation_id":"inv_01m2qgtzb4ff6dbrjmrfsv92tn","status":"succeeded (async run)","handler_ms":9,"environment_boot_ms":19,"runtime_init_ms":62,"target":"tachyon_serverless_application::services::invoke"}
{"timestamp":"2026-09-17T11:08:12.602859Z","level":"INFO","message":"terminating bridge","environment_id":"env_01m2qgtzcc62hhjbzrkftmp9be","pid":4067,"reason":"Completed","graceful":true,"target":"tachyon_serverless_provider_process"}
{"timestamp":"2026-09-17T11:08:12.629145Z","level":"INFO","message":"asynchronous invocation settled","invocation_id":"inv_01m2qgtzb4ff6dbrjmrfsv92tn","status":"succeeded","target":"tachyon_serverless_application::services::invoke_async::dispatch"}
{"timestamp":"2026-09-17T11:08:12.649353Z","level":"INFO","message":"async dispatch: delivery handled","message_id":"inv_01m2qgtzb4ff6dbrjmrfsv92tn","sequence":34,"delivery_count":1,"outcome":"Completed { status: \"succeeded\" }","target":"tachyon_serverless_application::services::invoke_async::dispatch"}
{"timestamp":"2026-09-17T11:08:14.005739Z","level":"INFO","message":"asynchronous invocation accepted","invocation_id":"inv_01m2qgv19k6keg0jxpfvwd4kyk","tenant_id":"tn_01hzzzzzzzzzzzzzzzzzzzzzza","revision_id":"rev_01m2qgsnkxbmrzegpezdpx0cg4","input_bytes":180,"input_storage":"inline","target":"tachyon_serverless_application::services::invoke_async"}
{"timestamp":"2026-09-17T11:08:14.005842Z","level":"INFO","message":"cron trigger fired","trigger_id":"trg_01m2qgss8tng92pkacgrmgf5a0","scheduled_at":"2026-09-17T11:08:14Z","invocation_id":"inv_01m2qgv19k6keg0jxpfvwd4kyk","revision_id":"rev_01m2qgsnkxbmrzegpezdpx0cg4","replayed":false,"target":"tachyon_serverless_application::services::triggers"}
{"timestamp":"2026-09-17T11:08:14.025787Z","level":"INFO","message":"asynchronous run claimed","invocation_id":"inv_01m2qgv19k6keg0jxpfvwd4kyk","attempt":1,"generation":0,"delivery_count":1,"target":"tachyon_serverless_application::services::invoke_async::dispatch"}
{"timestamp":"2026-09-17T11:08:14.660074Z","level":"INFO","message":"bridge spawned","environment_id":"env_01m2qgv1abgcx2azs1d9fex1rp","pid":4167,"target":"tachyon_serverless_provider_process"}
{"timestamp":"2026-09-17T11:08:14.741282Z","level":"INFO","message":"invocation finished","invocation_id":"inv_01m2qgv19k6keg0jxpfvwd4kyk","status":"succeeded (async run)","handler_ms":12,"environment_boot_ms":25,"runtime_init_ms":39,"target":"tachyon_serverless_application::services::invoke"}
{"timestamp":"2026-09-17T11:08:14.748891Z","level":"INFO","message":"terminating bridge","environment_id":"env_01m2qgv1abgcx2azs1d9fex1rp","pid":4167,"reason":"Completed","graceful":true,"target":"tachyon_serverless_provider_process"}
{"timestamp":"2026-09-17T11:08:14.793325Z","level":"INFO","message":"asynchronous invocation settled","invocation_id":"inv_01m2qgv19k6keg0jxpfvwd4kyk","status":"succeeded","target":"tachyon_serverless_application::services::invoke_async::dispatch"}
{"timestamp":"2026-09-17T11:08:14.823019Z","level":"INFO","message":"async dispatch: delivery handled","message_id":"inv_01m2qgv19k6keg0jxpfvwd4kyk","sequence":35,"delivery_count":1,"outcome":"Completed { status: \"succeeded\" }","target":"tachyon_serverless_application::services::invoke_async::dispatch"}
{"timestamp":"2026-09-17T11:08:16.008459Z","level":"INFO","message":"asynchronous invocation accepted","invocation_id":"inv_01m2qgv3858wwhehnmbfc1fvak","tenant_id":"tn_01hzzzzzzzzzzzzzzzzzzzzzza","revision_id":"rev_01m2qgsnkxbmrzegpezdpx0cg4","input_bytes":180,"input_storage":"inline","target":"tachyon_serverless_application::services::invoke_async"}
{"timestamp":"2026-09-17T11:08:16.008641Z","level":"INFO","message":"cron trigger fired","trigger_id":"trg_01m2qgss8tng92pkacgrmgf5a0","scheduled_at":"2026-09-17T11:08:16Z","invocation_id":"inv_01m2qgv3858wwhehnmbfc1fvak","revision_id":"rev_01m2qgsnkxbmrzegpezdpx0cg4","replayed":false,"target":"tachyon_serverless_application::services::triggers"}
{"timestamp":"2026-09-17T11:08:16.026530Z","level":"INFO","message":"asynchronous run claimed","invocation_id":"inv_01m2qgv3858wwhehnmbfc1fvak","attempt":1,"generation":0,"delivery_count":1,"target":"tachyon_serverless_application::services::invoke_async::dispatch"}
{"timestamp":"2026-09-17T11:08:16.643791Z","level":"INFO","message":"bridge spawned","environment_id":"env_01m2qgv38v90ktetb06rvzd3xx","pid":4258,"target":"tachyon_serverless_provider_process"}
{"timestamp":"2026-09-17T11:08:16.705941Z","level":"INFO","message":"invocation finished","invocation_id":"inv_01m2qgv3858wwhehnmbfc1fvak","status":"succeeded (async run)","handler_ms":17,"environment_boot_ms":12,"runtime_init_ms":31,"target":"tachyon_serverless_application::services::invoke"}
{"timestamp":"2026-09-17T11:08:16.709638Z","level":"INFO","message":"terminating bridge","environment_id":"env_01m2qgv38v90ktetb06rvzd3xx","pid":4258,"reason":"Completed","graceful":true,"target":"tachyon_serverless_provider_process"}
{"timestamp":"2026-09-17T11:08:16.742867Z","level":"INFO","message":"asynchronous invocation settled","invocation_id":"inv_01m2qgv3858wwhehnmbfc1fvak","status":"succeeded","target":"tachyon_serverless_application::services::invoke_async::dispatch"}
{"timestamp":"2026-09-17T11:08:16.760936Z","level":"INFO","message":"async dispatch: delivery handled","message_id":"inv_01m2qgv3858wwhehnmbfc1fvak","sequence":36,"delivery_count":1,"outcome":"Completed { status: \"succeeded\" }","target":"tachyon_serverless_application::services::invoke_async::dispatch"}
{"timestamp":"2026-09-17T11:08:18.009337Z","level":"INFO","message":"asynchronous invocation accepted","invocation_id":"inv_01m2qgv56rj2j6y7cpzkgmaxs7","tenant_id":"tn_01hzzzzzzzzzzzzzzzzzzzzzza","revision_id":"rev_01m2qgsnkxbmrzegpezdpx0cg4","input_bytes":180,"input_storage":"inline","target":"tachyon_serverless_application::services::invoke_async"}
{"timestamp":"2026-09-17T11:08:18.009603Z","level":"INFO","message":"cron trigger fired","trigger_id":"trg_01m2qgss8tng92pkacgrmgf5a0","scheduled_at":"2026-09-17T11:08:18Z","invocation_id":"inv_01m2qgv56rj2j6y7cpzkgmaxs7","revision_id":"rev_01m2qgsnkxbmrzegpezdpx0cg4","replayed":false,"target":"tachyon_serverless_application::services::triggers"}
{"timestamp":"2026-09-17T11:08:18.040768Z","level":"INFO","message":"asynchronous run claimed","invocation_id":"inv_01m2qgv56rj2j6y7cpzkgmaxs7","attempt":1,"generation":0,"delivery_count":1,"target":"tachyon_serverless_application::services::invoke_async::dispatch"}
{"timestamp":"2026-09-17T11:08:18.449602Z","level":"INFO","message":"bridge spawned","environment_id":"env_01m2qgv57wjv4nk7nwgzsdss6c","pid":4325,"target":"tachyon_serverless_provider_process"}
{"timestamp":"2026-09-17T11:08:18.504123Z","level":"INFO","message":"invocation finished","invocation_id":"inv_01m2qgv56rj2j6y7cpzkgmaxs7","status":"succeeded (async run)","handler_ms":5,"environment_boot_ms":16,"runtime_init_ms":31,"target":"tachyon_serverless_application::services::invoke"}
{"timestamp":"2026-09-17T11:08:18.507083Z","level":"INFO","message":"terminating bridge","environment_id":"env_01m2qgv57wjv4nk7nwgzsdss6c","pid":4325,"reason":"Completed","graceful":true,"target":"tachyon_serverless_provider_process"}
{"timestamp":"2026-09-17T11:08:18.519994Z","level":"INFO","message":"asynchronous invocation settled","invocation_id":"inv_01m2qgv56rj2j6y7cpzkgmaxs7","status":"succeeded","target":"tachyon_serverless_application::services::invoke_async::dispatch"}
{"timestamp":"2026-09-17T11:08:18.537884Z","level":"INFO","message":"async dispatch: delivery handled","message_id":"inv_01m2qgv56rj2j6y7cpzkgmaxs7","sequence":37,"delivery_count":1,"outcome":"Completed { status: \"succeeded\" }","target":"tachyon_serverless_application::services::invoke_async::dispatch"}
{"timestamp":"2026-09-17T11:08:20.004806Z","level":"INFO","message":"asynchronous invocation accepted","invocation_id":"inv_01m2qgv753e4gmtqf6gw1mfs03","tenant_id":"tn_01hzzzzzzzzzzzzzzzzzzzzzza","revision_id":"rev_01m2qgsnkxbmrzegpezdpx0cg4","input_bytes":180,"input_storage":"inline","target":"tachyon_serverless_application::services::invoke_async"}
{"timestamp":"2026-09-17T11:08:20.004914Z","level":"INFO","message":"cron trigger fired","trigger_id":"trg_01m2qgss8tng92pkacgrmgf5a0","scheduled_at":"2026-09-17T11:08:20Z","invocation_id":"inv_01m2qgv753e4gmtqf6gw1mfs03","revision_id":"rev_01m2qgsnkxbmrzegpezdpx0cg4","replayed":false,"target":"tachyon_serverless_application::services::triggers"}
{"timestamp":"2026-09-17T11:08:20.021505Z","level":"INFO","message":"asynchronous run claimed","invocation_id":"inv_01m2qgv753e4gmtqf6gw1mfs03","attempt":1,"generation":0,"delivery_count":1,"target":"tachyon_serverless_application::services::invoke_async::dispatch"}
{"timestamp":"2026-09-17T11:08:20.529567Z","level":"INFO","message":"bridge spawned","environment_id":"env_01m2qgv75p5n734xw5wr4grt0c","pid":4402,"target":"tachyon_serverless_provider_process"}
{"timestamp":"2026-09-17T11:08:20.635962Z","level":"INFO","message":"invocation finished","invocation_id":"inv_01m2qgv753e4gmtqf6gw1mfs03","status":"succeeded (async run)","handler_ms":32,"environment_boot_ms":31,"runtime_init_ms":39,"target":"tachyon_serverless_application::services::invoke"}
{"timestamp":"2026-09-17T11:08:20.639386Z","level":"INFO","message":"terminating bridge","environment_id":"env_01m2qgv75p5n734xw5wr4grt0c","pid":4402,"reason":"Completed","graceful":true,"target":"tachyon_serverless_provider_process"}
{"timestamp":"2026-09-17T11:08:20.657720Z","level":"INFO","message":"asynchronous invocation settled","invocation_id":"inv_01m2qgv753e4gmtqf6gw1mfs03","status":"succeeded","target":"tachyon_serverless_application::services::invoke_async::dispatch"}
{"timestamp":"2026-09-17T11:08:20.668163Z","level":"INFO","message":"async dispatch: delivery handled","message_id":"inv_01m2qgv753e4gmtqf6gw1mfs03","sequence":38,"delivery_count":1,"outcome":"Completed { status: \"succeeded\" }","target":"tachyon_serverless_application::services::invoke_async::dispatch"}
{"timestamp":"2026-09-17T11:08:21.302527Z","level":"INFO","message":"object retention pass","report":"GcReport { examined: 1, collected_expired: 0, collected_orphans: 0, kept_in_use: 0, kept_referenced: 1, incomplete_removed: 0, tombstones_purged: 0, failed: 0 }","target":"tachyon_serverless_gateway"}
{"timestamp":"2026-09-17T11:08:22.005489Z","level":"INFO","message":"asynchronous invocation accepted","invocation_id":"inv_01m2qgv93m2p7hdzm30men64xv","tenant_id":"tn_01hzzzzzzzzzzzzzzzzzzzzzza","revision_id":"rev_01m2qgsnkxbmrzegpezdpx0cg4","input_bytes":180,"input_storage":"inline","target":"tachyon_serverless_application::services::invoke_async"}
{"timestamp":"2026-09-17T11:08:22.005580Z","level":"INFO","message":"cron trigger fired","trigger_id":"trg_01m2qgss8tng92pkacgrmgf5a0","scheduled_at":"2026-09-17T11:08:22Z","invocation_id":"inv_01m2qgv93m2p7hdzm30men64xv","revision_id":"rev_01m2qgsnkxbmrzegpezdpx0cg4","replayed":false,"target":"tachyon_serverless_application::services::triggers"}
{"timestamp":"2026-09-17T11:08:22.033557Z","level":"INFO","message":"asynchronous run claimed","invocation_id":"inv_01m2qgv93m2p7hdzm30men64xv","attempt":1,"generation":0,"delivery_count":1,"target":"tachyon_serverless_application::services::invoke_async::dispatch"}
{"timestamp":"2026-09-17T11:08:22.499322Z","level":"INFO","message":"bridge spawned","environment_id":"env_01m2qgv94jga5g60yfyw0df9gd","pid":4488,"target":"tachyon_serverless_provider_process"}
{"timestamp":"2026-09-17T11:08:22.604868Z","level":"INFO","message":"invocation finished","invocation_id":"inv_01m2qgv93m2p7hdzm30men64xv","status":"succeeded (async run)","handler_ms":3,"environment_boot_ms":22,"runtime_init_ms":79,"target":"tachyon_serverless_application::services::invoke"}
{"timestamp":"2026-09-17T11:08:22.607827Z","level":"INFO","message":"terminating bridge","environment_id":"env_01m2qgv94jga5g60yfyw0df9gd","pid":4488,"reason":"Completed","graceful":true,"target":"tachyon_serverless_provider_process"}
{"timestamp":"2026-09-17T11:08:22.621963Z","level":"INFO","message":"asynchronous invocation settled","invocation_id":"inv_01m2qgv93m2p7hdzm30men64xv","status":"succeeded","target":"tachyon_serverless_application::services::invoke_async::dispatch"}
{"timestamp":"2026-09-17T11:08:22.629820Z","level":"INFO","message":"async dispatch: delivery handled","message_id":"inv_01m2qgv93m2p7hdzm30men64xv","sequence":39,"delivery_count":1,"outcome":"Completed { status: \"succeeded\" }","target":"tachyon_serverless_application::services::invoke_async::dispatch"}
{"timestamp":"2026-09-17T11:08:23.300495Z","level":"INFO","message":"object retention pass","report":"GcReport { examined: 2, collected_expired: 0, collected_orphans: 0, kept_in_use: 0, kept_referenced: 2, incomplete_removed: 0, tombstones_purged: 0, failed: 0 }","target":"tachyon_serverless_gateway"}
{"timestamp":"2026-09-17T11:08:24.004614Z","level":"INFO","message":"asynchronous invocation accepted","invocation_id":"inv_01m2qgvb23zqc7gz9v7nsk1ph6","tenant_id":"tn_01hzzzzzzzzzzzzzzzzzzzzzza","revision_id":"rev_01m2qgsnkxbmrzegpezdpx0cg4","input_bytes":180,"input_storage":"inline","target":"tachyon_serverless_application::services::invoke_async"}
{"timestamp":"2026-09-17T11:08:24.004723Z","level":"INFO","message":"cron trigger fired","trigger_id":"trg_01m2qgss8tng92pkacgrmgf5a0","scheduled_at":"2026-09-17T11:08:24Z","invocation_id":"inv_01m2qgvb23zqc7gz9v7nsk1ph6","revision_id":"rev_01m2qgsnkxbmrzegpezdpx0cg4","replayed":false,"target":"tachyon_serverless_application::services::triggers"}
{"timestamp":"2026-09-17T11:08:24.024908Z","level":"INFO","message":"asynchronous run claimed","invocation_id":"inv_01m2qgvb23zqc7gz9v7nsk1ph6","attempt":1,"generation":0,"delivery_count":1,"target":"tachyon_serverless_application::services::invoke_async::dispatch"}
{"timestamp":"2026-09-17T11:08:24.467244Z","level":"INFO","message":"bridge spawned","environment_id":"env_01m2qgvb36mxjcnpcab7n5aggw","pid":4571,"target":"tachyon_serverless_provider_process"}
{"timestamp":"2026-09-17T11:08:24.524312Z","level":"INFO","message":"invocation finished","invocation_id":"inv_01m2qgvb23zqc7gz9v7nsk1ph6","status":"succeeded (async run)","handler_ms":7,"environment_boot_ms":19,"runtime_init_ms":29,"target":"tachyon_serverless_application::services::invoke"}
{"timestamp":"2026-09-17T11:08:24.527251Z","level":"INFO","message":"terminating bridge","environment_id":"env_01m2qgvb36mxjcnpcab7n5aggw","pid":4571,"reason":"Completed","graceful":true,"target":"tachyon_serverless_provider_process"}
{"timestamp":"2026-09-17T11:08:24.564055Z","level":"INFO","message":"asynchronous invocation settled","invocation_id":"inv_01m2qgvb23zqc7gz9v7nsk1ph6","status":"succeeded","target":"tachyon_serverless_application::services::invoke_async::dispatch"}
{"timestamp":"2026-09-17T11:08:24.577465Z","level":"INFO","message":"async dispatch: delivery handled","message_id":"inv_01m2qgvb23zqc7gz9v7nsk1ph6","sequence":40,"delivery_count":1,"outcome":"Completed { status: \"succeeded\" }","target":"tachyon_serverless_application::services::invoke_async::dispatch"}
{"timestamp":"2026-09-17T11:08:25.301204Z","level":"INFO","message":"object retention pass","report":"GcReport { examined: 2, collected_expired: 0, collected_orphans: 0, kept_in_use: 0, kept_referenced: 2, incomplete_removed: 0, tombstones_purged: 0, failed: 0 }","target":"tachyon_serverless_gateway"}
{"timestamp":"2026-09-17T11:08:26.005814Z","level":"INFO","message":"asynchronous invocation accepted","invocation_id":"inv_01m2qgvd0mmnnfp4jr1fgmnzn2","tenant_id":"tn_01hzzzzzzzzzzzzzzzzzzzzzza","revision_id":"rev_01m2qgsnkxbmrzegpezdpx0cg4","input_bytes":180,"input_storage":"inline","target":"tachyon_serverless_application::services::invoke_async"}
{"timestamp":"2026-09-17T11:08:26.005922Z","level":"INFO","message":"cron trigger fired","trigger_id":"trg_01m2qgss8tng92pkacgrmgf5a0","scheduled_at":"2026-09-17T11:08:26Z","invocation_id":"inv_01m2qgvd0mmnnfp4jr1fgmnzn2","revision_id":"rev_01m2qgsnkxbmrzegpezdpx0cg4","replayed":false,"target":"tachyon_serverless_application::services::triggers"}
{"timestamp":"2026-09-17T11:08:26.039322Z","level":"INFO","message":"asynchronous run claimed","invocation_id":"inv_01m2qgvd0mmnnfp4jr1fgmnzn2","attempt":1,"generation":0,"delivery_count":1,"target":"tachyon_serverless_application::services::invoke_async::dispatch"}
{"timestamp":"2026-09-17T11:08:26.527985Z","level":"INFO","message":"bridge spawned","environment_id":"env_01m2qgvd1rqnhwzcedjgxdsz49","pid":4656,"target":"tachyon_serverless_provider_process"}
{"timestamp":"2026-09-17T11:08:26.588929Z","level":"INFO","message":"invocation finished","invocation_id":"inv_01m2qgvd0mmnnfp4jr1fgmnzn2","status":"succeeded (async run)","handler_ms":9,"environment_boot_ms":16,"runtime_init_ms":37,"target":"tachyon_serverless_application::services::invoke"}
{"timestamp":"2026-09-17T11:08:26.591372Z","level":"INFO","message":"terminating bridge","environment_id":"env_01m2qgvd1rqnhwzcedjgxdsz49","pid":4656,"reason":"Completed","graceful":true,"target":"tachyon_serverless_provider_process"}
{"timestamp":"2026-09-17T11:08:26.607288Z","level":"INFO","message":"asynchronous invocation settled","invocation_id":"inv_01m2qgvd0mmnnfp4jr1fgmnzn2","status":"succeeded","target":"tachyon_serverless_application::services::invoke_async::dispatch"}
{"timestamp":"2026-09-17T11:08:26.615915Z","level":"INFO","message":"async dispatch: delivery handled","message_id":"inv_01m2qgvd0mmnnfp4jr1fgmnzn2","sequence":41,"delivery_count":1,"outcome":"Completed { status: \"succeeded\" }","target":"tachyon_serverless_application::services::invoke_async::dispatch"}
{"timestamp":"2026-09-17T11:08:27.297531Z","level":"INFO","message":"object retention pass","report":"GcReport { examined: 3, collected_expired: 0, collected_orphans: 0, kept_in_use: 0, kept_referenced: 3, incomplete_removed: 0, tombstones_purged: 0, failed: 0 }","target":"tachyon_serverless_gateway"}
{"timestamp":"2026-09-17T11:08:28.004142Z","level":"INFO","message":"asynchronous invocation accepted","invocation_id":"inv_01m2qgvez2frgrtfzb58zaatw4","tenant_id":"tn_01hzzzzzzzzzzzzzzzzzzzzzza","revision_id":"rev_01m2qgsnkxbmrzegpezdpx0cg4","input_bytes":180,"input_storage":"inline","target":"tachyon_serverless_application::services::invoke_async"}
{"timestamp":"2026-09-17T11:08:28.004232Z","level":"INFO","message":"cron trigger fired","trigger_id":"trg_01m2qgss8tng92pkacgrmgf5a0","scheduled_at":"2026-09-17T11:08:28Z","invocation_id":"inv_01m2qgvez2frgrtfzb58zaatw4","revision_id":"rev_01m2qgsnkxbmrzegpezdpx0cg4","replayed":false,"target":"tachyon_serverless_application::services::triggers"}
{"timestamp":"2026-09-17T11:08:28.015035Z","level":"INFO","message":"asynchronous run claimed","invocation_id":"inv_01m2qgvez2frgrtfzb58zaatw4","attempt":1,"generation":0,"delivery_count":1,"target":"tachyon_serverless_application::services::invoke_async::dispatch"}
{"timestamp":"2026-09-17T11:08:28.590541Z","level":"INFO","message":"bridge spawned","environment_id":"env_01m2qgvezms57y2arn2w28thhw","pid":4752,"target":"tachyon_serverless_provider_process"}
{"timestamp":"2026-09-17T11:08:28.761440Z","level":"INFO","message":"invocation finished","invocation_id":"inv_01m2qgvez2frgrtfzb58zaatw4","status":"succeeded (async run)","handler_ms":3,"environment_boot_ms":96,"runtime_init_ms":72,"target":"tachyon_serverless_application::services::invoke"}
{"timestamp":"2026-09-17T11:08:28.763635Z","level":"INFO","message":"terminating bridge","environment_id":"env_01m2qgvezms57y2arn2w28thhw","pid":4752,"reason":"Completed","graceful":true,"target":"tachyon_serverless_provider_process"}
{"timestamp":"2026-09-17T11:08:28.773055Z","level":"INFO","message":"asynchronous invocation settled","invocation_id":"inv_01m2qgvez2frgrtfzb58zaatw4","status":"succeeded","target":"tachyon_serverless_application::services::invoke_async::dispatch"}
{"timestamp":"2026-09-17T11:08:28.781040Z","level":"INFO","message":"async dispatch: delivery handled","message_id":"inv_01m2qgvez2frgrtfzb58zaatw4","sequence":42,"delivery_count":1,"outcome":"Completed { status: \"succeeded\" }","target":"tachyon_serverless_application::services::invoke_async::dispatch"}
{"timestamp":"2026-09-17T11:08:29.302865Z","level":"INFO","message":"object retention pass","report":"GcReport { examined: 3, collected_expired: 0, collected_orphans: 0, kept_in_use: 0, kept_referenced: 3, incomplete_removed: 0, tombstones_purged: 0, failed: 0 }","target":"tachyon_serverless_gateway"}
{"timestamp":"2026-09-17T11:08:30.005790Z","level":"INFO","message":"asynchronous invocation accepted","invocation_id":"inv_01m2qgvgxm27nk1h65qz7gh5q5","tenant_id":"tn_01hzzzzzzzzzzzzzzzzzzzzzza","revision_id":"rev_01m2qgsnkxbmrzegpezdpx0cg4","input_bytes":180,"input_storage":"inline","target":"tachyon_serverless_application::services::invoke_async"}
{"timestamp":"2026-09-17T11:08:30.005903Z","level":"INFO","message":"cron trigger fired","trigger_id":"trg_01m2qgss8tng92pkacgrmgf5a0","scheduled_at":"2026-09-17T11:08:30Z","invocation_id":"inv_01m2qgvgxm27nk1h65qz7gh5q5","revision_id":"rev_01m2qgsnkxbmrzegpezdpx0cg4","replayed":false,"target":"tachyon_serverless_application::services::triggers"}
{"timestamp":"2026-09-17T11:08:30.024470Z","level":"INFO","message":"asynchronous run claimed","invocation_id":"inv_01m2qgvgxm27nk1h65qz7gh5q5","attempt":1,"generation":0,"delivery_count":1,"target":"tachyon_serverless_application::services::invoke_async::dispatch"}
{"timestamp":"2026-09-17T11:08:30.468189Z","level":"INFO","message":"bridge spawned","environment_id":"env_01m2qgvgymvengpev4q0z6qndp","pid":4821,"target":"tachyon_serverless_provider_process"}
{"timestamp":"2026-09-17T11:08:30.554338Z","level":"INFO","message":"invocation finished","invocation_id":"inv_01m2qgvgxm27nk1h65qz7gh5q5","status":"succeeded (async run)","handler_ms":8,"environment_boot_ms":21,"runtime_init_ms":56,"target":"tachyon_serverless_application::services::invoke"}
{"timestamp":"2026-09-17T11:08:30.557677Z","level":"INFO","message":"terminating bridge","environment_id":"env_01m2qgvgymvengpev4q0z6qndp","pid":4821,"reason":"Completed","graceful":true,"target":"tachyon_serverless_provider_process"}
{"timestamp":"2026-09-17T11:08:30.587184Z","level":"INFO","message":"asynchronous invocation settled","invocation_id":"inv_01m2qgvgxm27nk1h65qz7gh5q5","status":"succeeded","target":"tachyon_serverless_application::services::invoke_async::dispatch"}
{"timestamp":"2026-09-17T11:08:30.599591Z","level":"INFO","message":"async dispatch: delivery handled","message_id":"inv_01m2qgvgxm27nk1h65qz7gh5q5","sequence":43,"delivery_count":1,"outcome":"Completed { status: \"succeeded\" }","target":"tachyon_serverless_application::services::invoke_async::dispatch"}
{"timestamp":"2026-09-17T11:08:31.310575Z","level":"INFO","message":"object retention pass","report":"GcReport { examined: 4, collected_expired: 0, collected_orphans: 1, kept_in_use: 0, kept_referenced: 3, incomplete_removed: 0, tombstones_purged: 0, failed: 0 }","target":"tachyon_serverless_gateway"}
{"timestamp":"2026-09-17T11:08:32.005164Z","level":"INFO","message":"asynchronous invocation accepted","invocation_id":"inv_01m2qgvjw3g59qwk9ynrfmbbp3","tenant_id":"tn_01hzzzzzzzzzzzzzzzzzzzzzza","revision_id":"rev_01m2qgsnkxbmrzegpezdpx0cg4","input_bytes":180,"input_storage":"inline","target":"tachyon_serverless_application::services::invoke_async"}
{"timestamp":"2026-09-17T11:08:32.005254Z","level":"INFO","message":"cron trigger fired","trigger_id":"trg_01m2qgss8tng92pkacgrmgf5a0","scheduled_at":"2026-09-17T11:08:32Z","invocation_id":"inv_01m2qgvjw3g59qwk9ynrfmbbp3","revision_id":"rev_01m2qgsnkxbmrzegpezdpx0cg4","replayed":false,"target":"tachyon_serverless_application::services::triggers"}
{"timestamp":"2026-09-17T11:08:32.021637Z","level":"INFO","message":"asynchronous run claimed","invocation_id":"inv_01m2qgvjw3g59qwk9ynrfmbbp3","attempt":1,"generation":0,"delivery_count":1,"target":"tachyon_serverless_application::services::invoke_async::dispatch"}
{"timestamp":"2026-09-17T11:08:32.476991Z","level":"INFO","message":"bridge spawned","environment_id":"env_01m2qgvjwpepdjpjbbtbmk76xy","pid":4914,"target":"tachyon_serverless_provider_process"}
{"timestamp":"2026-09-17T11:08:32.564820Z","level":"INFO","message":"invocation finished","invocation_id":"inv_01m2qgvjw3g59qwk9ynrfmbbp3","status":"succeeded (async run)","handler_ms":22,"environment_boot_ms":24,"runtime_init_ms":42,"target":"tachyon_serverless_application::services::invoke"}
{"timestamp":"2026-09-17T11:08:32.571322Z","level":"INFO","message":"terminating bridge","environment_id":"env_01m2qgvjwpepdjpjbbtbmk76xy","pid":4914,"reason":"Completed","graceful":true,"target":"tachyon_serverless_provider_process"}
{"timestamp":"2026-09-17T11:08:32.623310Z","level":"INFO","message":"asynchronous invocation settled","invocation_id":"inv_01m2qgvjw3g59qwk9ynrfmbbp3","status":"succeeded","target":"tachyon_serverless_application::services::invoke_async::dispatch"}
{"timestamp":"2026-09-17T11:08:32.649613Z","level":"INFO","message":"async dispatch: delivery handled","message_id":"inv_01m2qgvjw3g59qwk9ynrfmbbp3","sequence":44,"delivery_count":1,"outcome":"Completed { status: \"succeeded\" }","target":"tachyon_serverless_application::services::invoke_async::dispatch"}
{"timestamp":"2026-09-17T11:08:33.307386Z","level":"INFO","message":"object retention pass","report":"GcReport { examined: 3, collected_expired: 0, collected_orphans: 0, kept_in_use: 0, kept_referenced: 3, incomplete_removed: 0, tombstones_purged: 0, failed: 0 }","target":"tachyon_serverless_gateway"}
{"timestamp":"2026-09-17T11:08:34.011427Z","level":"INFO","message":"asynchronous invocation accepted","invocation_id":"inv_01m2qgvmtq484qgwr6g0eh2cjd","tenant_id":"tn_01hzzzzzzzzzzzzzzzzzzzzzza","revision_id":"rev_01m2qgsnkxbmrzegpezdpx0cg4","input_bytes":180,"input_storage":"inline","target":"tachyon_serverless_application::services::invoke_async"}
{"timestamp":"2026-09-17T11:08:34.011605Z","level":"INFO","message":"cron trigger fired","trigger_id":"trg_01m2qgss8tng92pkacgrmgf5a0","scheduled_at":"2026-09-17T11:08:34Z","invocation_id":"inv_01m2qgvmtq484qgwr6g0eh2cjd","revision_id":"rev_01m2qgsnkxbmrzegpezdpx0cg4","replayed":false,"target":"tachyon_serverless_application::services::triggers"}
{"timestamp":"2026-09-17T11:08:34.037831Z","level":"INFO","message":"asynchronous run claimed","invocation_id":"inv_01m2qgvmtq484qgwr6g0eh2cjd","attempt":1,"generation":0,"delivery_count":1,"target":"tachyon_serverless_application::services::invoke_async::dispatch"}
{"timestamp":"2026-09-17T11:08:34.596740Z","level":"INFO","message":"bridge spawned","environment_id":"env_01m2qgvmwaz6twbbq061g2jkh3","pid":5001,"target":"tachyon_serverless_provider_process"}
{"timestamp":"2026-09-17T11:08:34.657077Z","level":"INFO","message":"invocation finished","invocation_id":"inv_01m2qgvmtq484qgwr6g0eh2cjd","status":"succeeded (async run)","handler_ms":13,"environment_boot_ms":16,"runtime_init_ms":29,"target":"tachyon_serverless_application::services::invoke"}
{"timestamp":"2026-09-17T11:08:34.660236Z","level":"INFO","message":"terminating bridge","environment_id":"env_01m2qgvmwaz6twbbq061g2jkh3","pid":5001,"reason":"Completed","graceful":true,"target":"tachyon_serverless_provider_process"}
{"timestamp":"2026-09-17T11:08:34.676978Z","level":"INFO","message":"asynchronous invocation settled","invocation_id":"inv_01m2qgvmtq484qgwr6g0eh2cjd","status":"succeeded","target":"tachyon_serverless_application::services::invoke_async::dispatch"}
{"timestamp":"2026-09-17T11:08:34.685938Z","level":"INFO","message":"async dispatch: delivery handled","message_id":"inv_01m2qgvmtq484qgwr6g0eh2cjd","sequence":45,"delivery_count":1,"outcome":"Completed { status: \"succeeded\" }","target":"tachyon_serverless_application::services::invoke_async::dispatch"}
{"timestamp":"2026-09-17T11:08:35.306332Z","level":"INFO","message":"object retention pass","report":"GcReport { examined: 3, collected_expired: 0, collected_orphans: 0, kept_in_use: 0, kept_referenced: 3, incomplete_removed: 0, tombstones_purged: 0, failed: 0 }","target":"tachyon_serverless_gateway"}
{"timestamp":"2026-09-17T11:08:36.006120Z","level":"INFO","message":"asynchronous invocation accepted","invocation_id":"inv_01m2qgvps4x7sj8mdm04ad2w55","tenant_id":"tn_01hzzzzzzzzzzzzzzzzzzzzzza","revision_id":"rev_01m2qgsnkxbmrzegpezdpx0cg4","input_bytes":180,"input_storage":"inline","target":"tachyon_serverless_application::services::invoke_async"}
{"timestamp":"2026-09-17T11:08:36.006223Z","level":"INFO","message":"cron trigger fired","trigger_id":"trg_01m2qgss8tng92pkacgrmgf5a0","scheduled_at":"2026-09-17T11:08:36Z","invocation_id":"inv_01m2qgvps4x7sj8mdm04ad2w55","revision_id":"rev_01m2qgsnkxbmrzegpezdpx0cg4","replayed":false,"target":"tachyon_serverless_application::services::triggers"}
{"timestamp":"2026-09-17T11:08:36.027739Z","level":"INFO","message":"asynchronous run claimed","invocation_id":"inv_01m2qgvps4x7sj8mdm04ad2w55","attempt":1,"generation":0,"delivery_count":1,"target":"tachyon_serverless_application::services::invoke_async::dispatch"}
{"timestamp":"2026-09-17T11:08:36.566947Z","level":"INFO","message":"bridge spawned","environment_id":"env_01m2qgvpta19b7cq2hcnv3zk84","pid":5067,"target":"tachyon_serverless_provider_process"}
{"timestamp":"2026-09-17T11:08:36.659283Z","level":"INFO","message":"invocation finished","invocation_id":"inv_01m2qgvps4x7sj8mdm04ad2w55","status":"succeeded (async run)","handler_ms":18,"environment_boot_ms":43,"runtime_init_ms":36,"target":"tachyon_serverless_application::services::invoke"}
{"timestamp":"2026-09-17T11:08:36.662393Z","level":"INFO","message":"terminating bridge","environment_id":"env_01m2qgvpta19b7cq2hcnv3zk84","pid":5067,"reason":"Completed","graceful":true,"target":"tachyon_serverless_provider_process"}
{"timestamp":"2026-09-17T11:08:36.701181Z","level":"INFO","message":"asynchronous invocation settled","invocation_id":"inv_01m2qgvps4x7sj8mdm04ad2w55","status":"succeeded","target":"tachyon_serverless_application::services::invoke_async::dispatch"}
{"timestamp":"2026-09-17T11:08:36.719174Z","level":"INFO","message":"async dispatch: delivery handled","message_id":"inv_01m2qgvps4x7sj8mdm04ad2w55","sequence":46,"delivery_count":1,"outcome":"Completed { status: \"succeeded\" }","target":"tachyon_serverless_application::services::invoke_async::dispatch"}
{"timestamp":"2026-09-17T11:08:37.308777Z","level":"INFO","message":"object retention pass","report":"GcReport { examined: 5, collected_expired: 0, collected_orphans: 0, kept_in_use: 0, kept_referenced: 5, incomplete_removed: 0, tombstones_purged: 0, failed: 0 }","target":"tachyon_serverless_gateway"}
{"timestamp":"2026-09-17T11:08:37.410420Z","level":"INFO","message":"bridge spawned","environment_id":"env_01m2qgvqpqrknf19y0ghjsrwcc","pid":5081,"target":"tachyon_serverless_provider_process"}
{"timestamp":"2026-09-17T11:08:37.485856Z","level":"INFO","message":"invocation finished","invocation_id":"inv_01m2qgvqpnkjgpvy0hrazytdw5","status":"succeeded","handler_ms":13,"environment_boot_ms":22,"runtime_init_ms":38,"target":"tachyon_serverless_application::services::invoke"}
{"timestamp":"2026-09-17T11:08:37.489476Z","level":"INFO","message":"terminating bridge","environment_id":"env_01m2qgvqpqrknf19y0ghjsrwcc","pid":5081,"reason":"Completed","graceful":true,"target":"tachyon_serverless_provider_process"}
{"timestamp":"2026-09-17T11:08:37.844891Z","level":"INFO","message":"asynchronous invocation accepted","invocation_id":"inv_01m2qgvrjk6e93rwj0x242b6gv","tenant_id":"tn_01hzzzzzzzzzzzzzzzzzzzzzza","revision_id":"rev_01m2qgsjsz01hjxjeqc8na06h4","input_bytes":48,"input_storage":"inline","target":"tachyon_serverless_application::services::invoke_async"}
{"timestamp":"2026-09-17T11:08:37.867070Z","level":"INFO","message":"asynchronous run claimed","invocation_id":"inv_01m2qgvrjk6e93rwj0x242b6gv","attempt":1,"generation":0,"delivery_count":1,"target":"tachyon_serverless_application::services::invoke_async::dispatch"}
{"timestamp":"2026-09-17T11:08:38.004079Z","level":"INFO","message":"asynchronous invocation accepted","invocation_id":"inv_01m2qgvrqjez9yvf27sqd0cafj","tenant_id":"tn_01hzzzzzzzzzzzzzzzzzzzzzza","revision_id":"rev_01m2qgsnkxbmrzegpezdpx0cg4","input_bytes":180,"input_storage":"inline","target":"tachyon_serverless_application::services::invoke_async"}
{"timestamp":"2026-09-17T11:08:38.004211Z","level":"INFO","message":"cron trigger fired","trigger_id":"trg_01m2qgss8tng92pkacgrmgf5a0","scheduled_at":"2026-09-17T11:08:38Z","invocation_id":"inv_01m2qgvrqjez9yvf27sqd0cafj","revision_id":"rev_01m2qgsnkxbmrzegpezdpx0cg4","replayed":false,"target":"tachyon_serverless_application::services::triggers"}
{"timestamp":"2026-09-17T11:08:38.036436Z","level":"INFO","message":"asynchronous run claimed","invocation_id":"inv_01m2qgvrqjez9yvf27sqd0cafj","attempt":1,"generation":0,"delivery_count":1,"target":"tachyon_serverless_application::services::invoke_async::dispatch"}
{"timestamp":"2026-09-17T11:08:38.249443Z","level":"INFO","message":"asynchronous invocation accepted","invocation_id":"inv_01m2qgvry6hrt2nas8mmn6dgad","tenant_id":"tn_01hzzzzzzzzzzzzzzzzzzzzzza","revision_id":"rev_01m2qgsjsz01hjxjeqc8na06h4","input_bytes":4128,"input_storage":"object","target":"tachyon_serverless_application::services::invoke_async"}
{"timestamp":"2026-09-17T11:08:38.404925Z","level":"INFO","message":"bridge spawned","environment_id":"env_01m2qgvrkev5f2whg9wj7hknkb","pid":5133,"target":"tachyon_serverless_provider_process"}
{"timestamp":"2026-09-17T11:08:38.519487Z","level":"INFO","message":"invocation finished","invocation_id":"inv_01m2qgvrjk6e93rwj0x242b6gv","status":"succeeded (async run)","handler_ms":3,"environment_boot_ms":85,"runtime_init_ms":24,"target":"tachyon_serverless_application::services::invoke"}
{"timestamp":"2026-09-17T11:08:38.523414Z","level":"INFO","message":"bridge spawned","environment_id":"env_01m2qgvrrne3w6311w2ef13a38","pid":5148,"target":"tachyon_serverless_provider_process"}
{"timestamp":"2026-09-17T11:08:38.523567Z","level":"INFO","message":"terminating bridge","environment_id":"env_01m2qgvrkev5f2whg9wj7hknkb","pid":5133,"reason":"Completed","graceful":true,"target":"tachyon_serverless_provider_process"}
{"timestamp":"2026-09-17T11:08:38.533273Z","level":"INFO","message":"asynchronous invocation settled","invocation_id":"inv_01m2qgvrjk6e93rwj0x242b6gv","status":"succeeded","target":"tachyon_serverless_application::services::invoke_async::dispatch"}
{"timestamp":"2026-09-17T11:08:38.543679Z","level":"INFO","message":"asynchronous invocation accepted","invocation_id":"inv_01m2qgvs89qt9xxnwh4268tpqm","tenant_id":"tn_01hzzzzzzzzzzzzzzzzzzzzzza","revision_id":"rev_01m2qgsnkxbmrzegpezdpx0cg4","input_bytes":191,"input_storage":"inline","target":"tachyon_serverless_application::services::invoke_async"}
{"timestamp":"2026-09-17T11:08:38.543790Z","level":"INFO","message":"async dispatch: delivery handled","message_id":"inv_01m2qgvrjk6e93rwj0x242b6gv","sequence":47,"delivery_count":1,"outcome":"Completed { status: \"succeeded\" }","target":"tachyon_serverless_application::services::invoke_async::dispatch"}
{"timestamp":"2026-09-17T11:08:38.543801Z","level":"INFO","message":"webhook trigger fired","trigger_id":"trg_01m2qgssdfqdrtfgz5pebefx6c","event_id":"evt-post-w1","invocation_id":"inv_01m2qgvs89qt9xxnwh4268tpqm","revision_id":"rev_01m2qgsnkxbmrzegpezdpx0cg4","replayed":false,"target":"tachyon_serverless_application::services::triggers"}
{"timestamp":"2026-09-17T11:08:38.549592Z","level":"INFO","message":"asynchronous run claimed","invocation_id":"inv_01m2qgvry6hrt2nas8mmn6dgad","attempt":1,"generation":0,"delivery_count":1,"target":"tachyon_serverless_application::services::invoke_async::dispatch"}
{"timestamp":"2026-09-17T11:08:38.574619Z","level":"INFO","message":"invocation finished","invocation_id":"inv_01m2qgvrqjez9yvf27sqd0cafj","status":"succeeded (async run)","handler_ms":2,"environment_boot_ms":12,"runtime_init_ms":35,"target":"tachyon_serverless_application::services::invoke"}
{"timestamp":"2026-09-17T11:08:38.576770Z","level":"INFO","message":"terminating bridge","environment_id":"env_01m2qgvrrne3w6311w2ef13a38","pid":5148,"reason":"Completed","graceful":true,"target":"tachyon_serverless_provider_process"}
{"timestamp":"2026-09-17T11:08:38.585000Z","level":"INFO","message":"asynchronous invocation settled","invocation_id":"inv_01m2qgvrqjez9yvf27sqd0cafj","status":"succeeded","target":"tachyon_serverless_application::services::invoke_async::dispatch"}
{"timestamp":"2026-09-17T11:08:38.592090Z","level":"INFO","message":"async dispatch: delivery handled","message_id":"inv_01m2qgvrqjez9yvf27sqd0cafj","sequence":48,"delivery_count":1,"outcome":"Completed { status: \"succeeded\" }","target":"tachyon_serverless_application::services::invoke_async::dispatch"}
{"timestamp":"2026-09-17T11:08:38.593588Z","level":"INFO","message":"asynchronous run claimed","invocation_id":"inv_01m2qgvs89qt9xxnwh4268tpqm","attempt":1,"generation":0,"delivery_count":1,"target":"tachyon_serverless_application::services::invoke_async::dispatch"}
{"timestamp":"2026-09-17T11:08:38.735681Z","level":"INFO","message":"trigger updated","trigger_id":"trg_01m2qgss8tng92pkacgrmgf5a0","generation":4,"status":"disabled","next_fire_at":"None","rotated_secret":false,"target":"tachyon_serverless_application::services::triggers"}
{"timestamp":"2026-09-17T11:08:39.046699Z","level":"INFO","message":"bridge spawned","environment_id":"env_01m2qgvs8w4t30bxv5xgps11yw","pid":5179,"target":"tachyon_serverless_provider_process"}
{"timestamp":"2026-09-17T11:08:39.088691Z","level":"INFO","message":"bridge spawned","environment_id":"env_01m2qgvsa207gzj8e2v2dtsdc0","pid":5188,"target":"tachyon_serverless_provider_process"}
{"timestamp":"2026-09-17T11:08:39.133351Z","level":"INFO","message":"invocation finished","invocation_id":"inv_01m2qgvry6hrt2nas8mmn6dgad","status":"succeeded (async run)","handler_ms":15,"environment_boot_ms":22,"runtime_init_ms":45,"target":"tachyon_serverless_application::services::invoke"}
{"timestamp":"2026-09-17T11:08:39.135520Z","level":"INFO","message":"terminating bridge","environment_id":"env_01m2qgvs8w4t30bxv5xgps11yw","pid":5179,"reason":"Completed","graceful":true,"target":"tachyon_serverless_provider_process"}
{"timestamp":"2026-09-17T11:08:39.153614Z","level":"INFO","message":"invocation finished","invocation_id":"inv_01m2qgvs89qt9xxnwh4268tpqm","status":"succeeded (async run)","handler_ms":3,"environment_boot_ms":18,"runtime_init_ms":40,"target":"tachyon_serverless_application::services::invoke"}
{"timestamp":"2026-09-17T11:08:39.156449Z","level":"INFO","message":"terminating bridge","environment_id":"env_01m2qgvsa207gzj8e2v2dtsdc0","pid":5188,"reason":"Completed","graceful":true,"target":"tachyon_serverless_provider_process"}
{"timestamp":"2026-09-17T11:08:39.161168Z","level":"INFO","message":"asynchronous invocation settled","invocation_id":"inv_01m2qgvry6hrt2nas8mmn6dgad","status":"succeeded","target":"tachyon_serverless_application::services::invoke_async::dispatch"}
{"timestamp":"2026-09-17T11:08:39.180289Z","level":"INFO","message":"async dispatch: delivery handled","message_id":"inv_01m2qgvry6hrt2nas8mmn6dgad","sequence":49,"delivery_count":1,"outcome":"Completed { status: \"succeeded\" }","target":"tachyon_serverless_application::services::invoke_async::dispatch"}
{"timestamp":"2026-09-17T11:08:39.234941Z","level":"INFO","message":"asynchronous invocation settled","invocation_id":"inv_01m2qgvs89qt9xxnwh4268tpqm","status":"succeeded","target":"tachyon_serverless_application::services::invoke_async::dispatch"}
{"timestamp":"2026-09-17T11:08:39.248426Z","level":"INFO","message":"async dispatch: delivery handled","message_id":"inv_01m2qgvs89qt9xxnwh4268tpqm","sequence":50,"delivery_count":1,"outcome":"Completed { status: \"succeeded\" }","target":"tachyon_serverless_application::services::invoke_async::dispatch"}
{"timestamp":"2026-09-17T11:08:39.301505Z","level":"INFO","message":"object retention pass","report":"GcReport { examined: 6, collected_expired: 0, collected_orphans: 0, kept_in_use: 0, kept_referenced: 6, incomplete_removed: 0, tombstones_purged: 0, failed: 0 }","target":"tachyon_serverless_gateway"}
{"timestamp":"2026-09-17T11:08:41.299484Z","level":"INFO","message":"object retention pass","report":"GcReport { examined: 6, collected_expired: 0, collected_orphans: 0, kept_in_use: 0, kept_referenced: 6, incomplete_removed: 0, tombstones_purged: 0, failed: 0 }","target":"tachyon_serverless_gateway"}
{"timestamp":"2026-09-17T11:08:43.317153Z","level":"INFO","message":"object retention pass","report":"GcReport { examined: 6, collected_expired: 0, collected_orphans: 0, kept_in_use: 0, kept_referenced: 6, incomplete_removed: 0, tombstones_purged: 0, failed: 0 }","target":"tachyon_serverless_gateway"}
{"timestamp":"2026-09-17T11:08:45.174347Z","level":"INFO","message":"SIGTERM received","target":"tachyon_serverless_gateway"}
{"timestamp":"2026-09-17T11:08:45.174513Z","level":"INFO","message":"shutdown requested; cancelling in-flight invocations","target":"tachyon_serverless_gateway"}
{"timestamp":"2026-09-17T11:08:45.176469Z","level":"INFO","message":"final usage collection","report":"CollectReport { batches: 0, read: 0, inserted: 0, duplicates: 0, cursor_seq: 256 }","target":"tachyon_serverless_gateway"}
{"timestamp":"2026-09-17T11:08:45.179257Z","level":"INFO","message":"gateway stopped","target":"tachyon_serverless_gateway"}
{"timestamp":"2026-09-17T11:08:45.180749Z","level":"INFO","message":"event: closed","target":"async_nats"}
