
===== a start (failpoints: none) 11:34:33 =====
{"timestamp":"2026-09-17T11:34:33.871767Z","level":"INFO","message":"configuration loaded","config":"/private/var/folders/z7/khzdjrt95cg_fcmcnh4j1b5h0000gn/T/tsls-chaos.m8RNIF/gw-a.toml","target":"tachyon_serverless_gateway"}
{"timestamp":"2026-09-17T11:34:33.873789Z","level":"INFO","message":"connected successfully","server":"55395","max_payload":"1048576","target":"async_nats::connector"}
{"timestamp":"2026-09-17T11:34:33.873874Z","level":"INFO","message":"event: connected","target":"async_nats"}
{"timestamp":"2026-09-17T11:34:33.886602Z","level":"INFO","message":"JetStream queue connected and stream bootstrapped","url":"nats://127.0.0.1:55395","stream":"TACHYON_EVENTS","target":"tachyon_serverless_gateway::durable"}
{"timestamp":"2026-09-17T11:34:33.893004Z","level":"INFO","message":"state store opened","path":"/private/var/folders/z7/khzdjrt95cg_fcmcnh4j1b5h0000gn/T/tsls-chaos.m8RNIF/data/state.db","schema_version":8,"migrations_applied":"[1, 2, 3, 4, 5, 6, 7, 8]","imported_state_json":"None","settled_invocations":0,"settled_attempts":0,"settled_environments":0,"released_leases":0,"dropped_idempotency_keys":0,"purged_idempotency_keys":0,"outputs_purged":0,"target":"tachyon_serverless_application::app"}
{"timestamp":"2026-09-17T11:34:33.893207Z","level":"INFO","message":"dispatcher registered","dispatcher_id":"dsp_01m2qjb855s7aqnz2kc3gz4vkf","instance":"chaos-a","pid":59588,"lease_ttl_seconds":6,"target":"tachyon_serverless_application::services::dispatcher"}
{"timestamp":"2026-09-17T11:34:33.895261Z","level":"INFO","message":"application bootstrapped","profile":"dev","provider":"process","dev_only":true,"environment_reuse":false,"reuse_verified":false,"reuse_reason":"[pool] enabled is false","reuse_disabled":"Some(Configuration)","idle_quiesce":"unsupported","idle_resume":"unsupported","data_dir":"/private/var/folders/z7/khzdjrt95cg_fcmcnh4j1b5h0000gn/T/tsls-chaos.m8RNIF/data","store":"sqlite","dispatcher_id":"dsp_01m2qjb855s7aqnz2kc3gz4vkf","node":"local","node_region":"none","node_memory_mib":"None","max_concurrency":8,"queue":"nats","objects":"filesystem","invoke_async":true,"triggers":true,"target":"tachyon_serverless_application::app"}
{"timestamp":"2026-09-17T11:34:33.895400Z","level":"INFO","message":"startup reconcile finished","provider":"process","found":0,"adopted":0,"terminated":0,"disowned":0,"failed":0,"lost":0,"foreign":0,"reclaimed_dispatchers":0,"fenced_terminated":0,"fenced_pending":0,"target":"tachyon_serverless_application::services::reconcile"}
{"timestamp":"2026-09-17T11:34:33.895459Z","level":"INFO","message":"gateway listening","addr":"127.0.0.1:55399","profile":"dev","provider":"process","target":"tachyon_serverless_gateway"}
{"timestamp":"2026-09-17T11:34:33.896416Z","level":"INFO","message":"asynchronous dispatcher started","workers":2,"owner":"dsp_01m2qjb855s7aqnz2kc3gz4vkf","target":"tachyon_serverless_gateway"}
{"timestamp":"2026-09-17T11:34:34.613080Z","level":"INFO","message":"revision ready","revision_id":"rev_01m2qjb8qawpkm46w28hgma61s","function_id":"fn_01m2qjb8dgsbtp9ccbzfynx9e0","target":"tachyon_serverless_application::services::revision"}
{"timestamp":"2026-09-17T11:34:35.093480Z","level":"INFO","message":"revision ready","revision_id":"rev_01m2qjb96bmvc2r640b6se67q3","function_id":"fn_01m2qjb8wtg2t88ftx89t33r3r","target":"tachyon_serverless_application::services::revision"}
{"timestamp":"2026-09-17T11:34:35.823643Z","level":"INFO","message":"revision ready","revision_id":"rev_01m2qjb9s906hqggrqkt593m05","function_id":"fn_01m2qjb9bxvzjp3c7rcg4ppc4s","target":"tachyon_serverless_application::services::revision"}
{"timestamp":"2026-09-17T11:34:35.958068Z","level":"INFO","message":"trigger created","trigger_id":"trg_01m2qjba5nypc37whbfm7yhte7","function_id":"fn_01m2qjb8wtg2t88ftx89t33r3r","kind":"cron","enabled":true,"next_fire_at":"Some(2026-09-17T11:34:36Z)","target":"tachyon_serverless_application::services::triggers"}
{"timestamp":"2026-09-17T11:34:35.981937Z","level":"INFO","message":"trigger created","trigger_id":"trg_01m2qjba6dh862f6z1dsm6htmc","function_id":"fn_01m2qjb8wtg2t88ftx89t33r3r","kind":"webhook","enabled":true,"next_fire_at":"None","target":"tachyon_serverless_application::services::triggers"}
{"timestamp":"2026-09-17T11:34:36.149028Z","level":"INFO","message":"asynchronous invocation accepted","invocation_id":"inv_01m2qjbabke8rkmkgt7mh7j054","tenant_id":"tn_01hzzzzzzzzzzzzzzzzzzzzzza","revision_id":"rev_01m2qjb96bmvc2r640b6se67q3","input_bytes":180,"input_storage":"inline","target":"tachyon_serverless_application::services::invoke_async"}
{"timestamp":"2026-09-17T11:34:36.149134Z","level":"INFO","message":"cron trigger fired","trigger_id":"trg_01m2qjba5nypc37whbfm7yhte7","scheduled_at":"2026-09-17T11:34:36Z","invocation_id":"inv_01m2qjbabke8rkmkgt7mh7j054","revision_id":"rev_01m2qjb96bmvc2r640b6se67q3","replayed":false,"target":"tachyon_serverless_application::services::triggers"}
{"timestamp":"2026-09-17T11:34:36.167738Z","level":"INFO","message":"asynchronous run claimed","invocation_id":"inv_01m2qjbabke8rkmkgt7mh7j054","attempt":1,"generation":0,"delivery_count":1,"target":"tachyon_serverless_application::services::invoke_async::dispatch"}
{"timestamp":"2026-09-17T11:34:36.354848Z","level":"INFO","message":"bridge spawned","environment_id":"env_01m2qjba7ve0mec7ez6brmbgwc","pid":59876,"target":"tachyon_serverless_provider_process"}
{"timestamp":"2026-09-17T11:34:36.599261Z","level":"INFO","message":"bridge spawned","environment_id":"env_01m2qjbac8gcvad975mm555w7x","pid":59878,"target":"tachyon_serverless_provider_process"}
{"timestamp":"2026-09-17T11:34:38.005096Z","level":"INFO","message":"asynchronous invocation accepted","invocation_id":"inv_01m2qjbc5kfhmspcncq02npsy8","tenant_id":"tn_01hzzzzzzzzzzzzzzzzzzzzzza","revision_id":"rev_01m2qjb96bmvc2r640b6se67q3","input_bytes":180,"input_storage":"inline","target":"tachyon_serverless_application::services::invoke_async"}
{"timestamp":"2026-09-17T11:34:38.005172Z","level":"INFO","message":"cron trigger fired","trigger_id":"trg_01m2qjba5nypc37whbfm7yhte7","scheduled_at":"2026-09-17T11:34:38Z","invocation_id":"inv_01m2qjbc5kfhmspcncq02npsy8","revision_id":"rev_01m2qjb96bmvc2r640b6se67q3","replayed":false,"target":"tachyon_serverless_application::services::triggers"}
{"timestamp":"2026-09-17T11:34:38.033787Z","level":"INFO","message":"asynchronous run claimed","invocation_id":"inv_01m2qjbc5kfhmspcncq02npsy8","attempt":1,"generation":0,"delivery_count":1,"target":"tachyon_serverless_application::services::invoke_async::dispatch"}
{"timestamp":"2026-09-17T11:34:38.035094Z","level":"INFO","message":"invocation finished","invocation_id":"inv_01m2qjbabke8rkmkgt7mh7j054","status":"succeeded (async run)","handler_ms":5,"environment_boot_ms":10,"runtime_init_ms":1407,"target":"tachyon_serverless_application::services::invoke"}
{"timestamp":"2026-09-17T11:34:38.036441Z","level":"INFO","message":"invocation finished","invocation_id":"inv_01m2qjba7t1nse35fqnkksxegd","status":"succeeded","handler_ms":4,"environment_boot_ms":11,"runtime_init_ms":1650,"target":"tachyon_serverless_application::services::invoke"}
{"timestamp":"2026-09-17T11:34:38.037286Z","level":"INFO","message":"terminating bridge","environment_id":"env_01m2qjbac8gcvad975mm555w7x","pid":59878,"reason":"Completed","graceful":true,"target":"tachyon_serverless_provider_process"}
{"timestamp":"2026-09-17T11:34:38.037501Z","level":"INFO","message":"terminating bridge","environment_id":"env_01m2qjba7ve0mec7ez6brmbgwc","pid":59876,"reason":"Completed","graceful":true,"target":"tachyon_serverless_provider_process"}
{"timestamp":"2026-09-17T11:34:38.045541Z","level":"INFO","message":"asynchronous invocation settled","invocation_id":"inv_01m2qjbabke8rkmkgt7mh7j054","status":"succeeded","target":"tachyon_serverless_application::services::invoke_async::dispatch"}
{"timestamp":"2026-09-17T11:34:38.053280Z","level":"INFO","message":"async dispatch: delivery handled","message_id":"inv_01m2qjbabke8rkmkgt7mh7j054","sequence":1,"delivery_count":1,"outcome":"Completed { status: \"succeeded\" }","target":"tachyon_serverless_application::services::invoke_async::dispatch"}
{"timestamp":"2026-09-17T11:34:38.181511Z","level":"INFO","message":"asynchronous invocation accepted","invocation_id":"inv_01m2qjbcb48t1d31p0xm9xxhed","tenant_id":"tn_01hzzzzzzzzzzzzzzzzzzzzzza","revision_id":"rev_01m2qjb8qawpkm46w28hgma61s","input_bytes":47,"input_storage":"inline","target":"tachyon_serverless_application::services::invoke_async"}
{"timestamp":"2026-09-17T11:34:38.194217Z","level":"INFO","message":"asynchronous run claimed","invocation_id":"inv_01m2qjbcb48t1d31p0xm9xxhed","attempt":1,"generation":0,"delivery_count":1,"target":"tachyon_serverless_application::services::invoke_async::dispatch"}
{"timestamp":"2026-09-17T11:34:38.316160Z","level":"INFO","message":"asynchronous invocation accepted","invocation_id":"inv_01m2qjbcesdbm0g0r1a4ryjphw","tenant_id":"tn_01hzzzzzzzzzzzzzzzzzzzzzza","revision_id":"rev_01m2qjb8qawpkm46w28hgma61s","input_bytes":4127,"input_storage":"object","target":"tachyon_serverless_application::services::invoke_async"}
{"timestamp":"2026-09-17T11:34:38.383614Z","level":"INFO","message":"asynchronous invocation accepted","invocation_id":"inv_01m2qjbchete9111sajeere6as","tenant_id":"tn_01hzzzzzzzzzzzzzzzzzzzzzza","revision_id":"rev_01m2qjb96bmvc2r640b6se67q3","input_bytes":189,"input_storage":"inline","target":"tachyon_serverless_application::services::invoke_async"}
{"timestamp":"2026-09-17T11:34:38.383701Z","level":"INFO","message":"webhook trigger fired","trigger_id":"trg_01m2qjba6dh862f6z1dsm6htmc","event_id":"evt-pre-w1","invocation_id":"inv_01m2qjbchete9111sajeere6as","revision_id":"rev_01m2qjb96bmvc2r640b6se67q3","replayed":false,"target":"tachyon_serverless_application::services::triggers"}
{"timestamp":"2026-09-17T11:34:38.408221Z","level":"INFO","message":"bridge spawned","environment_id":"env_01m2qjbc6k460y3bsssezm9b3v","pid":59949,"target":"tachyon_serverless_provider_process"}
{"timestamp":"2026-09-17T11:34:38.429370Z","level":"INFO","message":"invocation finished","invocation_id":"inv_01m2qjbc5kfhmspcncq02npsy8","status":"succeeded (async run)","handler_ms":1,"environment_boot_ms":8,"runtime_init_ms":10,"target":"tachyon_serverless_application::services::invoke"}
{"timestamp":"2026-09-17T11:34:38.431108Z","level":"INFO","message":"terminating bridge","environment_id":"env_01m2qjbc6k460y3bsssezm9b3v","pid":59949,"reason":"Completed","graceful":true,"target":"tachyon_serverless_provider_process"}
{"timestamp":"2026-09-17T11:34:38.436636Z","level":"INFO","message":"asynchronous invocation settled","invocation_id":"inv_01m2qjbc5kfhmspcncq02npsy8","status":"succeeded","target":"tachyon_serverless_application::services::invoke_async::dispatch"}
{"timestamp":"2026-09-17T11:34:38.441941Z","level":"INFO","message":"async dispatch: delivery handled","message_id":"inv_01m2qjbc5kfhmspcncq02npsy8","sequence":2,"delivery_count":1,"outcome":"Completed { status: \"succeeded\" }","target":"tachyon_serverless_application::services::invoke_async::dispatch"}
{"timestamp":"2026-09-17T11:34:38.446109Z","level":"INFO","message":"asynchronous run claimed","invocation_id":"inv_01m2qjbcesdbm0g0r1a4ryjphw","attempt":1,"generation":0,"delivery_count":1,"target":"tachyon_serverless_application::services::invoke_async::dispatch"}
{"timestamp":"2026-09-17T11:34:38.566999Z","level":"INFO","message":"bridge spawned","environment_id":"env_01m2qjbcbjgtnfxtcg3y18mzh2","pid":59957,"target":"tachyon_serverless_provider_process"}
{"timestamp":"2026-09-17T11:34:38.789724Z","level":"INFO","message":"bridge spawned","environment_id":"env_01m2qjbcjz4fc5wgxxjzr3gadh","pid":59960,"target":"tachyon_serverless_provider_process"}
{"timestamp":"2026-09-17T11:34:38.817896Z","level":"INFO","message":"bridge spawned","environment_id":"env_01m2qjbckhfe77gf3d87enmzpn","pid":59963,"target":"tachyon_serverless_provider_process"}
{"timestamp":"2026-09-17T11:34:38.824283Z","level":"INFO","message":"invocation finished","invocation_id":"inv_01m2qjbcjyykg9jwg9p3fvv287","status":"succeeded","handler_ms":1,"environment_boot_ms":11,"runtime_init_ms":17,"target":"tachyon_serverless_application::services::invoke"}
{"timestamp":"2026-09-17T11:34:38.827233Z","level":"INFO","message":"terminating bridge","environment_id":"env_01m2qjbcjz4fc5wgxxjzr3gadh","pid":59960,"reason":"Completed","graceful":true,"target":"tachyon_serverless_provider_process"}
{"timestamp":"2026-09-17T11:34:38.937246Z","level":"INFO","message":"invocation finished","invocation_id":"inv_01m2qjbcb48t1d31p0xm9xxhed","status":"succeeded (async run)","handler_ms":2,"environment_boot_ms":8,"runtime_init_ms":355,"target":"tachyon_serverless_application::services::invoke"}
{"timestamp":"2026-09-17T11:34:38.938040Z","level":"INFO","message":"invocation finished","invocation_id":"inv_01m2qjbcesdbm0g0r1a4ryjphw","status":"succeeded (async run)","handler_ms":4,"environment_boot_ms":10,"runtime_init_ms":103,"target":"tachyon_serverless_application::services::invoke"}
{"timestamp":"2026-09-17T11:34:38.939235Z","level":"INFO","message":"terminating bridge","environment_id":"env_01m2qjbcbjgtnfxtcg3y18mzh2","pid":59957,"reason":"Completed","graceful":true,"target":"tachyon_serverless_provider_process"}
{"timestamp":"2026-09-17T11:34:38.939367Z","level":"INFO","message":"terminating bridge","environment_id":"env_01m2qjbckhfe77gf3d87enmzpn","pid":59963,"reason":"Completed","graceful":true,"target":"tachyon_serverless_provider_process"}
{"timestamp":"2026-09-17T11:34:38.946282Z","level":"INFO","message":"asynchronous invocation settled","invocation_id":"inv_01m2qjbcb48t1d31p0xm9xxhed","status":"succeeded","target":"tachyon_serverless_application::services::invoke_async::dispatch"}
{"timestamp":"2026-09-17T11:34:38.951660Z","level":"INFO","message":"asynchronous invocation settled","invocation_id":"inv_01m2qjbcesdbm0g0r1a4ryjphw","status":"succeeded","target":"tachyon_serverless_application::services::invoke_async::dispatch"}
{"timestamp":"2026-09-17T11:34:38.958146Z","level":"INFO","message":"async dispatch: delivery handled","message_id":"inv_01m2qjbcb48t1d31p0xm9xxhed","sequence":3,"delivery_count":1,"outcome":"Completed { status: \"succeeded\" }","target":"tachyon_serverless_application::services::invoke_async::dispatch"}
{"timestamp":"2026-09-17T11:34:38.966107Z","level":"INFO","message":"asynchronous invocation accepted","invocation_id":"inv_01m2qjbd3fcmz2mgc4vsbzxmb4","tenant_id":"tn_01hzzzzzzzzzzzzzzzzzzzzzza","revision_id":"rev_01m2qjb8qawpkm46w28hgma61s","input_bytes":47,"input_storage":"inline","target":"tachyon_serverless_application::services::invoke_async"}
{"timestamp":"2026-09-17T11:34:38.966242Z","level":"INFO","message":"async dispatch: delivery handled","message_id":"inv_01m2qjbcesdbm0g0r1a4ryjphw","sequence":4,"delivery_count":1,"outcome":"Completed { status: \"succeeded\" }","target":"tachyon_serverless_application::services::invoke_async::dispatch"}
{"timestamp":"2026-09-17T11:34:38.971061Z","level":"INFO","message":"asynchronous run claimed","invocation_id":"inv_01m2qjbchete9111sajeere6as","attempt":1,"generation":0,"delivery_count":1,"target":"tachyon_serverless_application::services::invoke_async::dispatch"}
{"timestamp":"2026-09-17T11:34:38.978188Z","level":"INFO","message":"asynchronous run claimed","invocation_id":"inv_01m2qjbd3fcmz2mgc4vsbzxmb4","attempt":1,"generation":0,"delivery_count":1,"target":"tachyon_serverless_application::services::invoke_async::dispatch"}
{"timestamp":"2026-09-17T11:34:39.129233Z","level":"INFO","message":"asynchronous invocation accepted","invocation_id":"inv_01m2qjbd83cb8nbhsz8rgwqjd7","tenant_id":"tn_01hzzzzzzzzzzzzzzzzzzzzzza","revision_id":"rev_01m2qjb8qawpkm46w28hgma61s","input_bytes":4127,"input_storage":"object","target":"tachyon_serverless_application::services::invoke_async"}
{"timestamp":"2026-09-17T11:34:39.195103Z","level":"INFO","message":"asynchronous invocation accepted","invocation_id":"inv_01m2qjbdasvtmb4xb1phh2am0g","tenant_id":"tn_01hzzzzzzzzzzzzzzzzzzzzzza","revision_id":"rev_01m2qjb96bmvc2r640b6se67q3","input_bytes":189,"input_storage":"inline","target":"tachyon_serverless_application::services::invoke_async"}
{"timestamp":"2026-09-17T11:34:39.195183Z","level":"INFO","message":"webhook trigger fired","trigger_id":"trg_01m2qjba6dh862f6z1dsm6htmc","event_id":"evt-pre-w2","invocation_id":"inv_01m2qjbdasvtmb4xb1phh2am0g","revision_id":"rev_01m2qjb96bmvc2r640b6se67q3","replayed":false,"target":"tachyon_serverless_application::services::triggers"}
{"timestamp":"2026-09-17T11:34:39.341964Z","level":"INFO","message":"bridge spawned","environment_id":"env_01m2qjbd3vh85kqsz5namp5vef","pid":60036,"target":"tachyon_serverless_provider_process"}
{"timestamp":"2026-09-17T11:34:39.350969Z","level":"INFO","message":"bridge spawned","environment_id":"env_01m2qjbd42vcca4vrpgy4s607p","pid":60037,"target":"tachyon_serverless_provider_process"}
{"timestamp":"2026-09-17T11:34:39.363732Z","level":"INFO","message":"invocation finished","invocation_id":"inv_01m2qjbchete9111sajeere6as","status":"succeeded (async run)","handler_ms":1,"environment_boot_ms":8,"runtime_init_ms":9,"target":"tachyon_serverless_application::services::invoke"}
{"timestamp":"2026-09-17T11:34:39.364383Z","level":"INFO","message":"terminating bridge","environment_id":"env_01m2qjbd3vh85kqsz5namp5vef","pid":60036,"reason":"Completed","graceful":true,"target":"tachyon_serverless_provider_process"}
{"timestamp":"2026-09-17T11:34:39.369740Z","level":"INFO","message":"asynchronous invocation settled","invocation_id":"inv_01m2qjbchete9111sajeere6as","status":"succeeded","target":"tachyon_serverless_application::services::invoke_async::dispatch"}
{"timestamp":"2026-09-17T11:34:39.377047Z","level":"INFO","message":"async dispatch: delivery handled","message_id":"inv_01m2qjbchete9111sajeere6as","sequence":5,"delivery_count":1,"outcome":"Completed { status: \"succeeded\" }","target":"tachyon_serverless_application::services::invoke_async::dispatch"}
{"timestamp":"2026-09-17T11:34:39.382792Z","level":"INFO","message":"asynchronous run claimed","invocation_id":"inv_01m2qjbd83cb8nbhsz8rgwqjd7","attempt":1,"generation":0,"delivery_count":1,"target":"tachyon_serverless_application::services::invoke_async::dispatch"}
{"timestamp":"2026-09-17T11:34:39.384867Z","level":"INFO","message":"invocation finished","invocation_id":"inv_01m2qjbd3fcmz2mgc4vsbzxmb4","status":"succeeded (async run)","handler_ms":7,"environment_boot_ms":7,"runtime_init_ms":12,"target":"tachyon_serverless_application::services::invoke"}
{"timestamp":"2026-09-17T11:34:39.386742Z","level":"INFO","message":"terminating bridge","environment_id":"env_01m2qjbd42vcca4vrpgy4s607p","pid":60037,"reason":"Completed","graceful":true,"target":"tachyon_serverless_provider_process"}
{"timestamp":"2026-09-17T11:34:39.391978Z","level":"INFO","message":"asynchronous invocation settled","invocation_id":"inv_01m2qjbd3fcmz2mgc4vsbzxmb4","status":"succeeded","target":"tachyon_serverless_application::services::invoke_async::dispatch"}
{"timestamp":"2026-09-17T11:34:39.397871Z","level":"INFO","message":"async dispatch: delivery handled","message_id":"inv_01m2qjbd3fcmz2mgc4vsbzxmb4","sequence":6,"delivery_count":1,"outcome":"Completed { status: \"succeeded\" }","target":"tachyon_serverless_application::services::invoke_async::dispatch"}
{"timestamp":"2026-09-17T11:34:39.400418Z","level":"INFO","message":"asynchronous run claimed","invocation_id":"inv_01m2qjbdasvtmb4xb1phh2am0g","attempt":1,"generation":0,"delivery_count":1,"target":"tachyon_serverless_application::services::invoke_async::dispatch"}
{"timestamp":"2026-09-17T11:34:39.690380Z","level":"INFO","message":"bridge spawned","environment_id":"env_01m2qjbdgs822ye89tpvpmt2n0","pid":60040,"target":"tachyon_serverless_provider_process"}
{"timestamp":"2026-09-17T11:34:39.696471Z","level":"INFO","message":"bridge spawned","environment_id":"env_01m2qjbdh812vjztrp0ddqc3sr","pid":60041,"target":"tachyon_serverless_provider_process"}
{"timestamp":"2026-09-17T11:34:39.709556Z","level":"INFO","message":"invocation finished","invocation_id":"inv_01m2qjbd83cb8nbhsz8rgwqjd7","status":"succeeded (async run)","handler_ms":2,"environment_boot_ms":7,"runtime_init_ms":8,"target":"tachyon_serverless_application::services::invoke"}
{"timestamp":"2026-09-17T11:34:39.710805Z","level":"INFO","message":"terminating bridge","environment_id":"env_01m2qjbdgs822ye89tpvpmt2n0","pid":60040,"reason":"Completed","graceful":true,"target":"tachyon_serverless_provider_process"}
{"timestamp":"2026-09-17T11:34:39.713924Z","level":"INFO","message":"invocation finished","invocation_id":"inv_01m2qjbdasvtmb4xb1phh2am0g","status":"succeeded (async run)","handler_ms":0,"environment_boot_ms":6,"runtime_init_ms":8,"target":"tachyon_serverless_application::services::invoke"}
{"timestamp":"2026-09-17T11:34:39.715501Z","level":"INFO","message":"asynchronous invocation settled","invocation_id":"inv_01m2qjbd83cb8nbhsz8rgwqjd7","status":"succeeded","target":"tachyon_serverless_application::services::invoke_async::dispatch"}
{"timestamp":"2026-09-17T11:34:39.715653Z","level":"INFO","message":"terminating bridge","environment_id":"env_01m2qjbdh812vjztrp0ddqc3sr","pid":60041,"reason":"Completed","graceful":true,"target":"tachyon_serverless_provider_process"}
{"timestamp":"2026-09-17T11:34:39.722872Z","level":"INFO","message":"async dispatch: delivery handled","message_id":"inv_01m2qjbd83cb8nbhsz8rgwqjd7","sequence":7,"delivery_count":1,"outcome":"Completed { status: \"succeeded\" }","target":"tachyon_serverless_application::services::invoke_async::dispatch"}
{"timestamp":"2026-09-17T11:34:39.729276Z","level":"INFO","message":"asynchronous invocation settled","invocation_id":"inv_01m2qjbdasvtmb4xb1phh2am0g","status":"succeeded","target":"tachyon_serverless_application::services::invoke_async::dispatch"}
{"timestamp":"2026-09-17T11:34:39.734825Z","level":"INFO","message":"async dispatch: delivery handled","message_id":"inv_01m2qjbdasvtmb4xb1phh2am0g","sequence":8,"delivery_count":1,"outcome":"Completed { status: \"succeeded\" }","target":"tachyon_serverless_application::services::invoke_async::dispatch"}
{"timestamp":"2026-09-17T11:34:40.004690Z","level":"INFO","message":"asynchronous invocation accepted","invocation_id":"inv_01m2qjbe43mecxvv6hq0ya48m9","tenant_id":"tn_01hzzzzzzzzzzzzzzzzzzzzzza","revision_id":"rev_01m2qjb96bmvc2r640b6se67q3","input_bytes":180,"input_storage":"inline","target":"tachyon_serverless_application::services::invoke_async"}
{"timestamp":"2026-09-17T11:34:40.004775Z","level":"INFO","message":"cron trigger fired","trigger_id":"trg_01m2qjba5nypc37whbfm7yhte7","scheduled_at":"2026-09-17T11:34:40Z","invocation_id":"inv_01m2qjbe43mecxvv6hq0ya48m9","revision_id":"rev_01m2qjb96bmvc2r640b6se67q3","replayed":false,"target":"tachyon_serverless_application::services::triggers"}
{"timestamp":"2026-09-17T11:34:40.017351Z","level":"INFO","message":"asynchronous run claimed","invocation_id":"inv_01m2qjbe43mecxvv6hq0ya48m9","attempt":1,"generation":0,"delivery_count":1,"target":"tachyon_serverless_application::services::invoke_async::dispatch"}
{"timestamp":"2026-09-17T11:34:40.245290Z","level":"INFO","message":"bridge spawned","environment_id":"env_01m2qjbe4h3ey4z4417sa74w2v","pid":60045,"target":"tachyon_serverless_provider_process"}
{"timestamp":"2026-09-17T11:34:40.260107Z","level":"INFO","message":"invocation finished","invocation_id":"inv_01m2qjbe43mecxvv6hq0ya48m9","status":"succeeded (async run)","handler_ms":0,"environment_boot_ms":6,"runtime_init_ms":7,"target":"tachyon_serverless_application::services::invoke"}
{"timestamp":"2026-09-17T11:34:40.261866Z","level":"INFO","message":"terminating bridge","environment_id":"env_01m2qjbe4h3ey4z4417sa74w2v","pid":60045,"reason":"Completed","graceful":true,"target":"tachyon_serverless_provider_process"}
{"timestamp":"2026-09-17T11:34:40.265518Z","level":"INFO","message":"asynchronous invocation settled","invocation_id":"inv_01m2qjbe43mecxvv6hq0ya48m9","status":"succeeded","target":"tachyon_serverless_application::services::invoke_async::dispatch"}
{"timestamp":"2026-09-17T11:34:40.272287Z","level":"INFO","message":"async dispatch: delivery handled","message_id":"inv_01m2qjbe43mecxvv6hq0ya48m9","sequence":9,"delivery_count":1,"outcome":"Completed { status: \"succeeded\" }","target":"tachyon_serverless_application::services::invoke_async::dispatch"}
{"timestamp":"2026-09-17T11:34:46.748905Z","level":"WARN","message":"outbox: claiming failed","error":"store: database is locked","target":"tachyon_serverless_application::services::invoke_async::publisher"}
{"timestamp":"2026-09-17T11:34:51.756091Z","level":"WARN","message":"object gc: claim failed","object":"obj_01m2qjbd84d71akshgf242gq4w","error":"store: the store connection stayed busy for 5 s (database locked?)","target":"tachyon_serverless_application::durable::gc"}
{"timestamp":"2026-09-17T11:34:51.759975Z","level":"WARN","message":"cannot take the trigger scheduler lease","error":"store: the store connection stayed busy for 5 s (database locked?)","target":"tachyon_serverless_application::services::triggers"}
{"timestamp":"2026-09-17T11:34:51.762112Z","level":"WARN","message":"async reaper: listing candidates failed","error":"store: the store connection stayed busy for 5 s (database locked?)","target":"tachyon_serverless_application::services::invoke_async::dispatch"}
{"timestamp":"2026-09-17T11:34:52.083308Z","level":"WARN","message":"dispatcher heartbeat failed","error":"store: database is locked","target":"tachyon_serverless_application::app"}
{"timestamp":"2026-09-17T11:34:53.332871Z","level":"INFO","message":"object retention pass","report":"GcReport { examined: 2, collected_expired: 0, collected_orphans: 0, kept_in_use: 0, kept_referenced: 1, incomplete_removed: 0, tombstones_purged: 0, failed: 1 }","target":"tachyon_serverless_gateway"}
{"timestamp":"2026-09-17T11:34:53.334843Z","level":"ERROR","message":"dispatcher lease lost: refusing new invocations; in-flight completions will be refused if another dispatcher reclaimed them","dispatcher_id":"dsp_01m2qjb855s7aqnz2kc3gz4vkf","target":"tachyon_serverless_application::services::dispatcher"}
{"timestamp":"2026-09-17T11:34:53.336943Z","level":"INFO","message":"late scheduled times skipped by the missed-run policy","trigger_id":"trg_01m2qjba5nypc37whbfm7yhte7","skipped":6,"policy":"Skip","target":"tachyon_serverless_application::services::triggers"}
{"timestamp":"2026-09-17T11:34:53.337895Z","level":"INFO","message":"object retention pass","report":"GcReport { examined: 2, collected_expired: 0, collected_orphans: 0, kept_in_use: 0, kept_referenced: 2, incomplete_removed: 0, tombstones_purged: 0, failed: 0 }","target":"tachyon_serverless_gateway"}
{"timestamp":"2026-09-17T11:34:53.340534Z","level":"INFO","message":"asynchronous invocation accepted","invocation_id":"inv_01m2qjbv4rsy7zneps1vc3rg28","tenant_id":"tn_01hzzzzzzzzzzzzzzzzzzzzzza","revision_id":"rev_01m2qjb8qawpkm46w28hgma61s","input_bytes":49,"input_storage":"inline","target":"tachyon_serverless_application::services::invoke_async"}
{"timestamp":"2026-09-17T11:34:53.358621Z","level":"INFO","message":"asynchronous run claimed","invocation_id":"inv_01m2qjbv4rsy7zneps1vc3rg28","attempt":1,"generation":0,"delivery_count":1,"target":"tachyon_serverless_application::services::invoke_async::dispatch"}
{"timestamp":"2026-09-17T11:34:53.359795Z","level":"INFO","message":"asynchronous invocation rescheduled","invocation_id":"inv_01m2qjbv4rsy7zneps1vc3rg28","next_attempt_at":"2026-09-17T11:34:53.458959+00:00","counted":false,"error_type":"Host.DispatcherFenced","target":"tachyon_serverless_application::services::invoke_async::dispatch"}
{"timestamp":"2026-09-17T11:34:53.366544Z","level":"INFO","message":"async dispatch: delivery handled","message_id":"inv_01m2qjbv4rsy7zneps1vc3rg28","sequence":10,"delivery_count":1,"outcome":"Rescheduled { next_attempt_at: 2026-09-17T11:34:53.458959Z, counted: false }","target":"tachyon_serverless_application::services::invoke_async::dispatch"}
{"timestamp":"2026-09-17T11:34:53.472853Z","level":"INFO","message":"asynchronous run claimed","invocation_id":"inv_01m2qjbv4rsy7zneps1vc3rg28","attempt":1,"generation":1,"delivery_count":1,"target":"tachyon_serverless_application::services::invoke_async::dispatch"}
{"timestamp":"2026-09-17T11:34:53.473623Z","level":"INFO","message":"asynchronous invocation rescheduled","invocation_id":"inv_01m2qjbv4rsy7zneps1vc3rg28","next_attempt_at":"2026-09-17T11:34:53.836036+00:00","counted":false,"error_type":"Host.DispatcherFenced","target":"tachyon_serverless_application::services::invoke_async::dispatch"}
{"timestamp":"2026-09-17T11:34:53.478890Z","level":"INFO","message":"async dispatch: delivery handled","message_id":"inv_01m2qjbv4rsy7zneps1vc3rg28.g1","sequence":11,"delivery_count":1,"outcome":"Rescheduled { next_attempt_at: 2026-09-17T11:34:53.836036Z, counted: false }","target":"tachyon_serverless_application::services::invoke_async::dispatch"}
{"timestamp":"2026-09-17T11:34:53.897042Z","level":"INFO","message":"asynchronous run claimed","invocation_id":"inv_01m2qjbv4rsy7zneps1vc3rg28","attempt":1,"generation":2,"delivery_count":1,"target":"tachyon_serverless_application::services::invoke_async::dispatch"}
{"timestamp":"2026-09-17T11:34:53.899017Z","level":"INFO","message":"object retention pass","report":"GcReport { examined: 2, collected_expired: 0, collected_orphans: 0, kept_in_use: 0, kept_referenced: 2, incomplete_removed: 0, tombstones_purged: 0, failed: 0 }","target":"tachyon_serverless_gateway"}
{"timestamp":"2026-09-17T11:34:53.902705Z","level":"INFO","message":"asynchronous invocation rescheduled","invocation_id":"inv_01m2qjbv4rsy7zneps1vc3rg28","next_attempt_at":"2026-09-17T11:34:54.342483+00:00","counted":false,"error_type":"Host.DispatcherFenced","target":"tachyon_serverless_application::services::invoke_async::dispatch"}
{"timestamp":"2026-09-17T11:34:53.909651Z","level":"INFO","message":"async dispatch: delivery handled","message_id":"inv_01m2qjbv4rsy7zneps1vc3rg28.g2","sequence":12,"delivery_count":1,"outcome":"Rescheduled { next_attempt_at: 2026-09-17T11:34:54.342483Z, counted: false }","target":"tachyon_serverless_application::services::invoke_async::dispatch"}
{"timestamp":"2026-09-17T11:34:54.427450Z","level":"INFO","message":"asynchronous run claimed","invocation_id":"inv_01m2qjbv4rsy7zneps1vc3rg28","attempt":1,"generation":3,"delivery_count":1,"target":"tachyon_serverless_application::services::invoke_async::dispatch"}
{"timestamp":"2026-09-17T11:34:54.429211Z","level":"INFO","message":"asynchronous invocation rescheduled","invocation_id":"inv_01m2qjbv4rsy7zneps1vc3rg28","next_attempt_at":"2026-09-17T11:34:55.235918+00:00","counted":false,"error_type":"Host.DispatcherFenced","target":"tachyon_serverless_application::services::invoke_async::dispatch"}
{"timestamp":"2026-09-17T11:34:54.436234Z","level":"INFO","message":"async dispatch: delivery handled","message_id":"inv_01m2qjbv4rsy7zneps1vc3rg28.g3","sequence":13,"delivery_count":1,"outcome":"Rescheduled { next_attempt_at: 2026-09-17T11:34:55.235918Z, counted: false }","target":"tachyon_serverless_application::services::invoke_async::dispatch"}
{"timestamp":"2026-09-17T11:34:55.251624Z","level":"INFO","message":"asynchronous run claimed","invocation_id":"inv_01m2qjbv4rsy7zneps1vc3rg28","attempt":1,"generation":4,"delivery_count":1,"target":"tachyon_serverless_application::services::invoke_async::dispatch"}
{"timestamp":"2026-09-17T11:34:55.257289Z","level":"INFO","message":"asynchronous invocation rescheduled","invocation_id":"inv_01m2qjbv4rsy7zneps1vc3rg28","next_attempt_at":"2026-09-17T11:34:55.439875+00:00","counted":false,"error_type":"Host.DispatcherFenced","target":"tachyon_serverless_application::services::invoke_async::dispatch"}
{"timestamp":"2026-09-17T11:34:55.263275Z","level":"INFO","message":"async dispatch: delivery handled","message_id":"inv_01m2qjbv4rsy7zneps1vc3rg28.g4","sequence":14,"delivery_count":1,"outcome":"Rescheduled { next_attempt_at: 2026-09-17T11:34:55.439875Z, counted: false }","target":"tachyon_serverless_application::services::invoke_async::dispatch"}
{"timestamp":"2026-09-17T11:34:55.472386Z","level":"INFO","message":"asynchronous run claimed","invocation_id":"inv_01m2qjbv4rsy7zneps1vc3rg28","attempt":1,"generation":5,"delivery_count":1,"target":"tachyon_serverless_application::services::invoke_async::dispatch"}
{"timestamp":"2026-09-17T11:34:55.473728Z","level":"INFO","message":"asynchronous invocation rescheduled","invocation_id":"inv_01m2qjbv4rsy7zneps1vc3rg28","next_attempt_at":"2026-09-17T11:34:56.232662+00:00","counted":false,"error_type":"Host.DispatcherFenced","target":"tachyon_serverless_application::services::invoke_async::dispatch"}
{"timestamp":"2026-09-17T11:34:55.479417Z","level":"INFO","message":"async dispatch: delivery handled","message_id":"inv_01m2qjbv4rsy7zneps1vc3rg28.g5","sequence":15,"delivery_count":1,"outcome":"Rescheduled { next_attempt_at: 2026-09-17T11:34:56.232662Z, counted: false }","target":"tachyon_serverless_application::services::invoke_async::dispatch"}
{"timestamp":"2026-09-17T11:34:55.899354Z","level":"INFO","message":"object retention pass","report":"GcReport { examined: 2, collected_expired: 0, collected_orphans: 0, kept_in_use: 0, kept_referenced: 2, incomplete_removed: 0, tombstones_purged: 0, failed: 0 }","target":"tachyon_serverless_gateway"}
{"timestamp":"2026-09-17T11:34:56.300387Z","level":"INFO","message":"asynchronous run claimed","invocation_id":"inv_01m2qjbv4rsy7zneps1vc3rg28","attempt":1,"generation":6,"delivery_count":1,"target":"tachyon_serverless_application::services::invoke_async::dispatch"}
{"timestamp":"2026-09-17T11:34:56.301940Z","level":"INFO","message":"asynchronous invocation rescheduled","invocation_id":"inv_01m2qjbv4rsy7zneps1vc3rg28","next_attempt_at":"2026-09-17T11:34:56.986938+00:00","counted":false,"error_type":"Host.DispatcherFenced","target":"tachyon_serverless_application::services::invoke_async::dispatch"}
{"timestamp":"2026-09-17T11:34:56.310101Z","level":"INFO","message":"async dispatch: delivery handled","message_id":"inv_01m2qjbv4rsy7zneps1vc3rg28.g6","sequence":16,"delivery_count":1,"outcome":"Rescheduled { next_attempt_at: 2026-09-17T11:34:56.986938Z, counted: false }","target":"tachyon_serverless_application::services::invoke_async::dispatch"}
{"timestamp":"2026-09-17T11:34:57.041024Z","level":"INFO","message":"asynchronous run claimed","invocation_id":"inv_01m2qjbv4rsy7zneps1vc3rg28","attempt":1,"generation":7,"delivery_count":1,"target":"tachyon_serverless_application::services::invoke_async::dispatch"}
{"timestamp":"2026-09-17T11:34:57.042688Z","level":"INFO","message":"asynchronous invocation rescheduled","invocation_id":"inv_01m2qjbv4rsy7zneps1vc3rg28","next_attempt_at":"2026-09-17T11:34:57.493465+00:00","counted":false,"error_type":"Host.DispatcherFenced","target":"tachyon_serverless_application::services::invoke_async::dispatch"}
{"timestamp":"2026-09-17T11:34:57.047533Z","level":"INFO","message":"async dispatch: delivery handled","message_id":"inv_01m2qjbv4rsy7zneps1vc3rg28.g7","sequence":17,"delivery_count":1,"outcome":"Rescheduled { next_attempt_at: 2026-09-17T11:34:57.493465Z, counted: false }","target":"tachyon_serverless_application::services::invoke_async::dispatch"}
{"timestamp":"2026-09-17T11:34:57.559153Z","level":"INFO","message":"asynchronous run claimed","invocation_id":"inv_01m2qjbv4rsy7zneps1vc3rg28","attempt":1,"generation":8,"delivery_count":1,"target":"tachyon_serverless_application::services::invoke_async::dispatch"}
{"timestamp":"2026-09-17T11:34:57.564112Z","level":"INFO","message":"asynchronous invocation rescheduled","invocation_id":"inv_01m2qjbv4rsy7zneps1vc3rg28","next_attempt_at":"2026-09-17T11:34:57.778107+00:00","counted":false,"error_type":"Host.DispatcherFenced","target":"tachyon_serverless_application::services::invoke_async::dispatch"}
{"timestamp":"2026-09-17T11:34:57.568019Z","level":"INFO","message":"async dispatch: delivery handled","message_id":"inv_01m2qjbv4rsy7zneps1vc3rg28.g8","sequence":18,"delivery_count":1,"outcome":"Rescheduled { next_attempt_at: 2026-09-17T11:34:57.778107Z, counted: false }","target":"tachyon_serverless_application::services::invoke_async::dispatch"}
{"timestamp":"2026-09-17T11:34:57.875243Z","level":"INFO","message":"asynchronous run claimed","invocation_id":"inv_01m2qjbv4rsy7zneps1vc3rg28","attempt":1,"generation":9,"delivery_count":1,"target":"tachyon_serverless_application::services::invoke_async::dispatch"}
{"timestamp":"2026-09-17T11:34:57.879275Z","level":"INFO","message":"asynchronous invocation rescheduled","invocation_id":"inv_01m2qjbv4rsy7zneps1vc3rg28","next_attempt_at":"2026-09-17T11:34:58.861834+00:00","counted":false,"error_type":"Host.DispatcherFenced","target":"tachyon_serverless_application::services::invoke_async::dispatch"}
{"timestamp":"2026-09-17T11:34:57.883872Z","level":"INFO","message":"async dispatch: delivery handled","message_id":"inv_01m2qjbv4rsy7zneps1vc3rg28.g9","sequence":19,"delivery_count":1,"outcome":"Rescheduled { next_attempt_at: 2026-09-17T11:34:58.861834Z, counted: false }","target":"tachyon_serverless_application::services::invoke_async::dispatch"}
{"timestamp":"2026-09-17T11:34:57.898450Z","level":"INFO","message":"object retention pass","report":"GcReport { examined: 2, collected_expired: 0, collected_orphans: 0, kept_in_use: 0, kept_referenced: 2, incomplete_removed: 0, tombstones_purged: 0, failed: 0 }","target":"tachyon_serverless_gateway"}
{"timestamp":"2026-09-17T11:34:58.908089Z","level":"INFO","message":"asynchronous run claimed","invocation_id":"inv_01m2qjbv4rsy7zneps1vc3rg28","attempt":1,"generation":10,"delivery_count":1,"target":"tachyon_serverless_application::services::invoke_async::dispatch"}
{"timestamp":"2026-09-17T11:34:58.908698Z","level":"INFO","message":"asynchronous invocation rescheduled","invocation_id":"inv_01m2qjbv4rsy7zneps1vc3rg28","next_attempt_at":"2026-09-17T11:34:59.461264+00:00","counted":false,"error_type":"Host.DispatcherFenced","target":"tachyon_serverless_application::services::invoke_async::dispatch"}
{"timestamp":"2026-09-17T11:34:58.913064Z","level":"INFO","message":"async dispatch: delivery handled","message_id":"inv_01m2qjbv4rsy7zneps1vc3rg28.g10","sequence":20,"delivery_count":1,"outcome":"Rescheduled { next_attempt_at: 2026-09-17T11:34:59.461264Z, counted: false }","target":"tachyon_serverless_application::services::invoke_async::dispatch"}
{"timestamp":"2026-09-17T11:34:59.532594Z","level":"INFO","message":"asynchronous run claimed","invocation_id":"inv_01m2qjbv4rsy7zneps1vc3rg28","attempt":1,"generation":11,"delivery_count":1,"target":"tachyon_serverless_application::services::invoke_async::dispatch"}
{"timestamp":"2026-09-17T11:34:59.534766Z","level":"INFO","message":"asynchronous invocation rescheduled","invocation_id":"inv_01m2qjbv4rsy7zneps1vc3rg28","next_attempt_at":"2026-09-17T11:35:00.058190+00:00","counted":false,"error_type":"Host.DispatcherFenced","target":"tachyon_serverless_application::services::invoke_async::dispatch"}
{"timestamp":"2026-09-17T11:34:59.540025Z","level":"INFO","message":"async dispatch: delivery handled","message_id":"inv_01m2qjbv4rsy7zneps1vc3rg28.g11","sequence":21,"delivery_count":1,"outcome":"Rescheduled { next_attempt_at: 2026-09-17T11:35:00.058190Z, counted: false }","target":"tachyon_serverless_application::services::invoke_async::dispatch"}
{"timestamp":"2026-09-17T11:34:59.899526Z","level":"INFO","message":"object retention pass","report":"GcReport { examined: 2, collected_expired: 0, collected_orphans: 0, kept_in_use: 0, kept_referenced: 2, incomplete_removed: 0, tombstones_purged: 0, failed: 0 }","target":"tachyon_serverless_gateway"}
{"timestamp":"2026-09-17T11:35:00.157568Z","level":"INFO","message":"asynchronous run claimed","invocation_id":"inv_01m2qjbv4rsy7zneps1vc3rg28","attempt":1,"generation":12,"delivery_count":1,"target":"tachyon_serverless_application::services::invoke_async::dispatch"}
{"timestamp":"2026-09-17T11:35:00.159859Z","level":"INFO","message":"asynchronous invocation rescheduled","invocation_id":"inv_01m2qjbv4rsy7zneps1vc3rg28","next_attempt_at":"2026-09-17T11:35:01.139391+00:00","counted":false,"error_type":"Host.DispatcherFenced","target":"tachyon_serverless_application::services::invoke_async::dispatch"}
{"timestamp":"2026-09-17T11:35:00.166498Z","level":"INFO","message":"async dispatch: delivery handled","message_id":"inv_01m2qjbv4rsy7zneps1vc3rg28.g12","sequence":22,"delivery_count":1,"outcome":"Rescheduled { next_attempt_at: 2026-09-17T11:35:01.139391Z, counted: false }","target":"tachyon_serverless_application::services::invoke_async::dispatch"}
{"timestamp":"2026-09-17T11:35:01.189627Z","level":"INFO","message":"asynchronous run claimed","invocation_id":"inv_01m2qjbv4rsy7zneps1vc3rg28","attempt":1,"generation":13,"delivery_count":1,"target":"tachyon_serverless_application::services::invoke_async::dispatch"}
{"timestamp":"2026-09-17T11:35:01.192466Z","level":"INFO","message":"asynchronous invocation rescheduled","invocation_id":"inv_01m2qjbv4rsy7zneps1vc3rg28","next_attempt_at":"2026-09-17T11:35:01.854662+00:00","counted":false,"error_type":"Host.DispatcherFenced","target":"tachyon_serverless_application::services::invoke_async::dispatch"}
{"timestamp":"2026-09-17T11:35:01.198521Z","level":"INFO","message":"async dispatch: delivery handled","message_id":"inv_01m2qjbv4rsy7zneps1vc3rg28.g13","sequence":23,"delivery_count":1,"outcome":"Rescheduled { next_attempt_at: 2026-09-17T11:35:01.854662Z, counted: false }","target":"tachyon_serverless_application::services::invoke_async::dispatch"}
{"timestamp":"2026-09-17T11:35:01.899006Z","level":"INFO","message":"object retention pass","report":"GcReport { examined: 2, collected_expired: 0, collected_orphans: 0, kept_in_use: 0, kept_referenced: 2, incomplete_removed: 0, tombstones_purged: 0, failed: 0 }","target":"tachyon_serverless_gateway"}
{"timestamp":"2026-09-17T11:35:01.909489Z","level":"INFO","message":"asynchronous run claimed","invocation_id":"inv_01m2qjbv4rsy7zneps1vc3rg28","attempt":1,"generation":14,"delivery_count":1,"target":"tachyon_serverless_application::services::invoke_async::dispatch"}
{"timestamp":"2026-09-17T11:35:01.914030Z","level":"INFO","message":"asynchronous invocation rescheduled","invocation_id":"inv_01m2qjbv4rsy7zneps1vc3rg28","next_attempt_at":"2026-09-17T11:35:02.242881+00:00","counted":false,"error_type":"Host.DispatcherFenced","target":"tachyon_serverless_application::services::invoke_async::dispatch"}
{"timestamp":"2026-09-17T11:35:01.918893Z","level":"INFO","message":"async dispatch: delivery handled","message_id":"inv_01m2qjbv4rsy7zneps1vc3rg28.g14","sequence":24,"delivery_count":1,"outcome":"Rescheduled { next_attempt_at: 2026-09-17T11:35:02.242881Z, counted: false }","target":"tachyon_serverless_application::services::invoke_async::dispatch"}
{"timestamp":"2026-09-17T11:35:02.335119Z","level":"INFO","message":"asynchronous run claimed","invocation_id":"inv_01m2qjbv4rsy7zneps1vc3rg28","attempt":1,"generation":15,"delivery_count":1,"target":"tachyon_serverless_application::services::invoke_async::dispatch"}
{"timestamp":"2026-09-17T11:35:02.337635Z","level":"INFO","message":"asynchronous invocation rescheduled","invocation_id":"inv_01m2qjbv4rsy7zneps1vc3rg28","next_attempt_at":"2026-09-17T11:35:03.195888+00:00","counted":false,"error_type":"Host.DispatcherFenced","target":"tachyon_serverless_application::services::invoke_async::dispatch"}
{"timestamp":"2026-09-17T11:35:02.343748Z","level":"INFO","message":"async dispatch: delivery handled","message_id":"inv_01m2qjbv4rsy7zneps1vc3rg28.g15","sequence":25,"delivery_count":1,"outcome":"Rescheduled { next_attempt_at: 2026-09-17T11:35:03.195888Z, counted: false }","target":"tachyon_serverless_application::services::invoke_async::dispatch"}
{"timestamp":"2026-09-17T11:35:03.268498Z","level":"INFO","message":"asynchronous run claimed","invocation_id":"inv_01m2qjbv4rsy7zneps1vc3rg28","attempt":1,"generation":16,"delivery_count":1,"target":"tachyon_serverless_application::services::invoke_async::dispatch"}
{"timestamp":"2026-09-17T11:35:03.271025Z","level":"INFO","message":"asynchronous invocation rescheduled","invocation_id":"inv_01m2qjbv4rsy7zneps1vc3rg28","next_attempt_at":"2026-09-17T11:35:03.430509+00:00","counted":false,"error_type":"Host.DispatcherFenced","target":"tachyon_serverless_application::services::invoke_async::dispatch"}
{"timestamp":"2026-09-17T11:35:03.277054Z","level":"INFO","message":"async dispatch: delivery handled","message_id":"inv_01m2qjbv4rsy7zneps1vc3rg28.g16","sequence":26,"delivery_count":1,"outcome":"Rescheduled { next_attempt_at: 2026-09-17T11:35:03.430509Z, counted: false }","target":"tachyon_serverless_application::services::invoke_async::dispatch"}
{"timestamp":"2026-09-17T11:35:03.488181Z","level":"INFO","message":"asynchronous run claimed","invocation_id":"inv_01m2qjbv4rsy7zneps1vc3rg28","attempt":1,"generation":17,"delivery_count":1,"target":"tachyon_serverless_application::services::invoke_async::dispatch"}
{"timestamp":"2026-09-17T11:35:03.489969Z","level":"INFO","message":"asynchronous invocation rescheduled","invocation_id":"inv_01m2qjbv4rsy7zneps1vc3rg28","next_attempt_at":"2026-09-17T11:35:03.859892+00:00","counted":false,"error_type":"Host.DispatcherFenced","target":"tachyon_serverless_application::services::invoke_async::dispatch"}
{"timestamp":"2026-09-17T11:35:03.495925Z","level":"INFO","message":"async dispatch: delivery handled","message_id":"inv_01m2qjbv4rsy7zneps1vc3rg28.g17","sequence":27,"delivery_count":1,"outcome":"Rescheduled { next_attempt_at: 2026-09-17T11:35:03.859892Z, counted: false }","target":"tachyon_serverless_application::services::invoke_async::dispatch"}
{"timestamp":"2026-09-17T11:35:03.899819Z","level":"INFO","message":"object retention pass","report":"GcReport { examined: 2, collected_expired: 0, collected_orphans: 0, kept_in_use: 0, kept_referenced: 2, incomplete_removed: 0, tombstones_purged: 0, failed: 0 }","target":"tachyon_serverless_gateway"}
{"timestamp":"2026-09-17T11:35:03.908585Z","level":"INFO","message":"asynchronous run claimed","invocation_id":"inv_01m2qjbv4rsy7zneps1vc3rg28","attempt":1,"generation":18,"delivery_count":1,"target":"tachyon_serverless_application::services::invoke_async::dispatch"}
{"timestamp":"2026-09-17T11:35:03.910654Z","level":"INFO","message":"asynchronous invocation rescheduled","invocation_id":"inv_01m2qjbv4rsy7zneps1vc3rg28","next_attempt_at":"2026-09-17T11:35:04.049265+00:00","counted":false,"error_type":"Host.DispatcherFenced","target":"tachyon_serverless_application::services::invoke_async::dispatch"}
{"timestamp":"2026-09-17T11:35:03.916323Z","level":"INFO","message":"async dispatch: delivery handled","message_id":"inv_01m2qjbv4rsy7zneps1vc3rg28.g18","sequence":28,"delivery_count":1,"outcome":"Rescheduled { next_attempt_at: 2026-09-17T11:35:04.049265Z, counted: false }","target":"tachyon_serverless_application::services::invoke_async::dispatch"}
{"timestamp":"2026-09-17T11:35:04.127995Z","level":"INFO","message":"asynchronous run claimed","invocation_id":"inv_01m2qjbv4rsy7zneps1vc3rg28","attempt":1,"generation":19,"delivery_count":1,"target":"tachyon_serverless_application::services::invoke_async::dispatch"}
{"timestamp":"2026-09-17T11:35:04.130408Z","level":"INFO","message":"asynchronous invocation rescheduled","invocation_id":"inv_01m2qjbv4rsy7zneps1vc3rg28","next_attempt_at":"2026-09-17T11:35:04.769835+00:00","counted":false,"error_type":"Host.DispatcherFenced","target":"tachyon_serverless_application::services::invoke_async::dispatch"}
{"timestamp":"2026-09-17T11:35:04.135743Z","level":"INFO","message":"async dispatch: delivery handled","message_id":"inv_01m2qjbv4rsy7zneps1vc3rg28.g19","sequence":29,"delivery_count":1,"outcome":"Rescheduled { next_attempt_at: 2026-09-17T11:35:04.769835Z, counted: false }","target":"tachyon_serverless_application::services::invoke_async::dispatch"}
{"timestamp":"2026-09-17T11:35:04.850854Z","level":"INFO","message":"asynchronous run claimed","invocation_id":"inv_01m2qjbv4rsy7zneps1vc3rg28","attempt":1,"generation":20,"delivery_count":1,"target":"tachyon_serverless_application::services::invoke_async::dispatch"}
{"timestamp":"2026-09-17T11:35:04.852277Z","level":"INFO","message":"asynchronous invocation rescheduled","invocation_id":"inv_01m2qjbv4rsy7zneps1vc3rg28","next_attempt_at":"2026-09-17T11:35:04.951168+00:00","counted":false,"error_type":"Host.DispatcherFenced","target":"tachyon_serverless_application::services::invoke_async::dispatch"}
{"timestamp":"2026-09-17T11:35:04.857288Z","level":"INFO","message":"async dispatch: delivery handled","message_id":"inv_01m2qjbv4rsy7zneps1vc3rg28.g20","sequence":30,"delivery_count":1,"outcome":"Rescheduled { next_attempt_at: 2026-09-17T11:35:04.951168Z, counted: false }","target":"tachyon_serverless_application::services::invoke_async::dispatch"}
{"timestamp":"2026-09-17T11:35:04.963548Z","level":"INFO","message":"asynchronous run claimed","invocation_id":"inv_01m2qjbv4rsy7zneps1vc3rg28","attempt":1,"generation":21,"delivery_count":1,"target":"tachyon_serverless_application::services::invoke_async::dispatch"}
{"timestamp":"2026-09-17T11:35:04.965460Z","level":"INFO","message":"asynchronous invocation rescheduled","invocation_id":"inv_01m2qjbv4rsy7zneps1vc3rg28","next_attempt_at":"2026-09-17T11:35:05.545147+00:00","counted":false,"error_type":"Host.DispatcherFenced","target":"tachyon_serverless_application::services::invoke_async::dispatch"}
{"timestamp":"2026-09-17T11:35:04.970849Z","level":"INFO","message":"async dispatch: delivery handled","message_id":"inv_01m2qjbv4rsy7zneps1vc3rg28.g21","sequence":31,"delivery_count":1,"outcome":"Rescheduled { next_attempt_at: 2026-09-17T11:35:05.545147Z, counted: false }","target":"tachyon_serverless_application::services::invoke_async::dispatch"}
{"timestamp":"2026-09-17T11:35:05.586769Z","level":"INFO","message":"asynchronous run claimed","invocation_id":"inv_01m2qjbv4rsy7zneps1vc3rg28","attempt":1,"generation":22,"delivery_count":1,"target":"tachyon_serverless_application::services::invoke_async::dispatch"}
{"timestamp":"2026-09-17T11:35:05.588845Z","level":"INFO","message":"asynchronous invocation rescheduled","invocation_id":"inv_01m2qjbv4rsy7zneps1vc3rg28","next_attempt_at":"2026-09-17T11:35:05.814441+00:00","counted":false,"error_type":"Host.DispatcherFenced","target":"tachyon_serverless_application::services::invoke_async::dispatch"}
{"timestamp":"2026-09-17T11:35:05.594487Z","level":"INFO","message":"async dispatch: delivery handled","message_id":"inv_01m2qjbv4rsy7zneps1vc3rg28.g22","sequence":32,"delivery_count":1,"outcome":"Rescheduled { next_attempt_at: 2026-09-17T11:35:05.814441Z, counted: false }","target":"tachyon_serverless_application::services::invoke_async::dispatch"}
{"timestamp":"2026-09-17T11:35:05.898252Z","level":"INFO","message":"object retention pass","report":"GcReport { examined: 2, collected_expired: 0, collected_orphans: 0, kept_in_use: 0, kept_referenced: 2, incomplete_removed: 0, tombstones_purged: 0, failed: 0 }","target":"tachyon_serverless_gateway"}
{"timestamp":"2026-09-17T11:35:05.903376Z","level":"INFO","message":"asynchronous run claimed","invocation_id":"inv_01m2qjbv4rsy7zneps1vc3rg28","attempt":1,"generation":23,"delivery_count":1,"target":"tachyon_serverless_application::services::invoke_async::dispatch"}
{"timestamp":"2026-09-17T11:35:05.904123Z","level":"INFO","message":"asynchronous invocation rescheduled","invocation_id":"inv_01m2qjbv4rsy7zneps1vc3rg28","next_attempt_at":"2026-09-17T11:35:06.858581+00:00","counted":false,"error_type":"Host.DispatcherFenced","target":"tachyon_serverless_application::services::invoke_async::dispatch"}
{"timestamp":"2026-09-17T11:35:05.908530Z","level":"INFO","message":"async dispatch: delivery handled","message_id":"inv_01m2qjbv4rsy7zneps1vc3rg28.g23","sequence":33,"delivery_count":1,"outcome":"Rescheduled { next_attempt_at: 2026-09-17T11:35:06.858581Z, counted: false }","target":"tachyon_serverless_application::services::invoke_async::dispatch"}
{"timestamp":"2026-09-17T11:35:06.933452Z","level":"INFO","message":"asynchronous run claimed","invocation_id":"inv_01m2qjbv4rsy7zneps1vc3rg28","attempt":1,"generation":24,"delivery_count":1,"target":"tachyon_serverless_application::services::invoke_async::dispatch"}
{"timestamp":"2026-09-17T11:35:06.936120Z","level":"INFO","message":"asynchronous invocation rescheduled","invocation_id":"inv_01m2qjbv4rsy7zneps1vc3rg28","next_attempt_at":"2026-09-17T11:35:07.827396+00:00","counted":false,"error_type":"Host.DispatcherFenced","target":"tachyon_serverless_application::services::invoke_async::dispatch"}
{"timestamp":"2026-09-17T11:35:06.942322Z","level":"INFO","message":"async dispatch: delivery handled","message_id":"inv_01m2qjbv4rsy7zneps1vc3rg28.g24","sequence":34,"delivery_count":1,"outcome":"Rescheduled { next_attempt_at: 2026-09-17T11:35:07.827396Z, counted: false }","target":"tachyon_serverless_application::services::invoke_async::dispatch"}
{"timestamp":"2026-09-17T11:35:07.861921Z","level":"INFO","message":"asynchronous run claimed","invocation_id":"inv_01m2qjbv4rsy7zneps1vc3rg28","attempt":1,"generation":25,"delivery_count":1,"target":"tachyon_serverless_application::services::invoke_async::dispatch"}
{"timestamp":"2026-09-17T11:35:07.863467Z","level":"INFO","message":"asynchronous invocation rescheduled","invocation_id":"inv_01m2qjbv4rsy7zneps1vc3rg28","next_attempt_at":"2026-09-17T11:35:08.318420+00:00","counted":false,"error_type":"Host.DispatcherFenced","target":"tachyon_serverless_application::services::invoke_async::dispatch"}
{"timestamp":"2026-09-17T11:35:07.868886Z","level":"INFO","message":"async dispatch: delivery handled","message_id":"inv_01m2qjbv4rsy7zneps1vc3rg28.g25","sequence":35,"delivery_count":1,"outcome":"Rescheduled { next_attempt_at: 2026-09-17T11:35:08.318420Z, counted: false }","target":"tachyon_serverless_application::services::invoke_async::dispatch"}
{"timestamp":"2026-09-17T11:35:07.898969Z","level":"INFO","message":"object retention pass","report":"GcReport { examined: 2, collected_expired: 0, collected_orphans: 0, kept_in_use: 0, kept_referenced: 2, incomplete_removed: 0, tombstones_purged: 0, failed: 0 }","target":"tachyon_serverless_gateway"}
{"timestamp":"2026-09-17T11:35:08.386219Z","level":"INFO","message":"asynchronous run claimed","invocation_id":"inv_01m2qjbv4rsy7zneps1vc3rg28","attempt":1,"generation":26,"delivery_count":1,"target":"tachyon_serverless_application::services::invoke_async::dispatch"}
{"timestamp":"2026-09-17T11:35:08.388737Z","level":"INFO","message":"asynchronous invocation rescheduled","invocation_id":"inv_01m2qjbv4rsy7zneps1vc3rg28","next_attempt_at":"2026-09-17T11:35:09.106056+00:00","counted":false,"error_type":"Host.DispatcherFenced","target":"tachyon_serverless_application::services::invoke_async::dispatch"}
{"timestamp":"2026-09-17T11:35:08.394997Z","level":"INFO","message":"async dispatch: delivery handled","message_id":"inv_01m2qjbv4rsy7zneps1vc3rg28.g26","sequence":36,"delivery_count":1,"outcome":"Rescheduled { next_attempt_at: 2026-09-17T11:35:09.106056Z, counted: false }","target":"tachyon_serverless_application::services::invoke_async::dispatch"}
{"timestamp":"2026-09-17T11:35:09.216465Z","level":"INFO","message":"asynchronous run claimed","invocation_id":"inv_01m2qjbv4rsy7zneps1vc3rg28","attempt":1,"generation":27,"delivery_count":1,"target":"tachyon_serverless_application::services::invoke_async::dispatch"}
{"timestamp":"2026-09-17T11:35:09.219185Z","level":"INFO","message":"asynchronous invocation rescheduled","invocation_id":"inv_01m2qjbv4rsy7zneps1vc3rg28","next_attempt_at":"2026-09-17T11:35:10.023330+00:00","counted":false,"error_type":"Host.DispatcherFenced","target":"tachyon_serverless_application::services::invoke_async::dispatch"}
{"timestamp":"2026-09-17T11:35:09.225328Z","level":"INFO","message":"async dispatch: delivery handled","message_id":"inv_01m2qjbv4rsy7zneps1vc3rg28.g27","sequence":37,"delivery_count":1,"outcome":"Rescheduled { next_attempt_at: 2026-09-17T11:35:10.023330Z, counted: false }","target":"tachyon_serverless_application::services::invoke_async::dispatch"}
{"timestamp":"2026-09-17T11:35:09.898086Z","level":"INFO","message":"object retention pass","report":"GcReport { examined: 2, collected_expired: 0, collected_orphans: 0, kept_in_use: 0, kept_referenced: 2, incomplete_removed: 0, tombstones_purged: 0, failed: 0 }","target":"tachyon_serverless_gateway"}
{"timestamp":"2026-09-17T11:35:10.049073Z","level":"INFO","message":"asynchronous run claimed","invocation_id":"inv_01m2qjbv4rsy7zneps1vc3rg28","attempt":1,"generation":28,"delivery_count":1,"target":"tachyon_serverless_application::services::invoke_async::dispatch"}
{"timestamp":"2026-09-17T11:35:10.050572Z","level":"INFO","message":"asynchronous invocation rescheduled","invocation_id":"inv_01m2qjbv4rsy7zneps1vc3rg28","next_attempt_at":"2026-09-17T11:35:10.149637+00:00","counted":false,"error_type":"Host.DispatcherFenced","target":"tachyon_serverless_application::services::invoke_async::dispatch"}
{"timestamp":"2026-09-17T11:35:10.055900Z","level":"INFO","message":"async dispatch: delivery handled","message_id":"inv_01m2qjbv4rsy7zneps1vc3rg28.g28","sequence":38,"delivery_count":1,"outcome":"Rescheduled { next_attempt_at: 2026-09-17T11:35:10.149637Z, counted: false }","target":"tachyon_serverless_application::services::invoke_async::dispatch"}
{"timestamp":"2026-09-17T11:35:10.164532Z","level":"INFO","message":"asynchronous run claimed","invocation_id":"inv_01m2qjbv4rsy7zneps1vc3rg28","attempt":1,"generation":29,"delivery_count":1,"target":"tachyon_serverless_application::services::invoke_async::dispatch"}
{"timestamp":"2026-09-17T11:35:10.166498Z","level":"INFO","message":"asynchronous invocation rescheduled","invocation_id":"inv_01m2qjbv4rsy7zneps1vc3rg28","next_attempt_at":"2026-09-17T11:35:10.454089+00:00","counted":false,"error_type":"Host.DispatcherFenced","target":"tachyon_serverless_application::services::invoke_async::dispatch"}
{"timestamp":"2026-09-17T11:35:10.175930Z","level":"INFO","message":"async dispatch: delivery handled","message_id":"inv_01m2qjbv4rsy7zneps1vc3rg28.g29","sequence":39,"delivery_count":1,"outcome":"Rescheduled { next_attempt_at: 2026-09-17T11:35:10.454089Z, counted: false }","target":"tachyon_serverless_application::services::invoke_async::dispatch"}
{"timestamp":"2026-09-17T11:35:10.477029Z","level":"INFO","message":"asynchronous run claimed","invocation_id":"inv_01m2qjbv4rsy7zneps1vc3rg28","attempt":1,"generation":30,"delivery_count":1,"target":"tachyon_serverless_application::services::invoke_async::dispatch"}
{"timestamp":"2026-09-17T11:35:10.482976Z","level":"INFO","message":"asynchronous invocation rescheduled","invocation_id":"inv_01m2qjbv4rsy7zneps1vc3rg28","next_attempt_at":"2026-09-17T11:35:11.454199+00:00","counted":false,"error_type":"Host.DispatcherFenced","target":"tachyon_serverless_application::services::invoke_async::dispatch"}
{"timestamp":"2026-09-17T11:35:10.487327Z","level":"INFO","message":"async dispatch: delivery handled","message_id":"inv_01m2qjbv4rsy7zneps1vc3rg28.g30","sequence":40,"delivery_count":1,"outcome":"Rescheduled { next_attempt_at: 2026-09-17T11:35:11.454199Z, counted: false }","target":"tachyon_serverless_application::services::invoke_async::dispatch"}
{"timestamp":"2026-09-17T11:35:11.508532Z","level":"INFO","message":"asynchronous run claimed","invocation_id":"inv_01m2qjbv4rsy7zneps1vc3rg28","attempt":1,"generation":31,"delivery_count":1,"target":"tachyon_serverless_application::services::invoke_async::dispatch"}
{"timestamp":"2026-09-17T11:35:11.509830Z","level":"INFO","message":"asynchronous invocation rescheduled","invocation_id":"inv_01m2qjbv4rsy7zneps1vc3rg28","next_attempt_at":"2026-09-17T11:35:12.226818+00:00","counted":false,"error_type":"Host.DispatcherFenced","target":"tachyon_serverless_application::services::invoke_async::dispatch"}
{"timestamp":"2026-09-17T11:35:11.515025Z","level":"INFO","message":"async dispatch: delivery handled","message_id":"inv_01m2qjbv4rsy7zneps1vc3rg28.g31","sequence":41,"delivery_count":1,"outcome":"Rescheduled { next_attempt_at: 2026-09-17T11:35:12.226818Z, counted: false }","target":"tachyon_serverless_application::services::invoke_async::dispatch"}
{"timestamp":"2026-09-17T11:35:11.900006Z","level":"INFO","message":"object retention pass","report":"GcReport { examined: 2, collected_expired: 0, collected_orphans: 0, kept_in_use: 0, kept_referenced: 2, incomplete_removed: 0, tombstones_purged: 0, failed: 0 }","target":"tachyon_serverless_gateway"}
{"timestamp":"2026-09-17T11:35:12.333613Z","level":"INFO","message":"asynchronous run claimed","invocation_id":"inv_01m2qjbv4rsy7zneps1vc3rg28","attempt":1,"generation":32,"delivery_count":1,"target":"tachyon_serverless_application::services::invoke_async::dispatch"}
{"timestamp":"2026-09-17T11:35:12.336096Z","level":"INFO","message":"asynchronous invocation rescheduled","invocation_id":"inv_01m2qjbv4rsy7zneps1vc3rg28","next_attempt_at":"2026-09-17T11:35:13.119573+00:00","counted":false,"error_type":"Host.DispatcherFenced","target":"tachyon_serverless_application::services::invoke_async::dispatch"}
{"timestamp":"2026-09-17T11:35:12.342323Z","level":"INFO","message":"async dispatch: delivery handled","message_id":"inv_01m2qjbv4rsy7zneps1vc3rg28.g32","sequence":42,"delivery_count":1,"outcome":"Rescheduled { next_attempt_at: 2026-09-17T11:35:13.119573Z, counted: false }","target":"tachyon_serverless_application::services::invoke_async::dispatch"}
{"timestamp":"2026-09-17T11:35:13.158692Z","level":"INFO","message":"asynchronous run claimed","invocation_id":"inv_01m2qjbv4rsy7zneps1vc3rg28","attempt":1,"generation":33,"delivery_count":1,"target":"tachyon_serverless_application::services::invoke_async::dispatch"}
{"timestamp":"2026-09-17T11:35:13.160164Z","level":"INFO","message":"asynchronous invocation rescheduled","invocation_id":"inv_01m2qjbv4rsy7zneps1vc3rg28","next_attempt_at":"2026-09-17T11:35:13.304477+00:00","counted":false,"error_type":"Host.DispatcherFenced","target":"tachyon_serverless_application::services::invoke_async::dispatch"}
{"timestamp":"2026-09-17T11:35:13.164783Z","level":"INFO","message":"async dispatch: delivery handled","message_id":"inv_01m2qjbv4rsy7zneps1vc3rg28.g33","sequence":43,"delivery_count":1,"outcome":"Rescheduled { next_attempt_at: 2026-09-17T11:35:13.304477Z, counted: false }","target":"tachyon_serverless_application::services::invoke_async::dispatch"}
{"timestamp":"2026-09-17T11:35:13.372702Z","level":"INFO","message":"asynchronous run claimed","invocation_id":"inv_01m2qjbv4rsy7zneps1vc3rg28","attempt":1,"generation":34,"delivery_count":1,"target":"tachyon_serverless_application::services::invoke_async::dispatch"}
{"timestamp":"2026-09-17T11:35:13.379565Z","level":"INFO","message":"asynchronous invocation rescheduled","invocation_id":"inv_01m2qjbv4rsy7zneps1vc3rg28","next_attempt_at":"2026-09-17T11:35:14.342145+00:00","counted":false,"error_type":"Host.DispatcherFenced","target":"tachyon_serverless_application::services::invoke_async::dispatch"}
{"timestamp":"2026-09-17T11:35:13.388181Z","level":"INFO","message":"async dispatch: delivery handled","message_id":"inv_01m2qjbv4rsy7zneps1vc3rg28.g34","sequence":44,"delivery_count":1,"outcome":"Rescheduled { next_attempt_at: 2026-09-17T11:35:14.342145Z, counted: false }","target":"tachyon_serverless_application::services::invoke_async::dispatch"}
{"timestamp":"2026-09-17T11:35:13.899567Z","level":"INFO","message":"object retention pass","report":"GcReport { examined: 2, collected_expired: 0, collected_orphans: 0, kept_in_use: 0, kept_referenced: 2, incomplete_removed: 0, tombstones_purged: 0, failed: 0 }","target":"tachyon_serverless_gateway"}
{"timestamp":"2026-09-17T11:35:14.407467Z","level":"INFO","message":"asynchronous run claimed","invocation_id":"inv_01m2qjbv4rsy7zneps1vc3rg28","attempt":1,"generation":35,"delivery_count":1,"target":"tachyon_serverless_application::services::invoke_async::dispatch"}
{"timestamp":"2026-09-17T11:35:14.409096Z","level":"INFO","message":"asynchronous invocation rescheduled","invocation_id":"inv_01m2qjbv4rsy7zneps1vc3rg28","next_attempt_at":"2026-09-17T11:35:15.241053+00:00","counted":false,"error_type":"Host.DispatcherFenced","target":"tachyon_serverless_application::services::invoke_async::dispatch"}
{"timestamp":"2026-09-17T11:35:14.413926Z","level":"INFO","message":"async dispatch: delivery handled","message_id":"inv_01m2qjbv4rsy7zneps1vc3rg28.g35","sequence":45,"delivery_count":1,"outcome":"Rescheduled { next_attempt_at: 2026-09-17T11:35:15.241053Z, counted: false }","target":"tachyon_serverless_application::services::invoke_async::dispatch"}
{"timestamp":"2026-09-17T11:35:15.337738Z","level":"INFO","message":"asynchronous run claimed","invocation_id":"inv_01m2qjbv4rsy7zneps1vc3rg28","attempt":1,"generation":36,"delivery_count":1,"target":"tachyon_serverless_application::services::invoke_async::dispatch"}
{"timestamp":"2026-09-17T11:35:15.339350Z","level":"INFO","message":"asynchronous invocation rescheduled","invocation_id":"inv_01m2qjbv4rsy7zneps1vc3rg28","next_attempt_at":"2026-09-17T11:35:15.438331+00:00","counted":false,"error_type":"Host.DispatcherFenced","target":"tachyon_serverless_application::services::invoke_async::dispatch"}
{"timestamp":"2026-09-17T11:35:15.344247Z","level":"INFO","message":"async dispatch: delivery handled","message_id":"inv_01m2qjbv4rsy7zneps1vc3rg28.g36","sequence":46,"delivery_count":1,"outcome":"Rescheduled { next_attempt_at: 2026-09-17T11:35:15.438331Z, counted: false }","target":"tachyon_serverless_application::services::invoke_async::dispatch"}
{"timestamp":"2026-09-17T11:35:15.449150Z","level":"INFO","message":"asynchronous run claimed","invocation_id":"inv_01m2qjbv4rsy7zneps1vc3rg28","attempt":1,"generation":37,"delivery_count":1,"target":"tachyon_serverless_application::services::invoke_async::dispatch"}
{"timestamp":"2026-09-17T11:35:15.449445Z","level":"INFO","message":"asynchronous invocation rescheduled","invocation_id":"inv_01m2qjbv4rsy7zneps1vc3rg28","next_attempt_at":"2026-09-17T11:35:15.961254+00:00","counted":false,"error_type":"Host.DispatcherFenced","target":"tachyon_serverless_application::services::invoke_async::dispatch"}
{"timestamp":"2026-09-17T11:35:15.453965Z","level":"INFO","message":"async dispatch: delivery handled","message_id":"inv_01m2qjbv4rsy7zneps1vc3rg28.g37","sequence":47,"delivery_count":1,"outcome":"Rescheduled { next_attempt_at: 2026-09-17T11:35:15.961254Z, counted: false }","target":"tachyon_serverless_application::services::invoke_async::dispatch"}
{"timestamp":"2026-09-17T11:35:15.897841Z","level":"INFO","message":"object retention pass","report":"GcReport { examined: 2, collected_expired: 0, collected_orphans: 0, kept_in_use: 0, kept_referenced: 2, incomplete_removed: 0, tombstones_purged: 0, failed: 0 }","target":"tachyon_serverless_gateway"}
{"timestamp":"2026-09-17T11:35:16.063706Z","level":"INFO","message":"asynchronous run claimed","invocation_id":"inv_01m2qjbv4rsy7zneps1vc3rg28","attempt":1,"generation":38,"delivery_count":1,"target":"tachyon_serverless_application::services::invoke_async::dispatch"}
{"timestamp":"2026-09-17T11:35:16.069067Z","level":"INFO","message":"asynchronous invocation rescheduled","invocation_id":"inv_01m2qjbv4rsy7zneps1vc3rg28","next_attempt_at":"2026-09-17T11:35:16.311852+00:00","counted":false,"error_type":"Host.DispatcherFenced","target":"tachyon_serverless_application::services::invoke_async::dispatch"}
{"timestamp":"2026-09-17T11:35:16.073709Z","level":"INFO","message":"async dispatch: delivery handled","message_id":"inv_01m2qjbv4rsy7zneps1vc3rg28.g38","sequence":48,"delivery_count":1,"outcome":"Rescheduled { next_attempt_at: 2026-09-17T11:35:16.311852Z, counted: false }","target":"tachyon_serverless_application::services::invoke_async::dispatch"}
{"timestamp":"2026-09-17T11:35:16.383981Z","level":"INFO","message":"asynchronous run claimed","invocation_id":"inv_01m2qjbv4rsy7zneps1vc3rg28","attempt":1,"generation":39,"delivery_count":1,"target":"tachyon_serverless_application::services::invoke_async::dispatch"}
{"timestamp":"2026-09-17T11:35:16.389974Z","level":"INFO","message":"asynchronous invocation rescheduled","invocation_id":"inv_01m2qjbv4rsy7zneps1vc3rg28","next_attempt_at":"2026-09-17T11:35:16.564107+00:00","counted":false,"error_type":"Host.DispatcherFenced","target":"tachyon_serverless_application::services::invoke_async::dispatch"}
{"timestamp":"2026-09-17T11:35:16.395759Z","level":"INFO","message":"async dispatch: delivery handled","message_id":"inv_01m2qjbv4rsy7zneps1vc3rg28.g39","sequence":49,"delivery_count":1,"outcome":"Rescheduled { next_attempt_at: 2026-09-17T11:35:16.564107Z, counted: false }","target":"tachyon_serverless_application::services::invoke_async::dispatch"}
{"timestamp":"2026-09-17T11:35:16.602844Z","level":"INFO","message":"asynchronous run claimed","invocation_id":"inv_01m2qjbv4rsy7zneps1vc3rg28","attempt":1,"generation":40,"delivery_count":1,"target":"tachyon_serverless_application::services::invoke_async::dispatch"}
{"timestamp":"2026-09-17T11:35:16.603867Z","level":"INFO","message":"asynchronous invocation rescheduled","invocation_id":"inv_01m2qjbv4rsy7zneps1vc3rg28","next_attempt_at":"2026-09-17T11:35:16.876101+00:00","counted":false,"error_type":"Host.DispatcherFenced","target":"tachyon_serverless_application::services::invoke_async::dispatch"}
{"timestamp":"2026-09-17T11:35:16.608292Z","level":"INFO","message":"async dispatch: delivery handled","message_id":"inv_01m2qjbv4rsy7zneps1vc3rg28.g40","sequence":50,"delivery_count":1,"outcome":"Rescheduled { next_attempt_at: 2026-09-17T11:35:16.876101Z, counted: false }","target":"tachyon_serverless_application::services::invoke_async::dispatch"}
{"timestamp":"2026-09-17T11:35:16.918942Z","level":"INFO","message":"asynchronous run claimed","invocation_id":"inv_01m2qjbv4rsy7zneps1vc3rg28","attempt":1,"generation":41,"delivery_count":1,"target":"tachyon_serverless_application::services::invoke_async::dispatch"}
{"timestamp":"2026-09-17T11:35:16.919545Z","level":"INFO","message":"asynchronous invocation rescheduled","invocation_id":"inv_01m2qjbv4rsy7zneps1vc3rg28","next_attempt_at":"2026-09-17T11:35:17.560248+00:00","counted":false,"error_type":"Host.DispatcherFenced","target":"tachyon_serverless_application::services::invoke_async::dispatch"}
{"timestamp":"2026-09-17T11:35:16.924227Z","level":"INFO","message":"async dispatch: delivery handled","message_id":"inv_01m2qjbv4rsy7zneps1vc3rg28.g41","sequence":51,"delivery_count":1,"outcome":"Rescheduled { next_attempt_at: 2026-09-17T11:35:17.560248Z, counted: false }","target":"tachyon_serverless_application::services::invoke_async::dispatch"}
{"timestamp":"2026-09-17T11:35:17.640474Z","level":"INFO","message":"asynchronous run claimed","invocation_id":"inv_01m2qjbv4rsy7zneps1vc3rg28","attempt":1,"generation":42,"delivery_count":1,"target":"tachyon_serverless_application::services::invoke_async::dispatch"}
{"timestamp":"2026-09-17T11:35:17.647634Z","level":"INFO","message":"asynchronous invocation rescheduled","invocation_id":"inv_01m2qjbv4rsy7zneps1vc3rg28","next_attempt_at":"2026-09-17T11:35:18.174723+00:00","counted":false,"error_type":"Host.DispatcherFenced","target":"tachyon_serverless_application::services::invoke_async::dispatch"}
{"timestamp":"2026-09-17T11:35:17.652453Z","level":"INFO","message":"async dispatch: delivery handled","message_id":"inv_01m2qjbv4rsy7zneps1vc3rg28.g42","sequence":52,"delivery_count":1,"outcome":"Rescheduled { next_attempt_at: 2026-09-17T11:35:18.174723Z, counted: false }","target":"tachyon_serverless_application::services::invoke_async::dispatch"}
{"timestamp":"2026-09-17T11:35:17.898308Z","level":"INFO","message":"object retention pass","report":"GcReport { examined: 2, collected_expired: 0, collected_orphans: 0, kept_in_use: 0, kept_referenced: 2, incomplete_removed: 0, tombstones_purged: 0, failed: 0 }","target":"tachyon_serverless_gateway"}
{"timestamp":"2026-09-17T11:35:18.265145Z","level":"INFO","message":"asynchronous run claimed","invocation_id":"inv_01m2qjbv4rsy7zneps1vc3rg28","attempt":1,"generation":43,"delivery_count":1,"target":"tachyon_serverless_application::services::invoke_async::dispatch"}
{"timestamp":"2026-09-17T11:35:18.274418Z","level":"INFO","message":"asynchronous invocation rescheduled","invocation_id":"inv_01m2qjbv4rsy7zneps1vc3rg28","next_attempt_at":"2026-09-17T11:35:18.458582+00:00","counted":false,"error_type":"Host.DispatcherFenced","target":"tachyon_serverless_application::services::invoke_async::dispatch"}
{"timestamp":"2026-09-17T11:35:18.281898Z","level":"INFO","message":"async dispatch: delivery handled","message_id":"inv_01m2qjbv4rsy7zneps1vc3rg28.g43","sequence":53,"delivery_count":1,"outcome":"Rescheduled { next_attempt_at: 2026-09-17T11:35:18.458582Z, counted: false }","target":"tachyon_serverless_application::services::invoke_async::dispatch"}
{"timestamp":"2026-09-17T11:35:18.491036Z","level":"INFO","message":"asynchronous run claimed","invocation_id":"inv_01m2qjbv4rsy7zneps1vc3rg28","attempt":1,"generation":44,"delivery_count":1,"target":"tachyon_serverless_application::services::invoke_async::dispatch"}
{"timestamp":"2026-09-17T11:35:18.492982Z","level":"INFO","message":"asynchronous invocation rescheduled","invocation_id":"inv_01m2qjbv4rsy7zneps1vc3rg28","next_attempt_at":"2026-09-17T11:35:19.093126+00:00","counted":false,"error_type":"Host.DispatcherFenced","target":"tachyon_serverless_application::services::invoke_async::dispatch"}
{"timestamp":"2026-09-17T11:35:18.499440Z","level":"INFO","message":"async dispatch: delivery handled","message_id":"inv_01m2qjbv4rsy7zneps1vc3rg28.g44","sequence":54,"delivery_count":1,"outcome":"Rescheduled { next_attempt_at: 2026-09-17T11:35:19.093126Z, counted: false }","target":"tachyon_serverless_application::services::invoke_async::dispatch"}
{"timestamp":"2026-09-17T11:35:19.138468Z","level":"INFO","message":"asynchronous run claimed","invocation_id":"inv_01m2qjbv4rsy7zneps1vc3rg28","attempt":1,"generation":45,"delivery_count":1,"target":"tachyon_serverless_application::services::invoke_async::dispatch"}
{"timestamp":"2026-09-17T11:35:19.139754Z","level":"INFO","message":"asynchronous invocation rescheduled","invocation_id":"inv_01m2qjbv4rsy7zneps1vc3rg28","next_attempt_at":"2026-09-17T11:35:19.937050+00:00","counted":false,"error_type":"Host.DispatcherFenced","target":"tachyon_serverless_application::services::invoke_async::dispatch"}
{"timestamp":"2026-09-17T11:35:19.146578Z","level":"INFO","message":"async dispatch: delivery handled","message_id":"inv_01m2qjbv4rsy7zneps1vc3rg28.g45","sequence":55,"delivery_count":1,"outcome":"Rescheduled { next_attempt_at: 2026-09-17T11:35:19.937050Z, counted: false }","target":"tachyon_serverless_application::services::invoke_async::dispatch"}
{"timestamp":"2026-09-17T11:35:19.912077Z","level":"INFO","message":"object retention pass","report":"GcReport { examined: 2, collected_expired: 0, collected_orphans: 0, kept_in_use: 0, kept_referenced: 2, incomplete_removed: 0, tombstones_purged: 0, failed: 0 }","target":"tachyon_serverless_gateway"}
{"timestamp":"2026-09-17T11:35:19.977486Z","level":"INFO","message":"asynchronous run claimed","invocation_id":"inv_01m2qjbv4rsy7zneps1vc3rg28","attempt":1,"generation":46,"delivery_count":1,"target":"tachyon_serverless_application::services::invoke_async::dispatch"}
{"timestamp":"2026-09-17T11:35:19.982780Z","level":"INFO","message":"asynchronous invocation rescheduled","invocation_id":"inv_01m2qjbv4rsy7zneps1vc3rg28","next_attempt_at":"2026-09-17T11:35:20.078951+00:00","counted":false,"error_type":"Host.DispatcherFenced","target":"tachyon_serverless_application::services::invoke_async::dispatch"}
{"timestamp":"2026-09-17T11:35:19.990479Z","level":"INFO","message":"async dispatch: delivery handled","message_id":"inv_01m2qjbv4rsy7zneps1vc3rg28.g46","sequence":56,"delivery_count":1,"outcome":"Rescheduled { next_attempt_at: 2026-09-17T11:35:20.078951Z, counted: false }","target":"tachyon_serverless_application::services::invoke_async::dispatch"}
{"timestamp":"2026-09-17T11:35:20.092056Z","level":"INFO","message":"asynchronous run claimed","invocation_id":"inv_01m2qjbv4rsy7zneps1vc3rg28","attempt":1,"generation":47,"delivery_count":1,"target":"tachyon_serverless_application::services::invoke_async::dispatch"}
{"timestamp":"2026-09-17T11:35:20.093138Z","level":"INFO","message":"asynchronous invocation rescheduled","invocation_id":"inv_01m2qjbv4rsy7zneps1vc3rg28","next_attempt_at":"2026-09-17T11:35:20.215493+00:00","counted":false,"error_type":"Host.DispatcherFenced","target":"tachyon_serverless_application::services::invoke_async::dispatch"}
{"timestamp":"2026-09-17T11:35:20.099271Z","level":"INFO","message":"async dispatch: delivery handled","message_id":"inv_01m2qjbv4rsy7zneps1vc3rg28.g47","sequence":57,"delivery_count":1,"outcome":"Rescheduled { next_attempt_at: 2026-09-17T11:35:20.215493Z, counted: false }","target":"tachyon_serverless_application::services::invoke_async::dispatch"}
{"timestamp":"2026-09-17T11:35:20.112076Z","level":"INFO","message":"outbox: re-published events the broker already had, or whose claim moved on","duplicates":0,"lost_claims":1,"marked":0,"target":"tachyon_serverless_application::services::invoke_async::publisher"}
{"timestamp":"2026-09-17T11:35:20.238330Z","level":"INFO","message":"asynchronous run claimed","invocation_id":"inv_01m2qjbv4rsy7zneps1vc3rg28","attempt":1,"generation":48,"delivery_count":1,"target":"tachyon_serverless_application::services::invoke_async::dispatch"}
{"timestamp":"2026-09-17T11:35:20.239408Z","level":"INFO","message":"asynchronous invocation rescheduled","invocation_id":"inv_01m2qjbv4rsy7zneps1vc3rg28","next_attempt_at":"2026-09-17T11:35:20.821792+00:00","counted":false,"error_type":"Host.DispatcherFenced","target":"tachyon_serverless_application::services::invoke_async::dispatch"}
{"timestamp":"2026-09-17T11:35:20.239859Z","level":"INFO","message":"outbox: re-published events the broker already had, or whose claim moved on","duplicates":0,"lost_claims":1,"marked":0,"target":"tachyon_serverless_application::services::invoke_async::publisher"}
{"timestamp":"2026-09-17T11:35:20.251108Z","level":"INFO","message":"async dispatch: delivery handled","message_id":"inv_01m2qjbv4rsy7zneps1vc3rg28.g48","sequence":58,"delivery_count":1,"outcome":"Rescheduled { next_attempt_at: 2026-09-17T11:35:20.821792Z, counted: false }","target":"tachyon_serverless_application::services::invoke_async::dispatch"}
{"timestamp":"2026-09-17T11:35:20.889060Z","level":"INFO","message":"asynchronous run claimed","invocation_id":"inv_01m2qjbv4rsy7zneps1vc3rg28","attempt":1,"generation":49,"delivery_count":1,"target":"tachyon_serverless_application::services::invoke_async::dispatch"}
{"timestamp":"2026-09-17T11:35:20.890020Z","level":"INFO","message":"asynchronous invocation rescheduled","invocation_id":"inv_01m2qjbv4rsy7zneps1vc3rg28","next_attempt_at":"2026-09-17T11:35:21.559433+00:00","counted":false,"error_type":"Host.DispatcherFenced","target":"tachyon_serverless_application::services::invoke_async::dispatch"}
{"timestamp":"2026-09-17T11:35:20.895609Z","level":"INFO","message":"outbox: re-published events the broker already had, or whose claim moved on","duplicates":0,"lost_claims":1,"marked":0,"target":"tachyon_serverless_application::services::invoke_async::publisher"}
{"timestamp":"2026-09-17T11:35:20.904804Z","level":"INFO","message":"async dispatch: delivery handled","message_id":"inv_01m2qjbv4rsy7zneps1vc3rg28.g49","sequence":59,"delivery_count":1,"outcome":"Rescheduled { next_attempt_at: 2026-09-17T11:35:21.559433Z, counted: false }","target":"tachyon_serverless_application::services::invoke_async::dispatch"}
{"timestamp":"2026-09-17T11:35:21.642303Z","level":"INFO","message":"asynchronous run claimed","invocation_id":"inv_01m2qjbv4rsy7zneps1vc3rg28","attempt":1,"generation":50,"delivery_count":1,"target":"tachyon_serverless_application::services::invoke_async::dispatch"}
{"timestamp":"2026-09-17T11:35:21.648200Z","level":"INFO","message":"asynchronous invocation rescheduled","invocation_id":"inv_01m2qjbv4rsy7zneps1vc3rg28","next_attempt_at":"2026-09-17T11:35:21.838691+00:00","counted":false,"error_type":"Host.DispatcherFenced","target":"tachyon_serverless_application::services::invoke_async::dispatch"}
{"timestamp":"2026-09-17T11:35:21.654401Z","level":"INFO","message":"async dispatch: delivery handled","message_id":"inv_01m2qjbv4rsy7zneps1vc3rg28.g50","sequence":60,"delivery_count":1,"outcome":"Rescheduled { next_attempt_at: 2026-09-17T11:35:21.838691Z, counted: false }","target":"tachyon_serverless_application::services::invoke_async::dispatch"}
{"timestamp":"2026-09-17T11:35:21.863854Z","level":"INFO","message":"asynchronous run claimed","invocation_id":"inv_01m2qjbv4rsy7zneps1vc3rg28","attempt":1,"generation":51,"delivery_count":1,"target":"tachyon_serverless_application::services::invoke_async::dispatch"}
{"timestamp":"2026-09-17T11:35:21.864875Z","level":"INFO","message":"asynchronous invocation rescheduled","invocation_id":"inv_01m2qjbv4rsy7zneps1vc3rg28","next_attempt_at":"2026-09-17T11:35:22.114294+00:00","counted":false,"error_type":"Host.DispatcherFenced","target":"tachyon_serverless_application::services::invoke_async::dispatch"}
{"timestamp":"2026-09-17T11:35:21.870391Z","level":"INFO","message":"async dispatch: delivery handled","message_id":"inv_01m2qjbv4rsy7zneps1vc3rg28.g51","sequence":61,"delivery_count":1,"outcome":"Rescheduled { next_attempt_at: 2026-09-17T11:35:22.114294Z, counted: false }","target":"tachyon_serverless_application::services::invoke_async::dispatch"}
{"timestamp":"2026-09-17T11:35:21.898791Z","level":"INFO","message":"object retention pass","report":"GcReport { examined: 2, collected_expired: 0, collected_orphans: 0, kept_in_use: 0, kept_referenced: 2, incomplete_removed: 0, tombstones_purged: 0, failed: 0 }","target":"tachyon_serverless_gateway"}
{"timestamp":"2026-09-17T11:35:22.182974Z","level":"INFO","message":"asynchronous run claimed","invocation_id":"inv_01m2qjbv4rsy7zneps1vc3rg28","attempt":1,"generation":52,"delivery_count":1,"target":"tachyon_serverless_application::services::invoke_async::dispatch"}
{"timestamp":"2026-09-17T11:35:22.184096Z","level":"INFO","message":"asynchronous invocation rescheduled","invocation_id":"inv_01m2qjbv4rsy7zneps1vc3rg28","next_attempt_at":"2026-09-17T11:35:22.806477+00:00","counted":false,"error_type":"Host.DispatcherFenced","target":"tachyon_serverless_application::services::invoke_async::dispatch"}
{"timestamp":"2026-09-17T11:35:22.184366Z","level":"INFO","message":"outbox: re-published events the broker already had, or whose claim moved on","duplicates":0,"lost_claims":1,"marked":0,"target":"tachyon_serverless_application::services::invoke_async::publisher"}
{"timestamp":"2026-09-17T11:35:22.192775Z","level":"INFO","message":"async dispatch: delivery handled","message_id":"inv_01m2qjbv4rsy7zneps1vc3rg28.g52","sequence":62,"delivery_count":1,"outcome":"Rescheduled { next_attempt_at: 2026-09-17T11:35:22.806477Z, counted: false }","target":"tachyon_serverless_application::services::invoke_async::dispatch"}
{"timestamp":"2026-09-17T11:35:22.928206Z","level":"INFO","message":"asynchronous run claimed","invocation_id":"inv_01m2qjbv4rsy7zneps1vc3rg28","attempt":1,"generation":53,"delivery_count":1,"target":"tachyon_serverless_application::services::invoke_async::dispatch"}
{"timestamp":"2026-09-17T11:35:22.929377Z","level":"INFO","message":"asynchronous invocation rescheduled","invocation_id":"inv_01m2qjbv4rsy7zneps1vc3rg28","next_attempt_at":"2026-09-17T11:35:23.367708+00:00","counted":false,"error_type":"Host.DispatcherFenced","target":"tachyon_serverless_application::services::invoke_async::dispatch"}
{"timestamp":"2026-09-17T11:35:22.929542Z","level":"INFO","message":"outbox: re-published events the broker already had, or whose claim moved on","duplicates":0,"lost_claims":1,"marked":0,"target":"tachyon_serverless_application::services::invoke_async::publisher"}
{"timestamp":"2026-09-17T11:35:22.937689Z","level":"INFO","message":"async dispatch: delivery handled","message_id":"inv_01m2qjbv4rsy7zneps1vc3rg28.g53","sequence":63,"delivery_count":1,"outcome":"Rescheduled { next_attempt_at: 2026-09-17T11:35:23.367708Z, counted: false }","target":"tachyon_serverless_application::services::invoke_async::dispatch"}
{"timestamp":"2026-09-17T11:35:23.448115Z","level":"INFO","message":"asynchronous run claimed","invocation_id":"inv_01m2qjbv4rsy7zneps1vc3rg28","attempt":1,"generation":54,"delivery_count":1,"target":"tachyon_serverless_application::services::invoke_async::dispatch"}
{"timestamp":"2026-09-17T11:35:23.453326Z","level":"INFO","message":"asynchronous invocation rescheduled","invocation_id":"inv_01m2qjbv4rsy7zneps1vc3rg28","next_attempt_at":"2026-09-17T11:35:24.089389+00:00","counted":false,"error_type":"Host.DispatcherFenced","target":"tachyon_serverless_application::services::invoke_async::dispatch"}
{"timestamp":"2026-09-17T11:35:23.458185Z","level":"INFO","message":"async dispatch: delivery handled","message_id":"inv_01m2qjbv4rsy7zneps1vc3rg28.g54","sequence":64,"delivery_count":1,"outcome":"Rescheduled { next_attempt_at: 2026-09-17T11:35:24.089389Z, counted: false }","target":"tachyon_serverless_application::services::invoke_async::dispatch"}
{"timestamp":"2026-09-17T11:35:23.702474Z","level":"INFO","message":"SIGTERM received","target":"tachyon_serverless_gateway"}
{"timestamp":"2026-09-17T11:35:23.702558Z","level":"INFO","message":"shutdown requested; cancelling in-flight invocations","target":"tachyon_serverless_gateway"}
{"timestamp":"2026-09-17T11:35:23.703026Z","level":"INFO","message":"final usage collection","report":"CollectReport { batches: 0, read: 0, inserted: 0, duplicates: 0, cursor_seq: 55 }","target":"tachyon_serverless_gateway"}
{"timestamp":"2026-09-17T11:35:23.705635Z","level":"INFO","message":"gateway stopped","target":"tachyon_serverless_gateway"}
{"timestamp":"2026-09-17T11:35:23.705955Z","level":"INFO","message":"event: closed","target":"async_nats"}

===== a start (failpoints: none) 11:35:23 =====
{"timestamp":"2026-09-17T11:35:23.858217Z","level":"INFO","message":"configuration loaded","config":"/private/var/folders/z7/khzdjrt95cg_fcmcnh4j1b5h0000gn/T/tsls-chaos.m8RNIF/gw-a.toml","target":"tachyon_serverless_gateway"}
{"timestamp":"2026-09-17T11:35:23.861234Z","level":"INFO","message":"connected successfully","server":"55395","max_payload":"1048576","target":"async_nats::connector"}
{"timestamp":"2026-09-17T11:35:23.861471Z","level":"INFO","message":"event: connected","target":"async_nats"}
{"timestamp":"2026-09-17T11:35:23.877309Z","level":"INFO","message":"JetStream queue connected and stream bootstrapped","url":"nats://127.0.0.1:55395","stream":"TACHYON_EVENTS","target":"tachyon_serverless_gateway::durable"}
{"timestamp":"2026-09-17T11:35:23.882323Z","level":"INFO","message":"state store opened","path":"/private/var/folders/z7/khzdjrt95cg_fcmcnh4j1b5h0000gn/T/tsls-chaos.m8RNIF/data/state.db","schema_version":8,"migrations_applied":"[]","imported_state_json":"None","settled_invocations":0,"settled_attempts":0,"settled_environments":0,"released_leases":0,"dropped_idempotency_keys":0,"purged_idempotency_keys":0,"outputs_purged":0,"target":"tachyon_serverless_application::app"}
{"timestamp":"2026-09-17T11:35:23.883174Z","level":"INFO","message":"dispatcher registered","dispatcher_id":"dsp_01m2qjcrzas9mfp7ncabhtx8td","instance":"chaos-a","pid":61525,"lease_ttl_seconds":6,"target":"tachyon_serverless_application::services::dispatcher"}
{"timestamp":"2026-09-17T11:35:23.884248Z","level":"WARN","message":"reclaimed the work of dispatchers that lost their lease","dispatcher_id":"dsp_01m2qjcrzas9mfp7ncabhtx8td","reclaimed_dispatchers":"[DispatcherId(dsp_01m2qjb855s7aqnz2kc3gz4vkf)]","leases":0,"invocations":0,"attempts":0,"fenced":0,"target":"tachyon_serverless_application::services::dispatcher"}
{"timestamp":"2026-09-17T11:35:23.887476Z","level":"INFO","message":"application bootstrapped","profile":"dev","provider":"process","dev_only":true,"environment_reuse":false,"reuse_verified":false,"reuse_reason":"[pool] enabled is false","reuse_disabled":"Some(Configuration)","idle_quiesce":"unsupported","idle_resume":"unsupported","data_dir":"/private/var/folders/z7/khzdjrt95cg_fcmcnh4j1b5h0000gn/T/tsls-chaos.m8RNIF/data","store":"sqlite","dispatcher_id":"dsp_01m2qjcrzas9mfp7ncabhtx8td","node":"local","node_region":"none","node_memory_mib":"None","max_concurrency":8,"queue":"nats","objects":"filesystem","invoke_async":true,"triggers":true,"target":"tachyon_serverless_application::app"}
{"timestamp":"2026-09-17T11:35:23.888751Z","level":"INFO","message":"startup reconcile finished","provider":"process","found":0,"adopted":0,"terminated":0,"disowned":0,"failed":0,"lost":0,"foreign":0,"reclaimed_dispatchers":0,"fenced_terminated":0,"fenced_pending":0,"target":"tachyon_serverless_application::services::reconcile"}
{"timestamp":"2026-09-17T11:35:23.889035Z","level":"INFO","message":"gateway listening","addr":"127.0.0.1:55399","profile":"dev","provider":"process","target":"tachyon_serverless_gateway"}
{"timestamp":"2026-09-17T11:35:23.893047Z","level":"INFO","message":"asynchronous dispatcher started","workers":2,"owner":"dsp_01m2qjcrzas9mfp7ncabhtx8td","target":"tachyon_serverless_gateway"}
{"timestamp":"2026-09-17T11:35:23.895025Z","level":"INFO","message":"late scheduled times skipped by the missed-run policy","trigger_id":"trg_01m2qjba5nypc37whbfm7yhte7","skipped":15,"policy":"Skip","target":"tachyon_serverless_application::services::triggers"}
{"timestamp":"2026-09-17T11:35:23.905457Z","level":"INFO","message":"object retention pass","report":"GcReport { examined: 2, collected_expired: 0, collected_orphans: 0, kept_in_use: 0, kept_referenced: 2, incomplete_removed: 0, tombstones_purged: 0, failed: 0 }","target":"tachyon_serverless_gateway"}
{"timestamp":"2026-09-17T11:35:24.004859Z","level":"INFO","message":"asynchronous invocation accepted","invocation_id":"inv_01m2qjcs3274yceec98vq9z7w9","tenant_id":"tn_01hzzzzzzzzzzzzzzzzzzzzzza","revision_id":"rev_01m2qjb96bmvc2r640b6se67q3","input_bytes":180,"input_storage":"inline","target":"tachyon_serverless_application::services::invoke_async"}
{"timestamp":"2026-09-17T11:35:24.004943Z","level":"INFO","message":"cron trigger fired","trigger_id":"trg_01m2qjba5nypc37whbfm7yhte7","scheduled_at":"2026-09-17T11:35:24Z","invocation_id":"inv_01m2qjcs3274yceec98vq9z7w9","revision_id":"rev_01m2qjb96bmvc2r640b6se67q3","replayed":false,"target":"tachyon_serverless_application::services::triggers"}
{"timestamp":"2026-09-17T11:35:24.015792Z","level":"INFO","message":"asynchronous run claimed","invocation_id":"inv_01m2qjcs3274yceec98vq9z7w9","attempt":1,"generation":0,"delivery_count":1,"target":"tachyon_serverless_application::services::invoke_async::dispatch"}
{"timestamp":"2026-09-17T11:35:24.125989Z","level":"INFO","message":"asynchronous run claimed","invocation_id":"inv_01m2qjbv4rsy7zneps1vc3rg28","attempt":1,"generation":55,"delivery_count":1,"target":"tachyon_serverless_application::services::invoke_async::dispatch"}
{"timestamp":"2026-09-17T11:35:24.383203Z","level":"INFO","message":"bridge spawned","environment_id":"env_01m2qjcs3gcpvf49ec8gbxb314","pid":61560,"target":"tachyon_serverless_provider_process"}
{"timestamp":"2026-09-17T11:35:24.431590Z","level":"INFO","message":"invocation finished","invocation_id":"inv_01m2qjcs3274yceec98vq9z7w9","status":"succeeded (async run)","handler_ms":1,"environment_boot_ms":25,"runtime_init_ms":19,"target":"tachyon_serverless_application::services::invoke"}
{"timestamp":"2026-09-17T11:35:24.433748Z","level":"INFO","message":"terminating bridge","environment_id":"env_01m2qjcs3gcpvf49ec8gbxb314","pid":61560,"reason":"Completed","graceful":true,"target":"tachyon_serverless_provider_process"}
{"timestamp":"2026-09-17T11:35:24.440775Z","level":"INFO","message":"asynchronous invocation settled","invocation_id":"inv_01m2qjcs3274yceec98vq9z7w9","status":"succeeded","target":"tachyon_serverless_application::services::invoke_async::dispatch"}
{"timestamp":"2026-09-17T11:35:24.446924Z","level":"INFO","message":"async dispatch: delivery handled","message_id":"inv_01m2qjcs3274yceec98vq9z7w9","sequence":65,"delivery_count":1,"outcome":"Completed { status: \"succeeded\" }","target":"tachyon_serverless_application::services::invoke_async::dispatch"}
{"timestamp":"2026-09-17T11:35:24.500525Z","level":"INFO","message":"bridge spawned","environment_id":"env_01m2qjcs6ywpr9ffjb0we0r39z","pid":61562,"target":"tachyon_serverless_provider_process"}
{"timestamp":"2026-09-17T11:35:24.527473Z","level":"INFO","message":"invocation finished","invocation_id":"inv_01m2qjbv4rsy7zneps1vc3rg28","status":"succeeded (async run)","handler_ms":2,"environment_boot_ms":9,"runtime_init_ms":13,"target":"tachyon_serverless_application::services::invoke"}
{"timestamp":"2026-09-17T11:35:24.529720Z","level":"INFO","message":"terminating bridge","environment_id":"env_01m2qjcs6ywpr9ffjb0we0r39z","pid":61562,"reason":"Completed","graceful":true,"target":"tachyon_serverless_provider_process"}
{"timestamp":"2026-09-17T11:35:24.536578Z","level":"INFO","message":"asynchronous invocation settled","invocation_id":"inv_01m2qjbv4rsy7zneps1vc3rg28","status":"succeeded","target":"tachyon_serverless_application::services::invoke_async::dispatch"}
{"timestamp":"2026-09-17T11:35:24.543592Z","level":"INFO","message":"async dispatch: delivery handled","message_id":"inv_01m2qjbv4rsy7zneps1vc3rg28.g55","sequence":66,"delivery_count":1,"outcome":"Completed { status: \"succeeded\" }","target":"tachyon_serverless_application::services::invoke_async::dispatch"}
{"timestamp":"2026-09-17T11:35:24.747872Z","level":"INFO","message":"bridge spawned","environment_id":"env_01m2qjcsezsdytk4w60ydacrm2","pid":61565,"target":"tachyon_serverless_provider_process"}
{"timestamp":"2026-09-17T11:35:24.774978Z","level":"INFO","message":"invocation finished","invocation_id":"inv_01m2qjcsey4ap544da2ymykpbc","status":"succeeded","handler_ms":1,"environment_boot_ms":10,"runtime_init_ms":12,"target":"tachyon_serverless_application::services::invoke"}
{"timestamp":"2026-09-17T11:35:24.777067Z","level":"INFO","message":"terminating bridge","environment_id":"env_01m2qjcsezsdytk4w60ydacrm2","pid":61565,"reason":"Completed","graceful":true,"target":"tachyon_serverless_provider_process"}
{"timestamp":"2026-09-17T11:35:24.909656Z","level":"INFO","message":"asynchronous invocation accepted","invocation_id":"inv_01m2qjcszc0jpwt6ye7gg0t9v2","tenant_id":"tn_01hzzzzzzzzzzzzzzzzzzzzzza","revision_id":"rev_01m2qjb8qawpkm46w28hgma61s","input_bytes":48,"input_storage":"inline","target":"tachyon_serverless_application::services::invoke_async"}
{"timestamp":"2026-09-17T11:35:24.921944Z","level":"INFO","message":"asynchronous run claimed","invocation_id":"inv_01m2qjcszc0jpwt6ye7gg0t9v2","attempt":1,"generation":0,"delivery_count":1,"target":"tachyon_serverless_application::services::invoke_async::dispatch"}
{"timestamp":"2026-09-17T11:35:25.050339Z","level":"INFO","message":"asynchronous invocation accepted","invocation_id":"inv_01m2qjct3794mxpbecg12e5w39","tenant_id":"tn_01hzzzzzzzzzzzzzzzzzzzzzza","revision_id":"rev_01m2qjb8qawpkm46w28hgma61s","input_bytes":4128,"input_storage":"object","target":"tachyon_serverless_application::services::invoke_async"}
{"timestamp":"2026-09-17T11:35:25.060868Z","level":"INFO","message":"asynchronous run claimed","invocation_id":"inv_01m2qjct3794mxpbecg12e5w39","attempt":1,"generation":0,"delivery_count":1,"target":"tachyon_serverless_application::services::invoke_async::dispatch"}
{"timestamp":"2026-09-17T11:35:25.131984Z","level":"INFO","message":"asynchronous invocation accepted","invocation_id":"inv_01m2qjct69021mb57mbm33ny8m","tenant_id":"tn_01hzzzzzzzzzzzzzzzzzzzzzza","revision_id":"rev_01m2qjb96bmvc2r640b6se67q3","input_bytes":191,"input_storage":"inline","target":"tachyon_serverless_application::services::invoke_async"}
{"timestamp":"2026-09-17T11:35:25.132079Z","level":"INFO","message":"webhook trigger fired","trigger_id":"trg_01m2qjba6dh862f6z1dsm6htmc","event_id":"evt-post-w1","invocation_id":"inv_01m2qjct69021mb57mbm33ny8m","revision_id":"rev_01m2qjb96bmvc2r640b6se67q3","replayed":false,"target":"tachyon_serverless_application::services::triggers"}
{"timestamp":"2026-09-17T11:35:25.296641Z","level":"INFO","message":"bridge spawned","environment_id":"env_01m2qjcsztypsndnnzqvnsrcv1","pid":61641,"target":"tachyon_serverless_provider_process"}
{"timestamp":"2026-09-17T11:35:25.324708Z","level":"INFO","message":"invocation finished","invocation_id":"inv_01m2qjcszc0jpwt6ye7gg0t9v2","status":"succeeded (async run)","handler_ms":3,"environment_boot_ms":9,"runtime_init_ms":14,"target":"tachyon_serverless_application::services::invoke"}
{"timestamp":"2026-09-17T11:35:25.326807Z","level":"INFO","message":"terminating bridge","environment_id":"env_01m2qjcsztypsndnnzqvnsrcv1","pid":61641,"reason":"Completed","graceful":true,"target":"tachyon_serverless_provider_process"}
{"timestamp":"2026-09-17T11:35:25.333905Z","level":"INFO","message":"asynchronous invocation settled","invocation_id":"inv_01m2qjcszc0jpwt6ye7gg0t9v2","status":"succeeded","target":"tachyon_serverless_application::services::invoke_async::dispatch"}
{"timestamp":"2026-09-17T11:35:25.339972Z","level":"INFO","message":"async dispatch: delivery handled","message_id":"inv_01m2qjcszc0jpwt6ye7gg0t9v2","sequence":67,"delivery_count":1,"outcome":"Completed { status: \"succeeded\" }","target":"tachyon_serverless_application::services::invoke_async::dispatch"}
{"timestamp":"2026-09-17T11:35:25.343969Z","level":"INFO","message":"asynchronous run claimed","invocation_id":"inv_01m2qjct69021mb57mbm33ny8m","attempt":1,"generation":0,"delivery_count":1,"target":"tachyon_serverless_application::services::invoke_async::dispatch"}
{"timestamp":"2026-09-17T11:35:25.439064Z","level":"INFO","message":"bridge spawned","environment_id":"env_01m2qjct48wm2j46t9atn3n62b","pid":61643,"target":"tachyon_serverless_provider_process"}
{"timestamp":"2026-09-17T11:35:25.470384Z","level":"INFO","message":"invocation finished","invocation_id":"inv_01m2qjct3794mxpbecg12e5w39","status":"succeeded (async run)","handler_ms":3,"environment_boot_ms":12,"runtime_init_ms":13,"target":"tachyon_serverless_application::services::invoke"}
{"timestamp":"2026-09-17T11:35:25.472441Z","level":"INFO","message":"terminating bridge","environment_id":"env_01m2qjct48wm2j46t9atn3n62b","pid":61643,"reason":"Completed","graceful":true,"target":"tachyon_serverless_provider_process"}
{"timestamp":"2026-09-17T11:35:25.479353Z","level":"INFO","message":"asynchronous invocation settled","invocation_id":"inv_01m2qjct3794mxpbecg12e5w39","status":"succeeded","target":"tachyon_serverless_application::services::invoke_async::dispatch"}
{"timestamp":"2026-09-17T11:35:25.485007Z","level":"INFO","message":"async dispatch: delivery handled","message_id":"inv_01m2qjct3794mxpbecg12e5w39","sequence":68,"delivery_count":1,"outcome":"Completed { status: \"succeeded\" }","target":"tachyon_serverless_application::services::invoke_async::dispatch"}
{"timestamp":"2026-09-17T11:35:25.541565Z","level":"INFO","message":"bridge spawned","environment_id":"env_01m2qjct7wmfk2r9cway2kcx1p","pid":61645,"target":"tachyon_serverless_provider_process"}
{"timestamp":"2026-09-17T11:35:25.565638Z","level":"INFO","message":"invocation finished","invocation_id":"inv_01m2qjct7v9mpwzx6373a1m3ve","status":"succeeded","handler_ms":1,"environment_boot_ms":8,"runtime_init_ms":11,"target":"tachyon_serverless_application::services::invoke"}
{"timestamp":"2026-09-17T11:35:25.567588Z","level":"INFO","message":"terminating bridge","environment_id":"env_01m2qjct7wmfk2r9cway2kcx1p","pid":61645,"reason":"Completed","graceful":true,"target":"tachyon_serverless_provider_process"}
{"timestamp":"2026-09-17T11:35:25.704485Z","level":"INFO","message":"bridge spawned","environment_id":"env_01m2qjctd0nn6jax73d0e3fta7","pid":61666,"target":"tachyon_serverless_provider_process"}
{"timestamp":"2026-09-17T11:35:25.706398Z","level":"INFO","message":"asynchronous invocation accepted","invocation_id":"inv_01m2qjctr96mxf13tmtytsqz1b","tenant_id":"tn_01hzzzzzzzzzzzzzzzzzzzzzza","revision_id":"rev_01m2qjb8qawpkm46w28hgma61s","input_bytes":48,"input_storage":"inline","target":"tachyon_serverless_application::services::invoke_async"}
{"timestamp":"2026-09-17T11:35:25.719637Z","level":"INFO","message":"asynchronous run claimed","invocation_id":"inv_01m2qjctr96mxf13tmtytsqz1b","attempt":1,"generation":0,"delivery_count":1,"target":"tachyon_serverless_application::services::invoke_async::dispatch"}
{"timestamp":"2026-09-17T11:35:25.732723Z","level":"INFO","message":"invocation finished","invocation_id":"inv_01m2qjct69021mb57mbm33ny8m","status":"succeeded (async run)","handler_ms":1,"environment_boot_ms":9,"runtime_init_ms":16,"target":"tachyon_serverless_application::services::invoke"}
{"timestamp":"2026-09-17T11:35:25.734735Z","level":"INFO","message":"terminating bridge","environment_id":"env_01m2qjctd0nn6jax73d0e3fta7","pid":61666,"reason":"Completed","graceful":true,"target":"tachyon_serverless_provider_process"}
{"timestamp":"2026-09-17T11:35:25.743378Z","level":"INFO","message":"asynchronous invocation settled","invocation_id":"inv_01m2qjct69021mb57mbm33ny8m","status":"succeeded","target":"tachyon_serverless_application::services::invoke_async::dispatch"}
{"timestamp":"2026-09-17T11:35:25.749078Z","level":"INFO","message":"async dispatch: delivery handled","message_id":"inv_01m2qjct69021mb57mbm33ny8m","sequence":69,"delivery_count":1,"outcome":"Completed { status: \"succeeded\" }","target":"tachyon_serverless_application::services::invoke_async::dispatch"}
{"timestamp":"2026-09-17T11:35:25.858736Z","level":"INFO","message":"asynchronous invocation accepted","invocation_id":"inv_01m2qjctwhwtq12b5k8f6hz1aw","tenant_id":"tn_01hzzzzzzzzzzzzzzzzzzzzzza","revision_id":"rev_01m2qjb8qawpkm46w28hgma61s","input_bytes":4128,"input_storage":"object","target":"tachyon_serverless_application::services::invoke_async"}
{"timestamp":"2026-09-17T11:35:25.865694Z","level":"INFO","message":"asynchronous run claimed","invocation_id":"inv_01m2qjctwhwtq12b5k8f6hz1aw","attempt":1,"generation":0,"delivery_count":1,"target":"tachyon_serverless_application::services::invoke_async::dispatch"}
{"timestamp":"2026-09-17T11:35:25.897899Z","level":"INFO","message":"object retention pass","report":"GcReport { examined: 2, collected_expired: 0, collected_orphans: 0, kept_in_use: 0, kept_referenced: 2, incomplete_removed: 0, tombstones_purged: 0, failed: 0 }","target":"tachyon_serverless_gateway"}
{"timestamp":"2026-09-17T11:35:25.939453Z","level":"INFO","message":"asynchronous invocation accepted","invocation_id":"inv_01m2qjctzhpxrngq375had2yv0","tenant_id":"tn_01hzzzzzzzzzzzzzzzzzzzzzza","revision_id":"rev_01m2qjb96bmvc2r640b6se67q3","input_bytes":191,"input_storage":"inline","target":"tachyon_serverless_application::services::invoke_async"}
{"timestamp":"2026-09-17T11:35:25.939540Z","level":"INFO","message":"webhook trigger fired","trigger_id":"trg_01m2qjba6dh862f6z1dsm6htmc","event_id":"evt-post-w2","invocation_id":"inv_01m2qjctzhpxrngq375had2yv0","revision_id":"rev_01m2qjb96bmvc2r640b6se67q3","replayed":false,"target":"tachyon_serverless_application::services::triggers"}
{"timestamp":"2026-09-17T11:35:26.002490Z","level":"INFO","message":"asynchronous invocation accepted","invocation_id":"inv_01m2qjcv1h12vn5gph8wvb384b","tenant_id":"tn_01hzzzzzzzzzzzzzzzzzzzzzza","revision_id":"rev_01m2qjb96bmvc2r640b6se67q3","input_bytes":180,"input_storage":"inline","target":"tachyon_serverless_application::services::invoke_async"}
{"timestamp":"2026-09-17T11:35:26.002572Z","level":"INFO","message":"cron trigger fired","trigger_id":"trg_01m2qjba5nypc37whbfm7yhte7","scheduled_at":"2026-09-17T11:35:26Z","invocation_id":"inv_01m2qjcv1h12vn5gph8wvb384b","revision_id":"rev_01m2qjb96bmvc2r640b6se67q3","replayed":false,"target":"tachyon_serverless_application::services::triggers"}
{"timestamp":"2026-09-17T11:35:26.095906Z","level":"INFO","message":"bridge spawned","environment_id":"env_01m2qjctrrq0jetvx3n4drdrhh","pid":61720,"target":"tachyon_serverless_provider_process"}
{"timestamp":"2026-09-17T11:35:26.120374Z","level":"INFO","message":"invocation finished","invocation_id":"inv_01m2qjctr96mxf13tmtytsqz1b","status":"succeeded (async run)","handler_ms":1,"environment_boot_ms":9,"runtime_init_ms":12,"target":"tachyon_serverless_application::services::invoke"}
{"timestamp":"2026-09-17T11:35:26.122462Z","level":"INFO","message":"terminating bridge","environment_id":"env_01m2qjctrrq0jetvx3n4drdrhh","pid":61720,"reason":"Completed","graceful":true,"target":"tachyon_serverless_provider_process"}
{"timestamp":"2026-09-17T11:35:26.129049Z","level":"INFO","message":"asynchronous invocation settled","invocation_id":"inv_01m2qjctr96mxf13tmtytsqz1b","status":"succeeded","target":"tachyon_serverless_application::services::invoke_async::dispatch"}
{"timestamp":"2026-09-17T11:35:26.135717Z","level":"INFO","message":"async dispatch: delivery handled","message_id":"inv_01m2qjctr96mxf13tmtytsqz1b","sequence":70,"delivery_count":1,"outcome":"Completed { status: \"succeeded\" }","target":"tachyon_serverless_application::services::invoke_async::dispatch"}
{"timestamp":"2026-09-17T11:35:26.139485Z","level":"INFO","message":"asynchronous run claimed","invocation_id":"inv_01m2qjctzhpxrngq375had2yv0","attempt":1,"generation":0,"delivery_count":1,"target":"tachyon_serverless_application::services::invoke_async::dispatch"}
{"timestamp":"2026-09-17T11:35:26.256911Z","level":"INFO","message":"bridge spawned","environment_id":"env_01m2qjctxdr8yj7449f3v72qjm","pid":61725,"target":"tachyon_serverless_provider_process"}
{"timestamp":"2026-09-17T11:35:26.288469Z","level":"INFO","message":"invocation finished","invocation_id":"inv_01m2qjctwhwtq12b5k8f6hz1aw","status":"succeeded (async run)","handler_ms":2,"environment_boot_ms":9,"runtime_init_ms":16,"target":"tachyon_serverless_application::services::invoke"}
{"timestamp":"2026-09-17T11:35:26.290528Z","level":"INFO","message":"terminating bridge","environment_id":"env_01m2qjctxdr8yj7449f3v72qjm","pid":61725,"reason":"Completed","graceful":true,"target":"tachyon_serverless_provider_process"}
{"timestamp":"2026-09-17T11:35:26.299226Z","level":"INFO","message":"asynchronous invocation settled","invocation_id":"inv_01m2qjctwhwtq12b5k8f6hz1aw","status":"succeeded","target":"tachyon_serverless_application::services::invoke_async::dispatch"}
{"timestamp":"2026-09-17T11:35:26.306132Z","level":"INFO","message":"async dispatch: delivery handled","message_id":"inv_01m2qjctwhwtq12b5k8f6hz1aw","sequence":71,"delivery_count":1,"outcome":"Completed { status: \"succeeded\" }","target":"tachyon_serverless_application::services::invoke_async::dispatch"}
{"timestamp":"2026-09-17T11:35:26.307390Z","level":"INFO","message":"asynchronous run claimed","invocation_id":"inv_01m2qjcv1h12vn5gph8wvb384b","attempt":1,"generation":0,"delivery_count":1,"target":"tachyon_serverless_application::services::invoke_async::dispatch"}
{"timestamp":"2026-09-17T11:35:26.516412Z","level":"INFO","message":"bridge spawned","environment_id":"env_01m2qjcv5v4e51yw0cb607yn0z","pid":61727,"target":"tachyon_serverless_provider_process"}
{"timestamp":"2026-09-17T11:35:26.539785Z","level":"INFO","message":"invocation finished","invocation_id":"inv_01m2qjctzhpxrngq375had2yv0","status":"succeeded (async run)","handler_ms":1,"environment_boot_ms":9,"runtime_init_ms":11,"target":"tachyon_serverless_application::services::invoke"}
{"timestamp":"2026-09-17T11:35:26.541776Z","level":"INFO","message":"terminating bridge","environment_id":"env_01m2qjcv5v4e51yw0cb607yn0z","pid":61727,"reason":"Completed","graceful":true,"target":"tachyon_serverless_provider_process"}
{"timestamp":"2026-09-17T11:35:26.547725Z","level":"INFO","message":"asynchronous invocation settled","invocation_id":"inv_01m2qjctzhpxrngq375had2yv0","status":"succeeded","target":"tachyon_serverless_application::services::invoke_async::dispatch"}
{"timestamp":"2026-09-17T11:35:26.553405Z","level":"INFO","message":"async dispatch: delivery handled","message_id":"inv_01m2qjctzhpxrngq375had2yv0","sequence":72,"delivery_count":1,"outcome":"Completed { status: \"succeeded\" }","target":"tachyon_serverless_application::services::invoke_async::dispatch"}
{"timestamp":"2026-09-17T11:35:26.666773Z","level":"INFO","message":"bridge spawned","environment_id":"env_01m2qjcvb3an6ms8922gehts8e","pid":61730,"target":"tachyon_serverless_provider_process"}
{"timestamp":"2026-09-17T11:35:26.689858Z","level":"INFO","message":"invocation finished","invocation_id":"inv_01m2qjcv1h12vn5gph8wvb384b","status":"succeeded (async run)","handler_ms":1,"environment_boot_ms":9,"runtime_init_ms":11,"target":"tachyon_serverless_application::services::invoke"}
{"timestamp":"2026-09-17T11:35:26.692077Z","level":"INFO","message":"terminating bridge","environment_id":"env_01m2qjcvb3an6ms8922gehts8e","pid":61730,"reason":"Completed","graceful":true,"target":"tachyon_serverless_provider_process"}
{"timestamp":"2026-09-17T11:35:26.698096Z","level":"INFO","message":"asynchronous invocation settled","invocation_id":"inv_01m2qjcv1h12vn5gph8wvb384b","status":"succeeded","target":"tachyon_serverless_application::services::invoke_async::dispatch"}
{"timestamp":"2026-09-17T11:35:26.705403Z","level":"INFO","message":"async dispatch: delivery handled","message_id":"inv_01m2qjcv1h12vn5gph8wvb384b","sequence":73,"delivery_count":1,"outcome":"Completed { status: \"succeeded\" }","target":"tachyon_serverless_application::services::invoke_async::dispatch"}
{"timestamp":"2026-09-17T11:35:27.896732Z","level":"INFO","message":"object retention pass","report":"GcReport { examined: 2, collected_expired: 0, collected_orphans: 0, kept_in_use: 0, kept_referenced: 2, incomplete_removed: 0, tombstones_purged: 0, failed: 0 }","target":"tachyon_serverless_gateway"}
{"timestamp":"2026-09-17T11:35:28.002624Z","level":"INFO","message":"asynchronous invocation accepted","invocation_id":"inv_01m2qjcx01vbr9m44ad4qkfgxt","tenant_id":"tn_01hzzzzzzzzzzzzzzzzzzzzzza","revision_id":"rev_01m2qjb96bmvc2r640b6se67q3","input_bytes":180,"input_storage":"inline","target":"tachyon_serverless_application::services::invoke_async"}
{"timestamp":"2026-09-17T11:35:28.002686Z","level":"INFO","message":"cron trigger fired","trigger_id":"trg_01m2qjba5nypc37whbfm7yhte7","scheduled_at":"2026-09-17T11:35:28Z","invocation_id":"inv_01m2qjcx01vbr9m44ad4qkfgxt","revision_id":"rev_01m2qjb96bmvc2r640b6se67q3","replayed":false,"target":"tachyon_serverless_application::services::triggers"}
{"timestamp":"2026-09-17T11:35:28.010637Z","level":"INFO","message":"asynchronous run claimed","invocation_id":"inv_01m2qjcx01vbr9m44ad4qkfgxt","attempt":1,"generation":0,"delivery_count":1,"target":"tachyon_serverless_application::services::invoke_async::dispatch"}
{"timestamp":"2026-09-17T11:35:28.242322Z","level":"INFO","message":"bridge spawned","environment_id":"env_01m2qjcx0e9ze3fn8fyfzx8gsf","pid":61732,"target":"tachyon_serverless_provider_process"}
{"timestamp":"2026-09-17T11:35:28.257767Z","level":"INFO","message":"invocation finished","invocation_id":"inv_01m2qjcx01vbr9m44ad4qkfgxt","status":"succeeded (async run)","handler_ms":0,"environment_boot_ms":6,"runtime_init_ms":7,"target":"tachyon_serverless_application::services::invoke"}
{"timestamp":"2026-09-17T11:35:28.259503Z","level":"INFO","message":"terminating bridge","environment_id":"env_01m2qjcx0e9ze3fn8fyfzx8gsf","pid":61732,"reason":"Completed","graceful":true,"target":"tachyon_serverless_provider_process"}
{"timestamp":"2026-09-17T11:35:28.263404Z","level":"INFO","message":"asynchronous invocation settled","invocation_id":"inv_01m2qjcx01vbr9m44ad4qkfgxt","status":"succeeded","target":"tachyon_serverless_application::services::invoke_async::dispatch"}
{"timestamp":"2026-09-17T11:35:28.270344Z","level":"INFO","message":"async dispatch: delivery handled","message_id":"inv_01m2qjcx01vbr9m44ad4qkfgxt","sequence":74,"delivery_count":1,"outcome":"Completed { status: \"succeeded\" }","target":"tachyon_serverless_application::services::invoke_async::dispatch"}
{"timestamp":"2026-09-17T11:35:29.896839Z","level":"INFO","message":"object retention pass","report":"GcReport { examined: 2, collected_expired: 0, collected_orphans: 0, kept_in_use: 0, kept_referenced: 2, incomplete_removed: 0, tombstones_purged: 0, failed: 0 }","target":"tachyon_serverless_gateway"}
{"timestamp":"2026-09-17T11:35:30.002741Z","level":"INFO","message":"asynchronous invocation accepted","invocation_id":"inv_01m2qjcyyhfzvsd77kxng66zse","tenant_id":"tn_01hzzzzzzzzzzzzzzzzzzzzzza","revision_id":"rev_01m2qjb96bmvc2r640b6se67q3","input_bytes":180,"input_storage":"inline","target":"tachyon_serverless_application::services::invoke_async"}
{"timestamp":"2026-09-17T11:35:30.002793Z","level":"INFO","message":"cron trigger fired","trigger_id":"trg_01m2qjba5nypc37whbfm7yhte7","scheduled_at":"2026-09-17T11:35:30Z","invocation_id":"inv_01m2qjcyyhfzvsd77kxng66zse","revision_id":"rev_01m2qjb96bmvc2r640b6se67q3","replayed":false,"target":"tachyon_serverless_application::services::triggers"}
{"timestamp":"2026-09-17T11:35:30.015400Z","level":"INFO","message":"asynchronous run claimed","invocation_id":"inv_01m2qjcyyhfzvsd77kxng66zse","attempt":1,"generation":0,"delivery_count":1,"target":"tachyon_serverless_application::services::invoke_async::dispatch"}
{"timestamp":"2026-09-17T11:35:30.241070Z","level":"INFO","message":"bridge spawned","environment_id":"env_01m2qjcyyze2a9qadjnywk344e","pid":61737,"target":"tachyon_serverless_provider_process"}
{"timestamp":"2026-09-17T11:35:30.257698Z","level":"INFO","message":"invocation finished","invocation_id":"inv_01m2qjcyyhfzvsd77kxng66zse","status":"succeeded (async run)","handler_ms":0,"environment_boot_ms":6,"runtime_init_ms":7,"target":"tachyon_serverless_application::services::invoke"}
{"timestamp":"2026-09-17T11:35:30.259421Z","level":"INFO","message":"terminating bridge","environment_id":"env_01m2qjcyyze2a9qadjnywk344e","pid":61737,"reason":"Completed","graceful":true,"target":"tachyon_serverless_provider_process"}
{"timestamp":"2026-09-17T11:35:30.263821Z","level":"INFO","message":"asynchronous invocation settled","invocation_id":"inv_01m2qjcyyhfzvsd77kxng66zse","status":"succeeded","target":"tachyon_serverless_application::services::invoke_async::dispatch"}
{"timestamp":"2026-09-17T11:35:30.271071Z","level":"INFO","message":"async dispatch: delivery handled","message_id":"inv_01m2qjcyyhfzvsd77kxng66zse","sequence":75,"delivery_count":1,"outcome":"Completed { status: \"succeeded\" }","target":"tachyon_serverless_application::services::invoke_async::dispatch"}
{"timestamp":"2026-09-17T11:35:31.097655Z","level":"INFO","message":"trigger updated","trigger_id":"trg_01m2qjba5nypc37whbfm7yhte7","generation":2,"status":"disabled","next_fire_at":"None","rotated_secret":false,"target":"tachyon_serverless_application::services::triggers"}
{"timestamp":"2026-09-17T11:35:31.897050Z","level":"INFO","message":"object retention pass","report":"GcReport { examined: 4, collected_expired: 0, collected_orphans: 0, kept_in_use: 0, kept_referenced: 4, incomplete_removed: 0, tombstones_purged: 0, failed: 0 }","target":"tachyon_serverless_gateway"}
{"timestamp":"2026-09-17T11:35:32.909864Z","level":"INFO","message":"SIGTERM received","target":"tachyon_serverless_gateway"}
{"timestamp":"2026-09-17T11:35:32.909917Z","level":"INFO","message":"shutdown requested; cancelling in-flight invocations","target":"tachyon_serverless_gateway"}
{"timestamp":"2026-09-17T11:35:32.910410Z","level":"INFO","message":"final usage collection","report":"CollectReport { batches: 0, read: 0, inserted: 0, duplicates: 0, cursor_seq: 120 }","target":"tachyon_serverless_gateway"}
{"timestamp":"2026-09-17T11:35:32.914599Z","level":"INFO","message":"gateway stopped","target":"tachyon_serverless_gateway"}
{"timestamp":"2026-09-17T11:35:32.914859Z","level":"INFO","message":"event: closed","target":"async_nats"}
