
===== a start (failpoints: none) 11:57:12 =====
{"timestamp":"2026-09-17T11:57:12.133969Z","level":"INFO","message":"configuration loaded","config":"/private/var/folders/z7/khzdjrt95cg_fcmcnh4j1b5h0000gn/T/tsls-chaos.Ka09Ps/gw-a.toml","target":"tachyon_serverless_gateway"}
{"timestamp":"2026-09-17T11:57:12.136151Z","level":"INFO","message":"connected successfully","server":"60343","max_payload":"1048576","target":"async_nats::connector"}
{"timestamp":"2026-09-17T11:57:12.136240Z","level":"INFO","message":"event: connected","target":"async_nats"}
{"timestamp":"2026-09-17T11:57:12.153780Z","level":"INFO","message":"JetStream queue connected and stream bootstrapped","url":"nats://127.0.0.1:60343","stream":"TACHYON_EVENTS","target":"tachyon_serverless_gateway::durable"}
{"timestamp":"2026-09-17T11:57:12.161233Z","level":"INFO","message":"state store opened","path":"/private/var/folders/z7/khzdjrt95cg_fcmcnh4j1b5h0000gn/T/tsls-chaos.Ka09Ps/data/state.db","schema_version":8,"migrations_applied":"[1, 2, 3, 4, 5, 6, 7, 8]","imported_state_json":"None","settled_invocations":0,"settled_attempts":0,"settled_environments":0,"released_leases":0,"dropped_idempotency_keys":0,"purged_idempotency_keys":0,"outputs_purged":0,"target":"tachyon_serverless_application::app"}
{"timestamp":"2026-09-17T11:57:12.161438Z","level":"INFO","message":"dispatcher registered","dispatcher_id":"dsp_01m2qkmpk1q5w7v3pv29rmz5dw","instance":"chaos-a","pid":96795,"lease_ttl_seconds":6,"target":"tachyon_serverless_application::services::dispatcher"}
{"timestamp":"2026-09-17T11:57:12.164870Z","level":"INFO","message":"application bootstrapped","profile":"dev","provider":"process","dev_only":true,"environment_reuse":false,"reuse_verified":false,"reuse_reason":"[pool] enabled is false","reuse_disabled":"Some(Configuration)","idle_quiesce":"unsupported","idle_resume":"unsupported","data_dir":"/private/var/folders/z7/khzdjrt95cg_fcmcnh4j1b5h0000gn/T/tsls-chaos.Ka09Ps/data","store":"sqlite","dispatcher_id":"dsp_01m2qkmpk1q5w7v3pv29rmz5dw","node":"local","node_region":"none","node_memory_mib":"None","max_concurrency":8,"queue":"nats","objects":"filesystem","invoke_async":true,"triggers":true,"target":"tachyon_serverless_application::app"}
{"timestamp":"2026-09-17T11:57:12.165072Z","level":"INFO","message":"startup reconcile finished","provider":"process","found":0,"adopted":0,"terminated":0,"disowned":0,"failed":0,"lost":0,"foreign":0,"reclaimed_dispatchers":0,"fenced_terminated":0,"fenced_pending":0,"target":"tachyon_serverless_application::services::reconcile"}
{"timestamp":"2026-09-17T11:57:12.165124Z","level":"INFO","message":"gateway listening","addr":"127.0.0.1:60347","profile":"dev","provider":"process","target":"tachyon_serverless_gateway"}
{"timestamp":"2026-09-17T11:57:12.166206Z","level":"INFO","message":"asynchronous dispatcher started","workers":2,"owner":"dsp_01m2qkmpk1q5w7v3pv29rmz5dw","target":"tachyon_serverless_gateway"}
{"timestamp":"2026-09-17T11:57:13.041110Z","level":"INFO","message":"revision ready","revision_id":"rev_01m2qkmq81bdpxa6jmw80ccg52","function_id":"fn_01m2qkmpwf5hyn580461gjjpfe","target":"tachyon_serverless_application::services::revision"}
{"timestamp":"2026-09-17T11:57:13.894702Z","level":"INFO","message":"revision ready","revision_id":"rev_01m2qkmr1cpf01f7teen1hscxz","function_id":"fn_01m2qkmqjenmg9sjz8223wr289","target":"tachyon_serverless_application::services::revision"}
{"timestamp":"2026-09-17T11:57:14.876061Z","level":"INFO","message":"revision ready","revision_id":"rev_01m2qkmrybzmv4qzxt9a7fyzkk","function_id":"fn_01m2qkmrcfap26311d9b8smzrr","target":"tachyon_serverless_application::services::revision"}
{"timestamp":"2026-09-17T11:57:14.959779Z","level":"INFO","message":"trigger created","trigger_id":"trg_01m2qkmsafngrsgaaynqxb7cy5","function_id":"fn_01m2qkmqjenmg9sjz8223wr289","kind":"cron","enabled":true,"next_fire_at":"Some(2026-09-17T11:57:16Z)","target":"tachyon_serverless_application::services::triggers"}
{"timestamp":"2026-09-17T11:57:14.983705Z","level":"INFO","message":"trigger created","trigger_id":"trg_01m2qkmsb7eaapmemfyfpahd3h","function_id":"fn_01m2qkmqjenmg9sjz8223wr289","kind":"webhook","enabled":true,"next_fire_at":"None","target":"tachyon_serverless_application::services::triggers"}
{"timestamp":"2026-09-17T11:57:15.296320Z","level":"INFO","message":"bridge spawned","environment_id":"env_01m2qkmscp3gmf10m9dpy45kvw","pid":97106,"target":"tachyon_serverless_provider_process"}
{"timestamp":"2026-09-17T11:57:16.005170Z","level":"INFO","message":"asynchronous invocation accepted","invocation_id":"inv_01m2qkmtb4d5qes4rgtj70xk2b","tenant_id":"tn_01hzzzzzzzzzzzzzzzzzzzzzza","revision_id":"rev_01m2qkmr1cpf01f7teen1hscxz","input_bytes":180,"input_storage":"inline","target":"tachyon_serverless_application::services::invoke_async"}
{"timestamp":"2026-09-17T11:57:16.005225Z","level":"INFO","message":"cron trigger fired","trigger_id":"trg_01m2qkmsafngrsgaaynqxb7cy5","scheduled_at":"2026-09-17T11:57:16Z","invocation_id":"inv_01m2qkmtb4d5qes4rgtj70xk2b","revision_id":"rev_01m2qkmr1cpf01f7teen1hscxz","replayed":false,"target":"tachyon_serverless_application::services::triggers"}
{"timestamp":"2026-09-17T11:57:16.019241Z","level":"INFO","message":"asynchronous run claimed","invocation_id":"inv_01m2qkmtb4d5qes4rgtj70xk2b","attempt":1,"generation":0,"delivery_count":1,"target":"tachyon_serverless_application::services::invoke_async::dispatch"}
{"timestamp":"2026-09-17T11:57:16.193610Z","level":"INFO","message":"invocation finished","invocation_id":"inv_01m2qkmscnad8e72cgnr1kypad","status":"succeeded","handler_ms":0,"environment_boot_ms":7,"runtime_init_ms":887,"target":"tachyon_serverless_application::services::invoke"}
{"timestamp":"2026-09-17T11:57:16.195343Z","level":"INFO","message":"terminating bridge","environment_id":"env_01m2qkmscp3gmf10m9dpy45kvw","pid":97106,"reason":"Completed","graceful":true,"target":"tachyon_serverless_provider_process"}
{"timestamp":"2026-09-17T11:57:16.264204Z","level":"INFO","message":"bridge spawned","environment_id":"env_01m2qkmtbk16a33p8v4y89ajxr","pid":97124,"target":"tachyon_serverless_provider_process"}
{"timestamp":"2026-09-17T11:57:16.278989Z","level":"INFO","message":"invocation finished","invocation_id":"inv_01m2qkmtb4d5qes4rgtj70xk2b","status":"succeeded (async run)","handler_ms":0,"environment_boot_ms":5,"runtime_init_ms":7,"target":"tachyon_serverless_application::services::invoke"}
{"timestamp":"2026-09-17T11:57:16.279690Z","level":"INFO","message":"asynchronous invocation accepted","invocation_id":"inv_01m2qkmtkpycgeqedmb5361fg2","tenant_id":"tn_01hzzzzzzzzzzzzzzzzzzzzzza","revision_id":"rev_01m2qkmq81bdpxa6jmw80ccg52","input_bytes":47,"input_storage":"inline","target":"tachyon_serverless_application::services::invoke_async"}
{"timestamp":"2026-09-17T11:57:16.279902Z","level":"INFO","message":"terminating bridge","environment_id":"env_01m2qkmtbk16a33p8v4y89ajxr","pid":97124,"reason":"Completed","graceful":true,"target":"tachyon_serverless_provider_process"}
{"timestamp":"2026-09-17T11:57:16.293703Z","level":"INFO","message":"asynchronous invocation settled","invocation_id":"inv_01m2qkmtb4d5qes4rgtj70xk2b","status":"succeeded","target":"tachyon_serverless_application::services::invoke_async::dispatch"}
{"timestamp":"2026-09-17T11:57:16.298043Z","level":"INFO","message":"asynchronous run claimed","invocation_id":"inv_01m2qkmtkpycgeqedmb5361fg2","attempt":1,"generation":0,"delivery_count":1,"target":"tachyon_serverless_application::services::invoke_async::dispatch"}
{"timestamp":"2026-09-17T11:57:16.298095Z","level":"INFO","message":"async dispatch: delivery handled","message_id":"inv_01m2qkmtb4d5qes4rgtj70xk2b","sequence":1,"delivery_count":1,"outcome":"Completed { status: \"succeeded\" }","target":"tachyon_serverless_application::services::invoke_async::dispatch"}
{"timestamp":"2026-09-17T11:57:16.377839Z","level":"INFO","message":"asynchronous invocation accepted","invocation_id":"inv_01m2qkmtp9czn5snfbxcnmzqyw","tenant_id":"tn_01hzzzzzzzzzzzzzzzzzzzzzza","revision_id":"rev_01m2qkmq81bdpxa6jmw80ccg52","input_bytes":4127,"input_storage":"object","target":"tachyon_serverless_application::services::invoke_async"}
{"timestamp":"2026-09-17T11:57:16.384374Z","level":"INFO","message":"asynchronous run claimed","invocation_id":"inv_01m2qkmtp9czn5snfbxcnmzqyw","attempt":1,"generation":0,"delivery_count":1,"target":"tachyon_serverless_application::services::invoke_async::dispatch"}
{"timestamp":"2026-09-17T11:57:16.429237Z","level":"INFO","message":"asynchronous invocation accepted","invocation_id":"inv_01m2qkmtrcegs7y5pddpxhfh2v","tenant_id":"tn_01hzzzzzzzzzzzzzzzzzzzzzza","revision_id":"rev_01m2qkmr1cpf01f7teen1hscxz","input_bytes":189,"input_storage":"inline","target":"tachyon_serverless_application::services::invoke_async"}
{"timestamp":"2026-09-17T11:57:16.429299Z","level":"INFO","message":"webhook trigger fired","trigger_id":"trg_01m2qkmsb7eaapmemfyfpahd3h","event_id":"evt-pre-w1","invocation_id":"inv_01m2qkmtrcegs7y5pddpxhfh2v","revision_id":"rev_01m2qkmr1cpf01f7teen1hscxz","replayed":false,"target":"tachyon_serverless_application::services::triggers"}
{"timestamp":"2026-09-17T11:57:16.598892Z","level":"INFO","message":"bridge spawned","environment_id":"env_01m2qkmtmam6zhft334t56rxhe","pid":97182,"target":"tachyon_serverless_provider_process"}
{"timestamp":"2026-09-17T11:57:16.694297Z","level":"INFO","message":"bridge spawned","environment_id":"env_01m2qkmtq31fym4beqf95hcf3n","pid":97185,"target":"tachyon_serverless_provider_process"}
{"timestamp":"2026-09-17T11:57:16.758336Z","level":"INFO","message":"bridge spawned","environment_id":"env_01m2qkmtsbq40r3jw1mfn5tcxt","pid":97187,"target":"tachyon_serverless_provider_process"}
{"timestamp":"2026-09-17T11:57:16.777849Z","level":"INFO","message":"invocation finished","invocation_id":"inv_01m2qkmtsapvzs43qfx5ppezgq","status":"succeeded","handler_ms":0,"environment_boot_ms":7,"runtime_init_ms":9,"target":"tachyon_serverless_application::services::invoke"}
{"timestamp":"2026-09-17T11:57:16.779662Z","level":"INFO","message":"terminating bridge","environment_id":"env_01m2qkmtsbq40r3jw1mfn5tcxt","pid":97187,"reason":"Completed","graceful":true,"target":"tachyon_serverless_provider_process"}
{"timestamp":"2026-09-17T11:57:16.880780Z","level":"INFO","message":"asynchronous invocation accepted","invocation_id":"inv_01m2qkmv6fhk65w6myx66vq938","tenant_id":"tn_01hzzzzzzzzzzzzzzzzzzzzzza","revision_id":"rev_01m2qkmq81bdpxa6jmw80ccg52","input_bytes":47,"input_storage":"inline","target":"tachyon_serverless_application::services::invoke_async"}
{"timestamp":"2026-09-17T11:57:16.921739Z","level":"INFO","message":"invocation finished","invocation_id":"inv_01m2qkmtp9czn5snfbxcnmzqyw","status":"succeeded (async run)","handler_ms":2,"environment_boot_ms":6,"runtime_init_ms":215,"target":"tachyon_serverless_application::services::invoke"}
{"timestamp":"2026-09-17T11:57:16.922796Z","level":"INFO","message":"invocation finished","invocation_id":"inv_01m2qkmtkpycgeqedmb5361fg2","status":"succeeded (async run)","handler_ms":2,"environment_boot_ms":7,"runtime_init_ms":310,"target":"tachyon_serverless_application::services::invoke"}
{"timestamp":"2026-09-17T11:57:16.923293Z","level":"INFO","message":"terminating bridge","environment_id":"env_01m2qkmtq31fym4beqf95hcf3n","pid":97185,"reason":"Completed","graceful":true,"target":"tachyon_serverless_provider_process"}
{"timestamp":"2026-09-17T11:57:16.924532Z","level":"INFO","message":"terminating bridge","environment_id":"env_01m2qkmtmam6zhft334t56rxhe","pid":97182,"reason":"Completed","graceful":true,"target":"tachyon_serverless_provider_process"}
{"timestamp":"2026-09-17T11:57:16.928582Z","level":"INFO","message":"asynchronous invocation settled","invocation_id":"inv_01m2qkmtp9czn5snfbxcnmzqyw","status":"succeeded","target":"tachyon_serverless_application::services::invoke_async::dispatch"}
{"timestamp":"2026-09-17T11:57:16.933553Z","level":"INFO","message":"async dispatch: delivery handled","message_id":"inv_01m2qkmtp9czn5snfbxcnmzqyw","sequence":3,"delivery_count":1,"outcome":"Completed { status: \"succeeded\" }","target":"tachyon_serverless_application::services::invoke_async::dispatch"}
{"timestamp":"2026-09-17T11:57:16.937508Z","level":"INFO","message":"asynchronous invocation settled","invocation_id":"inv_01m2qkmtkpycgeqedmb5361fg2","status":"succeeded","target":"tachyon_serverless_application::services::invoke_async::dispatch"}
{"timestamp":"2026-09-17T11:57:16.937916Z","level":"INFO","message":"asynchronous run claimed","invocation_id":"inv_01m2qkmtrcegs7y5pddpxhfh2v","attempt":1,"generation":0,"delivery_count":1,"target":"tachyon_serverless_application::services::invoke_async::dispatch"}
{"timestamp":"2026-09-17T11:57:16.941446Z","level":"INFO","message":"async dispatch: delivery handled","message_id":"inv_01m2qkmtkpycgeqedmb5361fg2","sequence":2,"delivery_count":1,"outcome":"Completed { status: \"succeeded\" }","target":"tachyon_serverless_application::services::invoke_async::dispatch"}
{"timestamp":"2026-09-17T11:57:16.942386Z","level":"INFO","message":"asynchronous run claimed","invocation_id":"inv_01m2qkmv6fhk65w6myx66vq938","attempt":1,"generation":0,"delivery_count":1,"target":"tachyon_serverless_application::services::invoke_async::dispatch"}
{"timestamp":"2026-09-17T11:57:16.999429Z","level":"INFO","message":"asynchronous invocation accepted","invocation_id":"inv_01m2qkmv9n5fw3732r62mt9pdh","tenant_id":"tn_01hzzzzzzzzzzzzzzzzzzzzzza","revision_id":"rev_01m2qkmq81bdpxa6jmw80ccg52","input_bytes":4127,"input_storage":"object","target":"tachyon_serverless_application::services::invoke_async"}
{"timestamp":"2026-09-17T11:57:17.055729Z","level":"INFO","message":"asynchronous invocation accepted","invocation_id":"inv_01m2qkmvbyqha1y5w9pe0ecqsf","tenant_id":"tn_01hzzzzzzzzzzzzzzzzzzzzzza","revision_id":"rev_01m2qkmr1cpf01f7teen1hscxz","input_bytes":189,"input_storage":"inline","target":"tachyon_serverless_application::services::invoke_async"}
{"timestamp":"2026-09-17T11:57:17.055789Z","level":"INFO","message":"webhook trigger fired","trigger_id":"trg_01m2qkmsb7eaapmemfyfpahd3h","event_id":"evt-pre-w2","invocation_id":"inv_01m2qkmvbyqha1y5w9pe0ecqsf","revision_id":"rev_01m2qkmr1cpf01f7teen1hscxz","replayed":false,"target":"tachyon_serverless_application::services::triggers"}
{"timestamp":"2026-09-17T11:57:17.247191Z","level":"INFO","message":"bridge spawned","environment_id":"env_01m2qkmv8at1p2mgpxpqy3yqqx","pid":97261,"target":"tachyon_serverless_provider_process"}
{"timestamp":"2026-09-17T11:57:17.257844Z","level":"INFO","message":"bridge spawned","environment_id":"env_01m2qkmv8eg9g6jqnt045fzwaz","pid":97263,"target":"tachyon_serverless_provider_process"}
{"timestamp":"2026-09-17T11:57:17.265030Z","level":"INFO","message":"invocation finished","invocation_id":"inv_01m2qkmtrcegs7y5pddpxhfh2v","status":"succeeded (async run)","handler_ms":0,"environment_boot_ms":7,"runtime_init_ms":8,"target":"tachyon_serverless_application::services::invoke"}
{"timestamp":"2026-09-17T11:57:17.266025Z","level":"INFO","message":"terminating bridge","environment_id":"env_01m2qkmv8at1p2mgpxpqy3yqqx","pid":97261,"reason":"Completed","graceful":true,"target":"tachyon_serverless_provider_process"}
{"timestamp":"2026-09-17T11:57:17.270593Z","level":"INFO","message":"asynchronous invocation settled","invocation_id":"inv_01m2qkmtrcegs7y5pddpxhfh2v","status":"succeeded","target":"tachyon_serverless_application::services::invoke_async::dispatch"}
{"timestamp":"2026-09-17T11:57:17.276418Z","level":"INFO","message":"async dispatch: delivery handled","message_id":"inv_01m2qkmtrcegs7y5pddpxhfh2v","sequence":4,"delivery_count":1,"outcome":"Completed { status: \"succeeded\" }","target":"tachyon_serverless_application::services::invoke_async::dispatch"}
{"timestamp":"2026-09-17T11:57:17.282489Z","level":"INFO","message":"asynchronous run claimed","invocation_id":"inv_01m2qkmv9n5fw3732r62mt9pdh","attempt":1,"generation":0,"delivery_count":1,"target":"tachyon_serverless_application::services::invoke_async::dispatch"}
{"timestamp":"2026-09-17T11:57:17.283318Z","level":"INFO","message":"invocation finished","invocation_id":"inv_01m2qkmv6fhk65w6myx66vq938","status":"succeeded (async run)","handler_ms":1,"environment_boot_ms":7,"runtime_init_ms":12,"target":"tachyon_serverless_application::services::invoke"}
{"timestamp":"2026-09-17T11:57:17.284788Z","level":"INFO","message":"terminating bridge","environment_id":"env_01m2qkmv8eg9g6jqnt045fzwaz","pid":97263,"reason":"Completed","graceful":true,"target":"tachyon_serverless_provider_process"}
{"timestamp":"2026-09-17T11:57:17.289336Z","level":"INFO","message":"asynchronous invocation settled","invocation_id":"inv_01m2qkmv6fhk65w6myx66vq938","status":"succeeded","target":"tachyon_serverless_application::services::invoke_async::dispatch"}
{"timestamp":"2026-09-17T11:57:17.295333Z","level":"INFO","message":"async dispatch: delivery handled","message_id":"inv_01m2qkmv6fhk65w6myx66vq938","sequence":5,"delivery_count":1,"outcome":"Completed { status: \"succeeded\" }","target":"tachyon_serverless_application::services::invoke_async::dispatch"}
{"timestamp":"2026-09-17T11:57:17.296045Z","level":"INFO","message":"asynchronous run claimed","invocation_id":"inv_01m2qkmvbyqha1y5w9pe0ecqsf","attempt":1,"generation":0,"delivery_count":1,"target":"tachyon_serverless_application::services::invoke_async::dispatch"}
{"timestamp":"2026-09-17T11:57:17.604625Z","level":"INFO","message":"bridge spawned","environment_id":"env_01m2qkmvk51740thnfttgks6my","pid":97265,"target":"tachyon_serverless_provider_process"}
{"timestamp":"2026-09-17T11:57:17.607654Z","level":"INFO","message":"bridge spawned","environment_id":"env_01m2qkmvkgda4wfhc6dar6t399","pid":97266,"target":"tachyon_serverless_provider_process"}
{"timestamp":"2026-09-17T11:57:17.631549Z","level":"INFO","message":"invocation finished","invocation_id":"inv_01m2qkmv9n5fw3732r62mt9pdh","status":"succeeded (async run)","handler_ms":3,"environment_boot_ms":10,"runtime_init_ms":12,"target":"tachyon_serverless_application::services::invoke"}
{"timestamp":"2026-09-17T11:57:17.632152Z","level":"INFO","message":"invocation finished","invocation_id":"inv_01m2qkmvbyqha1y5w9pe0ecqsf","status":"succeeded (async run)","handler_ms":1,"environment_boot_ms":8,"runtime_init_ms":13,"target":"tachyon_serverless_application::services::invoke"}
{"timestamp":"2026-09-17T11:57:17.633538Z","level":"INFO","message":"terminating bridge","environment_id":"env_01m2qkmvk51740thnfttgks6my","pid":97265,"reason":"Completed","graceful":true,"target":"tachyon_serverless_provider_process"}
{"timestamp":"2026-09-17T11:57:17.633543Z","level":"INFO","message":"terminating bridge","environment_id":"env_01m2qkmvkgda4wfhc6dar6t399","pid":97266,"reason":"Completed","graceful":true,"target":"tachyon_serverless_provider_process"}
{"timestamp":"2026-09-17T11:57:17.640074Z","level":"INFO","message":"asynchronous invocation settled","invocation_id":"inv_01m2qkmv9n5fw3732r62mt9pdh","status":"succeeded","target":"tachyon_serverless_application::services::invoke_async::dispatch"}
{"timestamp":"2026-09-17T11:57:17.640906Z","level":"INFO","message":"asynchronous invocation settled","invocation_id":"inv_01m2qkmvbyqha1y5w9pe0ecqsf","status":"succeeded","target":"tachyon_serverless_application::services::invoke_async::dispatch"}
{"timestamp":"2026-09-17T11:57:17.646311Z","level":"INFO","message":"async dispatch: delivery handled","message_id":"inv_01m2qkmv9n5fw3732r62mt9pdh","sequence":6,"delivery_count":1,"outcome":"Completed { status: \"succeeded\" }","target":"tachyon_serverless_application::services::invoke_async::dispatch"}
{"timestamp":"2026-09-17T11:57:17.656902Z","level":"INFO","message":"async dispatch: delivery handled","message_id":"inv_01m2qkmvbyqha1y5w9pe0ecqsf","sequence":7,"delivery_count":1,"outcome":"Completed { status: \"succeeded\" }","target":"tachyon_serverless_application::services::invoke_async::dispatch"}
{"timestamp":"2026-09-17T11:57:18.007840Z","level":"INFO","message":"asynchronous invocation accepted","invocation_id":"inv_01m2qkmw9mbfbx3sjj3nsj0apx","tenant_id":"tn_01hzzzzzzzzzzzzzzzzzzzzzza","revision_id":"rev_01m2qkmr1cpf01f7teen1hscxz","input_bytes":180,"input_storage":"inline","target":"tachyon_serverless_application::services::invoke_async"}
{"timestamp":"2026-09-17T11:57:18.008024Z","level":"INFO","message":"cron trigger fired","trigger_id":"trg_01m2qkmsafngrsgaaynqxb7cy5","scheduled_at":"2026-09-17T11:57:18Z","invocation_id":"inv_01m2qkmw9mbfbx3sjj3nsj0apx","revision_id":"rev_01m2qkmr1cpf01f7teen1hscxz","replayed":false,"target":"tachyon_serverless_application::services::triggers"}
{"timestamp":"2026-09-17T11:57:18.023673Z","level":"INFO","message":"asynchronous run claimed","invocation_id":"inv_01m2qkmw9mbfbx3sjj3nsj0apx","attempt":1,"generation":0,"delivery_count":1,"target":"tachyon_serverless_application::services::invoke_async::dispatch"}
{"timestamp":"2026-09-17T11:57:18.282839Z","level":"INFO","message":"bridge spawned","environment_id":"env_01m2qkmwa8pwq5848d76repp7g","pid":97270,"target":"tachyon_serverless_provider_process"}
{"timestamp":"2026-09-17T11:57:18.300916Z","level":"INFO","message":"invocation finished","invocation_id":"inv_01m2qkmw9mbfbx3sjj3nsj0apx","status":"succeeded (async run)","handler_ms":0,"environment_boot_ms":7,"runtime_init_ms":8,"target":"tachyon_serverless_application::services::invoke"}
{"timestamp":"2026-09-17T11:57:18.302790Z","level":"INFO","message":"terminating bridge","environment_id":"env_01m2qkmwa8pwq5848d76repp7g","pid":97270,"reason":"Completed","graceful":true,"target":"tachyon_serverless_provider_process"}
{"timestamp":"2026-09-17T11:57:18.306605Z","level":"INFO","message":"asynchronous invocation settled","invocation_id":"inv_01m2qkmw9mbfbx3sjj3nsj0apx","status":"succeeded","target":"tachyon_serverless_application::services::invoke_async::dispatch"}
{"timestamp":"2026-09-17T11:57:18.320334Z","level":"INFO","message":"async dispatch: delivery handled","message_id":"inv_01m2qkmw9mbfbx3sjj3nsj0apx","sequence":8,"delivery_count":1,"outcome":"Completed { status: \"succeeded\" }","target":"tachyon_serverless_application::services::invoke_async::dispatch"}
{"timestamp":"2026-09-17T11:57:24.600304Z","level":"WARN","message":"cannot take the trigger scheduler lease","error":"store: database is locked","target":"tachyon_serverless_application::services::triggers"}
{"timestamp":"2026-09-17T11:57:29.602280Z","level":"WARN","message":"object gc: claim failed","object":"obj_01m2qkmv9p0n6s3ghnqqv12dh2","error":"store: the store connection stayed busy for 5 s (database locked?)","target":"tachyon_serverless_application::durable::gc"}
{"timestamp":"2026-09-17T11:57:29.605122Z","level":"WARN","message":"cannot take the trigger scheduler lease","error":"store: the store connection stayed busy for 5 s (database locked?)","target":"tachyon_serverless_application::services::triggers"}
{"timestamp":"2026-09-17T11:57:29.605947Z","level":"WARN","message":"async reaper: listing candidates failed","error":"store: the store connection stayed busy for 5 s (database locked?)","target":"tachyon_serverless_application::services::invoke_async::dispatch"}
{"timestamp":"2026-09-17T11:57:29.608834Z","level":"WARN","message":"dispatcher heartbeat failed","error":"store: the store connection stayed busy for 5 s (database locked?)","target":"tachyon_serverless_application::app"}
{"timestamp":"2026-09-17T11:57:30.009302Z","level":"WARN","message":"outbox: claiming failed","error":"store: database is locked","target":"tachyon_serverless_application::services::invoke_async::publisher"}
{"timestamp":"2026-09-17T11:57:31.260445Z","level":"INFO","message":"object retention pass","report":"GcReport { examined: 2, collected_expired: 0, collected_orphans: 0, kept_in_use: 0, kept_referenced: 1, incomplete_removed: 0, tombstones_purged: 0, failed: 1 }","target":"tachyon_serverless_gateway"}
{"timestamp":"2026-09-17T11:57:31.260596Z","level":"ERROR","message":"dispatcher lease lost: refusing new invocations; in-flight completions will be refused if another dispatcher reclaimed them","dispatcher_id":"dsp_01m2qkmpk1q5w7v3pv29rmz5dw","target":"tachyon_serverless_application::services::dispatcher"}
{"timestamp":"2026-09-17T11:57:31.260869Z","level":"INFO","message":"late scheduled times skipped by the missed-run policy","trigger_id":"trg_01m2qkmsafngrsgaaynqxb7cy5","skipped":6,"policy":"Skip","target":"tachyon_serverless_application::services::triggers"}
{"timestamp":"2026-09-17T11:57:31.261990Z","level":"INFO","message":"object retention pass","report":"GcReport { examined: 2, collected_expired: 0, collected_orphans: 0, kept_in_use: 0, kept_referenced: 2, incomplete_removed: 0, tombstones_purged: 0, failed: 0 }","target":"tachyon_serverless_gateway"}
{"timestamp":"2026-09-17T11:57:31.262544Z","level":"INFO","message":"asynchronous invocation accepted","invocation_id":"inv_01m2qkn97x2y47grjrsx6p6nq5","tenant_id":"tn_01hzzzzzzzzzzzzzzzzzzzzzza","revision_id":"rev_01m2qkmq81bdpxa6jmw80ccg52","input_bytes":49,"input_storage":"inline","target":"tachyon_serverless_application::services::invoke_async"}
{"timestamp":"2026-09-17T11:57:31.271251Z","level":"INFO","message":"asynchronous run claimed","invocation_id":"inv_01m2qkn97x2y47grjrsx6p6nq5","attempt":1,"generation":0,"delivery_count":1,"target":"tachyon_serverless_application::services::invoke_async::dispatch"}
{"timestamp":"2026-09-17T11:57:31.276328Z","level":"INFO","message":"asynchronous invocation rescheduled","invocation_id":"inv_01m2qkn97x2y47grjrsx6p6nq5","next_attempt_at":"2026-09-17T11:57:31.450387+00:00","counted":false,"error_type":"Host.DispatcherFenced","target":"tachyon_serverless_application::services::invoke_async::dispatch"}
{"timestamp":"2026-09-17T11:57:31.281421Z","level":"INFO","message":"async dispatch: delivery handled","message_id":"inv_01m2qkn97x2y47grjrsx6p6nq5","sequence":9,"delivery_count":1,"outcome":"Rescheduled { next_attempt_at: 2026-09-17T11:57:31.450387Z, counted: false }","target":"tachyon_serverless_application::services::invoke_async::dispatch"}
{"timestamp":"2026-09-17T11:57:31.399289Z","level":"INFO","message":"bridge spawned","environment_id":"env_01m2qkn97z49nm2sc0d645fr2f","pid":97698,"target":"tachyon_serverless_provider_process"}
{"timestamp":"2026-09-17T11:57:31.409627Z","level":"INFO","message":"invocation finished","invocation_id":"inv_01m2qkn97yjb1kfw7vz726j5bg","status":"succeeded","handler_ms":0,"environment_boot_ms":4,"runtime_init_ms":5,"target":"tachyon_serverless_application::services::invoke"}
{"timestamp":"2026-09-17T11:57:31.411172Z","level":"INFO","message":"terminating bridge","environment_id":"env_01m2qkn97z49nm2sc0d645fr2f","pid":97698,"reason":"Completed","graceful":true,"target":"tachyon_serverless_provider_process"}
{"timestamp":"2026-09-17T11:57:31.488239Z","level":"INFO","message":"asynchronous run claimed","invocation_id":"inv_01m2qkn97x2y47grjrsx6p6nq5","attempt":1,"generation":1,"delivery_count":1,"target":"tachyon_serverless_application::services::invoke_async::dispatch"}
{"timestamp":"2026-09-17T11:57:31.493572Z","level":"INFO","message":"asynchronous invocation rescheduled","invocation_id":"inv_01m2qkn97x2y47grjrsx6p6nq5","next_attempt_at":"2026-09-17T11:57:31.840364+00:00","counted":false,"error_type":"Host.DispatcherFenced","target":"tachyon_serverless_application::services::invoke_async::dispatch"}
{"timestamp":"2026-09-17T11:57:31.498613Z","level":"INFO","message":"async dispatch: delivery handled","message_id":"inv_01m2qkn97x2y47grjrsx6p6nq5.g1","sequence":10,"delivery_count":1,"outcome":"Rescheduled { next_attempt_at: 2026-09-17T11:57:31.840364Z, counted: false }","target":"tachyon_serverless_application::services::invoke_async::dispatch"}
{"timestamp":"2026-09-17T11:57:31.910476Z","level":"INFO","message":"asynchronous run claimed","invocation_id":"inv_01m2qkn97x2y47grjrsx6p6nq5","attempt":1,"generation":2,"delivery_count":1,"target":"tachyon_serverless_application::services::invoke_async::dispatch"}
{"timestamp":"2026-09-17T11:57:31.914779Z","level":"INFO","message":"asynchronous invocation rescheduled","invocation_id":"inv_01m2qkn97x2y47grjrsx6p6nq5","next_attempt_at":"2026-09-17T11:57:32.014361+00:00","counted":false,"error_type":"Host.DispatcherFenced","target":"tachyon_serverless_application::services::invoke_async::dispatch"}
{"timestamp":"2026-09-17T11:57:31.919423Z","level":"INFO","message":"async dispatch: delivery handled","message_id":"inv_01m2qkn97x2y47grjrsx6p6nq5.g2","sequence":11,"delivery_count":1,"outcome":"Rescheduled { next_attempt_at: 2026-09-17T11:57:32.014361Z, counted: false }","target":"tachyon_serverless_application::services::invoke_async::dispatch"}
{"timestamp":"2026-09-17T11:57:32.028835Z","level":"INFO","message":"asynchronous run claimed","invocation_id":"inv_01m2qkn97x2y47grjrsx6p6nq5","attempt":1,"generation":3,"delivery_count":1,"target":"tachyon_serverless_application::services::invoke_async::dispatch"}
{"timestamp":"2026-09-17T11:57:32.029658Z","level":"INFO","message":"asynchronous invocation rescheduled","invocation_id":"inv_01m2qkn97x2y47grjrsx6p6nq5","next_attempt_at":"2026-09-17T11:57:32.147109+00:00","counted":false,"error_type":"Host.DispatcherFenced","target":"tachyon_serverless_application::services::invoke_async::dispatch"}
{"timestamp":"2026-09-17T11:57:32.035519Z","level":"INFO","message":"async dispatch: delivery handled","message_id":"inv_01m2qkn97x2y47grjrsx6p6nq5.g3","sequence":12,"delivery_count":1,"outcome":"Rescheduled { next_attempt_at: 2026-09-17T11:57:32.147109Z, counted: false }","target":"tachyon_serverless_application::services::invoke_async::dispatch"}
{"timestamp":"2026-09-17T11:57:32.167990Z","level":"INFO","message":"object retention pass","report":"GcReport { examined: 2, collected_expired: 0, collected_orphans: 0, kept_in_use: 0, kept_referenced: 2, incomplete_removed: 0, tombstones_purged: 0, failed: 0 }","target":"tachyon_serverless_gateway"}
{"timestamp":"2026-09-17T11:57:32.247368Z","level":"INFO","message":"asynchronous run claimed","invocation_id":"inv_01m2qkn97x2y47grjrsx6p6nq5","attempt":1,"generation":4,"delivery_count":1,"target":"tachyon_serverless_application::services::invoke_async::dispatch"}
{"timestamp":"2026-09-17T11:57:32.249409Z","level":"INFO","message":"asynchronous invocation rescheduled","invocation_id":"inv_01m2qkn97x2y47grjrsx6p6nq5","next_attempt_at":"2026-09-17T11:57:33.014138+00:00","counted":false,"error_type":"Host.DispatcherFenced","target":"tachyon_serverless_application::services::invoke_async::dispatch"}
{"timestamp":"2026-09-17T11:57:32.255300Z","level":"INFO","message":"async dispatch: delivery handled","message_id":"inv_01m2qkn97x2y47grjrsx6p6nq5.g4","sequence":13,"delivery_count":1,"outcome":"Rescheduled { next_attempt_at: 2026-09-17T11:57:33.014138Z, counted: false }","target":"tachyon_serverless_application::services::invoke_async::dispatch"}
{"timestamp":"2026-09-17T11:57:33.065636Z","level":"INFO","message":"asynchronous run claimed","invocation_id":"inv_01m2qkn97x2y47grjrsx6p6nq5","attempt":1,"generation":5,"delivery_count":1,"target":"tachyon_serverless_application::services::invoke_async::dispatch"}
{"timestamp":"2026-09-17T11:57:33.070966Z","level":"INFO","message":"asynchronous invocation rescheduled","invocation_id":"inv_01m2qkn97x2y47grjrsx6p6nq5","next_attempt_at":"2026-09-17T11:57:33.821747+00:00","counted":false,"error_type":"Host.DispatcherFenced","target":"tachyon_serverless_application::services::invoke_async::dispatch"}
{"timestamp":"2026-09-17T11:57:33.075095Z","level":"INFO","message":"async dispatch: delivery handled","message_id":"inv_01m2qkn97x2y47grjrsx6p6nq5.g5","sequence":14,"delivery_count":1,"outcome":"Rescheduled { next_attempt_at: 2026-09-17T11:57:33.821747Z, counted: false }","target":"tachyon_serverless_application::services::invoke_async::dispatch"}
{"timestamp":"2026-09-17T11:57:33.894080Z","level":"INFO","message":"asynchronous run claimed","invocation_id":"inv_01m2qkn97x2y47grjrsx6p6nq5","attempt":1,"generation":6,"delivery_count":1,"target":"tachyon_serverless_application::services::invoke_async::dispatch"}
{"timestamp":"2026-09-17T11:57:33.895407Z","level":"INFO","message":"asynchronous invocation rescheduled","invocation_id":"inv_01m2qkn97x2y47grjrsx6p6nq5","next_attempt_at":"2026-09-17T11:57:34.350557+00:00","counted":false,"error_type":"Host.DispatcherFenced","target":"tachyon_serverless_application::services::invoke_async::dispatch"}
{"timestamp":"2026-09-17T11:57:33.900322Z","level":"INFO","message":"async dispatch: delivery handled","message_id":"inv_01m2qkn97x2y47grjrsx6p6nq5.g6","sequence":15,"delivery_count":1,"outcome":"Rescheduled { next_attempt_at: 2026-09-17T11:57:34.350557Z, counted: false }","target":"tachyon_serverless_application::services::invoke_async::dispatch"}
{"timestamp":"2026-09-17T11:57:34.167775Z","level":"INFO","message":"object retention pass","report":"GcReport { examined: 2, collected_expired: 0, collected_orphans: 0, kept_in_use: 0, kept_referenced: 2, incomplete_removed: 0, tombstones_purged: 0, failed: 0 }","target":"tachyon_serverless_gateway"}
{"timestamp":"2026-09-17T11:57:34.417735Z","level":"INFO","message":"asynchronous run claimed","invocation_id":"inv_01m2qkn97x2y47grjrsx6p6nq5","attempt":1,"generation":7,"delivery_count":1,"target":"tachyon_serverless_application::services::invoke_async::dispatch"}
{"timestamp":"2026-09-17T11:57:34.419706Z","level":"INFO","message":"asynchronous invocation rescheduled","invocation_id":"inv_01m2qkn97x2y47grjrsx6p6nq5","next_attempt_at":"2026-09-17T11:57:34.547468+00:00","counted":false,"error_type":"Host.DispatcherFenced","target":"tachyon_serverless_application::services::invoke_async::dispatch"}
{"timestamp":"2026-09-17T11:57:34.425798Z","level":"INFO","message":"async dispatch: delivery handled","message_id":"inv_01m2qkn97x2y47grjrsx6p6nq5.g7","sequence":16,"delivery_count":1,"outcome":"Rescheduled { next_attempt_at: 2026-09-17T11:57:34.547468Z, counted: false }","target":"tachyon_serverless_application::services::invoke_async::dispatch"}
{"timestamp":"2026-09-17T11:57:34.626886Z","level":"INFO","message":"asynchronous run claimed","invocation_id":"inv_01m2qkn97x2y47grjrsx6p6nq5","attempt":1,"generation":8,"delivery_count":1,"target":"tachyon_serverless_application::services::invoke_async::dispatch"}
{"timestamp":"2026-09-17T11:57:34.632908Z","level":"INFO","message":"asynchronous invocation rescheduled","invocation_id":"inv_01m2qkn97x2y47grjrsx6p6nq5","next_attempt_at":"2026-09-17T11:57:34.727126+00:00","counted":false,"error_type":"Host.DispatcherFenced","target":"tachyon_serverless_application::services::invoke_async::dispatch"}
{"timestamp":"2026-09-17T11:57:34.637174Z","level":"INFO","message":"async dispatch: delivery handled","message_id":"inv_01m2qkn97x2y47grjrsx6p6nq5.g8","sequence":17,"delivery_count":1,"outcome":"Rescheduled { next_attempt_at: 2026-09-17T11:57:34.727126Z, counted: false }","target":"tachyon_serverless_application::services::invoke_async::dispatch"}
{"timestamp":"2026-09-17T11:57:34.744061Z","level":"INFO","message":"asynchronous run claimed","invocation_id":"inv_01m2qkn97x2y47grjrsx6p6nq5","attempt":1,"generation":9,"delivery_count":1,"target":"tachyon_serverless_application::services::invoke_async::dispatch"}
{"timestamp":"2026-09-17T11:57:34.745736Z","level":"INFO","message":"asynchronous invocation rescheduled","invocation_id":"inv_01m2qkn97x2y47grjrsx6p6nq5","next_attempt_at":"2026-09-17T11:57:35.145552+00:00","counted":false,"error_type":"Host.DispatcherFenced","target":"tachyon_serverless_application::services::invoke_async::dispatch"}
{"timestamp":"2026-09-17T11:57:34.750651Z","level":"INFO","message":"async dispatch: delivery handled","message_id":"inv_01m2qkn97x2y47grjrsx6p6nq5.g9","sequence":18,"delivery_count":1,"outcome":"Rescheduled { next_attempt_at: 2026-09-17T11:57:35.145552Z, counted: false }","target":"tachyon_serverless_application::services::invoke_async::dispatch"}
{"timestamp":"2026-09-17T11:57:35.162544Z","level":"INFO","message":"asynchronous run claimed","invocation_id":"inv_01m2qkn97x2y47grjrsx6p6nq5","attempt":1,"generation":10,"delivery_count":1,"target":"tachyon_serverless_application::services::invoke_async::dispatch"}
{"timestamp":"2026-09-17T11:57:35.163627Z","level":"INFO","message":"asynchronous invocation rescheduled","invocation_id":"inv_01m2qkn97x2y47grjrsx6p6nq5","next_attempt_at":"2026-09-17T11:57:35.988892+00:00","counted":false,"error_type":"Host.DispatcherFenced","target":"tachyon_serverless_application::services::invoke_async::dispatch"}
{"timestamp":"2026-09-17T11:57:35.169055Z","level":"INFO","message":"async dispatch: delivery handled","message_id":"inv_01m2qkn97x2y47grjrsx6p6nq5.g10","sequence":19,"delivery_count":1,"outcome":"Rescheduled { next_attempt_at: 2026-09-17T11:57:35.988892Z, counted: false }","target":"tachyon_serverless_application::services::invoke_async::dispatch"}
{"timestamp":"2026-09-17T11:57:36.095234Z","level":"INFO","message":"asynchronous run claimed","invocation_id":"inv_01m2qkn97x2y47grjrsx6p6nq5","attempt":1,"generation":11,"delivery_count":1,"target":"tachyon_serverless_application::services::invoke_async::dispatch"}
{"timestamp":"2026-09-17T11:57:36.097456Z","level":"INFO","message":"asynchronous invocation rescheduled","invocation_id":"inv_01m2qkn97x2y47grjrsx6p6nq5","next_attempt_at":"2026-09-17T11:57:36.596143+00:00","counted":false,"error_type":"Host.DispatcherFenced","target":"tachyon_serverless_application::services::invoke_async::dispatch"}
{"timestamp":"2026-09-17T11:57:36.103389Z","level":"INFO","message":"async dispatch: delivery handled","message_id":"inv_01m2qkn97x2y47grjrsx6p6nq5.g11","sequence":20,"delivery_count":1,"outcome":"Rescheduled { next_attempt_at: 2026-09-17T11:57:36.596143Z, counted: false }","target":"tachyon_serverless_application::services::invoke_async::dispatch"}
{"timestamp":"2026-09-17T11:57:36.167782Z","level":"INFO","message":"object retention pass","report":"GcReport { examined: 2, collected_expired: 0, collected_orphans: 0, kept_in_use: 0, kept_referenced: 2, incomplete_removed: 0, tombstones_purged: 0, failed: 0 }","target":"tachyon_serverless_gateway"}
{"timestamp":"2026-09-17T11:57:36.619663Z","level":"INFO","message":"asynchronous run claimed","invocation_id":"inv_01m2qkn97x2y47grjrsx6p6nq5","attempt":1,"generation":12,"delivery_count":1,"target":"tachyon_serverless_application::services::invoke_async::dispatch"}
{"timestamp":"2026-09-17T11:57:36.621940Z","level":"INFO","message":"asynchronous invocation rescheduled","invocation_id":"inv_01m2qkn97x2y47grjrsx6p6nq5","next_attempt_at":"2026-09-17T11:57:37.259728+00:00","counted":false,"error_type":"Host.DispatcherFenced","target":"tachyon_serverless_application::services::invoke_async::dispatch"}
{"timestamp":"2026-09-17T11:57:36.627153Z","level":"INFO","message":"async dispatch: delivery handled","message_id":"inv_01m2qkn97x2y47grjrsx6p6nq5.g12","sequence":21,"delivery_count":1,"outcome":"Rescheduled { next_attempt_at: 2026-09-17T11:57:37.259728Z, counted: false }","target":"tachyon_serverless_application::services::invoke_async::dispatch"}
{"timestamp":"2026-09-17T11:57:37.340190Z","level":"INFO","message":"asynchronous run claimed","invocation_id":"inv_01m2qkn97x2y47grjrsx6p6nq5","attempt":1,"generation":13,"delivery_count":1,"target":"tachyon_serverless_application::services::invoke_async::dispatch"}
{"timestamp":"2026-09-17T11:57:37.346402Z","level":"INFO","message":"asynchronous invocation rescheduled","invocation_id":"inv_01m2qkn97x2y47grjrsx6p6nq5","next_attempt_at":"2026-09-17T11:57:38.270384+00:00","counted":false,"error_type":"Host.DispatcherFenced","target":"tachyon_serverless_application::services::invoke_async::dispatch"}
{"timestamp":"2026-09-17T11:57:37.351208Z","level":"INFO","message":"async dispatch: delivery handled","message_id":"inv_01m2qkn97x2y47grjrsx6p6nq5.g13","sequence":22,"delivery_count":1,"outcome":"Rescheduled { next_attempt_at: 2026-09-17T11:57:38.270384Z, counted: false }","target":"tachyon_serverless_application::services::invoke_async::dispatch"}
{"timestamp":"2026-09-17T11:57:38.168411Z","level":"INFO","message":"object retention pass","report":"GcReport { examined: 2, collected_expired: 0, collected_orphans: 0, kept_in_use: 0, kept_referenced: 2, incomplete_removed: 0, tombstones_purged: 0, failed: 0 }","target":"tachyon_serverless_gateway"}
{"timestamp":"2026-09-17T11:57:38.375572Z","level":"INFO","message":"asynchronous run claimed","invocation_id":"inv_01m2qkn97x2y47grjrsx6p6nq5","attempt":1,"generation":14,"delivery_count":1,"target":"tachyon_serverless_application::services::invoke_async::dispatch"}
{"timestamp":"2026-09-17T11:57:38.377758Z","level":"INFO","message":"asynchronous invocation rescheduled","invocation_id":"inv_01m2qkn97x2y47grjrsx6p6nq5","next_attempt_at":"2026-09-17T11:57:39.181508+00:00","counted":false,"error_type":"Host.DispatcherFenced","target":"tachyon_serverless_application::services::invoke_async::dispatch"}
{"timestamp":"2026-09-17T11:57:38.383201Z","level":"INFO","message":"async dispatch: delivery handled","message_id":"inv_01m2qkn97x2y47grjrsx6p6nq5.g14","sequence":23,"delivery_count":1,"outcome":"Rescheduled { next_attempt_at: 2026-09-17T11:57:39.181508Z, counted: false }","target":"tachyon_serverless_application::services::invoke_async::dispatch"}
{"timestamp":"2026-09-17T11:57:39.197802Z","level":"INFO","message":"asynchronous run claimed","invocation_id":"inv_01m2qkn97x2y47grjrsx6p6nq5","attempt":1,"generation":15,"delivery_count":1,"target":"tachyon_serverless_application::services::invoke_async::dispatch"}
{"timestamp":"2026-09-17T11:57:39.201924Z","level":"INFO","message":"asynchronous invocation rescheduled","invocation_id":"inv_01m2qkn97x2y47grjrsx6p6nq5","next_attempt_at":"2026-09-17T11:57:39.477199+00:00","counted":false,"error_type":"Host.DispatcherFenced","target":"tachyon_serverless_application::services::invoke_async::dispatch"}
{"timestamp":"2026-09-17T11:57:39.207656Z","level":"INFO","message":"async dispatch: delivery handled","message_id":"inv_01m2qkn97x2y47grjrsx6p6nq5.g15","sequence":24,"delivery_count":1,"outcome":"Rescheduled { next_attempt_at: 2026-09-17T11:57:39.477199Z, counted: false }","target":"tachyon_serverless_application::services::invoke_async::dispatch"}
{"timestamp":"2026-09-17T11:57:39.520892Z","level":"INFO","message":"asynchronous run claimed","invocation_id":"inv_01m2qkn97x2y47grjrsx6p6nq5","attempt":1,"generation":16,"delivery_count":1,"target":"tachyon_serverless_application::services::invoke_async::dispatch"}
{"timestamp":"2026-09-17T11:57:39.522613Z","level":"INFO","message":"asynchronous invocation rescheduled","invocation_id":"inv_01m2qkn97x2y47grjrsx6p6nq5","next_attempt_at":"2026-09-17T11:57:40.236542+00:00","counted":false,"error_type":"Host.DispatcherFenced","target":"tachyon_serverless_application::services::invoke_async::dispatch"}
{"timestamp":"2026-09-17T11:57:39.528517Z","level":"INFO","message":"async dispatch: delivery handled","message_id":"inv_01m2qkn97x2y47grjrsx6p6nq5.g16","sequence":25,"delivery_count":1,"outcome":"Rescheduled { next_attempt_at: 2026-09-17T11:57:40.236542Z, counted: false }","target":"tachyon_serverless_application::services::invoke_async::dispatch"}
{"timestamp":"2026-09-17T11:57:40.167947Z","level":"INFO","message":"object retention pass","report":"GcReport { examined: 2, collected_expired: 0, collected_orphans: 0, kept_in_use: 0, kept_referenced: 2, incomplete_removed: 0, tombstones_purged: 0, failed: 0 }","target":"tachyon_serverless_gateway"}
{"timestamp":"2026-09-17T11:57:40.353036Z","level":"INFO","message":"asynchronous run claimed","invocation_id":"inv_01m2qkn97x2y47grjrsx6p6nq5","attempt":1,"generation":17,"delivery_count":1,"target":"tachyon_serverless_application::services::invoke_async::dispatch"}
{"timestamp":"2026-09-17T11:57:40.355226Z","level":"INFO","message":"asynchronous invocation rescheduled","invocation_id":"inv_01m2qkn97x2y47grjrsx6p6nq5","next_attempt_at":"2026-09-17T11:57:40.454005+00:00","counted":false,"error_type":"Host.DispatcherFenced","target":"tachyon_serverless_application::services::invoke_async::dispatch"}
{"timestamp":"2026-09-17T11:57:40.360852Z","level":"INFO","message":"async dispatch: delivery handled","message_id":"inv_01m2qkn97x2y47grjrsx6p6nq5.g17","sequence":26,"delivery_count":1,"outcome":"Rescheduled { next_attempt_at: 2026-09-17T11:57:40.454005Z, counted: false }","target":"tachyon_serverless_application::services::invoke_async::dispatch"}
{"timestamp":"2026-09-17T11:57:40.466460Z","level":"INFO","message":"asynchronous run claimed","invocation_id":"inv_01m2qkn97x2y47grjrsx6p6nq5","attempt":1,"generation":18,"delivery_count":1,"target":"tachyon_serverless_application::services::invoke_async::dispatch"}
{"timestamp":"2026-09-17T11:57:40.467474Z","level":"INFO","message":"asynchronous invocation rescheduled","invocation_id":"inv_01m2qkn97x2y47grjrsx6p6nq5","next_attempt_at":"2026-09-17T11:57:41.417817+00:00","counted":false,"error_type":"Host.DispatcherFenced","target":"tachyon_serverless_application::services::invoke_async::dispatch"}
{"timestamp":"2026-09-17T11:57:40.473028Z","level":"INFO","message":"async dispatch: delivery handled","message_id":"inv_01m2qkn97x2y47grjrsx6p6nq5.g18","sequence":27,"delivery_count":1,"outcome":"Rescheduled { next_attempt_at: 2026-09-17T11:57:41.417817Z, counted: false }","target":"tachyon_serverless_application::services::invoke_async::dispatch"}
{"timestamp":"2026-09-17T11:57:41.493843Z","level":"INFO","message":"asynchronous run claimed","invocation_id":"inv_01m2qkn97x2y47grjrsx6p6nq5","attempt":1,"generation":19,"delivery_count":1,"target":"tachyon_serverless_application::services::invoke_async::dispatch"}
{"timestamp":"2026-09-17T11:57:41.495304Z","level":"INFO","message":"asynchronous invocation rescheduled","invocation_id":"inv_01m2qkn97x2y47grjrsx6p6nq5","next_attempt_at":"2026-09-17T11:57:41.908559+00:00","counted":false,"error_type":"Host.DispatcherFenced","target":"tachyon_serverless_application::services::invoke_async::dispatch"}
{"timestamp":"2026-09-17T11:57:41.501013Z","level":"INFO","message":"async dispatch: delivery handled","message_id":"inv_01m2qkn97x2y47grjrsx6p6nq5.g19","sequence":28,"delivery_count":1,"outcome":"Rescheduled { next_attempt_at: 2026-09-17T11:57:41.908559Z, counted: false }","target":"tachyon_serverless_application::services::invoke_async::dispatch"}
{"timestamp":"2026-09-17T11:57:42.008673Z","level":"INFO","message":"asynchronous run claimed","invocation_id":"inv_01m2qkn97x2y47grjrsx6p6nq5","attempt":1,"generation":20,"delivery_count":1,"target":"tachyon_serverless_application::services::invoke_async::dispatch"}
{"timestamp":"2026-09-17T11:57:42.012953Z","level":"INFO","message":"asynchronous invocation rescheduled","invocation_id":"inv_01m2qkn97x2y47grjrsx6p6nq5","next_attempt_at":"2026-09-17T11:57:42.137300+00:00","counted":false,"error_type":"Host.DispatcherFenced","target":"tachyon_serverless_application::services::invoke_async::dispatch"}
{"timestamp":"2026-09-17T11:57:42.017723Z","level":"INFO","message":"async dispatch: delivery handled","message_id":"inv_01m2qkn97x2y47grjrsx6p6nq5.g20","sequence":29,"delivery_count":1,"outcome":"Rescheduled { next_attempt_at: 2026-09-17T11:57:42.137300Z, counted: false }","target":"tachyon_serverless_application::services::invoke_async::dispatch"}
{"timestamp":"2026-09-17T11:57:42.168404Z","level":"INFO","message":"object retention pass","report":"GcReport { examined: 2, collected_expired: 0, collected_orphans: 0, kept_in_use: 0, kept_referenced: 2, incomplete_removed: 0, tombstones_purged: 0, failed: 0 }","target":"tachyon_serverless_gateway"}
{"timestamp":"2026-09-17T11:57:42.229731Z","level":"INFO","message":"asynchronous run claimed","invocation_id":"inv_01m2qkn97x2y47grjrsx6p6nq5","attempt":1,"generation":21,"delivery_count":1,"target":"tachyon_serverless_application::services::invoke_async::dispatch"}
{"timestamp":"2026-09-17T11:57:42.231920Z","level":"INFO","message":"asynchronous invocation rescheduled","invocation_id":"inv_01m2qkn97x2y47grjrsx6p6nq5","next_attempt_at":"2026-09-17T11:57:43.142670+00:00","counted":false,"error_type":"Host.DispatcherFenced","target":"tachyon_serverless_application::services::invoke_async::dispatch"}
{"timestamp":"2026-09-17T11:57:42.237433Z","level":"INFO","message":"async dispatch: delivery handled","message_id":"inv_01m2qkn97x2y47grjrsx6p6nq5.g21","sequence":30,"delivery_count":1,"outcome":"Rescheduled { next_attempt_at: 2026-09-17T11:57:43.142670Z, counted: false }","target":"tachyon_serverless_application::services::invoke_async::dispatch"}
{"timestamp":"2026-09-17T11:57:43.159460Z","level":"INFO","message":"asynchronous run claimed","invocation_id":"inv_01m2qkn97x2y47grjrsx6p6nq5","attempt":1,"generation":22,"delivery_count":1,"target":"tachyon_serverless_application::services::invoke_async::dispatch"}
{"timestamp":"2026-09-17T11:57:43.161363Z","level":"INFO","message":"asynchronous invocation rescheduled","invocation_id":"inv_01m2qkn97x2y47grjrsx6p6nq5","next_attempt_at":"2026-09-17T11:57:43.318216+00:00","counted":false,"error_type":"Host.DispatcherFenced","target":"tachyon_serverless_application::services::invoke_async::dispatch"}
{"timestamp":"2026-09-17T11:57:43.167255Z","level":"INFO","message":"async dispatch: delivery handled","message_id":"inv_01m2qkn97x2y47grjrsx6p6nq5.g22","sequence":31,"delivery_count":1,"outcome":"Rescheduled { next_attempt_at: 2026-09-17T11:57:43.318216Z, counted: false }","target":"tachyon_serverless_application::services::invoke_async::dispatch"}
{"timestamp":"2026-09-17T11:57:43.378426Z","level":"INFO","message":"asynchronous run claimed","invocation_id":"inv_01m2qkn97x2y47grjrsx6p6nq5","attempt":1,"generation":23,"delivery_count":1,"target":"tachyon_serverless_application::services::invoke_async::dispatch"}
{"timestamp":"2026-09-17T11:57:43.379635Z","level":"INFO","message":"asynchronous invocation rescheduled","invocation_id":"inv_01m2qkn97x2y47grjrsx6p6nq5","next_attempt_at":"2026-09-17T11:57:43.770911+00:00","counted":false,"error_type":"Host.DispatcherFenced","target":"tachyon_serverless_application::services::invoke_async::dispatch"}
{"timestamp":"2026-09-17T11:57:43.385075Z","level":"INFO","message":"async dispatch: delivery handled","message_id":"inv_01m2qkn97x2y47grjrsx6p6nq5.g23","sequence":32,"delivery_count":1,"outcome":"Rescheduled { next_attempt_at: 2026-09-17T11:57:43.770911Z, counted: false }","target":"tachyon_serverless_application::services::invoke_async::dispatch"}
{"timestamp":"2026-09-17T11:57:43.798796Z","level":"INFO","message":"asynchronous run claimed","invocation_id":"inv_01m2qkn97x2y47grjrsx6p6nq5","attempt":1,"generation":24,"delivery_count":1,"target":"tachyon_serverless_application::services::invoke_async::dispatch"}
{"timestamp":"2026-09-17T11:57:43.800683Z","level":"INFO","message":"asynchronous invocation rescheduled","invocation_id":"inv_01m2qkn97x2y47grjrsx6p6nq5","next_attempt_at":"2026-09-17T11:57:43.935522+00:00","counted":false,"error_type":"Host.DispatcherFenced","target":"tachyon_serverless_application::services::invoke_async::dispatch"}
{"timestamp":"2026-09-17T11:57:43.806408Z","level":"INFO","message":"async dispatch: delivery handled","message_id":"inv_01m2qkn97x2y47grjrsx6p6nq5.g24","sequence":33,"delivery_count":1,"outcome":"Rescheduled { next_attempt_at: 2026-09-17T11:57:43.935522Z, counted: false }","target":"tachyon_serverless_application::services::invoke_async::dispatch"}
{"timestamp":"2026-09-17T11:57:44.016490Z","level":"INFO","message":"asynchronous run claimed","invocation_id":"inv_01m2qkn97x2y47grjrsx6p6nq5","attempt":1,"generation":25,"delivery_count":1,"target":"tachyon_serverless_application::services::invoke_async::dispatch"}
{"timestamp":"2026-09-17T11:57:44.017690Z","level":"INFO","message":"asynchronous invocation rescheduled","invocation_id":"inv_01m2qkn97x2y47grjrsx6p6nq5","next_attempt_at":"2026-09-17T11:57:44.779979+00:00","counted":false,"error_type":"Host.DispatcherFenced","target":"tachyon_serverless_application::services::invoke_async::dispatch"}
{"timestamp":"2026-09-17T11:57:44.023114Z","level":"INFO","message":"async dispatch: delivery handled","message_id":"inv_01m2qkn97x2y47grjrsx6p6nq5.g25","sequence":34,"delivery_count":1,"outcome":"Rescheduled { next_attempt_at: 2026-09-17T11:57:44.779979Z, counted: false }","target":"tachyon_serverless_application::services::invoke_async::dispatch"}
{"timestamp":"2026-09-17T11:57:44.169021Z","level":"INFO","message":"object retention pass","report":"GcReport { examined: 2, collected_expired: 0, collected_orphans: 0, kept_in_use: 0, kept_referenced: 2, incomplete_removed: 0, tombstones_purged: 0, failed: 0 }","target":"tachyon_serverless_gateway"}
{"timestamp":"2026-09-17T11:57:44.836603Z","level":"INFO","message":"asynchronous run claimed","invocation_id":"inv_01m2qkn97x2y47grjrsx6p6nq5","attempt":1,"generation":26,"delivery_count":1,"target":"tachyon_serverless_application::services::invoke_async::dispatch"}
{"timestamp":"2026-09-17T11:57:44.840994Z","level":"INFO","message":"asynchronous invocation rescheduled","invocation_id":"inv_01m2qkn97x2y47grjrsx6p6nq5","next_attempt_at":"2026-09-17T11:57:44.940641+00:00","counted":false,"error_type":"Host.DispatcherFenced","target":"tachyon_serverless_application::services::invoke_async::dispatch"}
{"timestamp":"2026-09-17T11:57:44.846218Z","level":"INFO","message":"async dispatch: delivery handled","message_id":"inv_01m2qkn97x2y47grjrsx6p6nq5.g26","sequence":35,"delivery_count":1,"outcome":"Rescheduled { next_attempt_at: 2026-09-17T11:57:44.940641Z, counted: false }","target":"tachyon_serverless_application::services::invoke_async::dispatch"}
{"timestamp":"2026-09-17T11:57:44.953030Z","level":"INFO","message":"asynchronous run claimed","invocation_id":"inv_01m2qkn97x2y47grjrsx6p6nq5","attempt":1,"generation":27,"delivery_count":1,"target":"tachyon_serverless_application::services::invoke_async::dispatch"}
{"timestamp":"2026-09-17T11:57:44.953987Z","level":"INFO","message":"asynchronous invocation rescheduled","invocation_id":"inv_01m2qkn97x2y47grjrsx6p6nq5","next_attempt_at":"2026-09-17T11:57:45.534341+00:00","counted":false,"error_type":"Host.DispatcherFenced","target":"tachyon_serverless_application::services::invoke_async::dispatch"}
{"timestamp":"2026-09-17T11:57:44.958797Z","level":"INFO","message":"async dispatch: delivery handled","message_id":"inv_01m2qkn97x2y47grjrsx6p6nq5.g27","sequence":36,"delivery_count":1,"outcome":"Rescheduled { next_attempt_at: 2026-09-17T11:57:45.534341Z, counted: false }","target":"tachyon_serverless_application::services::invoke_async::dispatch"}
{"timestamp":"2026-09-17T11:57:45.579412Z","level":"INFO","message":"asynchronous run claimed","invocation_id":"inv_01m2qkn97x2y47grjrsx6p6nq5","attempt":1,"generation":28,"delivery_count":1,"target":"tachyon_serverless_application::services::invoke_async::dispatch"}
{"timestamp":"2026-09-17T11:57:45.580818Z","level":"INFO","message":"asynchronous invocation rescheduled","invocation_id":"inv_01m2qkn97x2y47grjrsx6p6nq5","next_attempt_at":"2026-09-17T11:57:45.872057+00:00","counted":false,"error_type":"Host.DispatcherFenced","target":"tachyon_serverless_application::services::invoke_async::dispatch"}
{"timestamp":"2026-09-17T11:57:45.587259Z","level":"INFO","message":"async dispatch: delivery handled","message_id":"inv_01m2qkn97x2y47grjrsx6p6nq5.g28","sequence":37,"delivery_count":1,"outcome":"Rescheduled { next_attempt_at: 2026-09-17T11:57:45.872057Z, counted: false }","target":"tachyon_serverless_application::services::invoke_async::dispatch"}
{"timestamp":"2026-09-17T11:57:45.898321Z","level":"INFO","message":"asynchronous run claimed","invocation_id":"inv_01m2qkn97x2y47grjrsx6p6nq5","attempt":1,"generation":29,"delivery_count":1,"target":"tachyon_serverless_application::services::invoke_async::dispatch"}
{"timestamp":"2026-09-17T11:57:45.900108Z","level":"INFO","message":"asynchronous invocation rescheduled","invocation_id":"inv_01m2qkn97x2y47grjrsx6p6nq5","next_attempt_at":"2026-09-17T11:57:46.681035+00:00","counted":false,"error_type":"Host.DispatcherFenced","target":"tachyon_serverless_application::services::invoke_async::dispatch"}
{"timestamp":"2026-09-17T11:57:45.906000Z","level":"INFO","message":"async dispatch: delivery handled","message_id":"inv_01m2qkn97x2y47grjrsx6p6nq5.g29","sequence":38,"delivery_count":1,"outcome":"Rescheduled { next_attempt_at: 2026-09-17T11:57:46.681035Z, counted: false }","target":"tachyon_serverless_application::services::invoke_async::dispatch"}
{"timestamp":"2026-09-17T11:57:46.170659Z","level":"INFO","message":"object retention pass","report":"GcReport { examined: 2, collected_expired: 0, collected_orphans: 0, kept_in_use: 0, kept_referenced: 2, incomplete_removed: 0, tombstones_purged: 0, failed: 0 }","target":"tachyon_serverless_gateway"}
{"timestamp":"2026-09-17T11:57:46.724185Z","level":"INFO","message":"asynchronous run claimed","invocation_id":"inv_01m2qkn97x2y47grjrsx6p6nq5","attempt":1,"generation":30,"delivery_count":1,"target":"tachyon_serverless_application::services::invoke_async::dispatch"}
{"timestamp":"2026-09-17T11:57:46.724547Z","level":"INFO","message":"asynchronous invocation rescheduled","invocation_id":"inv_01m2qkn97x2y47grjrsx6p6nq5","next_attempt_at":"2026-09-17T11:57:46.919324+00:00","counted":false,"error_type":"Host.DispatcherFenced","target":"tachyon_serverless_application::services::invoke_async::dispatch"}
{"timestamp":"2026-09-17T11:57:46.728620Z","level":"INFO","message":"async dispatch: delivery handled","message_id":"inv_01m2qkn97x2y47grjrsx6p6nq5.g30","sequence":39,"delivery_count":1,"outcome":"Rescheduled { next_attempt_at: 2026-09-17T11:57:46.919324Z, counted: false }","target":"tachyon_serverless_application::services::invoke_async::dispatch"}
{"timestamp":"2026-09-17T11:57:46.932561Z","level":"INFO","message":"asynchronous run claimed","invocation_id":"inv_01m2qkn97x2y47grjrsx6p6nq5","attempt":1,"generation":31,"delivery_count":1,"target":"tachyon_serverless_application::services::invoke_async::dispatch"}
{"timestamp":"2026-09-17T11:57:46.937737Z","level":"INFO","message":"asynchronous invocation rescheduled","invocation_id":"inv_01m2qkn97x2y47grjrsx6p6nq5","next_attempt_at":"2026-09-17T11:57:47.394720+00:00","counted":false,"error_type":"Host.DispatcherFenced","target":"tachyon_serverless_application::services::invoke_async::dispatch"}
{"timestamp":"2026-09-17T11:57:46.942075Z","level":"INFO","message":"async dispatch: delivery handled","message_id":"inv_01m2qkn97x2y47grjrsx6p6nq5.g31","sequence":40,"delivery_count":1,"outcome":"Rescheduled { next_attempt_at: 2026-09-17T11:57:47.394720Z, counted: false }","target":"tachyon_serverless_application::services::invoke_async::dispatch"}
{"timestamp":"2026-09-17T11:57:47.457896Z","level":"INFO","message":"asynchronous run claimed","invocation_id":"inv_01m2qkn97x2y47grjrsx6p6nq5","attempt":1,"generation":32,"delivery_count":1,"target":"tachyon_serverless_application::services::invoke_async::dispatch"}
{"timestamp":"2026-09-17T11:57:47.459263Z","level":"INFO","message":"asynchronous invocation rescheduled","invocation_id":"inv_01m2qkn97x2y47grjrsx6p6nq5","next_attempt_at":"2026-09-17T11:57:47.691491+00:00","counted":false,"error_type":"Host.DispatcherFenced","target":"tachyon_serverless_application::services::invoke_async::dispatch"}
{"timestamp":"2026-09-17T11:57:47.464640Z","level":"INFO","message":"async dispatch: delivery handled","message_id":"inv_01m2qkn97x2y47grjrsx6p6nq5.g32","sequence":41,"delivery_count":1,"outcome":"Rescheduled { next_attempt_at: 2026-09-17T11:57:47.691491Z, counted: false }","target":"tachyon_serverless_application::services::invoke_async::dispatch"}
{"timestamp":"2026-09-17T11:57:47.775233Z","level":"INFO","message":"asynchronous run claimed","invocation_id":"inv_01m2qkn97x2y47grjrsx6p6nq5","attempt":1,"generation":33,"delivery_count":1,"target":"tachyon_serverless_application::services::invoke_async::dispatch"}
{"timestamp":"2026-09-17T11:57:47.776651Z","level":"INFO","message":"asynchronous invocation rescheduled","invocation_id":"inv_01m2qkn97x2y47grjrsx6p6nq5","next_attempt_at":"2026-09-17T11:57:48.617750+00:00","counted":false,"error_type":"Host.DispatcherFenced","target":"tachyon_serverless_application::services::invoke_async::dispatch"}
{"timestamp":"2026-09-17T11:57:47.783053Z","level":"INFO","message":"async dispatch: delivery handled","message_id":"inv_01m2qkn97x2y47grjrsx6p6nq5.g33","sequence":42,"delivery_count":1,"outcome":"Rescheduled { next_attempt_at: 2026-09-17T11:57:48.617750Z, counted: false }","target":"tachyon_serverless_application::services::invoke_async::dispatch"}
{"timestamp":"2026-09-17T11:57:48.167222Z","level":"INFO","message":"object retention pass","report":"GcReport { examined: 2, collected_expired: 0, collected_orphans: 0, kept_in_use: 0, kept_referenced: 2, incomplete_removed: 0, tombstones_purged: 0, failed: 0 }","target":"tachyon_serverless_gateway"}
{"timestamp":"2026-09-17T11:57:48.694647Z","level":"INFO","message":"asynchronous run claimed","invocation_id":"inv_01m2qkn97x2y47grjrsx6p6nq5","attempt":1,"generation":34,"delivery_count":1,"target":"tachyon_serverless_application::services::invoke_async::dispatch"}
{"timestamp":"2026-09-17T11:57:48.699940Z","level":"INFO","message":"asynchronous invocation rescheduled","invocation_id":"inv_01m2qkn97x2y47grjrsx6p6nq5","next_attempt_at":"2026-09-17T11:57:49.077816+00:00","counted":false,"error_type":"Host.DispatcherFenced","target":"tachyon_serverless_application::services::invoke_async::dispatch"}
{"timestamp":"2026-09-17T11:57:48.704563Z","level":"INFO","message":"async dispatch: delivery handled","message_id":"inv_01m2qkn97x2y47grjrsx6p6nq5.g34","sequence":43,"delivery_count":1,"outcome":"Rescheduled { next_attempt_at: 2026-09-17T11:57:49.077816Z, counted: false }","target":"tachyon_serverless_application::services::invoke_async::dispatch"}
{"timestamp":"2026-09-17T11:57:49.112493Z","level":"INFO","message":"asynchronous run claimed","invocation_id":"inv_01m2qkn97x2y47grjrsx6p6nq5","attempt":1,"generation":35,"delivery_count":1,"target":"tachyon_serverless_application::services::invoke_async::dispatch"}
{"timestamp":"2026-09-17T11:57:49.118437Z","level":"INFO","message":"asynchronous invocation rescheduled","invocation_id":"inv_01m2qkn97x2y47grjrsx6p6nq5","next_attempt_at":"2026-09-17T11:57:49.444697+00:00","counted":false,"error_type":"Host.DispatcherFenced","target":"tachyon_serverless_application::services::invoke_async::dispatch"}
{"timestamp":"2026-09-17T11:57:49.124111Z","level":"INFO","message":"async dispatch: delivery handled","message_id":"inv_01m2qkn97x2y47grjrsx6p6nq5.g35","sequence":44,"delivery_count":1,"outcome":"Rescheduled { next_attempt_at: 2026-09-17T11:57:49.444697Z, counted: false }","target":"tachyon_serverless_application::services::invoke_async::dispatch"}
{"timestamp":"2026-09-17T11:57:49.537978Z","level":"INFO","message":"asynchronous run claimed","invocation_id":"inv_01m2qkn97x2y47grjrsx6p6nq5","attempt":1,"generation":36,"delivery_count":1,"target":"tachyon_serverless_application::services::invoke_async::dispatch"}
{"timestamp":"2026-09-17T11:57:49.539446Z","level":"INFO","message":"asynchronous invocation rescheduled","invocation_id":"inv_01m2qkn97x2y47grjrsx6p6nq5","next_attempt_at":"2026-09-17T11:57:49.963622+00:00","counted":false,"error_type":"Host.DispatcherFenced","target":"tachyon_serverless_application::services::invoke_async::dispatch"}
{"timestamp":"2026-09-17T11:57:49.544681Z","level":"INFO","message":"async dispatch: delivery handled","message_id":"inv_01m2qkn97x2y47grjrsx6p6nq5.g36","sequence":45,"delivery_count":1,"outcome":"Rescheduled { next_attempt_at: 2026-09-17T11:57:49.963622Z, counted: false }","target":"tachyon_serverless_application::services::invoke_async::dispatch"}
{"timestamp":"2026-09-17T11:57:50.061251Z","level":"INFO","message":"asynchronous run claimed","invocation_id":"inv_01m2qkn97x2y47grjrsx6p6nq5","attempt":1,"generation":37,"delivery_count":1,"target":"tachyon_serverless_application::services::invoke_async::dispatch"}
{"timestamp":"2026-09-17T11:57:50.063673Z","level":"INFO","message":"asynchronous invocation rescheduled","invocation_id":"inv_01m2qkn97x2y47grjrsx6p6nq5","next_attempt_at":"2026-09-17T11:57:50.476251+00:00","counted":false,"error_type":"Host.DispatcherFenced","target":"tachyon_serverless_application::services::invoke_async::dispatch"}
{"timestamp":"2026-09-17T11:57:50.069931Z","level":"INFO","message":"async dispatch: delivery handled","message_id":"inv_01m2qkn97x2y47grjrsx6p6nq5.g37","sequence":46,"delivery_count":1,"outcome":"Rescheduled { next_attempt_at: 2026-09-17T11:57:50.476251Z, counted: false }","target":"tachyon_serverless_application::services::invoke_async::dispatch"}
{"timestamp":"2026-09-17T11:57:50.167764Z","level":"INFO","message":"object retention pass","report":"GcReport { examined: 2, collected_expired: 0, collected_orphans: 0, kept_in_use: 0, kept_referenced: 2, incomplete_removed: 0, tombstones_purged: 0, failed: 0 }","target":"tachyon_serverless_gateway"}
{"timestamp":"2026-09-17T11:57:50.584859Z","level":"INFO","message":"asynchronous run claimed","invocation_id":"inv_01m2qkn97x2y47grjrsx6p6nq5","attempt":1,"generation":38,"delivery_count":1,"target":"tachyon_serverless_application::services::invoke_async::dispatch"}
{"timestamp":"2026-09-17T11:57:50.586376Z","level":"INFO","message":"asynchronous invocation rescheduled","invocation_id":"inv_01m2qkn97x2y47grjrsx6p6nq5","next_attempt_at":"2026-09-17T11:57:50.685521+00:00","counted":false,"error_type":"Host.DispatcherFenced","target":"tachyon_serverless_application::services::invoke_async::dispatch"}
{"timestamp":"2026-09-17T11:57:50.591406Z","level":"INFO","message":"async dispatch: delivery handled","message_id":"inv_01m2qkn97x2y47grjrsx6p6nq5.g38","sequence":47,"delivery_count":1,"outcome":"Rescheduled { next_attempt_at: 2026-09-17T11:57:50.685521Z, counted: false }","target":"tachyon_serverless_application::services::invoke_async::dispatch"}
{"timestamp":"2026-09-17T11:57:50.696715Z","level":"INFO","message":"asynchronous run claimed","invocation_id":"inv_01m2qkn97x2y47grjrsx6p6nq5","attempt":1,"generation":39,"delivery_count":1,"target":"tachyon_serverless_application::services::invoke_async::dispatch"}
{"timestamp":"2026-09-17T11:57:50.697296Z","level":"INFO","message":"asynchronous invocation rescheduled","invocation_id":"inv_01m2qkn97x2y47grjrsx6p6nq5","next_attempt_at":"2026-09-17T11:57:50.891911+00:00","counted":false,"error_type":"Host.DispatcherFenced","target":"tachyon_serverless_application::services::invoke_async::dispatch"}
{"timestamp":"2026-09-17T11:57:50.702156Z","level":"INFO","message":"async dispatch: delivery handled","message_id":"inv_01m2qkn97x2y47grjrsx6p6nq5.g39","sequence":48,"delivery_count":1,"outcome":"Rescheduled { next_attempt_at: 2026-09-17T11:57:50.891911Z, counted: false }","target":"tachyon_serverless_application::services::invoke_async::dispatch"}
{"timestamp":"2026-09-17T11:57:50.914511Z","level":"INFO","message":"asynchronous run claimed","invocation_id":"inv_01m2qkn97x2y47grjrsx6p6nq5","attempt":1,"generation":40,"delivery_count":1,"target":"tachyon_serverless_application::services::invoke_async::dispatch"}
{"timestamp":"2026-09-17T11:57:50.916113Z","level":"INFO","message":"asynchronous invocation rescheduled","invocation_id":"inv_01m2qkn97x2y47grjrsx6p6nq5","next_attempt_at":"2026-09-17T11:57:51.848015+00:00","counted":false,"error_type":"Host.DispatcherFenced","target":"tachyon_serverless_application::services::invoke_async::dispatch"}
{"timestamp":"2026-09-17T11:57:50.921862Z","level":"INFO","message":"async dispatch: delivery handled","message_id":"inv_01m2qkn97x2y47grjrsx6p6nq5.g40","sequence":49,"delivery_count":1,"outcome":"Rescheduled { next_attempt_at: 2026-09-17T11:57:51.848015Z, counted: false }","target":"tachyon_serverless_application::services::invoke_async::dispatch"}
{"timestamp":"2026-09-17T11:57:51.943162Z","level":"INFO","message":"asynchronous run claimed","invocation_id":"inv_01m2qkn97x2y47grjrsx6p6nq5","attempt":1,"generation":41,"delivery_count":1,"target":"tachyon_serverless_application::services::invoke_async::dispatch"}
{"timestamp":"2026-09-17T11:57:51.944588Z","level":"INFO","message":"asynchronous invocation rescheduled","invocation_id":"inv_01m2qkn97x2y47grjrsx6p6nq5","next_attempt_at":"2026-09-17T11:57:52.798902+00:00","counted":false,"error_type":"Host.DispatcherFenced","target":"tachyon_serverless_application::services::invoke_async::dispatch"}
{"timestamp":"2026-09-17T11:57:51.949776Z","level":"INFO","message":"async dispatch: delivery handled","message_id":"inv_01m2qkn97x2y47grjrsx6p6nq5.g41","sequence":50,"delivery_count":1,"outcome":"Rescheduled { next_attempt_at: 2026-09-17T11:57:52.798902Z, counted: false }","target":"tachyon_serverless_application::services::invoke_async::dispatch"}
{"timestamp":"2026-09-17T11:57:52.168339Z","level":"INFO","message":"object retention pass","report":"GcReport { examined: 2, collected_expired: 0, collected_orphans: 0, kept_in_use: 0, kept_referenced: 2, incomplete_removed: 0, tombstones_purged: 0, failed: 0 }","target":"tachyon_serverless_gateway"}
{"timestamp":"2026-09-17T11:57:52.864934Z","level":"INFO","message":"asynchronous run claimed","invocation_id":"inv_01m2qkn97x2y47grjrsx6p6nq5","attempt":1,"generation":42,"delivery_count":1,"target":"tachyon_serverless_application::services::invoke_async::dispatch"}
{"timestamp":"2026-09-17T11:57:52.870368Z","level":"INFO","message":"asynchronous invocation rescheduled","invocation_id":"inv_01m2qkn97x2y47grjrsx6p6nq5","next_attempt_at":"2026-09-17T11:57:53.201077+00:00","counted":false,"error_type":"Host.DispatcherFenced","target":"tachyon_serverless_application::services::invoke_async::dispatch"}
{"timestamp":"2026-09-17T11:57:52.874916Z","level":"INFO","message":"async dispatch: delivery handled","message_id":"inv_01m2qkn97x2y47grjrsx6p6nq5.g42","sequence":51,"delivery_count":1,"outcome":"Rescheduled { next_attempt_at: 2026-09-17T11:57:53.201077Z, counted: false }","target":"tachyon_serverless_application::services::invoke_async::dispatch"}
{"timestamp":"2026-09-17T11:57:53.280583Z","level":"INFO","message":"asynchronous run claimed","invocation_id":"inv_01m2qkn97x2y47grjrsx6p6nq5","attempt":1,"generation":43,"delivery_count":1,"target":"tachyon_serverless_application::services::invoke_async::dispatch"}
{"timestamp":"2026-09-17T11:57:53.285702Z","level":"INFO","message":"asynchronous invocation rescheduled","invocation_id":"inv_01m2qkn97x2y47grjrsx6p6nq5","next_attempt_at":"2026-09-17T11:57:54.151735+00:00","counted":false,"error_type":"Host.DispatcherFenced","target":"tachyon_serverless_application::services::invoke_async::dispatch"}
{"timestamp":"2026-09-17T11:57:53.289928Z","level":"INFO","message":"async dispatch: delivery handled","message_id":"inv_01m2qkn97x2y47grjrsx6p6nq5.g43","sequence":52,"delivery_count":1,"outcome":"Rescheduled { next_attempt_at: 2026-09-17T11:57:54.151735Z, counted: false }","target":"tachyon_serverless_application::services::invoke_async::dispatch"}
{"timestamp":"2026-09-17T11:57:54.168399Z","level":"INFO","message":"object retention pass","report":"GcReport { examined: 2, collected_expired: 0, collected_orphans: 0, kept_in_use: 0, kept_referenced: 2, incomplete_removed: 0, tombstones_purged: 0, failed: 0 }","target":"tachyon_serverless_gateway"}
{"timestamp":"2026-09-17T11:57:54.203977Z","level":"INFO","message":"asynchronous run claimed","invocation_id":"inv_01m2qkn97x2y47grjrsx6p6nq5","attempt":1,"generation":44,"delivery_count":1,"target":"tachyon_serverless_application::services::invoke_async::dispatch"}
{"timestamp":"2026-09-17T11:57:54.209232Z","level":"INFO","message":"asynchronous invocation rescheduled","invocation_id":"inv_01m2qkn97x2y47grjrsx6p6nq5","next_attempt_at":"2026-09-17T11:57:54.771130+00:00","counted":false,"error_type":"Host.DispatcherFenced","target":"tachyon_serverless_application::services::invoke_async::dispatch"}
{"timestamp":"2026-09-17T11:57:54.213331Z","level":"INFO","message":"async dispatch: delivery handled","message_id":"inv_01m2qkn97x2y47grjrsx6p6nq5.g44","sequence":53,"delivery_count":1,"outcome":"Rescheduled { next_attempt_at: 2026-09-17T11:57:54.771130Z, counted: false }","target":"tachyon_serverless_application::services::invoke_async::dispatch"}
{"timestamp":"2026-09-17T11:57:54.825417Z","level":"INFO","message":"asynchronous run claimed","invocation_id":"inv_01m2qkn97x2y47grjrsx6p6nq5","attempt":1,"generation":45,"delivery_count":1,"target":"tachyon_serverless_application::services::invoke_async::dispatch"}
{"timestamp":"2026-09-17T11:57:54.829296Z","level":"INFO","message":"asynchronous invocation rescheduled","invocation_id":"inv_01m2qkn97x2y47grjrsx6p6nq5","next_attempt_at":"2026-09-17T11:57:55.256769+00:00","counted":false,"error_type":"Host.DispatcherFenced","target":"tachyon_serverless_application::services::invoke_async::dispatch"}
{"timestamp":"2026-09-17T11:57:54.835348Z","level":"INFO","message":"async dispatch: delivery handled","message_id":"inv_01m2qkn97x2y47grjrsx6p6nq5.g45","sequence":54,"delivery_count":1,"outcome":"Rescheduled { next_attempt_at: 2026-09-17T11:57:55.256769Z, counted: false }","target":"tachyon_serverless_application::services::invoke_async::dispatch"}
{"timestamp":"2026-09-17T11:57:55.344595Z","level":"INFO","message":"asynchronous run claimed","invocation_id":"inv_01m2qkn97x2y47grjrsx6p6nq5","attempt":1,"generation":46,"delivery_count":1,"target":"tachyon_serverless_application::services::invoke_async::dispatch"}
{"timestamp":"2026-09-17T11:57:55.350246Z","level":"INFO","message":"asynchronous invocation rescheduled","invocation_id":"inv_01m2qkn97x2y47grjrsx6p6nq5","next_attempt_at":"2026-09-17T11:57:55.741916+00:00","counted":false,"error_type":"Host.DispatcherFenced","target":"tachyon_serverless_application::services::invoke_async::dispatch"}
{"timestamp":"2026-09-17T11:57:55.355847Z","level":"INFO","message":"async dispatch: delivery handled","message_id":"inv_01m2qkn97x2y47grjrsx6p6nq5.g46","sequence":55,"delivery_count":1,"outcome":"Rescheduled { next_attempt_at: 2026-09-17T11:57:55.741916Z, counted: false }","target":"tachyon_serverless_application::services::invoke_async::dispatch"}
{"timestamp":"2026-09-17T11:57:55.761422Z","level":"INFO","message":"asynchronous run claimed","invocation_id":"inv_01m2qkn97x2y47grjrsx6p6nq5","attempt":1,"generation":47,"delivery_count":1,"target":"tachyon_serverless_application::services::invoke_async::dispatch"}
{"timestamp":"2026-09-17T11:57:55.766593Z","level":"INFO","message":"asynchronous invocation rescheduled","invocation_id":"inv_01m2qkn97x2y47grjrsx6p6nq5","next_attempt_at":"2026-09-17T11:57:56.679535+00:00","counted":false,"error_type":"Host.DispatcherFenced","target":"tachyon_serverless_application::services::invoke_async::dispatch"}
{"timestamp":"2026-09-17T11:57:55.770749Z","level":"INFO","message":"async dispatch: delivery handled","message_id":"inv_01m2qkn97x2y47grjrsx6p6nq5.g47","sequence":56,"delivery_count":1,"outcome":"Rescheduled { next_attempt_at: 2026-09-17T11:57:56.679535Z, counted: false }","target":"tachyon_serverless_application::services::invoke_async::dispatch"}
{"timestamp":"2026-09-17T11:57:56.166741Z","level":"INFO","message":"object retention pass","report":"GcReport { examined: 2, collected_expired: 0, collected_orphans: 0, kept_in_use: 0, kept_referenced: 2, incomplete_removed: 0, tombstones_purged: 0, failed: 0 }","target":"tachyon_serverless_gateway"}
{"timestamp":"2026-09-17T11:57:56.786550Z","level":"INFO","message":"asynchronous run claimed","invocation_id":"inv_01m2qkn97x2y47grjrsx6p6nq5","attempt":1,"generation":48,"delivery_count":1,"target":"tachyon_serverless_application::services::invoke_async::dispatch"}
{"timestamp":"2026-09-17T11:57:56.792886Z","level":"INFO","message":"asynchronous invocation rescheduled","invocation_id":"inv_01m2qkn97x2y47grjrsx6p6nq5","next_attempt_at":"2026-09-17T11:57:57.513975+00:00","counted":false,"error_type":"Host.DispatcherFenced","target":"tachyon_serverless_application::services::invoke_async::dispatch"}
{"timestamp":"2026-09-17T11:57:56.797691Z","level":"INFO","message":"async dispatch: delivery handled","message_id":"inv_01m2qkn97x2y47grjrsx6p6nq5.g48","sequence":57,"delivery_count":1,"outcome":"Rescheduled { next_attempt_at: 2026-09-17T11:57:57.513975Z, counted: false }","target":"tachyon_serverless_application::services::invoke_async::dispatch"}
{"timestamp":"2026-09-17T11:57:57.617651Z","level":"INFO","message":"asynchronous run claimed","invocation_id":"inv_01m2qkn97x2y47grjrsx6p6nq5","attempt":1,"generation":49,"delivery_count":1,"target":"tachyon_serverless_application::services::invoke_async::dispatch"}
{"timestamp":"2026-09-17T11:57:57.618242Z","level":"INFO","message":"asynchronous invocation rescheduled","invocation_id":"inv_01m2qkn97x2y47grjrsx6p6nq5","next_attempt_at":"2026-09-17T11:57:58.221873+00:00","counted":false,"error_type":"Host.DispatcherFenced","target":"tachyon_serverless_application::services::invoke_async::dispatch"}
{"timestamp":"2026-09-17T11:57:57.623251Z","level":"INFO","message":"async dispatch: delivery handled","message_id":"inv_01m2qkn97x2y47grjrsx6p6nq5.g49","sequence":58,"delivery_count":1,"outcome":"Rescheduled { next_attempt_at: 2026-09-17T11:57:58.221873Z, counted: false }","target":"tachyon_serverless_application::services::invoke_async::dispatch"}
{"timestamp":"2026-09-17T11:57:58.166624Z","level":"INFO","message":"object retention pass","report":"GcReport { examined: 2, collected_expired: 0, collected_orphans: 0, kept_in_use: 0, kept_referenced: 2, incomplete_removed: 0, tombstones_purged: 0, failed: 0 }","target":"tachyon_serverless_gateway"}
{"timestamp":"2026-09-17T11:57:58.254242Z","level":"INFO","message":"asynchronous run claimed","invocation_id":"inv_01m2qkn97x2y47grjrsx6p6nq5","attempt":1,"generation":50,"delivery_count":1,"target":"tachyon_serverless_application::services::invoke_async::dispatch"}
{"timestamp":"2026-09-17T11:57:58.258506Z","level":"INFO","message":"asynchronous invocation rescheduled","invocation_id":"inv_01m2qkn97x2y47grjrsx6p6nq5","next_attempt_at":"2026-09-17T11:57:58.905381+00:00","counted":false,"error_type":"Host.DispatcherFenced","target":"tachyon_serverless_application::services::invoke_async::dispatch"}
{"timestamp":"2026-09-17T11:57:58.267015Z","level":"INFO","message":"async dispatch: delivery handled","message_id":"inv_01m2qkn97x2y47grjrsx6p6nq5.g50","sequence":59,"delivery_count":1,"outcome":"Rescheduled { next_attempt_at: 2026-09-17T11:57:58.905381Z, counted: false }","target":"tachyon_serverless_application::services::invoke_async::dispatch"}
{"timestamp":"2026-09-17T11:57:58.993138Z","level":"INFO","message":"asynchronous run claimed","invocation_id":"inv_01m2qkn97x2y47grjrsx6p6nq5","attempt":1,"generation":51,"delivery_count":1,"target":"tachyon_serverless_application::services::invoke_async::dispatch"}
{"timestamp":"2026-09-17T11:57:58.993465Z","level":"INFO","message":"asynchronous invocation rescheduled","invocation_id":"inv_01m2qkn97x2y47grjrsx6p6nq5","next_attempt_at":"2026-09-17T11:57:59.727258+00:00","counted":false,"error_type":"Host.DispatcherFenced","target":"tachyon_serverless_application::services::invoke_async::dispatch"}
{"timestamp":"2026-09-17T11:57:59.007419Z","level":"INFO","message":"async dispatch: delivery handled","message_id":"inv_01m2qkn97x2y47grjrsx6p6nq5.g51","sequence":60,"delivery_count":1,"outcome":"Rescheduled { next_attempt_at: 2026-09-17T11:57:59.727258Z, counted: false }","target":"tachyon_serverless_application::services::invoke_async::dispatch"}
{"timestamp":"2026-09-17T11:57:59.844530Z","level":"INFO","message":"asynchronous run claimed","invocation_id":"inv_01m2qkn97x2y47grjrsx6p6nq5","attempt":1,"generation":52,"delivery_count":1,"target":"tachyon_serverless_application::services::invoke_async::dispatch"}
{"timestamp":"2026-09-17T11:57:59.850421Z","level":"INFO","message":"asynchronous invocation rescheduled","invocation_id":"inv_01m2qkn97x2y47grjrsx6p6nq5","next_attempt_at":"2026-09-17T11:58:00.185850+00:00","counted":false,"error_type":"Host.DispatcherFenced","target":"tachyon_serverless_application::services::invoke_async::dispatch"}
{"timestamp":"2026-09-17T11:57:59.857332Z","level":"INFO","message":"async dispatch: delivery handled","message_id":"inv_01m2qkn97x2y47grjrsx6p6nq5.g52","sequence":61,"delivery_count":1,"outcome":"Rescheduled { next_attempt_at: 2026-09-17T11:58:00.185850Z, counted: false }","target":"tachyon_serverless_application::services::invoke_async::dispatch"}
{"timestamp":"2026-09-17T11:58:00.168683Z","level":"INFO","message":"object retention pass","report":"GcReport { examined: 2, collected_expired: 0, collected_orphans: 0, kept_in_use: 0, kept_referenced: 2, incomplete_removed: 0, tombstones_purged: 0, failed: 0 }","target":"tachyon_serverless_gateway"}
{"timestamp":"2026-09-17T11:58:00.273202Z","level":"INFO","message":"asynchronous run claimed","invocation_id":"inv_01m2qkn97x2y47grjrsx6p6nq5","attempt":1,"generation":53,"delivery_count":1,"target":"tachyon_serverless_application::services::invoke_async::dispatch"}
{"timestamp":"2026-09-17T11:58:00.282583Z","level":"INFO","message":"asynchronous invocation rescheduled","invocation_id":"inv_01m2qkn97x2y47grjrsx6p6nq5","next_attempt_at":"2026-09-17T11:58:00.768861+00:00","counted":false,"error_type":"Host.DispatcherFenced","target":"tachyon_serverless_application::services::invoke_async::dispatch"}
{"timestamp":"2026-09-17T11:58:00.293294Z","level":"INFO","message":"async dispatch: delivery handled","message_id":"inv_01m2qkn97x2y47grjrsx6p6nq5.g53","sequence":62,"delivery_count":1,"outcome":"Rescheduled { next_attempt_at: 2026-09-17T11:58:00.768861Z, counted: false }","target":"tachyon_serverless_application::services::invoke_async::dispatch"}
{"timestamp":"2026-09-17T11:58:00.798306Z","level":"INFO","message":"asynchronous run claimed","invocation_id":"inv_01m2qkn97x2y47grjrsx6p6nq5","attempt":1,"generation":54,"delivery_count":1,"target":"tachyon_serverless_application::services::invoke_async::dispatch"}
{"timestamp":"2026-09-17T11:58:00.798665Z","level":"INFO","message":"asynchronous invocation rescheduled","invocation_id":"inv_01m2qkn97x2y47grjrsx6p6nq5","next_attempt_at":"2026-09-17T11:58:01.042428+00:00","counted":false,"error_type":"Host.DispatcherFenced","target":"tachyon_serverless_application::services::invoke_async::dispatch"}
{"timestamp":"2026-09-17T11:58:00.809064Z","level":"INFO","message":"async dispatch: delivery handled","message_id":"inv_01m2qkn97x2y47grjrsx6p6nq5.g54","sequence":63,"delivery_count":1,"outcome":"Rescheduled { next_attempt_at: 2026-09-17T11:58:01.042428Z, counted: false }","target":"tachyon_serverless_application::services::invoke_async::dispatch"}
{"timestamp":"2026-09-17T11:58:01.110514Z","level":"INFO","message":"asynchronous run claimed","invocation_id":"inv_01m2qkn97x2y47grjrsx6p6nq5","attempt":1,"generation":55,"delivery_count":1,"target":"tachyon_serverless_application::services::invoke_async::dispatch"}
{"timestamp":"2026-09-17T11:58:01.115954Z","level":"INFO","message":"asynchronous invocation rescheduled","invocation_id":"inv_01m2qkn97x2y47grjrsx6p6nq5","next_attempt_at":"2026-09-17T11:58:01.580627+00:00","counted":false,"error_type":"Host.DispatcherFenced","target":"tachyon_serverless_application::services::invoke_async::dispatch"}
{"timestamp":"2026-09-17T11:58:01.120217Z","level":"INFO","message":"async dispatch: delivery handled","message_id":"inv_01m2qkn97x2y47grjrsx6p6nq5.g55","sequence":64,"delivery_count":1,"outcome":"Rescheduled { next_attempt_at: 2026-09-17T11:58:01.580627Z, counted: false }","target":"tachyon_serverless_application::services::invoke_async::dispatch"}
{"timestamp":"2026-09-17T11:58:01.382321Z","level":"INFO","message":"SIGTERM received","target":"tachyon_serverless_gateway"}
{"timestamp":"2026-09-17T11:58:01.382348Z","level":"INFO","message":"shutdown requested; cancelling in-flight invocations","target":"tachyon_serverless_gateway"}
{"timestamp":"2026-09-17T11:58:01.382519Z","level":"INFO","message":"final usage collection","report":"CollectReport { batches: 0, read: 0, inserted: 0, duplicates: 0, cursor_seq: 55 }","target":"tachyon_serverless_gateway"}
{"timestamp":"2026-09-17T11:58:01.383282Z","level":"INFO","message":"gateway stopped","target":"tachyon_serverless_gateway"}
{"timestamp":"2026-09-17T11:58:01.383366Z","level":"INFO","message":"event: closed","target":"async_nats"}

===== a start (failpoints: none) 11:58:01 =====
{"timestamp":"2026-09-17T11:58:01.515118Z","level":"INFO","message":"configuration loaded","config":"/private/var/folders/z7/khzdjrt95cg_fcmcnh4j1b5h0000gn/T/tsls-chaos.Ka09Ps/gw-a.toml","target":"tachyon_serverless_gateway"}
{"timestamp":"2026-09-17T11:58:01.517264Z","level":"INFO","message":"connected successfully","server":"60343","max_payload":"1048576","target":"async_nats::connector"}
{"timestamp":"2026-09-17T11:58:01.517361Z","level":"INFO","message":"event: connected","target":"async_nats"}
{"timestamp":"2026-09-17T11:58:01.531144Z","level":"INFO","message":"JetStream queue connected and stream bootstrapped","url":"nats://127.0.0.1:60343","stream":"TACHYON_EVENTS","target":"tachyon_serverless_gateway::durable"}
{"timestamp":"2026-09-17T11:58:01.533499Z","level":"INFO","message":"state store opened","path":"/private/var/folders/z7/khzdjrt95cg_fcmcnh4j1b5h0000gn/T/tsls-chaos.Ka09Ps/data/state.db","schema_version":8,"migrations_applied":"[]","imported_state_json":"None","settled_invocations":0,"settled_attempts":0,"settled_environments":0,"released_leases":0,"dropped_idempotency_keys":0,"purged_idempotency_keys":0,"outputs_purged":0,"target":"tachyon_serverless_application::app"}
{"timestamp":"2026-09-17T11:58:01.533860Z","level":"INFO","message":"dispatcher registered","dispatcher_id":"dsp_01m2qkp6sxsg4yamvma051wxfp","instance":"chaos-a","pid":98982,"lease_ttl_seconds":6,"target":"tachyon_serverless_application::services::dispatcher"}
{"timestamp":"2026-09-17T11:58:01.534225Z","level":"WARN","message":"reclaimed the work of dispatchers that lost their lease","dispatcher_id":"dsp_01m2qkp6sxsg4yamvma051wxfp","reclaimed_dispatchers":"[DispatcherId(dsp_01m2qkmpk1q5w7v3pv29rmz5dw)]","leases":0,"invocations":0,"attempts":0,"fenced":0,"target":"tachyon_serverless_application::services::dispatcher"}
{"timestamp":"2026-09-17T11:58:01.535767Z","level":"INFO","message":"application bootstrapped","profile":"dev","provider":"process","dev_only":true,"environment_reuse":false,"reuse_verified":false,"reuse_reason":"[pool] enabled is false","reuse_disabled":"Some(Configuration)","idle_quiesce":"unsupported","idle_resume":"unsupported","data_dir":"/private/var/folders/z7/khzdjrt95cg_fcmcnh4j1b5h0000gn/T/tsls-chaos.Ka09Ps/data","store":"sqlite","dispatcher_id":"dsp_01m2qkp6sxsg4yamvma051wxfp","node":"local","node_region":"none","node_memory_mib":"None","max_concurrency":8,"queue":"nats","objects":"filesystem","invoke_async":true,"triggers":true,"target":"tachyon_serverless_application::app"}
{"timestamp":"2026-09-17T11:58:01.536075Z","level":"INFO","message":"startup reconcile finished","provider":"process","found":0,"adopted":0,"terminated":0,"disowned":0,"failed":0,"lost":0,"foreign":0,"reclaimed_dispatchers":0,"fenced_terminated":0,"fenced_pending":0,"target":"tachyon_serverless_application::services::reconcile"}
{"timestamp":"2026-09-17T11:58:01.536127Z","level":"INFO","message":"gateway listening","addr":"127.0.0.1:60347","profile":"dev","provider":"process","target":"tachyon_serverless_gateway"}
{"timestamp":"2026-09-17T11:58:01.537461Z","level":"INFO","message":"asynchronous dispatcher started","workers":2,"owner":"dsp_01m2qkp6sxsg4yamvma051wxfp","target":"tachyon_serverless_gateway"}
{"timestamp":"2026-09-17T11:58:01.537880Z","level":"INFO","message":"late scheduled times skipped by the missed-run policy","trigger_id":"trg_01m2qkmsafngrsgaaynqxb7cy5","skipped":15,"policy":"Skip","target":"tachyon_serverless_application::services::triggers"}
{"timestamp":"2026-09-17T11:58:01.544931Z","level":"INFO","message":"object retention pass","report":"GcReport { examined: 2, collected_expired: 0, collected_orphans: 0, kept_in_use: 0, kept_referenced: 2, incomplete_removed: 0, tombstones_purged: 0, failed: 0 }","target":"tachyon_serverless_gateway"}
{"timestamp":"2026-09-17T11:58:01.652170Z","level":"INFO","message":"asynchronous run claimed","invocation_id":"inv_01m2qkn97x2y47grjrsx6p6nq5","attempt":1,"generation":56,"delivery_count":1,"target":"tachyon_serverless_application::services::invoke_async::dispatch"}
{"timestamp":"2026-09-17T11:58:01.818306Z","level":"INFO","message":"bridge spawned","environment_id":"env_01m2qkp6xmchmnysjtrkzjzt30","pid":99001,"target":"tachyon_serverless_provider_process"}
{"timestamp":"2026-09-17T11:58:01.827942Z","level":"INFO","message":"invocation finished","invocation_id":"inv_01m2qkn97x2y47grjrsx6p6nq5","status":"succeeded (async run)","handler_ms":0,"environment_boot_ms":3,"runtime_init_ms":4,"target":"tachyon_serverless_application::services::invoke"}
{"timestamp":"2026-09-17T11:58:01.829522Z","level":"INFO","message":"terminating bridge","environment_id":"env_01m2qkp6xmchmnysjtrkzjzt30","pid":99001,"reason":"Completed","graceful":true,"target":"tachyon_serverless_provider_process"}
{"timestamp":"2026-09-17T11:58:01.831992Z","level":"INFO","message":"asynchronous invocation settled","invocation_id":"inv_01m2qkn97x2y47grjrsx6p6nq5","status":"succeeded","target":"tachyon_serverless_application::services::invoke_async::dispatch"}
{"timestamp":"2026-09-17T11:58:01.839583Z","level":"INFO","message":"async dispatch: delivery handled","message_id":"inv_01m2qkn97x2y47grjrsx6p6nq5.g56","sequence":65,"delivery_count":1,"outcome":"Completed { status: \"succeeded\" }","target":"tachyon_serverless_application::services::invoke_async::dispatch"}
{"timestamp":"2026-09-17T11:58:01.993395Z","level":"INFO","message":"bridge spawned","environment_id":"env_01m2qkp74349g4vphftjj0qmmr","pid":99013,"target":"tachyon_serverless_provider_process"}
{"timestamp":"2026-09-17T11:58:02.002339Z","level":"INFO","message":"asynchronous invocation accepted","invocation_id":"inv_01m2qkp78hm8hqaq26g763zyb3","tenant_id":"tn_01hzzzzzzzzzzzzzzzzzzzzzza","revision_id":"rev_01m2qkmr1cpf01f7teen1hscxz","input_bytes":180,"input_storage":"inline","target":"tachyon_serverless_application::services::invoke_async"}
{"timestamp":"2026-09-17T11:58:02.002369Z","level":"INFO","message":"cron trigger fired","trigger_id":"trg_01m2qkmsafngrsgaaynqxb7cy5","scheduled_at":"2026-09-17T11:58:02Z","invocation_id":"inv_01m2qkp78hm8hqaq26g763zyb3","revision_id":"rev_01m2qkmr1cpf01f7teen1hscxz","replayed":false,"target":"tachyon_serverless_application::services::triggers"}
{"timestamp":"2026-09-17T11:58:02.004395Z","level":"INFO","message":"invocation finished","invocation_id":"inv_01m2qkp742cnfvvvz006s418hs","status":"succeeded","handler_ms":0,"environment_boot_ms":3,"runtime_init_ms":5,"target":"tachyon_serverless_application::services::invoke"}
{"timestamp":"2026-09-17T11:58:02.010593Z","level":"INFO","message":"terminating bridge","environment_id":"env_01m2qkp74349g4vphftjj0qmmr","pid":99013,"reason":"Completed","graceful":true,"target":"tachyon_serverless_provider_process"}
{"timestamp":"2026-09-17T11:58:02.013931Z","level":"INFO","message":"asynchronous run claimed","invocation_id":"inv_01m2qkp78hm8hqaq26g763zyb3","attempt":1,"generation":0,"delivery_count":1,"target":"tachyon_serverless_application::services::invoke_async::dispatch"}
{"timestamp":"2026-09-17T11:58:02.061033Z","level":"INFO","message":"asynchronous invocation accepted","invocation_id":"inv_01m2qkp7aczdtq8hq4bg9des1m","tenant_id":"tn_01hzzzzzzzzzzzzzzzzzzzzzza","revision_id":"rev_01m2qkmq81bdpxa6jmw80ccg52","input_bytes":48,"input_storage":"inline","target":"tachyon_serverless_application::services::invoke_async"}
{"timestamp":"2026-09-17T11:58:02.068635Z","level":"INFO","message":"asynchronous run claimed","invocation_id":"inv_01m2qkp7aczdtq8hq4bg9des1m","attempt":1,"generation":0,"delivery_count":1,"target":"tachyon_serverless_application::services::invoke_async::dispatch"}
{"timestamp":"2026-09-17T11:58:02.121725Z","level":"INFO","message":"asynchronous invocation accepted","invocation_id":"inv_01m2qkp7bsb51n3fpradw2xyz5","tenant_id":"tn_01hzzzzzzzzzzzzzzzzzzzzzza","revision_id":"rev_01m2qkmq81bdpxa6jmw80ccg52","input_bytes":4128,"input_storage":"object","target":"tachyon_serverless_application::services::invoke_async"}
{"timestamp":"2026-09-17T11:58:02.151350Z","level":"INFO","message":"bridge spawned","environment_id":"env_01m2qkp78ycw5j5sq2w9wv458x","pid":99076,"target":"tachyon_serverless_provider_process"}
{"timestamp":"2026-09-17T11:58:02.151689Z","level":"INFO","message":"asynchronous invocation accepted","invocation_id":"inv_01m2qkp7d7na0knejkdqf7mjka","tenant_id":"tn_01hzzzzzzzzzzzzzzzzzzzzzza","revision_id":"rev_01m2qkmr1cpf01f7teen1hscxz","input_bytes":191,"input_storage":"inline","target":"tachyon_serverless_application::services::invoke_async"}
{"timestamp":"2026-09-17T11:58:02.151715Z","level":"INFO","message":"webhook trigger fired","trigger_id":"trg_01m2qkmsb7eaapmemfyfpahd3h","event_id":"evt-post-w1","invocation_id":"inv_01m2qkp7d7na0knejkdqf7mjka","revision_id":"rev_01m2qkmr1cpf01f7teen1hscxz","replayed":false,"target":"tachyon_serverless_application::services::triggers"}
{"timestamp":"2026-09-17T11:58:02.163276Z","level":"INFO","message":"invocation finished","invocation_id":"inv_01m2qkp78hm8hqaq26g763zyb3","status":"succeeded (async run)","handler_ms":0,"environment_boot_ms":3,"runtime_init_ms":7,"target":"tachyon_serverless_application::services::invoke"}
{"timestamp":"2026-09-17T11:58:02.164833Z","level":"INFO","message":"terminating bridge","environment_id":"env_01m2qkp78ycw5j5sq2w9wv458x","pid":99076,"reason":"Completed","graceful":true,"target":"tachyon_serverless_provider_process"}
{"timestamp":"2026-09-17T11:58:02.167440Z","level":"INFO","message":"asynchronous invocation settled","invocation_id":"inv_01m2qkp78hm8hqaq26g763zyb3","status":"succeeded","target":"tachyon_serverless_application::services::invoke_async::dispatch"}
{"timestamp":"2026-09-17T11:58:02.172890Z","level":"INFO","message":"async dispatch: delivery handled","message_id":"inv_01m2qkp78hm8hqaq26g763zyb3","sequence":66,"delivery_count":1,"outcome":"Completed { status: \"succeeded\" }","target":"tachyon_serverless_application::services::invoke_async::dispatch"}
{"timestamp":"2026-09-17T11:58:02.173513Z","level":"INFO","message":"asynchronous run claimed","invocation_id":"inv_01m2qkp7bsb51n3fpradw2xyz5","attempt":1,"generation":0,"delivery_count":1,"target":"tachyon_serverless_application::services::invoke_async::dispatch"}
{"timestamp":"2026-09-17T11:58:02.210389Z","level":"INFO","message":"bridge spawned","environment_id":"env_01m2qkp7ama5fzfzh9h682e9v6","pid":99089,"target":"tachyon_serverless_provider_process"}
{"timestamp":"2026-09-17T11:58:02.219783Z","level":"INFO","message":"invocation finished","invocation_id":"inv_01m2qkp7aczdtq8hq4bg9des1m","status":"succeeded (async run)","handler_ms":0,"environment_boot_ms":3,"runtime_init_ms":4,"target":"tachyon_serverless_application::services::invoke"}
{"timestamp":"2026-09-17T11:58:02.221294Z","level":"INFO","message":"terminating bridge","environment_id":"env_01m2qkp7ama5fzfzh9h682e9v6","pid":99089,"reason":"Completed","graceful":true,"target":"tachyon_serverless_provider_process"}
{"timestamp":"2026-09-17T11:58:02.223579Z","level":"INFO","message":"asynchronous invocation settled","invocation_id":"inv_01m2qkp7aczdtq8hq4bg9des1m","status":"succeeded","target":"tachyon_serverless_application::services::invoke_async::dispatch"}
{"timestamp":"2026-09-17T11:58:02.227849Z","level":"INFO","message":"async dispatch: delivery handled","message_id":"inv_01m2qkp7aczdtq8hq4bg9des1m","sequence":67,"delivery_count":1,"outcome":"Completed { status: \"succeeded\" }","target":"tachyon_serverless_application::services::invoke_async::dispatch"}
{"timestamp":"2026-09-17T11:58:02.228311Z","level":"INFO","message":"asynchronous run claimed","invocation_id":"inv_01m2qkp7d7na0knejkdqf7mjka","attempt":1,"generation":0,"delivery_count":1,"target":"tachyon_serverless_application::services::invoke_async::dispatch"}
{"timestamp":"2026-09-17T11:58:02.309858Z","level":"INFO","message":"bridge spawned","environment_id":"env_01m2qkp7drs35sjd2pnfks1nbe","pid":99091,"target":"tachyon_serverless_provider_process"}
{"timestamp":"2026-09-17T11:58:02.315899Z","level":"INFO","message":"bridge spawned","environment_id":"env_01m2qkp7dy7wn1fs4mnw53g7c7","pid":99093,"target":"tachyon_serverless_provider_process"}
{"timestamp":"2026-09-17T11:58:02.319644Z","level":"INFO","message":"invocation finished","invocation_id":"inv_01m2qkp7dqmk62frdkqw4v3rr3","status":"succeeded","handler_ms":0,"environment_boot_ms":4,"runtime_init_ms":4,"target":"tachyon_serverless_application::services::invoke"}
{"timestamp":"2026-09-17T11:58:02.321322Z","level":"INFO","message":"terminating bridge","environment_id":"env_01m2qkp7drs35sjd2pnfks1nbe","pid":99091,"reason":"Completed","graceful":true,"target":"tachyon_serverless_provider_process"}
{"timestamp":"2026-09-17T11:58:02.325535Z","level":"INFO","message":"invocation finished","invocation_id":"inv_01m2qkp7bsb51n3fpradw2xyz5","status":"succeeded (async run)","handler_ms":0,"environment_boot_ms":3,"runtime_init_ms":4,"target":"tachyon_serverless_application::services::invoke"}
{"timestamp":"2026-09-17T11:58:02.327078Z","level":"INFO","message":"terminating bridge","environment_id":"env_01m2qkp7dy7wn1fs4mnw53g7c7","pid":99093,"reason":"Completed","graceful":true,"target":"tachyon_serverless_provider_process"}
{"timestamp":"2026-09-17T11:58:02.329632Z","level":"INFO","message":"asynchronous invocation settled","invocation_id":"inv_01m2qkp7bsb51n3fpradw2xyz5","status":"succeeded","target":"tachyon_serverless_application::services::invoke_async::dispatch"}
{"timestamp":"2026-09-17T11:58:02.333931Z","level":"INFO","message":"async dispatch: delivery handled","message_id":"inv_01m2qkp7bsb51n3fpradw2xyz5","sequence":68,"delivery_count":1,"outcome":"Completed { status: \"succeeded\" }","target":"tachyon_serverless_application::services::invoke_async::dispatch"}
{"timestamp":"2026-09-17T11:58:02.369255Z","level":"INFO","message":"bridge spawned","environment_id":"env_01m2qkp7fmavy6rjrqjg9t36ya","pid":99114,"target":"tachyon_serverless_provider_process"}
{"timestamp":"2026-09-17T11:58:02.370313Z","level":"INFO","message":"asynchronous invocation accepted","invocation_id":"inv_01m2qkp7m1bwejzqxd40b8yk3s","tenant_id":"tn_01hzzzzzzzzzzzzzzzzzzzzzza","revision_id":"rev_01m2qkmq81bdpxa6jmw80ccg52","input_bytes":48,"input_storage":"inline","target":"tachyon_serverless_application::services::invoke_async"}
{"timestamp":"2026-09-17T11:58:02.377328Z","level":"INFO","message":"asynchronous run claimed","invocation_id":"inv_01m2qkp7m1bwejzqxd40b8yk3s","attempt":1,"generation":0,"delivery_count":1,"target":"tachyon_serverless_application::services::invoke_async::dispatch"}
{"timestamp":"2026-09-17T11:58:02.382813Z","level":"INFO","message":"invocation finished","invocation_id":"inv_01m2qkp7d7na0knejkdqf7mjka","status":"succeeded (async run)","handler_ms":0,"environment_boot_ms":3,"runtime_init_ms":8,"target":"tachyon_serverless_application::services::invoke"}
{"timestamp":"2026-09-17T11:58:02.384368Z","level":"INFO","message":"terminating bridge","environment_id":"env_01m2qkp7fmavy6rjrqjg9t36ya","pid":99114,"reason":"Completed","graceful":true,"target":"tachyon_serverless_provider_process"}
{"timestamp":"2026-09-17T11:58:02.386917Z","level":"INFO","message":"asynchronous invocation settled","invocation_id":"inv_01m2qkp7d7na0knejkdqf7mjka","status":"succeeded","target":"tachyon_serverless_application::services::invoke_async::dispatch"}
{"timestamp":"2026-09-17T11:58:02.392001Z","level":"INFO","message":"async dispatch: delivery handled","message_id":"inv_01m2qkp7d7na0knejkdqf7mjka","sequence":69,"delivery_count":1,"outcome":"Completed { status: \"succeeded\" }","target":"tachyon_serverless_application::services::invoke_async::dispatch"}
{"timestamp":"2026-09-17T11:58:02.430629Z","level":"INFO","message":"asynchronous invocation accepted","invocation_id":"inv_01m2qkp7new82q90b2ate5scf6","tenant_id":"tn_01hzzzzzzzzzzzzzzzzzzzzzza","revision_id":"rev_01m2qkmq81bdpxa6jmw80ccg52","input_bytes":4128,"input_storage":"object","target":"tachyon_serverless_application::services::invoke_async"}
{"timestamp":"2026-09-17T11:58:02.436949Z","level":"INFO","message":"asynchronous run claimed","invocation_id":"inv_01m2qkp7new82q90b2ate5scf6","attempt":1,"generation":0,"delivery_count":1,"target":"tachyon_serverless_application::services::invoke_async::dispatch"}
{"timestamp":"2026-09-17T11:58:02.456663Z","level":"INFO","message":"asynchronous invocation accepted","invocation_id":"inv_01m2qkp7prdvkdm9pnq0sb7wyy","tenant_id":"tn_01hzzzzzzzzzzzzzzzzzzzzzza","revision_id":"rev_01m2qkmr1cpf01f7teen1hscxz","input_bytes":191,"input_storage":"inline","target":"tachyon_serverless_application::services::invoke_async"}
{"timestamp":"2026-09-17T11:58:02.456697Z","level":"INFO","message":"webhook trigger fired","trigger_id":"trg_01m2qkmsb7eaapmemfyfpahd3h","event_id":"evt-post-w2","invocation_id":"inv_01m2qkp7prdvkdm9pnq0sb7wyy","revision_id":"rev_01m2qkmr1cpf01f7teen1hscxz","replayed":false,"target":"tachyon_serverless_application::services::triggers"}
{"timestamp":"2026-09-17T11:58:02.517843Z","level":"INFO","message":"bridge spawned","environment_id":"env_01m2qkp7m99txckr6newbq567z","pid":99168,"target":"tachyon_serverless_provider_process"}
{"timestamp":"2026-09-17T11:58:02.527456Z","level":"INFO","message":"invocation finished","invocation_id":"inv_01m2qkp7m1bwejzqxd40b8yk3s","status":"succeeded (async run)","handler_ms":0,"environment_boot_ms":3,"runtime_init_ms":4,"target":"tachyon_serverless_application::services::invoke"}
{"timestamp":"2026-09-17T11:58:02.529014Z","level":"INFO","message":"terminating bridge","environment_id":"env_01m2qkp7m99txckr6newbq567z","pid":99168,"reason":"Completed","graceful":true,"target":"tachyon_serverless_provider_process"}
{"timestamp":"2026-09-17T11:58:02.531347Z","level":"INFO","message":"asynchronous invocation settled","invocation_id":"inv_01m2qkp7m1bwejzqxd40b8yk3s","status":"succeeded","target":"tachyon_serverless_application::services::invoke_async::dispatch"}
{"timestamp":"2026-09-17T11:58:02.537919Z","level":"INFO","message":"async dispatch: delivery handled","message_id":"inv_01m2qkp7m1bwejzqxd40b8yk3s","sequence":70,"delivery_count":1,"outcome":"Completed { status: \"succeeded\" }","target":"tachyon_serverless_application::services::invoke_async::dispatch"}
{"timestamp":"2026-09-17T11:58:02.538425Z","level":"INFO","message":"asynchronous run claimed","invocation_id":"inv_01m2qkp7prdvkdm9pnq0sb7wyy","attempt":1,"generation":0,"delivery_count":1,"target":"tachyon_serverless_application::services::invoke_async::dispatch"}
{"timestamp":"2026-09-17T11:58:02.582123Z","level":"INFO","message":"bridge spawned","environment_id":"env_01m2qkp7p6tym039sg1cy176dk","pid":99170,"target":"tachyon_serverless_provider_process"}
{"timestamp":"2026-09-17T11:58:02.592285Z","level":"INFO","message":"invocation finished","invocation_id":"inv_01m2qkp7new82q90b2ate5scf6","status":"succeeded (async run)","handler_ms":0,"environment_boot_ms":4,"runtime_init_ms":4,"target":"tachyon_serverless_application::services::invoke"}
{"timestamp":"2026-09-17T11:58:02.593792Z","level":"INFO","message":"terminating bridge","environment_id":"env_01m2qkp7p6tym039sg1cy176dk","pid":99170,"reason":"Completed","graceful":true,"target":"tachyon_serverless_provider_process"}
{"timestamp":"2026-09-17T11:58:02.595973Z","level":"INFO","message":"asynchronous invocation settled","invocation_id":"inv_01m2qkp7new82q90b2ate5scf6","status":"succeeded","target":"tachyon_serverless_application::services::invoke_async::dispatch"}
{"timestamp":"2026-09-17T11:58:02.601924Z","level":"INFO","message":"async dispatch: delivery handled","message_id":"inv_01m2qkp7new82q90b2ate5scf6","sequence":71,"delivery_count":1,"outcome":"Completed { status: \"succeeded\" }","target":"tachyon_serverless_application::services::invoke_async::dispatch"}
{"timestamp":"2026-09-17T11:58:02.674504Z","level":"INFO","message":"bridge spawned","environment_id":"env_01m2qkp7sa6k3m3908m1qjp2y0","pid":99172,"target":"tachyon_serverless_provider_process"}
{"timestamp":"2026-09-17T11:58:02.683781Z","level":"INFO","message":"invocation finished","invocation_id":"inv_01m2qkp7prdvkdm9pnq0sb7wyy","status":"succeeded (async run)","handler_ms":0,"environment_boot_ms":4,"runtime_init_ms":4,"target":"tachyon_serverless_application::services::invoke"}
{"timestamp":"2026-09-17T11:58:02.685416Z","level":"INFO","message":"terminating bridge","environment_id":"env_01m2qkp7sa6k3m3908m1qjp2y0","pid":99172,"reason":"Completed","graceful":true,"target":"tachyon_serverless_provider_process"}
{"timestamp":"2026-09-17T11:58:02.687591Z","level":"INFO","message":"asynchronous invocation settled","invocation_id":"inv_01m2qkp7prdvkdm9pnq0sb7wyy","status":"succeeded","target":"tachyon_serverless_application::services::invoke_async::dispatch"}
{"timestamp":"2026-09-17T11:58:02.693064Z","level":"INFO","message":"async dispatch: delivery handled","message_id":"inv_01m2qkp7prdvkdm9pnq0sb7wyy","sequence":72,"delivery_count":1,"outcome":"Completed { status: \"succeeded\" }","target":"tachyon_serverless_application::services::invoke_async::dispatch"}
{"timestamp":"2026-09-17T11:58:03.543447Z","level":"INFO","message":"object retention pass","report":"GcReport { examined: 2, collected_expired: 0, collected_orphans: 0, kept_in_use: 0, kept_referenced: 2, incomplete_removed: 0, tombstones_purged: 0, failed: 0 }","target":"tachyon_serverless_gateway"}
{"timestamp":"2026-09-17T11:58:04.005865Z","level":"INFO","message":"asynchronous invocation accepted","invocation_id":"inv_01m2qkp973tg7nacze55kf0s0x","tenant_id":"tn_01hzzzzzzzzzzzzzzzzzzzzzza","revision_id":"rev_01m2qkmr1cpf01f7teen1hscxz","input_bytes":180,"input_storage":"inline","target":"tachyon_serverless_application::services::invoke_async"}
{"timestamp":"2026-09-17T11:58:04.006007Z","level":"INFO","message":"cron trigger fired","trigger_id":"trg_01m2qkmsafngrsgaaynqxb7cy5","scheduled_at":"2026-09-17T11:58:04Z","invocation_id":"inv_01m2qkp973tg7nacze55kf0s0x","revision_id":"rev_01m2qkmr1cpf01f7teen1hscxz","replayed":false,"target":"tachyon_serverless_application::services::triggers"}
{"timestamp":"2026-09-17T11:58:04.018240Z","level":"INFO","message":"asynchronous run claimed","invocation_id":"inv_01m2qkp973tg7nacze55kf0s0x","attempt":1,"generation":0,"delivery_count":1,"target":"tachyon_serverless_application::services::invoke_async::dispatch"}
{"timestamp":"2026-09-17T11:58:04.176218Z","level":"INFO","message":"bridge spawned","environment_id":"env_01m2qkp97k2bcak57yx0ejdjwn","pid":99188,"target":"tachyon_serverless_provider_process"}
{"timestamp":"2026-09-17T11:58:04.185438Z","level":"INFO","message":"invocation finished","invocation_id":"inv_01m2qkp973tg7nacze55kf0s0x","status":"succeeded (async run)","handler_ms":0,"environment_boot_ms":3,"runtime_init_ms":4,"target":"tachyon_serverless_application::services::invoke"}
{"timestamp":"2026-09-17T11:58:04.187099Z","level":"INFO","message":"terminating bridge","environment_id":"env_01m2qkp97k2bcak57yx0ejdjwn","pid":99188,"reason":"Completed","graceful":true,"target":"tachyon_serverless_provider_process"}
{"timestamp":"2026-09-17T11:58:04.189485Z","level":"INFO","message":"asynchronous invocation settled","invocation_id":"inv_01m2qkp973tg7nacze55kf0s0x","status":"succeeded","target":"tachyon_serverless_application::services::invoke_async::dispatch"}
{"timestamp":"2026-09-17T11:58:04.196956Z","level":"INFO","message":"async dispatch: delivery handled","message_id":"inv_01m2qkp973tg7nacze55kf0s0x","sequence":73,"delivery_count":1,"outcome":"Completed { status: \"succeeded\" }","target":"tachyon_serverless_application::services::invoke_async::dispatch"}
{"timestamp":"2026-09-17T11:58:05.542675Z","level":"INFO","message":"object retention pass","report":"GcReport { examined: 2, collected_expired: 0, collected_orphans: 0, kept_in_use: 0, kept_referenced: 2, incomplete_removed: 0, tombstones_purged: 0, failed: 0 }","target":"tachyon_serverless_gateway"}
{"timestamp":"2026-09-17T11:58:06.003699Z","level":"INFO","message":"asynchronous invocation accepted","invocation_id":"inv_01m2qkpb5k5wzsd552vsdky6c9","tenant_id":"tn_01hzzzzzzzzzzzzzzzzzzzzzza","revision_id":"rev_01m2qkmr1cpf01f7teen1hscxz","input_bytes":180,"input_storage":"inline","target":"tachyon_serverless_application::services::invoke_async"}
{"timestamp":"2026-09-17T11:58:06.003741Z","level":"INFO","message":"cron trigger fired","trigger_id":"trg_01m2qkmsafngrsgaaynqxb7cy5","scheduled_at":"2026-09-17T11:58:06Z","invocation_id":"inv_01m2qkpb5k5wzsd552vsdky6c9","revision_id":"rev_01m2qkmr1cpf01f7teen1hscxz","replayed":false,"target":"tachyon_serverless_application::services::triggers"}
{"timestamp":"2026-09-17T11:58:06.014855Z","level":"INFO","message":"asynchronous run claimed","invocation_id":"inv_01m2qkpb5k5wzsd552vsdky6c9","attempt":1,"generation":0,"delivery_count":1,"target":"tachyon_serverless_application::services::invoke_async::dispatch"}
{"timestamp":"2026-09-17T11:58:06.156881Z","level":"INFO","message":"bridge spawned","environment_id":"env_01m2qkpb5zx2hb8n7mpcae3kr8","pid":99213,"target":"tachyon_serverless_provider_process"}
{"timestamp":"2026-09-17T11:58:06.166455Z","level":"INFO","message":"invocation finished","invocation_id":"inv_01m2qkpb5k5wzsd552vsdky6c9","status":"succeeded (async run)","handler_ms":0,"environment_boot_ms":3,"runtime_init_ms":4,"target":"tachyon_serverless_application::services::invoke"}
{"timestamp":"2026-09-17T11:58:06.168020Z","level":"INFO","message":"terminating bridge","environment_id":"env_01m2qkpb5zx2hb8n7mpcae3kr8","pid":99213,"reason":"Completed","graceful":true,"target":"tachyon_serverless_provider_process"}
{"timestamp":"2026-09-17T11:58:06.170347Z","level":"INFO","message":"asynchronous invocation settled","invocation_id":"inv_01m2qkpb5k5wzsd552vsdky6c9","status":"succeeded","target":"tachyon_serverless_application::services::invoke_async::dispatch"}
{"timestamp":"2026-09-17T11:58:06.178624Z","level":"INFO","message":"async dispatch: delivery handled","message_id":"inv_01m2qkpb5k5wzsd552vsdky6c9","sequence":74,"delivery_count":1,"outcome":"Completed { status: \"succeeded\" }","target":"tachyon_serverless_application::services::invoke_async::dispatch"}
{"timestamp":"2026-09-17T11:58:07.540789Z","level":"INFO","message":"object retention pass","report":"GcReport { examined: 2, collected_expired: 0, collected_orphans: 0, kept_in_use: 0, kept_referenced: 2, incomplete_removed: 0, tombstones_purged: 0, failed: 0 }","target":"tachyon_serverless_gateway"}
{"timestamp":"2026-09-17T11:58:07.562965Z","level":"INFO","message":"trigger updated","trigger_id":"trg_01m2qkmsafngrsgaaynqxb7cy5","generation":2,"status":"disabled","next_fire_at":"None","rotated_secret":false,"target":"tachyon_serverless_application::services::triggers"}
{"timestamp":"2026-09-17T11:58:08.703833Z","level":"INFO","message":"SIGTERM received","target":"tachyon_serverless_gateway"}
{"timestamp":"2026-09-17T11:58:08.703871Z","level":"INFO","message":"shutdown requested; cancelling in-flight invocations","target":"tachyon_serverless_gateway"}
{"timestamp":"2026-09-17T11:58:08.704090Z","level":"INFO","message":"final usage collection","report":"CollectReport { batches: 0, read: 0, inserted: 0, duplicates: 0, cursor_seq: 115 }","target":"tachyon_serverless_gateway"}
{"timestamp":"2026-09-17T11:58:08.706574Z","level":"INFO","message":"gateway stopped","target":"tachyon_serverless_gateway"}
{"timestamp":"2026-09-17T11:58:08.706681Z","level":"INFO","message":"event: closed","target":"async_nats"}
