
===== a start (failpoints: none) 11:38:39 =====
{"timestamp":"2026-09-17T11:38:39.809325Z","level":"INFO","message":"configuration loaded","config":"/private/var/folders/z7/khzdjrt95cg_fcmcnh4j1b5h0000gn/T/tsls-chaos.w4Zqr4/gw-a.toml","target":"tachyon_serverless_gateway"}
{"timestamp":"2026-09-17T11:38:39.812657Z","level":"INFO","message":"connected successfully","server":"57238","max_payload":"1048576","target":"async_nats::connector"}
{"timestamp":"2026-09-17T11:38:39.812939Z","level":"INFO","message":"event: connected","target":"async_nats"}
{"timestamp":"2026-09-17T11:38:39.841215Z","level":"INFO","message":"JetStream queue connected and stream bootstrapped","url":"nats://127.0.0.1:57238","stream":"TACHYON_EVENTS","target":"tachyon_serverless_gateway::durable"}
{"timestamp":"2026-09-17T11:38:39.868296Z","level":"INFO","message":"state store opened","path":"/private/var/folders/z7/khzdjrt95cg_fcmcnh4j1b5h0000gn/T/tsls-chaos.w4Zqr4/data/state.db","schema_version":8,"migrations_applied":"[1, 2, 3, 4, 5, 6, 7, 8]","imported_state_json":"None","settled_invocations":0,"settled_attempts":0,"settled_environments":0,"released_leases":0,"dropped_idempotency_keys":0,"purged_idempotency_keys":0,"outputs_purged":0,"target":"tachyon_serverless_application::app"}
{"timestamp":"2026-09-17T11:38:39.869112Z","level":"INFO","message":"dispatcher registered","dispatcher_id":"dsp_01m2qjjrbwka0zdyjat97fdpza","instance":"chaos-a","pid":72640,"lease_ttl_seconds":6,"target":"tachyon_serverless_application::services::dispatcher"}
{"timestamp":"2026-09-17T11:38:39.877291Z","level":"INFO","message":"application bootstrapped","profile":"dev","provider":"process","dev_only":true,"environment_reuse":false,"reuse_verified":false,"reuse_reason":"[pool] enabled is false","reuse_disabled":"Some(Configuration)","idle_quiesce":"unsupported","idle_resume":"unsupported","data_dir":"/private/var/folders/z7/khzdjrt95cg_fcmcnh4j1b5h0000gn/T/tsls-chaos.w4Zqr4/data","store":"sqlite","dispatcher_id":"dsp_01m2qjjrbwka0zdyjat97fdpza","node":"local","node_region":"none","node_memory_mib":"None","max_concurrency":8,"queue":"nats","objects":"filesystem","invoke_async":true,"triggers":true,"target":"tachyon_serverless_application::app"}
{"timestamp":"2026-09-17T11:38:39.877815Z","level":"INFO","message":"startup reconcile finished","provider":"process","found":0,"adopted":0,"terminated":0,"disowned":0,"failed":0,"lost":0,"foreign":0,"reclaimed_dispatchers":0,"fenced_terminated":0,"fenced_pending":0,"target":"tachyon_serverless_application::services::reconcile"}
{"timestamp":"2026-09-17T11:38:39.877991Z","level":"INFO","message":"gateway listening","addr":"127.0.0.1:57242","profile":"dev","provider":"process","target":"tachyon_serverless_gateway"}
{"timestamp":"2026-09-17T11:38:39.880892Z","level":"INFO","message":"asynchronous dispatcher started","workers":2,"owner":"dsp_01m2qjjrbwka0zdyjat97fdpza","target":"tachyon_serverless_gateway"}
{"timestamp":"2026-09-17T11:38:41.615456Z","level":"INFO","message":"revision ready","revision_id":"rev_01m2qjjskyng4cpegbmaxqfs1p","function_id":"fn_01m2qjjrnarpc8rjb84n3bqsqf","target":"tachyon_serverless_application::services::revision"}
{"timestamp":"2026-09-17T11:38:43.295871Z","level":"INFO","message":"revision ready","revision_id":"rev_01m2qjjvbpcyvk1401ger3bh7w","function_id":"fn_01m2qjjtdgy00kj0749va7aafq","target":"tachyon_serverless_application::services::revision"}
{"timestamp":"2026-09-17T11:38:44.241046Z","level":"INFO","message":"revision ready","revision_id":"rev_01m2qjjwcgj66twgh4kps9e8g6","function_id":"fn_01m2qjjvsgs8n06gee3tbtfgwt","target":"tachyon_serverless_application::services::revision"}
{"timestamp":"2026-09-17T11:38:44.342989Z","level":"INFO","message":"trigger created","trigger_id":"trg_01m2qjjwqp3jq41qkwq7p35xkj","function_id":"fn_01m2qjjtdgy00kj0749va7aafq","kind":"cron","enabled":true,"next_fire_at":"Some(2026-09-17T11:38:46Z)","target":"tachyon_serverless_application::services::triggers"}
{"timestamp":"2026-09-17T11:38:44.359581Z","level":"INFO","message":"trigger created","trigger_id":"trg_01m2qjjwr79e2knb54q8gbwsmg","function_id":"fn_01m2qjjtdgy00kj0749va7aafq","kind":"webhook","enabled":true,"next_fire_at":"None","target":"tachyon_serverless_application::services::triggers"}
{"timestamp":"2026-09-17T11:38:44.628607Z","level":"INFO","message":"bridge spawned","environment_id":"env_01m2qjjws8j3cbth4n449qmrs2","pid":72992,"target":"tachyon_serverless_provider_process"}
{"timestamp":"2026-09-17T11:38:44.904869Z","level":"INFO","message":"invocation finished","invocation_id":"inv_01m2qjjws8ge73p4jpy57dxs30","status":"succeeded","handler_ms":1,"environment_boot_ms":6,"runtime_init_ms":265,"target":"tachyon_serverless_application::services::invoke"}
{"timestamp":"2026-09-17T11:38:44.906999Z","level":"INFO","message":"terminating bridge","environment_id":"env_01m2qjjws8j3cbth4n449qmrs2","pid":72992,"reason":"Completed","graceful":true,"target":"tachyon_serverless_provider_process"}
{"timestamp":"2026-09-17T11:38:44.982214Z","level":"INFO","message":"asynchronous invocation accepted","invocation_id":"inv_01m2qjjxbn60h2paj5qnk5w6ej","tenant_id":"tn_01hzzzzzzzzzzzzzzzzzzzzzza","revision_id":"rev_01m2qjjskyng4cpegbmaxqfs1p","input_bytes":47,"input_storage":"inline","target":"tachyon_serverless_application::services::invoke_async"}
{"timestamp":"2026-09-17T11:38:44.998304Z","level":"INFO","message":"asynchronous run claimed","invocation_id":"inv_01m2qjjxbn60h2paj5qnk5w6ej","attempt":1,"generation":0,"delivery_count":1,"target":"tachyon_serverless_application::services::invoke_async::dispatch"}
{"timestamp":"2026-09-17T11:38:45.066501Z","level":"INFO","message":"asynchronous invocation accepted","invocation_id":"inv_01m2qjjxdvda7cwcgh86tmwxrt","tenant_id":"tn_01hzzzzzzzzzzzzzzzzzzzzzza","revision_id":"rev_01m2qjjskyng4cpegbmaxqfs1p","input_bytes":4127,"input_storage":"object","target":"tachyon_serverless_application::services::invoke_async"}
{"timestamp":"2026-09-17T11:38:45.071748Z","level":"INFO","message":"asynchronous run claimed","invocation_id":"inv_01m2qjjxdvda7cwcgh86tmwxrt","attempt":1,"generation":0,"delivery_count":1,"target":"tachyon_serverless_application::services::invoke_async::dispatch"}
{"timestamp":"2026-09-17T11:38:45.103980Z","level":"INFO","message":"asynchronous invocation accepted","invocation_id":"inv_01m2qjjxff0g5gjzjqdvrem29k","tenant_id":"tn_01hzzzzzzzzzzzzzzzzzzzzzza","revision_id":"rev_01m2qjjvbpcyvk1401ger3bh7w","input_bytes":189,"input_storage":"inline","target":"tachyon_serverless_application::services::invoke_async"}
{"timestamp":"2026-09-17T11:38:45.104034Z","level":"INFO","message":"webhook trigger fired","trigger_id":"trg_01m2qjjwr79e2knb54q8gbwsmg","event_id":"evt-pre-w1","invocation_id":"inv_01m2qjjxff0g5gjzjqdvrem29k","revision_id":"rev_01m2qjjvbpcyvk1401ger3bh7w","replayed":false,"target":"tachyon_serverless_application::services::triggers"}
{"timestamp":"2026-09-17T11:38:45.207542Z","level":"INFO","message":"bridge spawned","environment_id":"env_01m2qjjxc6mpg1zbskay31cbgt","pid":73068,"target":"tachyon_serverless_provider_process"}
{"timestamp":"2026-09-17T11:38:45.295233Z","level":"INFO","message":"bridge spawned","environment_id":"env_01m2qjjxehve9xrn2zar22g8m4","pid":73070,"target":"tachyon_serverless_provider_process"}
{"timestamp":"2026-09-17T11:38:45.349008Z","level":"INFO","message":"bridge spawned","environment_id":"env_01m2qjjxg6rxemm79angg6z0qf","pid":73072,"target":"tachyon_serverless_provider_process"}
{"timestamp":"2026-09-17T11:38:45.363024Z","level":"INFO","message":"invocation finished","invocation_id":"inv_01m2qjjxg64jtw8s0e2736b8k9","status":"succeeded","handler_ms":0,"environment_boot_ms":5,"runtime_init_ms":6,"target":"tachyon_serverless_application::services::invoke"}
{"timestamp":"2026-09-17T11:38:45.364702Z","level":"INFO","message":"terminating bridge","environment_id":"env_01m2qjjxg6rxemm79angg6z0qf","pid":73072,"reason":"Completed","graceful":true,"target":"tachyon_serverless_provider_process"}
{"timestamp":"2026-09-17T11:38:45.437534Z","level":"INFO","message":"asynchronous invocation accepted","invocation_id":"inv_01m2qjjxsweakwse4gvkfqsy9c","tenant_id":"tn_01hzzzzzzzzzzzzzzzzzzzzzza","revision_id":"rev_01m2qjjskyng4cpegbmaxqfs1p","input_bytes":47,"input_storage":"inline","target":"tachyon_serverless_application::services::invoke_async"}
{"timestamp":"2026-09-17T11:38:45.461521Z","level":"INFO","message":"invocation finished","invocation_id":"inv_01m2qjjxbn60h2paj5qnk5w6ej","status":"succeeded (async run)","handler_ms":2,"environment_boot_ms":5,"runtime_init_ms":245,"target":"tachyon_serverless_application::services::invoke"}
{"timestamp":"2026-09-17T11:38:45.462338Z","level":"INFO","message":"invocation finished","invocation_id":"inv_01m2qjjxdvda7cwcgh86tmwxrt","status":"succeeded (async run)","handler_ms":1,"environment_boot_ms":5,"runtime_init_ms":159,"target":"tachyon_serverless_application::services::invoke"}
{"timestamp":"2026-09-17T11:38:45.462770Z","level":"INFO","message":"terminating bridge","environment_id":"env_01m2qjjxc6mpg1zbskay31cbgt","pid":73068,"reason":"Completed","graceful":true,"target":"tachyon_serverless_provider_process"}
{"timestamp":"2026-09-17T11:38:45.463661Z","level":"INFO","message":"terminating bridge","environment_id":"env_01m2qjjxehve9xrn2zar22g8m4","pid":73070,"reason":"Completed","graceful":true,"target":"tachyon_serverless_provider_process"}
{"timestamp":"2026-09-17T11:38:45.466954Z","level":"INFO","message":"asynchronous invocation settled","invocation_id":"inv_01m2qjjxbn60h2paj5qnk5w6ej","status":"succeeded","target":"tachyon_serverless_application::services::invoke_async::dispatch"}
{"timestamp":"2026-09-17T11:38:45.467585Z","level":"INFO","message":"asynchronous invocation settled","invocation_id":"inv_01m2qjjxdvda7cwcgh86tmwxrt","status":"succeeded","target":"tachyon_serverless_application::services::invoke_async::dispatch"}
{"timestamp":"2026-09-17T11:38:45.472138Z","level":"INFO","message":"async dispatch: delivery handled","message_id":"inv_01m2qjjxbn60h2paj5qnk5w6ej","sequence":1,"delivery_count":1,"outcome":"Completed { status: \"succeeded\" }","target":"tachyon_serverless_application::services::invoke_async::dispatch"}
{"timestamp":"2026-09-17T11:38:45.480312Z","level":"INFO","message":"async dispatch: delivery handled","message_id":"inv_01m2qjjxdvda7cwcgh86tmwxrt","sequence":2,"delivery_count":1,"outcome":"Completed { status: \"succeeded\" }","target":"tachyon_serverless_application::services::invoke_async::dispatch"}
{"timestamp":"2026-09-17T11:38:45.480719Z","level":"INFO","message":"asynchronous run claimed","invocation_id":"inv_01m2qjjxff0g5gjzjqdvrem29k","attempt":1,"generation":0,"delivery_count":1,"target":"tachyon_serverless_application::services::invoke_async::dispatch"}
{"timestamp":"2026-09-17T11:38:45.481010Z","level":"INFO","message":"asynchronous run claimed","invocation_id":"inv_01m2qjjxsweakwse4gvkfqsy9c","attempt":1,"generation":0,"delivery_count":1,"target":"tachyon_serverless_application::services::invoke_async::dispatch"}
{"timestamp":"2026-09-17T11:38:45.524905Z","level":"INFO","message":"asynchronous invocation accepted","invocation_id":"inv_01m2qjjxw46w5sdfe6g9ha3eg5","tenant_id":"tn_01hzzzzzzzzzzzzzzzzzzzzzza","revision_id":"rev_01m2qjjskyng4cpegbmaxqfs1p","input_bytes":4127,"input_storage":"object","target":"tachyon_serverless_application::services::invoke_async"}
{"timestamp":"2026-09-17T11:38:45.565456Z","level":"INFO","message":"asynchronous invocation accepted","invocation_id":"inv_01m2qjjxxw55670drda1gfdddt","tenant_id":"tn_01hzzzzzzzzzzzzzzzzzzzzzza","revision_id":"rev_01m2qjjvbpcyvk1401ger3bh7w","input_bytes":189,"input_storage":"inline","target":"tachyon_serverless_application::services::invoke_async"}
{"timestamp":"2026-09-17T11:38:45.565509Z","level":"INFO","message":"webhook trigger fired","trigger_id":"trg_01m2qjjwr79e2knb54q8gbwsmg","event_id":"evt-pre-w2","invocation_id":"inv_01m2qjjxxw55670drda1gfdddt","revision_id":"rev_01m2qjjvbpcyvk1401ger3bh7w","replayed":false,"target":"tachyon_serverless_application::services::triggers"}
{"timestamp":"2026-09-17T11:38:45.717281Z","level":"INFO","message":"bridge spawned","environment_id":"env_01m2qjjxv9set8c5mya1a7ak6a","pid":73146,"target":"tachyon_serverless_provider_process"}
{"timestamp":"2026-09-17T11:38:45.723702Z","level":"INFO","message":"bridge spawned","environment_id":"env_01m2qjjxv9fwwxytrwsekg0j85","pid":73147,"target":"tachyon_serverless_provider_process"}
{"timestamp":"2026-09-17T11:38:45.732541Z","level":"INFO","message":"invocation finished","invocation_id":"inv_01m2qjjxff0g5gjzjqdvrem29k","status":"succeeded (async run)","handler_ms":0,"environment_boot_ms":6,"runtime_init_ms":7,"target":"tachyon_serverless_application::services::invoke"}
{"timestamp":"2026-09-17T11:38:45.734286Z","level":"INFO","message":"terminating bridge","environment_id":"env_01m2qjjxv9set8c5mya1a7ak6a","pid":73146,"reason":"Completed","graceful":true,"target":"tachyon_serverless_provider_process"}
{"timestamp":"2026-09-17T11:38:45.739336Z","level":"INFO","message":"asynchronous invocation settled","invocation_id":"inv_01m2qjjxff0g5gjzjqdvrem29k","status":"succeeded","target":"tachyon_serverless_application::services::invoke_async::dispatch"}
{"timestamp":"2026-09-17T11:38:45.739929Z","level":"INFO","message":"invocation finished","invocation_id":"inv_01m2qjjxsweakwse4gvkfqsy9c","status":"succeeded (async run)","handler_ms":2,"environment_boot_ms":5,"runtime_init_ms":7,"target":"tachyon_serverless_application::services::invoke"}
{"timestamp":"2026-09-17T11:38:45.744003Z","level":"INFO","message":"async dispatch: delivery handled","message_id":"inv_01m2qjjxff0g5gjzjqdvrem29k","sequence":3,"delivery_count":1,"outcome":"Completed { status: \"succeeded\" }","target":"tachyon_serverless_application::services::invoke_async::dispatch"}
{"timestamp":"2026-09-17T11:38:45.744217Z","level":"INFO","message":"terminating bridge","environment_id":"env_01m2qjjxv9fwwxytrwsekg0j85","pid":73147,"reason":"Completed","graceful":true,"target":"tachyon_serverless_provider_process"}
{"timestamp":"2026-09-17T11:38:45.744660Z","level":"INFO","message":"asynchronous run claimed","invocation_id":"inv_01m2qjjxw46w5sdfe6g9ha3eg5","attempt":1,"generation":0,"delivery_count":1,"target":"tachyon_serverless_application::services::invoke_async::dispatch"}
{"timestamp":"2026-09-17T11:38:45.748557Z","level":"INFO","message":"asynchronous invocation settled","invocation_id":"inv_01m2qjjxsweakwse4gvkfqsy9c","status":"succeeded","target":"tachyon_serverless_application::services::invoke_async::dispatch"}
{"timestamp":"2026-09-17T11:38:45.754002Z","level":"INFO","message":"async dispatch: delivery handled","message_id":"inv_01m2qjjxsweakwse4gvkfqsy9c","sequence":4,"delivery_count":1,"outcome":"Completed { status: \"succeeded\" }","target":"tachyon_serverless_application::services::invoke_async::dispatch"}
{"timestamp":"2026-09-17T11:38:45.754613Z","level":"INFO","message":"asynchronous run claimed","invocation_id":"inv_01m2qjjxxw55670drda1gfdddt","attempt":1,"generation":0,"delivery_count":1,"target":"tachyon_serverless_application::services::invoke_async::dispatch"}
{"timestamp":"2026-09-17T11:38:45.838051Z","level":"INFO","message":"bridge spawned","environment_id":"env_01m2qjjxymk50nrzhnq5trzwcp","pid":73150,"target":"tachyon_serverless_provider_process"}
{"timestamp":"2026-09-17T11:38:45.853305Z","level":"INFO","message":"invocation finished","invocation_id":"inv_01m2qjjxymfaf161s75c8ftqjg","status":"succeeded","handler_ms":0,"environment_boot_ms":6,"runtime_init_ms":7,"target":"tachyon_serverless_application::services::invoke"}
{"timestamp":"2026-09-17T11:38:45.855037Z","level":"INFO","message":"terminating bridge","environment_id":"env_01m2qjjxymk50nrzhnq5trzwcp","pid":73150,"reason":"Completed","graceful":true,"target":"tachyon_serverless_provider_process"}
{"timestamp":"2026-09-17T11:38:45.935999Z","level":"INFO","message":"asynchronous invocation accepted","invocation_id":"inv_01m2qjjy9fvchhsxeg48vjtyqq","tenant_id":"tn_01hzzzzzzzzzzzzzzzzzzzzzza","revision_id":"rev_01m2qjjskyng4cpegbmaxqfs1p","input_bytes":47,"input_storage":"inline","target":"tachyon_serverless_application::services::invoke_async"}
{"timestamp":"2026-09-17T11:38:46.004356Z","level":"INFO","message":"asynchronous invocation accepted","invocation_id":"inv_01m2qjjybk5bz9h53gr6vjfdms","tenant_id":"tn_01hzzzzzzzzzzzzzzzzzzzzzza","revision_id":"rev_01m2qjjvbpcyvk1401ger3bh7w","input_bytes":180,"input_storage":"inline","target":"tachyon_serverless_application::services::invoke_async"}
{"timestamp":"2026-09-17T11:38:46.004422Z","level":"INFO","message":"cron trigger fired","trigger_id":"trg_01m2qjjwqp3jq41qkwq7p35xkj","scheduled_at":"2026-09-17T11:38:46Z","invocation_id":"inv_01m2qjjybk5bz9h53gr6vjfdms","revision_id":"rev_01m2qjjvbpcyvk1401ger3bh7w","replayed":false,"target":"tachyon_serverless_application::services::triggers"}
{"timestamp":"2026-09-17T11:38:46.012198Z","level":"INFO","message":"bridge spawned","environment_id":"env_01m2qjjy3t06hzjs11g96ymcyc","pid":73191,"target":"tachyon_serverless_provider_process"}
{"timestamp":"2026-09-17T11:38:46.012199Z","level":"INFO","message":"bridge spawned","environment_id":"env_01m2qjjy3kzkgh8zgxnsb8cd55","pid":73190,"target":"tachyon_serverless_provider_process"}
{"timestamp":"2026-09-17T11:38:46.040114Z","level":"INFO","message":"asynchronous invocation accepted","invocation_id":"inv_01m2qjjyc3ws4d2a23c7jxyncz","tenant_id":"tn_01hzzzzzzzzzzzzzzzzzzzzzza","revision_id":"rev_01m2qjjskyng4cpegbmaxqfs1p","input_bytes":4127,"input_storage":"object","target":"tachyon_serverless_application::services::invoke_async"}
{"timestamp":"2026-09-17T11:38:46.040713Z","level":"INFO","message":"invocation finished","invocation_id":"inv_01m2qjjxw46w5sdfe6g9ha3eg5","status":"succeeded (async run)","handler_ms":5,"environment_boot_ms":9,"runtime_init_ms":11,"target":"tachyon_serverless_application::services::invoke"}
{"timestamp":"2026-09-17T11:38:46.042361Z","level":"INFO","message":"terminating bridge","environment_id":"env_01m2qjjy3kzkgh8zgxnsb8cd55","pid":73190,"reason":"Completed","graceful":true,"target":"tachyon_serverless_provider_process"}
{"timestamp":"2026-09-17T11:38:46.050039Z","level":"INFO","message":"invocation finished","invocation_id":"inv_01m2qjjxxw55670drda1gfdddt","status":"succeeded (async run)","handler_ms":7,"environment_boot_ms":8,"runtime_init_ms":21,"target":"tachyon_serverless_application::services::invoke"}
{"timestamp":"2026-09-17T11:38:46.051635Z","level":"INFO","message":"asynchronous invocation settled","invocation_id":"inv_01m2qjjxw46w5sdfe6g9ha3eg5","status":"succeeded","target":"tachyon_serverless_application::services::invoke_async::dispatch"}
{"timestamp":"2026-09-17T11:38:46.051779Z","level":"INFO","message":"terminating bridge","environment_id":"env_01m2qjjy3t06hzjs11g96ymcyc","pid":73191,"reason":"Completed","graceful":true,"target":"tachyon_serverless_provider_process"}
{"timestamp":"2026-09-17T11:38:46.065459Z","level":"INFO","message":"asynchronous invocation settled","invocation_id":"inv_01m2qjjxxw55670drda1gfdddt","status":"succeeded","target":"tachyon_serverless_application::services::invoke_async::dispatch"}
{"timestamp":"2026-09-17T11:38:46.065688Z","level":"INFO","message":"async dispatch: delivery handled","message_id":"inv_01m2qjjxw46w5sdfe6g9ha3eg5","sequence":5,"delivery_count":1,"outcome":"Completed { status: \"succeeded\" }","target":"tachyon_serverless_application::services::invoke_async::dispatch"}
{"timestamp":"2026-09-17T11:38:46.071007Z","level":"INFO","message":"async dispatch: delivery handled","message_id":"inv_01m2qjjxxw55670drda1gfdddt","sequence":6,"delivery_count":1,"outcome":"Completed { status: \"succeeded\" }","target":"tachyon_serverless_application::services::invoke_async::dispatch"}
{"timestamp":"2026-09-17T11:38:46.071527Z","level":"INFO","message":"asynchronous run claimed","invocation_id":"inv_01m2qjjy9fvchhsxeg48vjtyqq","attempt":1,"generation":0,"delivery_count":1,"target":"tachyon_serverless_application::services::invoke_async::dispatch"}
{"timestamp":"2026-09-17T11:38:46.071963Z","level":"INFO","message":"asynchronous run claimed","invocation_id":"inv_01m2qjjybk5bz9h53gr6vjfdms","attempt":1,"generation":0,"delivery_count":1,"target":"tachyon_serverless_application::services::invoke_async::dispatch"}
{"timestamp":"2026-09-17T11:38:46.099462Z","level":"INFO","message":"asynchronous invocation accepted","invocation_id":"inv_01m2qjjyejx97q2y19t8gpvg0a","tenant_id":"tn_01hzzzzzzzzzzzzzzzzzzzzzza","revision_id":"rev_01m2qjjvbpcyvk1401ger3bh7w","input_bytes":189,"input_storage":"inline","target":"tachyon_serverless_application::services::invoke_async"}
{"timestamp":"2026-09-17T11:38:46.099533Z","level":"INFO","message":"webhook trigger fired","trigger_id":"trg_01m2qjjwr79e2knb54q8gbwsmg","event_id":"evt-pre-w3","invocation_id":"inv_01m2qjjyejx97q2y19t8gpvg0a","revision_id":"rev_01m2qjjvbpcyvk1401ger3bh7w","replayed":false,"target":"tachyon_serverless_application::services::triggers"}
{"timestamp":"2026-09-17T11:38:46.139539Z","level":"INFO","message":"trigger updated","trigger_id":"trg_01m2qjjwqp3jq41qkwq7p35xkj","generation":2,"status":"disabled","next_fire_at":"None","rotated_secret":false,"target":"tachyon_serverless_application::services::triggers"}
{"timestamp":"2026-09-17T11:38:46.144959Z","level":"INFO","message":"SIGTERM received","target":"tachyon_serverless_gateway"}
{"timestamp":"2026-09-17T11:38:46.144988Z","level":"INFO","message":"shutdown requested; cancelling in-flight invocations","target":"tachyon_serverless_gateway"}
{"timestamp":"2026-09-17T11:38:46.145014Z","level":"INFO","message":"cancelling in-flight invocations for shutdown","count":2,"target":"tachyon_serverless_application::services::invoke"}
{"timestamp":"2026-09-17T11:38:46.339932Z","level":"INFO","message":"bridge spawned","environment_id":"env_01m2qjjydr1nskhd98t5fj1v9w","pid":73240,"target":"tachyon_serverless_provider_process"}
{"timestamp":"2026-09-17T11:38:46.340411Z","level":"INFO","message":"terminating bridge","environment_id":"env_01m2qjjydr1nskhd98t5fj1v9w","pid":73240,"reason":"Shutdown","graceful":true,"target":"tachyon_serverless_provider_process"}
{"timestamp":"2026-09-17T11:38:46.349241Z","level":"INFO","message":"asynchronous invocation rescheduled","invocation_id":"inv_01m2qjjy9fvchhsxeg48vjtyqq","next_attempt_at":"2026-09-17T11:38:46.582676+00:00","counted":false,"error_type":"Host.GatewayShutdown","target":"tachyon_serverless_application::services::invoke_async::dispatch"}
{"timestamp":"2026-09-17T11:38:46.354041Z","level":"INFO","message":"async dispatch: delivery handled","message_id":"inv_01m2qjjy9fvchhsxeg48vjtyqq","sequence":7,"delivery_count":1,"outcome":"Rescheduled { next_attempt_at: 2026-09-17T11:38:46.582676Z, counted: false }","target":"tachyon_serverless_application::services::invoke_async::dispatch"}
{"timestamp":"2026-09-17T11:38:48.845092Z","level":"INFO","message":"asynchronous invocation rescheduled","invocation_id":"inv_01m2qjjybk5bz9h53gr6vjfdms","next_attempt_at":"2026-09-17T11:38:48.944783+00:00","counted":false,"error_type":"Host.GatewayShutdown","target":"tachyon_serverless_application::services::invoke_async::dispatch"}
{"timestamp":"2026-09-17T11:38:48.851162Z","level":"INFO","message":"async dispatch: delivery handled","message_id":"inv_01m2qjjybk5bz9h53gr6vjfdms","sequence":8,"delivery_count":1,"outcome":"Rescheduled { next_attempt_at: 2026-09-17T11:38:48.944783Z, counted: false }","target":"tachyon_serverless_application::services::invoke_async::dispatch"}
{"timestamp":"2026-09-17T11:38:48.856891Z","level":"INFO","message":"final usage collection","report":"CollectReport { batches: 1, read: 1, inserted: 1, duplicates: 0, cursor_seq: 47 }","target":"tachyon_serverless_gateway"}
{"timestamp":"2026-09-17T11:38:48.857605Z","level":"INFO","message":"gateway stopped","target":"tachyon_serverless_gateway"}
{"timestamp":"2026-09-17T11:38:48.857697Z","level":"INFO","message":"event: closed","target":"async_nats"}

===== a start (failpoints: accept.after_object_put=kill) 11:38:48 =====
{"timestamp":"2026-09-17T11:38:48.883420Z","level":"INFO","message":"configuration loaded","config":"/private/var/folders/z7/khzdjrt95cg_fcmcnh4j1b5h0000gn/T/tsls-chaos.w4Zqr4/gw-a.toml","target":"tachyon_serverless_gateway"}
{"timestamp":"2026-09-17T11:38:48.885347Z","level":"INFO","message":"connected successfully","server":"57238","max_payload":"1048576","target":"async_nats::connector"}
{"timestamp":"2026-09-17T11:38:48.885434Z","level":"INFO","message":"event: connected","target":"async_nats"}
{"timestamp":"2026-09-17T11:38:48.898969Z","level":"INFO","message":"JetStream queue connected and stream bootstrapped","url":"nats://127.0.0.1:57238","stream":"TACHYON_EVENTS","target":"tachyon_serverless_gateway::durable"}
{"timestamp":"2026-09-17T11:38:48.900229Z","level":"INFO","message":"state store opened","path":"/private/var/folders/z7/khzdjrt95cg_fcmcnh4j1b5h0000gn/T/tsls-chaos.w4Zqr4/data/state.db","schema_version":8,"migrations_applied":"[]","imported_state_json":"None","settled_invocations":0,"settled_attempts":0,"settled_environments":0,"released_leases":0,"dropped_idempotency_keys":0,"purged_idempotency_keys":0,"outputs_purged":0,"target":"tachyon_serverless_application::app"}
{"timestamp":"2026-09-17T11:38:48.900534Z","level":"INFO","message":"dispatcher registered","dispatcher_id":"dsp_01m2qjk1648srp2173qje1p733","instance":"chaos-a","pid":73298,"lease_ttl_seconds":6,"target":"tachyon_serverless_application::services::dispatcher"}
{"timestamp":"2026-09-17T11:38:48.900812Z","level":"WARN","message":"reclaimed the work of dispatchers that lost their lease","dispatcher_id":"dsp_01m2qjk1648srp2173qje1p733","reclaimed_dispatchers":"[DispatcherId(dsp_01m2qjjrbwka0zdyjat97fdpza)]","leases":0,"invocations":0,"attempts":0,"fenced":0,"target":"tachyon_serverless_application::services::dispatcher"}
{"timestamp":"2026-09-17T11:38:48.901569Z","level":"WARN","message":"failpoint armed from TSLS_FAILPOINTS","name":"accept.after_object_put","action":"Kill","count":"None","target":"tachyon_serverless_application::failpoints"}
{"timestamp":"2026-09-17T11:38:48.901643Z","level":"INFO","message":"application bootstrapped","profile":"dev","provider":"process","dev_only":true,"environment_reuse":false,"reuse_verified":false,"reuse_reason":"[pool] enabled is false","reuse_disabled":"Some(Configuration)","idle_quiesce":"unsupported","idle_resume":"unsupported","data_dir":"/private/var/folders/z7/khzdjrt95cg_fcmcnh4j1b5h0000gn/T/tsls-chaos.w4Zqr4/data","store":"sqlite","dispatcher_id":"dsp_01m2qjk1648srp2173qje1p733","node":"local","node_region":"none","node_memory_mib":"None","max_concurrency":8,"queue":"nats","objects":"filesystem","invoke_async":true,"triggers":true,"target":"tachyon_serverless_application::app"}
{"timestamp":"2026-09-17T11:38:48.901870Z","level":"INFO","message":"startup reconcile finished","provider":"process","found":0,"adopted":0,"terminated":0,"disowned":0,"failed":0,"lost":0,"foreign":0,"reclaimed_dispatchers":0,"fenced_terminated":0,"fenced_pending":0,"target":"tachyon_serverless_application::services::reconcile"}
{"timestamp":"2026-09-17T11:38:48.901917Z","level":"INFO","message":"gateway listening","addr":"127.0.0.1:57242","profile":"dev","provider":"process","target":"tachyon_serverless_gateway"}
{"timestamp":"2026-09-17T11:38:48.902909Z","level":"INFO","message":"asynchronous dispatcher started","workers":2,"owner":"dsp_01m2qjk1648srp2173qje1p733","target":"tachyon_serverless_gateway"}
{"timestamp":"2026-09-17T11:38:48.909769Z","level":"INFO","message":"asynchronous run claimed","invocation_id":"inv_01m2qjjyejx97q2y19t8gpvg0a","attempt":1,"generation":0,"delivery_count":1,"target":"tachyon_serverless_application::services::invoke_async::dispatch"}
{"timestamp":"2026-09-17T11:38:48.910051Z","level":"INFO","message":"asynchronous run claimed","invocation_id":"inv_01m2qjjyc3ws4d2a23c7jxyncz","attempt":1,"generation":0,"delivery_count":1,"target":"tachyon_serverless_application::services::invoke_async::dispatch"}
{"timestamp":"2026-09-17T11:38:49.049634Z","level":"INFO","message":"bridge spawned","environment_id":"env_01m2qjk16errh9n869x2ffcca1","pid":73306,"target":"tachyon_serverless_provider_process"}
{"timestamp":"2026-09-17T11:38:49.054062Z","level":"INFO","message":"bridge spawned","environment_id":"env_01m2qjk16j1kmvmgqvkka10qvv","pid":73307,"target":"tachyon_serverless_provider_process"}
{"timestamp":"2026-09-17T11:38:49.059694Z","level":"INFO","message":"invocation finished","invocation_id":"inv_01m2qjjyejx97q2y19t8gpvg0a","status":"succeeded (async run)","handler_ms":0,"environment_boot_ms":4,"runtime_init_ms":4,"target":"tachyon_serverless_application::services::invoke"}
{"timestamp":"2026-09-17T11:38:49.061241Z","level":"INFO","message":"terminating bridge","environment_id":"env_01m2qjk16errh9n869x2ffcca1","pid":73306,"reason":"Completed","graceful":true,"target":"tachyon_serverless_provider_process"}
{"timestamp":"2026-09-17T11:38:49.064413Z","level":"INFO","message":"asynchronous invocation settled","invocation_id":"inv_01m2qjjyejx97q2y19t8gpvg0a","status":"succeeded","target":"tachyon_serverless_application::services::invoke_async::dispatch"}
{"timestamp":"2026-09-17T11:38:49.065548Z","level":"INFO","message":"invocation finished","invocation_id":"inv_01m2qjjyc3ws4d2a23c7jxyncz","status":"succeeded (async run)","handler_ms":1,"environment_boot_ms":3,"runtime_init_ms":4,"target":"tachyon_serverless_application::services::invoke"}
{"timestamp":"2026-09-17T11:38:49.067091Z","level":"INFO","message":"terminating bridge","environment_id":"env_01m2qjk16j1kmvmgqvkka10qvv","pid":73307,"reason":"Completed","graceful":true,"target":"tachyon_serverless_provider_process"}
{"timestamp":"2026-09-17T11:38:49.074052Z","level":"INFO","message":"async dispatch: delivery handled","message_id":"inv_01m2qjjyejx97q2y19t8gpvg0a","sequence":10,"delivery_count":1,"outcome":"Completed { status: \"succeeded\" }","target":"tachyon_serverless_application::services::invoke_async::dispatch"}
{"timestamp":"2026-09-17T11:38:49.080137Z","level":"INFO","message":"asynchronous run claimed","invocation_id":"inv_01m2qjjy9fvchhsxeg48vjtyqq","attempt":1,"generation":1,"delivery_count":1,"target":"tachyon_serverless_application::services::invoke_async::dispatch"}
{"timestamp":"2026-09-17T11:38:49.082148Z","level":"INFO","message":"asynchronous invocation settled","invocation_id":"inv_01m2qjjyc3ws4d2a23c7jxyncz","status":"succeeded","target":"tachyon_serverless_application::services::invoke_async::dispatch"}
{"timestamp":"2026-09-17T11:38:49.087613Z","level":"INFO","message":"async dispatch: delivery handled","message_id":"inv_01m2qjjyc3ws4d2a23c7jxyncz","sequence":9,"delivery_count":1,"outcome":"Completed { status: \"succeeded\" }","target":"tachyon_serverless_application::services::invoke_async::dispatch"}
{"timestamp":"2026-09-17T11:38:49.088231Z","level":"INFO","message":"asynchronous run claimed","invocation_id":"inv_01m2qjjybk5bz9h53gr6vjfdms","attempt":1,"generation":1,"delivery_count":1,"target":"tachyon_serverless_application::services::invoke_async::dispatch"}
{"timestamp":"2026-09-17T11:38:49.204118Z","level":"ERROR","message":"failpoint fired: SIGKILL","name":"accept.after_object_put","target":"tachyon_serverless_application::failpoints"}

===== a start (failpoints: none) 11:38:49 =====
{"timestamp":"2026-09-17T11:38:49.227413Z","level":"INFO","message":"configuration loaded","config":"/private/var/folders/z7/khzdjrt95cg_fcmcnh4j1b5h0000gn/T/tsls-chaos.w4Zqr4/gw-a.toml","target":"tachyon_serverless_gateway"}
{"timestamp":"2026-09-17T11:38:49.229359Z","level":"INFO","message":"connected successfully","server":"57238","max_payload":"1048576","target":"async_nats::connector"}
{"timestamp":"2026-09-17T11:38:49.229446Z","level":"INFO","message":"event: connected","target":"async_nats"}
{"timestamp":"2026-09-17T11:38:49.238233Z","level":"INFO","message":"JetStream queue connected and stream bootstrapped","url":"nats://127.0.0.1:57238","stream":"TACHYON_EVENTS","target":"tachyon_serverless_gateway::durable"}
{"timestamp":"2026-09-17T11:38:49.240176Z","level":"INFO","message":"state store opened","path":"/private/var/folders/z7/khzdjrt95cg_fcmcnh4j1b5h0000gn/T/tsls-chaos.w4Zqr4/data/state.db","schema_version":8,"migrations_applied":"[]","imported_state_json":"None","settled_invocations":0,"settled_attempts":0,"settled_environments":0,"released_leases":0,"dropped_idempotency_keys":0,"purged_idempotency_keys":0,"outputs_purged":0,"target":"tachyon_serverless_application::app"}
{"timestamp":"2026-09-17T11:38:49.240446Z","level":"INFO","message":"dispatcher registered","dispatcher_id":"dsp_01m2qjk1gr39cawr3g344ph5bf","instance":"chaos-a","pid":73333,"lease_ttl_seconds":6,"target":"tachyon_serverless_application::services::dispatcher"}
{"timestamp":"2026-09-17T11:38:49.241080Z","level":"WARN","message":"reclaimed the work of dispatchers that lost their lease","dispatcher_id":"dsp_01m2qjk1gr39cawr3g344ph5bf","reclaimed_dispatchers":"[DispatcherId(dsp_01m2qjk1648srp2173qje1p733)]","leases":0,"invocations":0,"attempts":0,"fenced":2,"target":"tachyon_serverless_application::services::dispatcher"}
{"timestamp":"2026-09-17T11:38:49.242376Z","level":"INFO","message":"application bootstrapped","profile":"dev","provider":"process","dev_only":true,"environment_reuse":false,"reuse_verified":false,"reuse_reason":"[pool] enabled is false","reuse_disabled":"Some(Configuration)","idle_quiesce":"unsupported","idle_resume":"unsupported","data_dir":"/private/var/folders/z7/khzdjrt95cg_fcmcnh4j1b5h0000gn/T/tsls-chaos.w4Zqr4/data","store":"sqlite","dispatcher_id":"dsp_01m2qjk1gr39cawr3g344ph5bf","node":"local","node_region":"none","node_memory_mib":"None","max_concurrency":8,"queue":"nats","objects":"filesystem","invoke_async":true,"triggers":true,"target":"tachyon_serverless_application::app"}
{"timestamp":"2026-09-17T11:38:49.242827Z","level":"INFO","message":"fenced environment terminated and settled","environment_id":"env_01m2qjk1brmbd6py7q6ncaene2","owner":"Some(DispatcherId(dsp_01m2qjk1648srp2173qje1p733))","was_running":false,"target":"tachyon_serverless_application::services::reconcile"}
{"timestamp":"2026-09-17T11:38:49.243015Z","level":"INFO","message":"fenced environment terminated and settled","environment_id":"env_01m2qjk1c00hawp2hyjjgmvs9q","owner":"Some(DispatcherId(dsp_01m2qjk1648srp2173qje1p733))","was_running":false,"target":"tachyon_serverless_application::services::reconcile"}
{"timestamp":"2026-09-17T11:38:49.243137Z","level":"INFO","message":"startup reconcile finished","provider":"process","found":0,"adopted":0,"terminated":0,"disowned":0,"failed":0,"lost":0,"foreign":0,"reclaimed_dispatchers":0,"fenced_terminated":2,"fenced_pending":0,"target":"tachyon_serverless_application::services::reconcile"}
{"timestamp":"2026-09-17T11:38:49.243190Z","level":"INFO","message":"gateway listening","addr":"127.0.0.1:57242","profile":"dev","provider":"process","target":"tachyon_serverless_gateway"}
{"timestamp":"2026-09-17T11:38:49.244234Z","level":"INFO","message":"asynchronous dispatcher started","workers":2,"owner":"dsp_01m2qjk1gr39cawr3g344ph5bf","target":"tachyon_serverless_gateway"}
{"timestamp":"2026-09-17T11:38:49.518708Z","level":"INFO","message":"trigger updated","trigger_id":"trg_01m2qjjwqp3jq41qkwq7p35xkj","generation":3,"status":"enabled","next_fire_at":"Some(2026-09-17T11:38:50Z)","rotated_secret":false,"target":"tachyon_serverless_application::services::triggers"}
{"timestamp":"2026-09-17T11:38:50.003613Z","level":"INFO","message":"asynchronous invocation accepted","invocation_id":"inv_01m2qjk28jpvwg3s0j034rs17j","tenant_id":"tn_01hzzzzzzzzzzzzzzzzzzzzzza","revision_id":"rev_01m2qjjvbpcyvk1401ger3bh7w","input_bytes":180,"input_storage":"inline","target":"tachyon_serverless_application::services::invoke_async"}
{"timestamp":"2026-09-17T11:38:50.003654Z","level":"INFO","message":"cron trigger fired","trigger_id":"trg_01m2qjjwqp3jq41qkwq7p35xkj","scheduled_at":"2026-09-17T11:38:50Z","invocation_id":"inv_01m2qjk28jpvwg3s0j034rs17j","revision_id":"rev_01m2qjjvbpcyvk1401ger3bh7w","replayed":false,"target":"tachyon_serverless_application::services::triggers"}
{"timestamp":"2026-09-17T11:38:50.010869Z","level":"INFO","message":"asynchronous run claimed","invocation_id":"inv_01m2qjk28jpvwg3s0j034rs17j","attempt":1,"generation":0,"delivery_count":1,"target":"tachyon_serverless_application::services::invoke_async::dispatch"}
{"timestamp":"2026-09-17T11:38:50.164571Z","level":"INFO","message":"bridge spawned","environment_id":"env_01m2qjk28v6g5afmvnnkp20cdx","pid":73350,"target":"tachyon_serverless_provider_process"}
{"timestamp":"2026-09-17T11:38:50.177055Z","level":"INFO","message":"invocation finished","invocation_id":"inv_01m2qjk28jpvwg3s0j034rs17j","status":"succeeded (async run)","handler_ms":0,"environment_boot_ms":5,"runtime_init_ms":6,"target":"tachyon_serverless_application::services::invoke"}
{"timestamp":"2026-09-17T11:38:50.178664Z","level":"INFO","message":"terminating bridge","environment_id":"env_01m2qjk28v6g5afmvnnkp20cdx","pid":73350,"reason":"Completed","graceful":true,"target":"tachyon_serverless_provider_process"}
{"timestamp":"2026-09-17T11:38:50.181466Z","level":"INFO","message":"asynchronous invocation settled","invocation_id":"inv_01m2qjk28jpvwg3s0j034rs17j","status":"succeeded","target":"tachyon_serverless_application::services::invoke_async::dispatch"}
{"timestamp":"2026-09-17T11:38:50.187082Z","level":"INFO","message":"async dispatch: delivery handled","message_id":"inv_01m2qjk28jpvwg3s0j034rs17j","sequence":13,"delivery_count":1,"outcome":"Completed { status: \"succeeded\" }","target":"tachyon_serverless_application::services::invoke_async::dispatch"}
{"timestamp":"2026-09-17T11:38:52.005404Z","level":"INFO","message":"asynchronous invocation accepted","invocation_id":"inv_01m2qjk474zbcqh8jq2whm6nde","tenant_id":"tn_01hzzzzzzzzzzzzzzzzzzzzzza","revision_id":"rev_01m2qjjvbpcyvk1401ger3bh7w","input_bytes":180,"input_storage":"inline","target":"tachyon_serverless_application::services::invoke_async"}
{"timestamp":"2026-09-17T11:38:52.005488Z","level":"INFO","message":"cron trigger fired","trigger_id":"trg_01m2qjjwqp3jq41qkwq7p35xkj","scheduled_at":"2026-09-17T11:38:52Z","invocation_id":"inv_01m2qjk474zbcqh8jq2whm6nde","revision_id":"rev_01m2qjjvbpcyvk1401ger3bh7w","replayed":false,"target":"tachyon_serverless_application::services::triggers"}
{"timestamp":"2026-09-17T11:38:52.015289Z","level":"INFO","message":"asynchronous run claimed","invocation_id":"inv_01m2qjk474zbcqh8jq2whm6nde","attempt":1,"generation":0,"delivery_count":1,"target":"tachyon_serverless_application::services::invoke_async::dispatch"}
{"timestamp":"2026-09-17T11:38:52.369388Z","level":"INFO","message":"bridge spawned","environment_id":"env_01m2qjk47jxwxcx8bf1kk5yeq1","pid":73361,"target":"tachyon_serverless_provider_process"}
{"timestamp":"2026-09-17T11:38:52.394881Z","level":"INFO","message":"invocation finished","invocation_id":"inv_01m2qjk474zbcqh8jq2whm6nde","status":"succeeded (async run)","handler_ms":1,"environment_boot_ms":9,"runtime_init_ms":12,"target":"tachyon_serverless_application::services::invoke"}
{"timestamp":"2026-09-17T11:38:52.396917Z","level":"INFO","message":"terminating bridge","environment_id":"env_01m2qjk47jxwxcx8bf1kk5yeq1","pid":73361,"reason":"Completed","graceful":true,"target":"tachyon_serverless_provider_process"}
{"timestamp":"2026-09-17T11:38:52.403261Z","level":"INFO","message":"asynchronous invocation settled","invocation_id":"inv_01m2qjk474zbcqh8jq2whm6nde","status":"succeeded","target":"tachyon_serverless_application::services::invoke_async::dispatch"}
{"timestamp":"2026-09-17T11:38:52.412962Z","level":"INFO","message":"async dispatch: delivery handled","message_id":"inv_01m2qjk474zbcqh8jq2whm6nde","sequence":14,"delivery_count":1,"outcome":"Completed { status: \"succeeded\" }","target":"tachyon_serverless_application::services::invoke_async::dispatch"}
{"timestamp":"2026-09-17T11:38:52.934806Z","level":"INFO","message":"bridge spawned","environment_id":"env_01m2qjk4rv62aj7xwvxwt6051h","pid":73382,"target":"tachyon_serverless_provider_process"}
{"timestamp":"2026-09-17T11:38:52.934806Z","level":"INFO","message":"bridge spawned","environment_id":"env_01m2qjk4rvm7vvkjdy75nsz50j","pid":73381,"target":"tachyon_serverless_provider_process"}
{"timestamp":"2026-09-17T11:38:53.079220Z","level":"INFO","message":"asynchronous run claimed","invocation_id":"inv_01m2qjjy9fvchhsxeg48vjtyqq","attempt":2,"generation":1,"delivery_count":2,"target":"tachyon_serverless_application::services::invoke_async::dispatch"}
{"timestamp":"2026-09-17T11:38:53.091399Z","level":"INFO","message":"asynchronous run claimed","invocation_id":"inv_01m2qjjybk5bz9h53gr6vjfdms","attempt":2,"generation":1,"delivery_count":2,"target":"tachyon_serverless_application::services::invoke_async::dispatch"}
{"timestamp":"2026-09-17T11:38:53.459711Z","level":"INFO","message":"bridge spawned","environment_id":"env_01m2qjk593met4ea5hcjqvkhc1","pid":73400,"target":"tachyon_serverless_provider_process"}
{"timestamp":"2026-09-17T11:38:53.467466Z","level":"INFO","message":"bridge spawned","environment_id":"env_01m2qjk58qxver5rx0x5wxnbf6","pid":73401,"target":"tachyon_serverless_provider_process"}
{"timestamp":"2026-09-17T11:38:53.485435Z","level":"INFO","message":"invocation finished","invocation_id":"inv_01m2qjjybk5bz9h53gr6vjfdms","status":"succeeded (async run)","handler_ms":1,"environment_boot_ms":8,"runtime_init_ms":13,"target":"tachyon_serverless_application::services::invoke"}
{"timestamp":"2026-09-17T11:38:53.487450Z","level":"INFO","message":"terminating bridge","environment_id":"env_01m2qjk593met4ea5hcjqvkhc1","pid":73400,"reason":"Completed","graceful":true,"target":"tachyon_serverless_provider_process"}
{"timestamp":"2026-09-17T11:38:53.495255Z","level":"INFO","message":"asynchronous invocation settled","invocation_id":"inv_01m2qjjybk5bz9h53gr6vjfdms","status":"succeeded","target":"tachyon_serverless_application::services::invoke_async::dispatch"}
{"timestamp":"2026-09-17T11:38:53.502162Z","level":"INFO","message":"async dispatch: delivery handled","message_id":"inv_01m2qjjybk5bz9h53gr6vjfdms.g1","sequence":12,"delivery_count":2,"outcome":"Completed { status: \"succeeded\" }","target":"tachyon_serverless_application::services::invoke_async::dispatch"}
{"timestamp":"2026-09-17T11:38:53.509931Z","level":"INFO","message":"invocation finished","invocation_id":"inv_01m2qjjy9fvchhsxeg48vjtyqq","status":"succeeded (async run)","handler_ms":6,"environment_boot_ms":15,"runtime_init_ms":17,"target":"tachyon_serverless_application::services::invoke"}
{"timestamp":"2026-09-17T11:38:53.511892Z","level":"INFO","message":"terminating bridge","environment_id":"env_01m2qjk58qxver5rx0x5wxnbf6","pid":73401,"reason":"Completed","graceful":true,"target":"tachyon_serverless_provider_process"}
{"timestamp":"2026-09-17T11:38:53.529038Z","level":"INFO","message":"asynchronous invocation settled","invocation_id":"inv_01m2qjjy9fvchhsxeg48vjtyqq","status":"succeeded","target":"tachyon_serverless_application::services::invoke_async::dispatch"}
{"timestamp":"2026-09-17T11:38:53.536320Z","level":"INFO","message":"async dispatch: delivery handled","message_id":"inv_01m2qjjy9fvchhsxeg48vjtyqq.g1","sequence":11,"delivery_count":2,"outcome":"Completed { status: \"succeeded\" }","target":"tachyon_serverless_application::services::invoke_async::dispatch"}
{"timestamp":"2026-09-17T11:38:54.006416Z","level":"INFO","message":"asynchronous invocation accepted","invocation_id":"inv_01m2qjk65m0qgw23980sg4sdvw","tenant_id":"tn_01hzzzzzzzzzzzzzzzzzzzzzza","revision_id":"rev_01m2qjjvbpcyvk1401ger3bh7w","input_bytes":180,"input_storage":"inline","target":"tachyon_serverless_application::services::invoke_async"}
{"timestamp":"2026-09-17T11:38:54.006513Z","level":"INFO","message":"cron trigger fired","trigger_id":"trg_01m2qjjwqp3jq41qkwq7p35xkj","scheduled_at":"2026-09-17T11:38:54Z","invocation_id":"inv_01m2qjk65m0qgw23980sg4sdvw","revision_id":"rev_01m2qjjvbpcyvk1401ger3bh7w","replayed":false,"target":"tachyon_serverless_application::services::triggers"}
{"timestamp":"2026-09-17T11:38:54.019362Z","level":"INFO","message":"asynchronous run claimed","invocation_id":"inv_01m2qjk65m0qgw23980sg4sdvw","attempt":1,"generation":0,"delivery_count":1,"target":"tachyon_serverless_application::services::invoke_async::dispatch"}
{"timestamp":"2026-09-17T11:38:54.379943Z","level":"INFO","message":"bridge spawned","environment_id":"env_01m2qjk663mtdr50ex52cj0khk","pid":73414,"target":"tachyon_serverless_provider_process"}
{"timestamp":"2026-09-17T11:38:54.402524Z","level":"INFO","message":"invocation finished","invocation_id":"inv_01m2qjk65m0qgw23980sg4sdvw","status":"succeeded (async run)","handler_ms":1,"environment_boot_ms":8,"runtime_init_ms":11,"target":"tachyon_serverless_application::services::invoke"}
{"timestamp":"2026-09-17T11:38:54.404652Z","level":"INFO","message":"terminating bridge","environment_id":"env_01m2qjk663mtdr50ex52cj0khk","pid":73414,"reason":"Completed","graceful":true,"target":"tachyon_serverless_provider_process"}
{"timestamp":"2026-09-17T11:38:54.410166Z","level":"INFO","message":"asynchronous invocation settled","invocation_id":"inv_01m2qjk65m0qgw23980sg4sdvw","status":"succeeded","target":"tachyon_serverless_application::services::invoke_async::dispatch"}
{"timestamp":"2026-09-17T11:38:54.417123Z","level":"INFO","message":"async dispatch: delivery handled","message_id":"inv_01m2qjk65m0qgw23980sg4sdvw","sequence":15,"delivery_count":1,"outcome":"Completed { status: \"succeeded\" }","target":"tachyon_serverless_application::services::invoke_async::dispatch"}
{"timestamp":"2026-09-17T11:38:54.801664Z","level":"INFO","message":"asynchronous invocation accepted","invocation_id":"inv_01m2qjk6xy7w9t6376jeaxhhh7","tenant_id":"tn_01hzzzzzzzzzzzzzzzzzzzzzza","revision_id":"rev_01m2qjjskyng4cpegbmaxqfs1p","input_bytes":4127,"input_storage":"object","target":"tachyon_serverless_application::services::invoke_async"}
{"timestamp":"2026-09-17T11:38:54.936789Z","level":"INFO","message":"asynchronous invocation accepted","invocation_id":"inv_01m2qjk727jzhrs2yn0r4xa0eh","tenant_id":"tn_01hzzzzzzzzzzzzzzzzzzzzzza","revision_id":"rev_01m2qjjskyng4cpegbmaxqfs1p","input_bytes":4127,"input_storage":"object","target":"tachyon_serverless_application::services::invoke_async"}
{"timestamp":"2026-09-17T11:38:55.074919Z","level":"INFO","message":"asynchronous invocation accepted","invocation_id":"inv_01m2qjk76h1wfc80ejzwmpmcta","tenant_id":"tn_01hzzzzzzzzzzzzzzzzzzzzzza","revision_id":"rev_01m2qjjskyng4cpegbmaxqfs1p","input_bytes":4127,"input_storage":"object","target":"tachyon_serverless_application::services::invoke_async"}
{"timestamp":"2026-09-17T11:38:56.005238Z","level":"INFO","message":"asynchronous invocation accepted","invocation_id":"inv_01m2qjk8435pvqfrjb5jvja30k","tenant_id":"tn_01hzzzzzzzzzzzzzzzzzzzzzza","revision_id":"rev_01m2qjjvbpcyvk1401ger3bh7w","input_bytes":180,"input_storage":"inline","target":"tachyon_serverless_application::services::invoke_async"}
{"timestamp":"2026-09-17T11:38:56.005305Z","level":"INFO","message":"cron trigger fired","trigger_id":"trg_01m2qjjwqp3jq41qkwq7p35xkj","scheduled_at":"2026-09-17T11:38:56Z","invocation_id":"inv_01m2qjk8435pvqfrjb5jvja30k","revision_id":"rev_01m2qjjvbpcyvk1401ger3bh7w","replayed":false,"target":"tachyon_serverless_application::services::triggers"}
{"timestamp":"2026-09-17T11:38:56.805685Z","level":"WARN","message":"outbox: publish failed","event":"inv_01m2qjk6xy7w9t6376jeaxhhh7","attempts":1,"code":"unavailable","error":"queue unavailable: publish: timed out: didn't receive ack in time","target":"tachyon_serverless_application::services::invoke_async::publisher"}
{"timestamp":"2026-09-17T11:38:58.004294Z","level":"INFO","message":"asynchronous invocation accepted","invocation_id":"inv_01m2qjka2kc3k2ncfytsvn9c8w","tenant_id":"tn_01hzzzzzzzzzzzzzzzzzzzzzza","revision_id":"rev_01m2qjjvbpcyvk1401ger3bh7w","input_bytes":180,"input_storage":"inline","target":"tachyon_serverless_application::services::invoke_async"}
{"timestamp":"2026-09-17T11:38:58.004373Z","level":"INFO","message":"cron trigger fired","trigger_id":"trg_01m2qjjwqp3jq41qkwq7p35xkj","scheduled_at":"2026-09-17T11:38:58Z","invocation_id":"inv_01m2qjka2kc3k2ncfytsvn9c8w","revision_id":"rev_01m2qjjvbpcyvk1401ger3bh7w","replayed":false,"target":"tachyon_serverless_application::services::triggers"}
{"timestamp":"2026-09-17T11:38:58.808891Z","level":"WARN","message":"outbox: publish failed","event":"inv_01m2qjk727jzhrs2yn0r4xa0eh","attempts":1,"code":"unavailable","error":"queue unavailable: publish: timed out: didn't receive ack in time","target":"tachyon_serverless_application::services::invoke_async::publisher"}

===== a start (failpoints: none) 11:38:59 =====
{"timestamp":"2026-09-17T11:38:59.251465Z","level":"INFO","message":"configuration loaded","config":"/private/var/folders/z7/khzdjrt95cg_fcmcnh4j1b5h0000gn/T/tsls-chaos.w4Zqr4/gw-a.toml","target":"tachyon_serverless_gateway"}
{"timestamp":"2026-09-17T11:38:59.254079Z","level":"INFO","message":"connected successfully","server":"57238","max_payload":"1048576","target":"async_nats::connector"}
{"timestamp":"2026-09-17T11:38:59.254268Z","level":"INFO","message":"event: connected","target":"async_nats"}
{"timestamp":"2026-09-17T11:38:59.268898Z","level":"INFO","message":"JetStream queue connected and stream bootstrapped","url":"nats://127.0.0.1:57238","stream":"TACHYON_EVENTS","target":"tachyon_serverless_gateway::durable"}
{"timestamp":"2026-09-17T11:38:59.272540Z","level":"INFO","message":"state store opened","path":"/private/var/folders/z7/khzdjrt95cg_fcmcnh4j1b5h0000gn/T/tsls-chaos.w4Zqr4/data/state.db","schema_version":8,"migrations_applied":"[]","imported_state_json":"None","settled_invocations":0,"settled_attempts":0,"settled_environments":0,"released_leases":0,"dropped_idempotency_keys":0,"purged_idempotency_keys":0,"outputs_purged":0,"target":"tachyon_serverless_application::app"}
{"timestamp":"2026-09-17T11:38:59.273031Z","level":"INFO","message":"dispatcher registered","dispatcher_id":"dsp_01m2qjkba8vc7sqpq6fx7kjhm5","instance":"chaos-a","pid":73600,"lease_ttl_seconds":6,"target":"tachyon_serverless_application::services::dispatcher"}
{"timestamp":"2026-09-17T11:38:59.276021Z","level":"WARN","message":"reclaimed the work of dispatchers that lost their lease","dispatcher_id":"dsp_01m2qjkba8vc7sqpq6fx7kjhm5","reclaimed_dispatchers":"[DispatcherId(dsp_01m2qjk1gr39cawr3g344ph5bf)]","leases":2,"invocations":2,"attempts":2,"fenced":2,"target":"tachyon_serverless_application::services::dispatcher"}
{"timestamp":"2026-09-17T11:38:59.279913Z","level":"INFO","message":"application bootstrapped","profile":"dev","provider":"process","dev_only":true,"environment_reuse":false,"reuse_verified":false,"reuse_reason":"[pool] enabled is false","reuse_disabled":"Some(Configuration)","idle_quiesce":"unsupported","idle_resume":"unsupported","data_dir":"/private/var/folders/z7/khzdjrt95cg_fcmcnh4j1b5h0000gn/T/tsls-chaos.w4Zqr4/data","store":"sqlite","dispatcher_id":"dsp_01m2qjkba8vc7sqpq6fx7kjhm5","node":"local","node_region":"none","node_memory_mib":"None","max_concurrency":8,"queue":"nats","objects":"filesystem","invoke_async":true,"triggers":true,"target":"tachyon_serverless_application::app"}
{"timestamp":"2026-09-17T11:38:59.281887Z","level":"INFO","message":"fenced environment terminated and settled","environment_id":"env_01m2qjk4rv62aj7xwvxwt6051h","owner":"Some(DispatcherId(dsp_01m2qjk1gr39cawr3g344ph5bf))","was_running":false,"target":"tachyon_serverless_application::services::reconcile"}
{"timestamp":"2026-09-17T11:38:59.283049Z","level":"INFO","message":"fenced environment terminated and settled","environment_id":"env_01m2qjk4rvm7vvkjdy75nsz50j","owner":"Some(DispatcherId(dsp_01m2qjk1gr39cawr3g344ph5bf))","was_running":false,"target":"tachyon_serverless_application::services::reconcile"}
{"timestamp":"2026-09-17T11:38:59.283450Z","level":"INFO","message":"startup reconcile finished","provider":"process","found":0,"adopted":0,"terminated":0,"disowned":0,"failed":0,"lost":0,"foreign":0,"reclaimed_dispatchers":0,"fenced_terminated":2,"fenced_pending":0,"target":"tachyon_serverless_application::services::reconcile"}
{"timestamp":"2026-09-17T11:38:59.283588Z","level":"INFO","message":"gateway listening","addr":"127.0.0.1:57242","profile":"dev","provider":"process","target":"tachyon_serverless_gateway"}
{"timestamp":"2026-09-17T11:38:59.286185Z","level":"INFO","message":"asynchronous dispatcher started","workers":2,"owner":"dsp_01m2qjkba8vc7sqpq6fx7kjhm5","target":"tachyon_serverless_gateway"}
{"timestamp":"2026-09-17T11:38:59.297691Z","level":"INFO","message":"asynchronous run claimed","invocation_id":"inv_01m2qjk727jzhrs2yn0r4xa0eh","attempt":1,"generation":0,"delivery_count":1,"target":"tachyon_serverless_application::services::invoke_async::dispatch"}
{"timestamp":"2026-09-17T11:38:59.304059Z","level":"INFO","message":"asynchronous run claimed","invocation_id":"inv_01m2qjk6xy7w9t6376jeaxhhh7","attempt":1,"generation":0,"delivery_count":1,"target":"tachyon_serverless_application::services::invoke_async::dispatch"}
{"timestamp":"2026-09-17T11:38:59.313615Z","level":"INFO","message":"outbox: re-published events the broker already had, or whose claim moved on","duplicates":1,"lost_claims":0,"marked":3,"target":"tachyon_serverless_application::services::invoke_async::publisher"}
{"timestamp":"2026-09-17T11:38:59.681346Z","level":"INFO","message":"bridge spawned","environment_id":"env_01m2qjkbbhc0xzx93cq6c16x5x","pid":73631,"target":"tachyon_serverless_provider_process"}
{"timestamp":"2026-09-17T11:38:59.681441Z","level":"INFO","message":"bridge spawned","environment_id":"env_01m2qjkbbh4w931ttssm6t4m73","pid":73632,"target":"tachyon_serverless_provider_process"}
{"timestamp":"2026-09-17T11:38:59.706508Z","level":"INFO","message":"invocation finished","invocation_id":"inv_01m2qjk727jzhrs2yn0r4xa0eh","status":"succeeded (async run)","handler_ms":2,"environment_boot_ms":9,"runtime_init_ms":11,"target":"tachyon_serverless_application::services::invoke"}
{"timestamp":"2026-09-17T11:38:59.707684Z","level":"INFO","message":"invocation finished","invocation_id":"inv_01m2qjk6xy7w9t6376jeaxhhh7","status":"succeeded (async run)","handler_ms":2,"environment_boot_ms":10,"runtime_init_ms":10,"target":"tachyon_serverless_application::services::invoke"}
{"timestamp":"2026-09-17T11:38:59.708267Z","level":"INFO","message":"terminating bridge","environment_id":"env_01m2qjkbbhc0xzx93cq6c16x5x","pid":73631,"reason":"Completed","graceful":true,"target":"tachyon_serverless_provider_process"}
{"timestamp":"2026-09-17T11:38:59.709629Z","level":"INFO","message":"terminating bridge","environment_id":"env_01m2qjkbbh4w931ttssm6t4m73","pid":73632,"reason":"Completed","graceful":true,"target":"tachyon_serverless_provider_process"}
{"timestamp":"2026-09-17T11:38:59.715367Z","level":"INFO","message":"asynchronous invocation settled","invocation_id":"inv_01m2qjk727jzhrs2yn0r4xa0eh","status":"succeeded","target":"tachyon_serverless_application::services::invoke_async::dispatch"}
{"timestamp":"2026-09-17T11:38:59.716192Z","level":"INFO","message":"asynchronous invocation settled","invocation_id":"inv_01m2qjk6xy7w9t6376jeaxhhh7","status":"succeeded","target":"tachyon_serverless_application::services::invoke_async::dispatch"}
{"timestamp":"2026-09-17T11:38:59.721574Z","level":"INFO","message":"async dispatch: delivery handled","message_id":"inv_01m2qjk727jzhrs2yn0r4xa0eh","sequence":17,"delivery_count":1,"outcome":"Completed { status: \"succeeded\" }","target":"tachyon_serverless_application::services::invoke_async::dispatch"}
{"timestamp":"2026-09-17T11:38:59.725322Z","level":"INFO","message":"async dispatch: delivery handled","message_id":"inv_01m2qjk6xy7w9t6376jeaxhhh7","sequence":16,"delivery_count":1,"outcome":"Completed { status: \"succeeded\" }","target":"tachyon_serverless_application::services::invoke_async::dispatch"}
{"timestamp":"2026-09-17T11:38:59.731177Z","level":"INFO","message":"asynchronous run claimed","invocation_id":"inv_01m2qjk76h1wfc80ejzwmpmcta","attempt":1,"generation":0,"delivery_count":1,"target":"tachyon_serverless_application::services::invoke_async::dispatch"}
{"timestamp":"2026-09-17T11:38:59.732340Z","level":"INFO","message":"asynchronous run claimed","invocation_id":"inv_01m2qjk8435pvqfrjb5jvja30k","attempt":1,"generation":0,"delivery_count":1,"target":"tachyon_serverless_application::services::invoke_async::dispatch"}
{"timestamp":"2026-09-17T11:39:00.003573Z","level":"INFO","message":"asynchronous invocation accepted","invocation_id":"inv_01m2qjkc12a0d21qbje0149qha","tenant_id":"tn_01hzzzzzzzzzzzzzzzzzzzzzza","revision_id":"rev_01m2qjjvbpcyvk1401ger3bh7w","input_bytes":180,"input_storage":"inline","target":"tachyon_serverless_application::services::invoke_async"}
{"timestamp":"2026-09-17T11:39:00.003657Z","level":"INFO","message":"cron trigger fired","trigger_id":"trg_01m2qjjwqp3jq41qkwq7p35xkj","scheduled_at":"2026-09-17T11:39:00Z","invocation_id":"inv_01m2qjkc12a0d21qbje0149qha","revision_id":"rev_01m2qjjvbpcyvk1401ger3bh7w","replayed":false,"target":"tachyon_serverless_application::services::triggers"}
{"timestamp":"2026-09-17T11:39:00.091645Z","level":"INFO","message":"bridge spawned","environment_id":"env_01m2qjkbrm06mygzjyjnma4jm9","pid":73670,"target":"tachyon_serverless_provider_process"}
{"timestamp":"2026-09-17T11:39:00.106423Z","level":"INFO","message":"bridge spawned","environment_id":"env_01m2qjkbrpnq1c8ex5mv61jmjc","pid":73680,"target":"tachyon_serverless_provider_process"}
{"timestamp":"2026-09-17T11:39:00.116306Z","level":"INFO","message":"invocation finished","invocation_id":"inv_01m2qjk8435pvqfrjb5jvja30k","status":"succeeded (async run)","handler_ms":1,"environment_boot_ms":8,"runtime_init_ms":12,"target":"tachyon_serverless_application::services::invoke"}
{"timestamp":"2026-09-17T11:39:00.118250Z","level":"INFO","message":"terminating bridge","environment_id":"env_01m2qjkbrm06mygzjyjnma4jm9","pid":73670,"reason":"Completed","graceful":true,"target":"tachyon_serverless_provider_process"}
{"timestamp":"2026-09-17T11:39:00.124279Z","level":"INFO","message":"asynchronous invocation settled","invocation_id":"inv_01m2qjk8435pvqfrjb5jvja30k","status":"succeeded","target":"tachyon_serverless_application::services::invoke_async::dispatch"}
{"timestamp":"2026-09-17T11:39:00.136222Z","level":"INFO","message":"async dispatch: delivery handled","message_id":"inv_01m2qjk8435pvqfrjb5jvja30k","sequence":19,"delivery_count":1,"outcome":"Completed { status: \"succeeded\" }","target":"tachyon_serverless_application::services::invoke_async::dispatch"}
{"timestamp":"2026-09-17T11:39:00.137449Z","level":"INFO","message":"asynchronous run claimed","invocation_id":"inv_01m2qjkc12a0d21qbje0149qha","attempt":1,"generation":0,"delivery_count":1,"target":"tachyon_serverless_application::services::invoke_async::dispatch"}
{"timestamp":"2026-09-17T11:39:00.138740Z","level":"INFO","message":"invocation finished","invocation_id":"inv_01m2qjk76h1wfc80ejzwmpmcta","status":"succeeded (async run)","handler_ms":2,"environment_boot_ms":9,"runtime_init_ms":15,"target":"tachyon_serverless_application::services::invoke"}
{"timestamp":"2026-09-17T11:39:00.139911Z","level":"INFO","message":"terminating bridge","environment_id":"env_01m2qjkbrpnq1c8ex5mv61jmjc","pid":73680,"reason":"Completed","graceful":true,"target":"tachyon_serverless_provider_process"}
{"timestamp":"2026-09-17T11:39:00.146111Z","level":"INFO","message":"asynchronous invocation settled","invocation_id":"inv_01m2qjk76h1wfc80ejzwmpmcta","status":"succeeded","target":"tachyon_serverless_application::services::invoke_async::dispatch"}
{"timestamp":"2026-09-17T11:39:00.152520Z","level":"INFO","message":"async dispatch: delivery handled","message_id":"inv_01m2qjk76h1wfc80ejzwmpmcta","sequence":18,"delivery_count":1,"outcome":"Completed { status: \"succeeded\" }","target":"tachyon_serverless_application::services::invoke_async::dispatch"}
{"timestamp":"2026-09-17T11:39:00.546868Z","level":"INFO","message":"bridge spawned","environment_id":"env_01m2qjkc59h8bcefqh9x9bcnzn","pid":73706,"target":"tachyon_serverless_provider_process"}
{"timestamp":"2026-09-17T11:39:00.575429Z","level":"INFO","message":"invocation finished","invocation_id":"inv_01m2qjkc12a0d21qbje0149qha","status":"succeeded (async run)","handler_ms":1,"environment_boot_ms":10,"runtime_init_ms":14,"target":"tachyon_serverless_application::services::invoke"}
{"timestamp":"2026-09-17T11:39:00.577790Z","level":"INFO","message":"terminating bridge","environment_id":"env_01m2qjkc59h8bcefqh9x9bcnzn","pid":73706,"reason":"Completed","graceful":true,"target":"tachyon_serverless_provider_process"}
{"timestamp":"2026-09-17T11:39:00.584721Z","level":"INFO","message":"asynchronous invocation settled","invocation_id":"inv_01m2qjkc12a0d21qbje0149qha","status":"succeeded","target":"tachyon_serverless_application::services::invoke_async::dispatch"}
{"timestamp":"2026-09-17T11:39:00.597822Z","level":"INFO","message":"async dispatch: delivery handled","message_id":"inv_01m2qjkc12a0d21qbje0149qha","sequence":20,"delivery_count":1,"outcome":"Completed { status: \"succeeded\" }","target":"tachyon_serverless_application::services::invoke_async::dispatch"}
{"timestamp":"2026-09-17T11:39:01.893881Z","level":"INFO","message":"asynchronous run claimed","invocation_id":"inv_01m2qjka2kc3k2ncfytsvn9c8w","attempt":1,"generation":0,"delivery_count":1,"target":"tachyon_serverless_application::services::invoke_async::dispatch"}
{"timestamp":"2026-09-17T11:39:02.003947Z","level":"INFO","message":"asynchronous invocation accepted","invocation_id":"inv_01m2qjkdzjwa8r6dx15t7935vq","tenant_id":"tn_01hzzzzzzzzzzzzzzzzzzzzzza","revision_id":"rev_01m2qjjvbpcyvk1401ger3bh7w","input_bytes":180,"input_storage":"inline","target":"tachyon_serverless_application::services::invoke_async"}
{"timestamp":"2026-09-17T11:39:02.004057Z","level":"INFO","message":"cron trigger fired","trigger_id":"trg_01m2qjjwqp3jq41qkwq7p35xkj","scheduled_at":"2026-09-17T11:39:02Z","invocation_id":"inv_01m2qjkdzjwa8r6dx15t7935vq","revision_id":"rev_01m2qjjvbpcyvk1401ger3bh7w","replayed":false,"target":"tachyon_serverless_application::services::triggers"}
{"timestamp":"2026-09-17T11:39:02.024314Z","level":"INFO","message":"asynchronous run claimed","invocation_id":"inv_01m2qjkdzjwa8r6dx15t7935vq","attempt":1,"generation":0,"delivery_count":1,"target":"tachyon_serverless_application::services::invoke_async::dispatch"}
{"timestamp":"2026-09-17T11:39:02.550810Z","level":"INFO","message":"bridge spawned","environment_id":"env_01m2qjkdw9hb1pgvpef6ebfjea","pid":73791,"target":"tachyon_serverless_provider_process"}
{"timestamp":"2026-09-17T11:39:02.573361Z","level":"INFO","message":"bridge spawned","environment_id":"env_01m2qjke09dp5rc0wqy1k6c9ts","pid":73792,"target":"tachyon_serverless_provider_process"}
{"timestamp":"2026-09-17T11:39:02.606631Z","level":"INFO","message":"invocation finished","invocation_id":"inv_01m2qjka2kc3k2ncfytsvn9c8w","status":"succeeded (async run)","handler_ms":2,"environment_boot_ms":22,"runtime_init_ms":31,"target":"tachyon_serverless_application::services::invoke"}
{"timestamp":"2026-09-17T11:39:02.609779Z","level":"INFO","message":"terminating bridge","environment_id":"env_01m2qjkdw9hb1pgvpef6ebfjea","pid":73791,"reason":"Completed","graceful":true,"target":"tachyon_serverless_provider_process"}
{"timestamp":"2026-09-17T11:39:02.612182Z","level":"INFO","message":"invocation finished","invocation_id":"inv_01m2qjkdzjwa8r6dx15t7935vq","status":"succeeded (async run)","handler_ms":2,"environment_boot_ms":17,"runtime_init_ms":19,"target":"tachyon_serverless_application::services::invoke"}
{"timestamp":"2026-09-17T11:39:02.613012Z","level":"INFO","message":"terminating bridge","environment_id":"env_01m2qjke09dp5rc0wqy1k6c9ts","pid":73792,"reason":"Completed","graceful":true,"target":"tachyon_serverless_provider_process"}
{"timestamp":"2026-09-17T11:39:02.621728Z","level":"INFO","message":"asynchronous invocation settled","invocation_id":"inv_01m2qjka2kc3k2ncfytsvn9c8w","status":"succeeded","target":"tachyon_serverless_application::services::invoke_async::dispatch"}
{"timestamp":"2026-09-17T11:39:02.632511Z","level":"INFO","message":"async dispatch: delivery handled","message_id":"inv_01m2qjka2kc3k2ncfytsvn9c8w","sequence":21,"delivery_count":1,"outcome":"Completed { status: \"succeeded\" }","target":"tachyon_serverless_application::services::invoke_async::dispatch"}
{"timestamp":"2026-09-17T11:39:02.637991Z","level":"INFO","message":"asynchronous invocation settled","invocation_id":"inv_01m2qjkdzjwa8r6dx15t7935vq","status":"succeeded","target":"tachyon_serverless_application::services::invoke_async::dispatch"}
{"timestamp":"2026-09-17T11:39:02.643580Z","level":"INFO","message":"async dispatch: delivery handled","message_id":"inv_01m2qjkdzjwa8r6dx15t7935vq","sequence":22,"delivery_count":1,"outcome":"Completed { status: \"succeeded\" }","target":"tachyon_serverless_application::services::invoke_async::dispatch"}
{"timestamp":"2026-09-17T11:39:04.005660Z","level":"INFO","message":"asynchronous invocation accepted","invocation_id":"inv_01m2qjkfy4ezwqva7b0qg3vzmt","tenant_id":"tn_01hzzzzzzzzzzzzzzzzzzzzzza","revision_id":"rev_01m2qjjvbpcyvk1401ger3bh7w","input_bytes":180,"input_storage":"inline","target":"tachyon_serverless_application::services::invoke_async"}
{"timestamp":"2026-09-17T11:39:04.005772Z","level":"INFO","message":"cron trigger fired","trigger_id":"trg_01m2qjjwqp3jq41qkwq7p35xkj","scheduled_at":"2026-09-17T11:39:04Z","invocation_id":"inv_01m2qjkfy4ezwqva7b0qg3vzmt","revision_id":"rev_01m2qjjvbpcyvk1401ger3bh7w","replayed":false,"target":"tachyon_serverless_application::services::triggers"}
{"timestamp":"2026-09-17T11:39:04.026122Z","level":"INFO","message":"asynchronous run claimed","invocation_id":"inv_01m2qjkfy4ezwqva7b0qg3vzmt","attempt":1,"generation":0,"delivery_count":1,"target":"tachyon_serverless_application::services::invoke_async::dispatch"}
{"timestamp":"2026-09-17T11:39:04.392138Z","level":"INFO","message":"bridge spawned","environment_id":"env_01m2qjkfyt974m54n3madpx1d6","pid":73895,"target":"tachyon_serverless_provider_process"}
{"timestamp":"2026-09-17T11:39:04.417301Z","level":"INFO","message":"invocation finished","invocation_id":"inv_01m2qjkfy4ezwqva7b0qg3vzmt","status":"succeeded (async run)","handler_ms":1,"environment_boot_ms":9,"runtime_init_ms":13,"target":"tachyon_serverless_application::services::invoke"}
{"timestamp":"2026-09-17T11:39:04.419304Z","level":"INFO","message":"terminating bridge","environment_id":"env_01m2qjkfyt974m54n3madpx1d6","pid":73895,"reason":"Completed","graceful":true,"target":"tachyon_serverless_provider_process"}
{"timestamp":"2026-09-17T11:39:04.425476Z","level":"INFO","message":"asynchronous invocation settled","invocation_id":"inv_01m2qjkfy4ezwqva7b0qg3vzmt","status":"succeeded","target":"tachyon_serverless_application::services::invoke_async::dispatch"}
{"timestamp":"2026-09-17T11:39:04.433869Z","level":"INFO","message":"async dispatch: delivery handled","message_id":"inv_01m2qjkfy4ezwqva7b0qg3vzmt","sequence":23,"delivery_count":1,"outcome":"Completed { status: \"succeeded\" }","target":"tachyon_serverless_application::services::invoke_async::dispatch"}
{"timestamp":"2026-09-17T11:39:06.013663Z","level":"INFO","message":"asynchronous invocation accepted","invocation_id":"inv_01m2qjkhwvty0r1mmyq7zvtcpm","tenant_id":"tn_01hzzzzzzzzzzzzzzzzzzzzzza","revision_id":"rev_01m2qjjvbpcyvk1401ger3bh7w","input_bytes":180,"input_storage":"inline","target":"tachyon_serverless_application::services::invoke_async"}
{"timestamp":"2026-09-17T11:39:06.015206Z","level":"INFO","message":"cron trigger fired","trigger_id":"trg_01m2qjjwqp3jq41qkwq7p35xkj","scheduled_at":"2026-09-17T11:39:06Z","invocation_id":"inv_01m2qjkhwvty0r1mmyq7zvtcpm","revision_id":"rev_01m2qjjvbpcyvk1401ger3bh7w","replayed":false,"target":"tachyon_serverless_application::services::triggers"}
{"timestamp":"2026-09-17T11:39:06.035021Z","level":"INFO","message":"asynchronous run claimed","invocation_id":"inv_01m2qjkhwvty0r1mmyq7zvtcpm","attempt":1,"generation":0,"delivery_count":1,"target":"tachyon_serverless_application::services::invoke_async::dispatch"}
{"timestamp":"2026-09-17T11:39:06.447403Z","level":"INFO","message":"bridge spawned","environment_id":"env_01m2qjkhxm7cvkrpka1q8tfe35","pid":73984,"target":"tachyon_serverless_provider_process"}
{"timestamp":"2026-09-17T11:39:06.475679Z","level":"INFO","message":"invocation finished","invocation_id":"inv_01m2qjkhwvty0r1mmyq7zvtcpm","status":"succeeded (async run)","handler_ms":1,"environment_boot_ms":10,"runtime_init_ms":14,"target":"tachyon_serverless_application::services::invoke"}
{"timestamp":"2026-09-17T11:39:06.478031Z","level":"INFO","message":"terminating bridge","environment_id":"env_01m2qjkhxm7cvkrpka1q8tfe35","pid":73984,"reason":"Completed","graceful":true,"target":"tachyon_serverless_provider_process"}
{"timestamp":"2026-09-17T11:39:06.485602Z","level":"INFO","message":"asynchronous invocation settled","invocation_id":"inv_01m2qjkhwvty0r1mmyq7zvtcpm","status":"succeeded","target":"tachyon_serverless_application::services::invoke_async::dispatch"}
{"timestamp":"2026-09-17T11:39:06.508629Z","level":"INFO","message":"async dispatch: delivery handled","message_id":"inv_01m2qjkhwvty0r1mmyq7zvtcpm","sequence":24,"delivery_count":1,"outcome":"Completed { status: \"succeeded\" }","target":"tachyon_serverless_application::services::invoke_async::dispatch"}
{"timestamp":"2026-09-17T11:39:08.004865Z","level":"INFO","message":"asynchronous invocation accepted","invocation_id":"inv_01m2qjkkv3r8vsncwfd7c7st6n","tenant_id":"tn_01hzzzzzzzzzzzzzzzzzzzzzza","revision_id":"rev_01m2qjjvbpcyvk1401ger3bh7w","input_bytes":180,"input_storage":"inline","target":"tachyon_serverless_application::services::invoke_async"}
{"timestamp":"2026-09-17T11:39:08.004942Z","level":"INFO","message":"cron trigger fired","trigger_id":"trg_01m2qjjwqp3jq41qkwq7p35xkj","scheduled_at":"2026-09-17T11:39:08Z","invocation_id":"inv_01m2qjkkv3r8vsncwfd7c7st6n","revision_id":"rev_01m2qjjvbpcyvk1401ger3bh7w","replayed":false,"target":"tachyon_serverless_application::services::triggers"}
{"timestamp":"2026-09-17T11:39:08.029913Z","level":"INFO","message":"asynchronous run claimed","invocation_id":"inv_01m2qjkkv3r8vsncwfd7c7st6n","attempt":1,"generation":0,"delivery_count":1,"target":"tachyon_serverless_application::services::invoke_async::dispatch"}
{"timestamp":"2026-09-17T11:39:08.414507Z","level":"INFO","message":"bridge spawned","environment_id":"env_01m2qjkkw7md2pynf2k6ggtfs2","pid":74099,"target":"tachyon_serverless_provider_process"}
{"timestamp":"2026-09-17T11:39:08.446022Z","level":"INFO","message":"invocation finished","invocation_id":"inv_01m2qjkkv3r8vsncwfd7c7st6n","status":"succeeded (async run)","handler_ms":1,"environment_boot_ms":10,"runtime_init_ms":17,"target":"tachyon_serverless_application::services::invoke"}
{"timestamp":"2026-09-17T11:39:08.448420Z","level":"INFO","message":"terminating bridge","environment_id":"env_01m2qjkkw7md2pynf2k6ggtfs2","pid":74099,"reason":"Completed","graceful":true,"target":"tachyon_serverless_provider_process"}
{"timestamp":"2026-09-17T11:39:08.454849Z","level":"INFO","message":"asynchronous invocation settled","invocation_id":"inv_01m2qjkkv3r8vsncwfd7c7st6n","status":"succeeded","target":"tachyon_serverless_application::services::invoke_async::dispatch"}
{"timestamp":"2026-09-17T11:39:08.476480Z","level":"INFO","message":"async dispatch: delivery handled","message_id":"inv_01m2qjkkv3r8vsncwfd7c7st6n","sequence":25,"delivery_count":1,"outcome":"Completed { status: \"succeeded\" }","target":"tachyon_serverless_application::services::invoke_async::dispatch"}
{"timestamp":"2026-09-17T11:39:10.003450Z","level":"INFO","message":"asynchronous invocation accepted","invocation_id":"inv_01m2qjknsjpse1z90gpmnn0qf6","tenant_id":"tn_01hzzzzzzzzzzzzzzzzzzzzzza","revision_id":"rev_01m2qjjvbpcyvk1401ger3bh7w","input_bytes":180,"input_storage":"inline","target":"tachyon_serverless_application::services::invoke_async"}
{"timestamp":"2026-09-17T11:39:10.003520Z","level":"INFO","message":"cron trigger fired","trigger_id":"trg_01m2qjjwqp3jq41qkwq7p35xkj","scheduled_at":"2026-09-17T11:39:10Z","invocation_id":"inv_01m2qjknsjpse1z90gpmnn0qf6","revision_id":"rev_01m2qjjvbpcyvk1401ger3bh7w","replayed":false,"target":"tachyon_serverless_application::services::triggers"}
{"timestamp":"2026-09-17T11:39:10.024790Z","level":"INFO","message":"asynchronous run claimed","invocation_id":"inv_01m2qjknsjpse1z90gpmnn0qf6","attempt":1,"generation":0,"delivery_count":1,"target":"tachyon_serverless_application::services::invoke_async::dispatch"}
{"timestamp":"2026-09-17T11:39:10.287420Z","level":"INFO","message":"bridge spawned","environment_id":"env_01m2qjknt9qhd5nn43vrddrywq","pid":74245,"target":"tachyon_serverless_provider_process"}
{"timestamp":"2026-09-17T11:39:10.303516Z","level":"INFO","message":"invocation finished","invocation_id":"inv_01m2qjknsjpse1z90gpmnn0qf6","status":"succeeded (async run)","handler_ms":0,"environment_boot_ms":6,"runtime_init_ms":7,"target":"tachyon_serverless_application::services::invoke"}
{"timestamp":"2026-09-17T11:39:10.305304Z","level":"INFO","message":"terminating bridge","environment_id":"env_01m2qjknt9qhd5nn43vrddrywq","pid":74245,"reason":"Completed","graceful":true,"target":"tachyon_serverless_provider_process"}
{"timestamp":"2026-09-17T11:39:10.309334Z","level":"INFO","message":"asynchronous invocation settled","invocation_id":"inv_01m2qjknsjpse1z90gpmnn0qf6","status":"succeeded","target":"tachyon_serverless_application::services::invoke_async::dispatch"}
{"timestamp":"2026-09-17T11:39:10.328184Z","level":"INFO","message":"async dispatch: delivery handled","message_id":"inv_01m2qjknsjpse1z90gpmnn0qf6","sequence":26,"delivery_count":1,"outcome":"Completed { status: \"succeeded\" }","target":"tachyon_serverless_application::services::invoke_async::dispatch"}
{"timestamp":"2026-09-17T11:39:12.005159Z","level":"INFO","message":"asynchronous invocation accepted","invocation_id":"inv_01m2qjkqr4w67nrbz5qa6s65yf","tenant_id":"tn_01hzzzzzzzzzzzzzzzzzzzzzza","revision_id":"rev_01m2qjjvbpcyvk1401ger3bh7w","input_bytes":180,"input_storage":"inline","target":"tachyon_serverless_application::services::invoke_async"}
{"timestamp":"2026-09-17T11:39:12.005218Z","level":"INFO","message":"cron trigger fired","trigger_id":"trg_01m2qjjwqp3jq41qkwq7p35xkj","scheduled_at":"2026-09-17T11:39:12Z","invocation_id":"inv_01m2qjkqr4w67nrbz5qa6s65yf","revision_id":"rev_01m2qjjvbpcyvk1401ger3bh7w","replayed":false,"target":"tachyon_serverless_application::services::triggers"}
{"timestamp":"2026-09-17T11:39:12.018899Z","level":"INFO","message":"asynchronous run claimed","invocation_id":"inv_01m2qjkqr4w67nrbz5qa6s65yf","attempt":1,"generation":0,"delivery_count":1,"target":"tachyon_serverless_application::services::invoke_async::dispatch"}
{"timestamp":"2026-09-17T11:39:12.240606Z","level":"INFO","message":"bridge spawned","environment_id":"env_01m2qjkqrk4re3wtm9agv5hrhg","pid":74412,"target":"tachyon_serverless_provider_process"}
{"timestamp":"2026-09-17T11:39:12.255065Z","level":"INFO","message":"invocation finished","invocation_id":"inv_01m2qjkqr4w67nrbz5qa6s65yf","status":"succeeded (async run)","handler_ms":0,"environment_boot_ms":5,"runtime_init_ms":7,"target":"tachyon_serverless_application::services::invoke"}
{"timestamp":"2026-09-17T11:39:12.256781Z","level":"INFO","message":"terminating bridge","environment_id":"env_01m2qjkqrk4re3wtm9agv5hrhg","pid":74412,"reason":"Completed","graceful":true,"target":"tachyon_serverless_provider_process"}
{"timestamp":"2026-09-17T11:39:12.260372Z","level":"INFO","message":"asynchronous invocation settled","invocation_id":"inv_01m2qjkqr4w67nrbz5qa6s65yf","status":"succeeded","target":"tachyon_serverless_application::services::invoke_async::dispatch"}
{"timestamp":"2026-09-17T11:39:12.268655Z","level":"INFO","message":"async dispatch: delivery handled","message_id":"inv_01m2qjkqr4w67nrbz5qa6s65yf","sequence":27,"delivery_count":1,"outcome":"Completed { status: \"succeeded\" }","target":"tachyon_serverless_application::services::invoke_async::dispatch"}
{"timestamp":"2026-09-17T11:39:14.004826Z","level":"INFO","message":"asynchronous invocation accepted","invocation_id":"inv_01m2qjkspmt9f9hqpz87w0agjy","tenant_id":"tn_01hzzzzzzzzzzzzzzzzzzzzzza","revision_id":"rev_01m2qjjvbpcyvk1401ger3bh7w","input_bytes":180,"input_storage":"inline","target":"tachyon_serverless_application::services::invoke_async"}
{"timestamp":"2026-09-17T11:39:14.004882Z","level":"INFO","message":"cron trigger fired","trigger_id":"trg_01m2qjjwqp3jq41qkwq7p35xkj","scheduled_at":"2026-09-17T11:39:14Z","invocation_id":"inv_01m2qjkspmt9f9hqpz87w0agjy","revision_id":"rev_01m2qjjvbpcyvk1401ger3bh7w","replayed":false,"target":"tachyon_serverless_application::services::triggers"}
{"timestamp":"2026-09-17T11:39:14.012583Z","level":"INFO","message":"asynchronous run claimed","invocation_id":"inv_01m2qjkspmt9f9hqpz87w0agjy","attempt":1,"generation":0,"delivery_count":1,"target":"tachyon_serverless_application::services::invoke_async::dispatch"}
{"timestamp":"2026-09-17T11:39:14.242135Z","level":"INFO","message":"bridge spawned","environment_id":"env_01m2qjkspwd1mfn2yj8cpqdxe0","pid":74580,"target":"tachyon_serverless_provider_process"}
{"timestamp":"2026-09-17T11:39:14.256147Z","level":"INFO","message":"invocation finished","invocation_id":"inv_01m2qjkspmt9f9hqpz87w0agjy","status":"succeeded (async run)","handler_ms":0,"environment_boot_ms":5,"runtime_init_ms":6,"target":"tachyon_serverless_application::services::invoke"}
{"timestamp":"2026-09-17T11:39:14.257859Z","level":"INFO","message":"terminating bridge","environment_id":"env_01m2qjkspwd1mfn2yj8cpqdxe0","pid":74580,"reason":"Completed","graceful":true,"target":"tachyon_serverless_provider_process"}
{"timestamp":"2026-09-17T11:39:14.261488Z","level":"INFO","message":"asynchronous invocation settled","invocation_id":"inv_01m2qjkspmt9f9hqpz87w0agjy","status":"succeeded","target":"tachyon_serverless_application::services::invoke_async::dispatch"}
{"timestamp":"2026-09-17T11:39:14.269196Z","level":"INFO","message":"async dispatch: delivery handled","message_id":"inv_01m2qjkspmt9f9hqpz87w0agjy","sequence":28,"delivery_count":1,"outcome":"Completed { status: \"succeeded\" }","target":"tachyon_serverless_application::services::invoke_async::dispatch"}
{"timestamp":"2026-09-17T11:39:16.005413Z","level":"INFO","message":"asynchronous invocation accepted","invocation_id":"inv_01m2qjkvn4mshrrwwzr261jk0p","tenant_id":"tn_01hzzzzzzzzzzzzzzzzzzzzzza","revision_id":"rev_01m2qjjvbpcyvk1401ger3bh7w","input_bytes":180,"input_storage":"inline","target":"tachyon_serverless_application::services::invoke_async"}
{"timestamp":"2026-09-17T11:39:16.005473Z","level":"INFO","message":"cron trigger fired","trigger_id":"trg_01m2qjjwqp3jq41qkwq7p35xkj","scheduled_at":"2026-09-17T11:39:16Z","invocation_id":"inv_01m2qjkvn4mshrrwwzr261jk0p","revision_id":"rev_01m2qjjvbpcyvk1401ger3bh7w","replayed":false,"target":"tachyon_serverless_application::services::triggers"}
{"timestamp":"2026-09-17T11:39:16.013202Z","level":"INFO","message":"asynchronous run claimed","invocation_id":"inv_01m2qjkvn4mshrrwwzr261jk0p","attempt":1,"generation":0,"delivery_count":1,"target":"tachyon_serverless_application::services::invoke_async::dispatch"}
{"timestamp":"2026-09-17T11:39:16.264933Z","level":"INFO","message":"bridge spawned","environment_id":"env_01m2qjkvnhdzjez8xd5gddzyf2","pid":74748,"target":"tachyon_serverless_provider_process"}
{"timestamp":"2026-09-17T11:39:16.281114Z","level":"INFO","message":"invocation finished","invocation_id":"inv_01m2qjkvn4mshrrwwzr261jk0p","status":"succeeded (async run)","handler_ms":0,"environment_boot_ms":6,"runtime_init_ms":7,"target":"tachyon_serverless_application::services::invoke"}
{"timestamp":"2026-09-17T11:39:16.282881Z","level":"INFO","message":"terminating bridge","environment_id":"env_01m2qjkvnhdzjez8xd5gddzyf2","pid":74748,"reason":"Completed","graceful":true,"target":"tachyon_serverless_provider_process"}
{"timestamp":"2026-09-17T11:39:16.286992Z","level":"INFO","message":"asynchronous invocation settled","invocation_id":"inv_01m2qjkvn4mshrrwwzr261jk0p","status":"succeeded","target":"tachyon_serverless_application::services::invoke_async::dispatch"}
{"timestamp":"2026-09-17T11:39:16.294076Z","level":"INFO","message":"async dispatch: delivery handled","message_id":"inv_01m2qjkvn4mshrrwwzr261jk0p","sequence":29,"delivery_count":1,"outcome":"Completed { status: \"succeeded\" }","target":"tachyon_serverless_application::services::invoke_async::dispatch"}
{"timestamp":"2026-09-17T11:39:18.004067Z","level":"INFO","message":"asynchronous invocation accepted","invocation_id":"inv_01m2qjkxkjg16hx38kxhcdgbx1","tenant_id":"tn_01hzzzzzzzzzzzzzzzzzzzzzza","revision_id":"rev_01m2qjjvbpcyvk1401ger3bh7w","input_bytes":180,"input_storage":"inline","target":"tachyon_serverless_application::services::invoke_async"}
{"timestamp":"2026-09-17T11:39:18.004137Z","level":"INFO","message":"cron trigger fired","trigger_id":"trg_01m2qjjwqp3jq41qkwq7p35xkj","scheduled_at":"2026-09-17T11:39:18Z","invocation_id":"inv_01m2qjkxkjg16hx38kxhcdgbx1","revision_id":"rev_01m2qjjvbpcyvk1401ger3bh7w","replayed":false,"target":"tachyon_serverless_application::services::triggers"}
{"timestamp":"2026-09-17T11:39:18.017228Z","level":"INFO","message":"asynchronous run claimed","invocation_id":"inv_01m2qjkxkjg16hx38kxhcdgbx1","attempt":1,"generation":0,"delivery_count":1,"target":"tachyon_serverless_application::services::invoke_async::dispatch"}
{"timestamp":"2026-09-17T11:39:18.254384Z","level":"INFO","message":"bridge spawned","environment_id":"env_01m2qjkxm1pkw69s6zfxg6ybwy","pid":74915,"target":"tachyon_serverless_provider_process"}
{"timestamp":"2026-09-17T11:39:18.269690Z","level":"INFO","message":"invocation finished","invocation_id":"inv_01m2qjkxkjg16hx38kxhcdgbx1","status":"succeeded (async run)","handler_ms":0,"environment_boot_ms":6,"runtime_init_ms":7,"target":"tachyon_serverless_application::services::invoke"}
{"timestamp":"2026-09-17T11:39:18.271439Z","level":"INFO","message":"terminating bridge","environment_id":"env_01m2qjkxm1pkw69s6zfxg6ybwy","pid":74915,"reason":"Completed","graceful":true,"target":"tachyon_serverless_provider_process"}
{"timestamp":"2026-09-17T11:39:18.275377Z","level":"INFO","message":"asynchronous invocation settled","invocation_id":"inv_01m2qjkxkjg16hx38kxhcdgbx1","status":"succeeded","target":"tachyon_serverless_application::services::invoke_async::dispatch"}
{"timestamp":"2026-09-17T11:39:18.282719Z","level":"INFO","message":"async dispatch: delivery handled","message_id":"inv_01m2qjkxkjg16hx38kxhcdgbx1","sequence":30,"delivery_count":1,"outcome":"Completed { status: \"succeeded\" }","target":"tachyon_serverless_application::services::invoke_async::dispatch"}
{"timestamp":"2026-09-17T11:39:20.005038Z","level":"INFO","message":"asynchronous invocation accepted","invocation_id":"inv_01m2qjkzj4839wgbtejjrd2dr8","tenant_id":"tn_01hzzzzzzzzzzzzzzzzzzzzzza","revision_id":"rev_01m2qjjvbpcyvk1401ger3bh7w","input_bytes":180,"input_storage":"inline","target":"tachyon_serverless_application::services::invoke_async"}
{"timestamp":"2026-09-17T11:39:20.005258Z","level":"INFO","message":"cron trigger fired","trigger_id":"trg_01m2qjjwqp3jq41qkwq7p35xkj","scheduled_at":"2026-09-17T11:39:20Z","invocation_id":"inv_01m2qjkzj4839wgbtejjrd2dr8","revision_id":"rev_01m2qjjvbpcyvk1401ger3bh7w","replayed":false,"target":"tachyon_serverless_application::services::triggers"}
{"timestamp":"2026-09-17T11:39:20.013811Z","level":"INFO","message":"asynchronous run claimed","invocation_id":"inv_01m2qjkzj4839wgbtejjrd2dr8","attempt":1,"generation":0,"delivery_count":1,"target":"tachyon_serverless_application::services::invoke_async::dispatch"}
{"timestamp":"2026-09-17T11:39:20.235537Z","level":"INFO","message":"bridge spawned","environment_id":"env_01m2qjkzjeqv9fz1rypcjjjdc1","pid":75067,"target":"tachyon_serverless_provider_process"}
{"timestamp":"2026-09-17T11:39:20.251718Z","level":"INFO","message":"invocation finished","invocation_id":"inv_01m2qjkzj4839wgbtejjrd2dr8","status":"succeeded (async run)","handler_ms":1,"environment_boot_ms":6,"runtime_init_ms":7,"target":"tachyon_serverless_application::services::invoke"}
{"timestamp":"2026-09-17T11:39:20.253477Z","level":"INFO","message":"terminating bridge","environment_id":"env_01m2qjkzjeqv9fz1rypcjjjdc1","pid":75067,"reason":"Completed","graceful":true,"target":"tachyon_serverless_provider_process"}
{"timestamp":"2026-09-17T11:39:20.257743Z","level":"INFO","message":"asynchronous invocation settled","invocation_id":"inv_01m2qjkzj4839wgbtejjrd2dr8","status":"succeeded","target":"tachyon_serverless_application::services::invoke_async::dispatch"}
{"timestamp":"2026-09-17T11:39:20.264923Z","level":"INFO","message":"async dispatch: delivery handled","message_id":"inv_01m2qjkzj4839wgbtejjrd2dr8","sequence":31,"delivery_count":1,"outcome":"Completed { status: \"succeeded\" }","target":"tachyon_serverless_application::services::invoke_async::dispatch"}
{"timestamp":"2026-09-17T11:39:22.006693Z","level":"INFO","message":"asynchronous invocation accepted","invocation_id":"inv_01m2qjm1gmc4zacwhzb5hmg9bv","tenant_id":"tn_01hzzzzzzzzzzzzzzzzzzzzzza","revision_id":"rev_01m2qjjvbpcyvk1401ger3bh7w","input_bytes":180,"input_storage":"inline","target":"tachyon_serverless_application::services::invoke_async"}
{"timestamp":"2026-09-17T11:39:22.006771Z","level":"INFO","message":"cron trigger fired","trigger_id":"trg_01m2qjjwqp3jq41qkwq7p35xkj","scheduled_at":"2026-09-17T11:39:22Z","invocation_id":"inv_01m2qjm1gmc4zacwhzb5hmg9bv","revision_id":"rev_01m2qjjvbpcyvk1401ger3bh7w","replayed":false,"target":"tachyon_serverless_application::services::triggers"}
{"timestamp":"2026-09-17T11:39:22.015063Z","level":"INFO","message":"asynchronous run claimed","invocation_id":"inv_01m2qjm1gmc4zacwhzb5hmg9bv","attempt":1,"generation":0,"delivery_count":1,"target":"tachyon_serverless_application::services::invoke_async::dispatch"}
{"timestamp":"2026-09-17T11:39:22.394031Z","level":"INFO","message":"bridge spawned","environment_id":"env_01m2qjm1gzbvny7dhzpaxss4st","pid":75239,"target":"tachyon_serverless_provider_process"}
{"timestamp":"2026-09-17T11:39:22.456696Z","level":"INFO","message":"invocation finished","invocation_id":"inv_01m2qjm1gmc4zacwhzb5hmg9bv","status":"succeeded (async run)","handler_ms":6,"environment_boot_ms":14,"runtime_init_ms":39,"target":"tachyon_serverless_application::services::invoke"}
{"timestamp":"2026-09-17T11:39:22.462424Z","level":"INFO","message":"terminating bridge","environment_id":"env_01m2qjm1gzbvny7dhzpaxss4st","pid":75239,"reason":"Completed","graceful":true,"target":"tachyon_serverless_provider_process"}
{"timestamp":"2026-09-17T11:39:22.479790Z","level":"INFO","message":"asynchronous invocation settled","invocation_id":"inv_01m2qjm1gmc4zacwhzb5hmg9bv","status":"succeeded","target":"tachyon_serverless_application::services::invoke_async::dispatch"}
{"timestamp":"2026-09-17T11:39:22.496886Z","level":"INFO","message":"async dispatch: delivery handled","message_id":"inv_01m2qjm1gmc4zacwhzb5hmg9bv","sequence":32,"delivery_count":1,"outcome":"Completed { status: \"succeeded\" }","target":"tachyon_serverless_application::services::invoke_async::dispatch"}
{"timestamp":"2026-09-17T11:39:24.005966Z","level":"INFO","message":"asynchronous invocation accepted","invocation_id":"inv_01m2qjm3f4zsxs32mpv5wsqnxr","tenant_id":"tn_01hzzzzzzzzzzzzzzzzzzzzzza","revision_id":"rev_01m2qjjvbpcyvk1401ger3bh7w","input_bytes":180,"input_storage":"inline","target":"tachyon_serverless_application::services::invoke_async"}
{"timestamp":"2026-09-17T11:39:24.006067Z","level":"INFO","message":"cron trigger fired","trigger_id":"trg_01m2qjjwqp3jq41qkwq7p35xkj","scheduled_at":"2026-09-17T11:39:24Z","invocation_id":"inv_01m2qjm3f4zsxs32mpv5wsqnxr","revision_id":"rev_01m2qjjvbpcyvk1401ger3bh7w","replayed":false,"target":"tachyon_serverless_application::services::triggers"}
{"timestamp":"2026-09-17T11:39:24.026526Z","level":"INFO","message":"asynchronous run claimed","invocation_id":"inv_01m2qjm3f4zsxs32mpv5wsqnxr","attempt":1,"generation":0,"delivery_count":1,"target":"tachyon_serverless_application::services::invoke_async::dispatch"}
{"timestamp":"2026-09-17T11:39:24.426206Z","level":"INFO","message":"bridge spawned","environment_id":"env_01m2qjm3fvkec84p9y2vbdt07p","pid":75328,"target":"tachyon_serverless_provider_process"}
{"timestamp":"2026-09-17T11:39:24.465813Z","level":"INFO","message":"invocation finished","invocation_id":"inv_01m2qjm3f4zsxs32mpv5wsqnxr","status":"succeeded (async run)","handler_ms":2,"environment_boot_ms":15,"runtime_init_ms":19,"target":"tachyon_serverless_application::services::invoke"}
{"timestamp":"2026-09-17T11:39:24.468270Z","level":"INFO","message":"terminating bridge","environment_id":"env_01m2qjm3fvkec84p9y2vbdt07p","pid":75328,"reason":"Completed","graceful":true,"target":"tachyon_serverless_provider_process"}
{"timestamp":"2026-09-17T11:39:24.482275Z","level":"INFO","message":"asynchronous invocation settled","invocation_id":"inv_01m2qjm3f4zsxs32mpv5wsqnxr","status":"succeeded","target":"tachyon_serverless_application::services::invoke_async::dispatch"}
{"timestamp":"2026-09-17T11:39:24.494162Z","level":"INFO","message":"async dispatch: delivery handled","message_id":"inv_01m2qjm3f4zsxs32mpv5wsqnxr","sequence":33,"delivery_count":1,"outcome":"Completed { status: \"succeeded\" }","target":"tachyon_serverless_application::services::invoke_async::dispatch"}
{"timestamp":"2026-09-17T11:39:26.003452Z","level":"INFO","message":"asynchronous invocation accepted","invocation_id":"inv_01m2qjm5djekwkdza46c7vrb4v","tenant_id":"tn_01hzzzzzzzzzzzzzzzzzzzzzza","revision_id":"rev_01m2qjjvbpcyvk1401ger3bh7w","input_bytes":180,"input_storage":"inline","target":"tachyon_serverless_application::services::invoke_async"}
{"timestamp":"2026-09-17T11:39:26.003725Z","level":"INFO","message":"cron trigger fired","trigger_id":"trg_01m2qjjwqp3jq41qkwq7p35xkj","scheduled_at":"2026-09-17T11:39:26Z","invocation_id":"inv_01m2qjm5djekwkdza46c7vrb4v","revision_id":"rev_01m2qjjvbpcyvk1401ger3bh7w","replayed":false,"target":"tachyon_serverless_application::services::triggers"}
{"timestamp":"2026-09-17T11:39:26.022827Z","level":"INFO","message":"asynchronous run claimed","invocation_id":"inv_01m2qjm5djekwkdza46c7vrb4v","attempt":1,"generation":0,"delivery_count":1,"target":"tachyon_serverless_application::services::invoke_async::dispatch"}
{"timestamp":"2026-09-17T11:39:26.384416Z","level":"INFO","message":"bridge spawned","environment_id":"env_01m2qjm5e7z12569npvsk098ar","pid":75436,"target":"tachyon_serverless_provider_process"}
{"timestamp":"2026-09-17T11:39:26.410736Z","level":"INFO","message":"invocation finished","invocation_id":"inv_01m2qjm5djekwkdza46c7vrb4v","status":"succeeded (async run)","handler_ms":1,"environment_boot_ms":10,"runtime_init_ms":14,"target":"tachyon_serverless_application::services::invoke"}
{"timestamp":"2026-09-17T11:39:26.412770Z","level":"INFO","message":"terminating bridge","environment_id":"env_01m2qjm5e7z12569npvsk098ar","pid":75436,"reason":"Completed","graceful":true,"target":"tachyon_serverless_provider_process"}
{"timestamp":"2026-09-17T11:39:26.419195Z","level":"INFO","message":"asynchronous invocation settled","invocation_id":"inv_01m2qjm5djekwkdza46c7vrb4v","status":"succeeded","target":"tachyon_serverless_application::services::invoke_async::dispatch"}
{"timestamp":"2026-09-17T11:39:26.428132Z","level":"INFO","message":"async dispatch: delivery handled","message_id":"inv_01m2qjm5djekwkdza46c7vrb4v","sequence":34,"delivery_count":1,"outcome":"Completed { status: \"succeeded\" }","target":"tachyon_serverless_application::services::invoke_async::dispatch"}
{"timestamp":"2026-09-17T11:39:28.004106Z","level":"INFO","message":"asynchronous invocation accepted","invocation_id":"inv_01m2qjm7c20me08s75x94kt14y","tenant_id":"tn_01hzzzzzzzzzzzzzzzzzzzzzza","revision_id":"rev_01m2qjjvbpcyvk1401ger3bh7w","input_bytes":180,"input_storage":"inline","target":"tachyon_serverless_application::services::invoke_async"}
{"timestamp":"2026-09-17T11:39:28.004193Z","level":"INFO","message":"cron trigger fired","trigger_id":"trg_01m2qjjwqp3jq41qkwq7p35xkj","scheduled_at":"2026-09-17T11:39:28Z","invocation_id":"inv_01m2qjm7c20me08s75x94kt14y","revision_id":"rev_01m2qjjvbpcyvk1401ger3bh7w","replayed":false,"target":"tachyon_serverless_application::services::triggers"}
{"timestamp":"2026-09-17T11:39:28.027416Z","level":"INFO","message":"asynchronous run claimed","invocation_id":"inv_01m2qjm7c20me08s75x94kt14y","attempt":1,"generation":0,"delivery_count":1,"target":"tachyon_serverless_application::services::invoke_async::dispatch"}
{"timestamp":"2026-09-17T11:39:28.390831Z","level":"INFO","message":"bridge spawned","environment_id":"env_01m2qjm7cwmc9v4t7v3fhsq0e3","pid":75564,"target":"tachyon_serverless_provider_process"}
{"timestamp":"2026-09-17T11:39:28.417062Z","level":"INFO","message":"invocation finished","invocation_id":"inv_01m2qjm7c20me08s75x94kt14y","status":"succeeded (async run)","handler_ms":1,"environment_boot_ms":9,"runtime_init_ms":13,"target":"tachyon_serverless_application::services::invoke"}
{"timestamp":"2026-09-17T11:39:28.419180Z","level":"INFO","message":"terminating bridge","environment_id":"env_01m2qjm7cwmc9v4t7v3fhsq0e3","pid":75564,"reason":"Completed","graceful":true,"target":"tachyon_serverless_provider_process"}
{"timestamp":"2026-09-17T11:39:28.427784Z","level":"INFO","message":"asynchronous invocation settled","invocation_id":"inv_01m2qjm7c20me08s75x94kt14y","status":"succeeded","target":"tachyon_serverless_application::services::invoke_async::dispatch"}
{"timestamp":"2026-09-17T11:39:28.436006Z","level":"INFO","message":"async dispatch: delivery handled","message_id":"inv_01m2qjm7c20me08s75x94kt14y","sequence":35,"delivery_count":1,"outcome":"Completed { status: \"succeeded\" }","target":"tachyon_serverless_application::services::invoke_async::dispatch"}
{"timestamp":"2026-09-17T11:39:30.005227Z","level":"INFO","message":"asynchronous invocation accepted","invocation_id":"inv_01m2qjm9akhearsgprzjz6rb6k","tenant_id":"tn_01hzzzzzzzzzzzzzzzzzzzzzza","revision_id":"rev_01m2qjjvbpcyvk1401ger3bh7w","input_bytes":180,"input_storage":"inline","target":"tachyon_serverless_application::services::invoke_async"}
{"timestamp":"2026-09-17T11:39:30.005311Z","level":"INFO","message":"cron trigger fired","trigger_id":"trg_01m2qjjwqp3jq41qkwq7p35xkj","scheduled_at":"2026-09-17T11:39:30Z","invocation_id":"inv_01m2qjm9akhearsgprzjz6rb6k","revision_id":"rev_01m2qjjvbpcyvk1401ger3bh7w","replayed":false,"target":"tachyon_serverless_application::services::triggers"}
{"timestamp":"2026-09-17T11:39:30.029518Z","level":"INFO","message":"asynchronous run claimed","invocation_id":"inv_01m2qjm9akhearsgprzjz6rb6k","attempt":1,"generation":0,"delivery_count":1,"target":"tachyon_serverless_application::services::invoke_async::dispatch"}
{"timestamp":"2026-09-17T11:39:30.384977Z","level":"INFO","message":"bridge spawned","environment_id":"env_01m2qjm9be0fb6ndd9zk311d4d","pid":75696,"target":"tachyon_serverless_provider_process"}
{"timestamp":"2026-09-17T11:39:30.409556Z","level":"INFO","message":"invocation finished","invocation_id":"inv_01m2qjm9akhearsgprzjz6rb6k","status":"succeeded (async run)","handler_ms":1,"environment_boot_ms":10,"runtime_init_ms":12,"target":"tachyon_serverless_application::services::invoke"}
{"timestamp":"2026-09-17T11:39:30.410869Z","level":"INFO","message":"terminating bridge","environment_id":"env_01m2qjm9be0fb6ndd9zk311d4d","pid":75696,"reason":"Completed","graceful":true,"target":"tachyon_serverless_provider_process"}
{"timestamp":"2026-09-17T11:39:30.416622Z","level":"INFO","message":"asynchronous invocation settled","invocation_id":"inv_01m2qjm9akhearsgprzjz6rb6k","status":"succeeded","target":"tachyon_serverless_application::services::invoke_async::dispatch"}
{"timestamp":"2026-09-17T11:39:30.441071Z","level":"INFO","message":"async dispatch: delivery handled","message_id":"inv_01m2qjm9akhearsgprzjz6rb6k","sequence":36,"delivery_count":1,"outcome":"Completed { status: \"succeeded\" }","target":"tachyon_serverless_application::services::invoke_async::dispatch"}
{"timestamp":"2026-09-17T11:39:31.290413Z","level":"INFO","message":"object retention pass","report":"GcReport { examined: 3, collected_expired: 0, collected_orphans: 0, kept_in_use: 0, kept_referenced: 3, incomplete_removed: 0, tombstones_purged: 0, failed: 0 }","target":"tachyon_serverless_gateway"}
{"timestamp":"2026-09-17T11:39:32.004435Z","level":"INFO","message":"asynchronous invocation accepted","invocation_id":"inv_01m2qjmb93836e8cjzq8ncn2n3","tenant_id":"tn_01hzzzzzzzzzzzzzzzzzzzzzza","revision_id":"rev_01m2qjjvbpcyvk1401ger3bh7w","input_bytes":180,"input_storage":"inline","target":"tachyon_serverless_application::services::invoke_async"}
{"timestamp":"2026-09-17T11:39:32.004495Z","level":"INFO","message":"cron trigger fired","trigger_id":"trg_01m2qjjwqp3jq41qkwq7p35xkj","scheduled_at":"2026-09-17T11:39:32Z","invocation_id":"inv_01m2qjmb93836e8cjzq8ncn2n3","revision_id":"rev_01m2qjjvbpcyvk1401ger3bh7w","replayed":false,"target":"tachyon_serverless_application::services::triggers"}
{"timestamp":"2026-09-17T11:39:32.017709Z","level":"INFO","message":"asynchronous run claimed","invocation_id":"inv_01m2qjmb93836e8cjzq8ncn2n3","attempt":1,"generation":0,"delivery_count":1,"target":"tachyon_serverless_application::services::invoke_async::dispatch"}
{"timestamp":"2026-09-17T11:39:32.178073Z","level":"INFO","message":"bridge spawned","environment_id":"env_01m2qjmb9j68s22kk81ht3mb5a","pid":75846,"target":"tachyon_serverless_provider_process"}
{"timestamp":"2026-09-17T11:39:32.188604Z","level":"INFO","message":"invocation finished","invocation_id":"inv_01m2qjmb93836e8cjzq8ncn2n3","status":"succeeded (async run)","handler_ms":0,"environment_boot_ms":4,"runtime_init_ms":5,"target":"tachyon_serverless_application::services::invoke"}
{"timestamp":"2026-09-17T11:39:32.190197Z","level":"INFO","message":"terminating bridge","environment_id":"env_01m2qjmb9j68s22kk81ht3mb5a","pid":75846,"reason":"Completed","graceful":true,"target":"tachyon_serverless_provider_process"}
{"timestamp":"2026-09-17T11:39:32.192834Z","level":"INFO","message":"asynchronous invocation settled","invocation_id":"inv_01m2qjmb93836e8cjzq8ncn2n3","status":"succeeded","target":"tachyon_serverless_application::services::invoke_async::dispatch"}
{"timestamp":"2026-09-17T11:39:32.200132Z","level":"INFO","message":"async dispatch: delivery handled","message_id":"inv_01m2qjmb93836e8cjzq8ncn2n3","sequence":37,"delivery_count":1,"outcome":"Completed { status: \"succeeded\" }","target":"tachyon_serverless_application::services::invoke_async::dispatch"}
{"timestamp":"2026-09-17T11:39:33.294451Z","level":"INFO","message":"object retention pass","report":"GcReport { examined: 3, collected_expired: 0, collected_orphans: 0, kept_in_use: 0, kept_referenced: 3, incomplete_removed: 0, tombstones_purged: 0, failed: 0 }","target":"tachyon_serverless_gateway"}
{"timestamp":"2026-09-17T11:39:34.005843Z","level":"INFO","message":"asynchronous invocation accepted","invocation_id":"inv_01m2qjmd7k5sck50a6cvxkaymw","tenant_id":"tn_01hzzzzzzzzzzzzzzzzzzzzzza","revision_id":"rev_01m2qjjvbpcyvk1401ger3bh7w","input_bytes":180,"input_storage":"inline","target":"tachyon_serverless_application::services::invoke_async"}
{"timestamp":"2026-09-17T11:39:34.005921Z","level":"INFO","message":"cron trigger fired","trigger_id":"trg_01m2qjjwqp3jq41qkwq7p35xkj","scheduled_at":"2026-09-17T11:39:34Z","invocation_id":"inv_01m2qjmd7k5sck50a6cvxkaymw","revision_id":"rev_01m2qjjvbpcyvk1401ger3bh7w","replayed":false,"target":"tachyon_serverless_application::services::triggers"}
{"timestamp":"2026-09-17T11:39:34.016053Z","level":"INFO","message":"asynchronous run claimed","invocation_id":"inv_01m2qjmd7k5sck50a6cvxkaymw","attempt":1,"generation":0,"delivery_count":1,"target":"tachyon_serverless_application::services::invoke_async::dispatch"}
{"timestamp":"2026-09-17T11:39:34.459772Z","level":"INFO","message":"bridge spawned","environment_id":"env_01m2qjmd85t8vg5wy0p8hqr7fp","pid":76042,"target":"tachyon_serverless_provider_process"}
{"timestamp":"2026-09-17T11:39:34.499124Z","level":"INFO","message":"invocation finished","invocation_id":"inv_01m2qjmd7k5sck50a6cvxkaymw","status":"succeeded (async run)","handler_ms":5,"environment_boot_ms":15,"runtime_init_ms":18,"target":"tachyon_serverless_application::services::invoke"}
{"timestamp":"2026-09-17T11:39:34.501876Z","level":"INFO","message":"terminating bridge","environment_id":"env_01m2qjmd85t8vg5wy0p8hqr7fp","pid":76042,"reason":"Completed","graceful":true,"target":"tachyon_serverless_provider_process"}
{"timestamp":"2026-09-17T11:39:34.518338Z","level":"INFO","message":"asynchronous invocation settled","invocation_id":"inv_01m2qjmd7k5sck50a6cvxkaymw","status":"succeeded","target":"tachyon_serverless_application::services::invoke_async::dispatch"}
{"timestamp":"2026-09-17T11:39:34.525565Z","level":"INFO","message":"async dispatch: delivery handled","message_id":"inv_01m2qjmd7k5sck50a6cvxkaymw","sequence":38,"delivery_count":1,"outcome":"Completed { status: \"succeeded\" }","target":"tachyon_serverless_application::services::invoke_async::dispatch"}
{"timestamp":"2026-09-17T11:39:35.296917Z","level":"INFO","message":"object retention pass","report":"GcReport { examined: 4, collected_expired: 0, collected_orphans: 1, kept_in_use: 0, kept_referenced: 3, incomplete_removed: 0, tombstones_purged: 0, failed: 0 }","target":"tachyon_serverless_gateway"}
{"timestamp":"2026-09-17T11:39:36.005135Z","level":"INFO","message":"asynchronous invocation accepted","invocation_id":"inv_01m2qjmf6497qqda135cq8q2eg","tenant_id":"tn_01hzzzzzzzzzzzzzzzzzzzzzza","revision_id":"rev_01m2qjjvbpcyvk1401ger3bh7w","input_bytes":180,"input_storage":"inline","target":"tachyon_serverless_application::services::invoke_async"}
{"timestamp":"2026-09-17T11:39:36.005207Z","level":"INFO","message":"cron trigger fired","trigger_id":"trg_01m2qjjwqp3jq41qkwq7p35xkj","scheduled_at":"2026-09-17T11:39:36Z","invocation_id":"inv_01m2qjmf6497qqda135cq8q2eg","revision_id":"rev_01m2qjjvbpcyvk1401ger3bh7w","replayed":false,"target":"tachyon_serverless_application::services::triggers"}
{"timestamp":"2026-09-17T11:39:36.018286Z","level":"INFO","message":"asynchronous run claimed","invocation_id":"inv_01m2qjmf6497qqda135cq8q2eg","attempt":1,"generation":0,"delivery_count":1,"target":"tachyon_serverless_application::services::invoke_async::dispatch"}
{"timestamp":"2026-09-17T11:39:36.367614Z","level":"INFO","message":"bridge spawned","environment_id":"env_01m2qjmf6jyqjzq1ghf41f7teq","pid":76194,"target":"tachyon_serverless_provider_process"}
{"timestamp":"2026-09-17T11:39:36.388856Z","level":"INFO","message":"invocation finished","invocation_id":"inv_01m2qjmf6497qqda135cq8q2eg","status":"succeeded (async run)","handler_ms":1,"environment_boot_ms":8,"runtime_init_ms":10,"target":"tachyon_serverless_application::services::invoke"}
{"timestamp":"2026-09-17T11:39:36.390812Z","level":"INFO","message":"terminating bridge","environment_id":"env_01m2qjmf6jyqjzq1ghf41f7teq","pid":76194,"reason":"Completed","graceful":true,"target":"tachyon_serverless_provider_process"}
{"timestamp":"2026-09-17T11:39:36.397676Z","level":"INFO","message":"asynchronous invocation settled","invocation_id":"inv_01m2qjmf6497qqda135cq8q2eg","status":"succeeded","target":"tachyon_serverless_application::services::invoke_async::dispatch"}
{"timestamp":"2026-09-17T11:39:36.404652Z","level":"INFO","message":"async dispatch: delivery handled","message_id":"inv_01m2qjmf6497qqda135cq8q2eg","sequence":39,"delivery_count":1,"outcome":"Completed { status: \"succeeded\" }","target":"tachyon_serverless_application::services::invoke_async::dispatch"}
{"timestamp":"2026-09-17T11:39:37.290830Z","level":"INFO","message":"object retention pass","report":"GcReport { examined: 3, collected_expired: 0, collected_orphans: 0, kept_in_use: 0, kept_referenced: 3, incomplete_removed: 0, tombstones_purged: 0, failed: 0 }","target":"tachyon_serverless_gateway"}
{"timestamp":"2026-09-17T11:39:38.004391Z","level":"INFO","message":"asynchronous invocation accepted","invocation_id":"inv_01m2qjmh4kzk5pgdp5qvg23dgs","tenant_id":"tn_01hzzzzzzzzzzzzzzzzzzzzzza","revision_id":"rev_01m2qjjvbpcyvk1401ger3bh7w","input_bytes":180,"input_storage":"inline","target":"tachyon_serverless_application::services::invoke_async"}
{"timestamp":"2026-09-17T11:39:38.004451Z","level":"INFO","message":"cron trigger fired","trigger_id":"trg_01m2qjjwqp3jq41qkwq7p35xkj","scheduled_at":"2026-09-17T11:39:38Z","invocation_id":"inv_01m2qjmh4kzk5pgdp5qvg23dgs","revision_id":"rev_01m2qjjvbpcyvk1401ger3bh7w","replayed":false,"target":"tachyon_serverless_application::services::triggers"}
{"timestamp":"2026-09-17T11:39:38.017323Z","level":"INFO","message":"asynchronous run claimed","invocation_id":"inv_01m2qjmh4kzk5pgdp5qvg23dgs","attempt":1,"generation":0,"delivery_count":1,"target":"tachyon_serverless_application::services::invoke_async::dispatch"}
{"timestamp":"2026-09-17T11:39:38.227276Z","level":"INFO","message":"bridge spawned","environment_id":"env_01m2qjmh33edbamwwjv1q06n9v","pid":76321,"target":"tachyon_serverless_provider_process"}
{"timestamp":"2026-09-17T11:39:38.244438Z","level":"INFO","message":"invocation finished","invocation_id":"inv_01m2qjmh33azmystj5dchav9ca","status":"succeeded","handler_ms":0,"environment_boot_ms":7,"runtime_init_ms":8,"target":"tachyon_serverless_application::services::invoke"}
{"timestamp":"2026-09-17T11:39:38.246281Z","level":"INFO","message":"terminating bridge","environment_id":"env_01m2qjmh33edbamwwjv1q06n9v","pid":76321,"reason":"Completed","graceful":true,"target":"tachyon_serverless_provider_process"}
{"timestamp":"2026-09-17T11:39:38.298526Z","level":"INFO","message":"bridge spawned","environment_id":"env_01m2qjmh5163e8edy6xq5e93ny","pid":76336,"target":"tachyon_serverless_provider_process"}
{"timestamp":"2026-09-17T11:39:38.315534Z","level":"INFO","message":"invocation finished","invocation_id":"inv_01m2qjmh4kzk5pgdp5qvg23dgs","status":"succeeded (async run)","handler_ms":0,"environment_boot_ms":6,"runtime_init_ms":8,"target":"tachyon_serverless_application::services::invoke"}
{"timestamp":"2026-09-17T11:39:38.317381Z","level":"INFO","message":"terminating bridge","environment_id":"env_01m2qjmh5163e8edy6xq5e93ny","pid":76336,"reason":"Completed","graceful":true,"target":"tachyon_serverless_provider_process"}
{"timestamp":"2026-09-17T11:39:38.321909Z","level":"INFO","message":"asynchronous invocation settled","invocation_id":"inv_01m2qjmh4kzk5pgdp5qvg23dgs","status":"succeeded","target":"tachyon_serverless_application::services::invoke_async::dispatch"}
{"timestamp":"2026-09-17T11:39:38.327725Z","level":"INFO","message":"async dispatch: delivery handled","message_id":"inv_01m2qjmh4kzk5pgdp5qvg23dgs","sequence":40,"delivery_count":1,"outcome":"Completed { status: \"succeeded\" }","target":"tachyon_serverless_application::services::invoke_async::dispatch"}
{"timestamp":"2026-09-17T11:39:38.344979Z","level":"INFO","message":"asynchronous invocation accepted","invocation_id":"inv_01m2qjmhf8jy9mq9k69wbbnwfa","tenant_id":"tn_01hzzzzzzzzzzzzzzzzzzzzzza","revision_id":"rev_01m2qjjskyng4cpegbmaxqfs1p","input_bytes":48,"input_storage":"inline","target":"tachyon_serverless_application::services::invoke_async"}
{"timestamp":"2026-09-17T11:39:38.351064Z","level":"INFO","message":"asynchronous run claimed","invocation_id":"inv_01m2qjmhf8jy9mq9k69wbbnwfa","attempt":1,"generation":0,"delivery_count":1,"target":"tachyon_serverless_application::services::invoke_async::dispatch"}
{"timestamp":"2026-09-17T11:39:38.449861Z","level":"INFO","message":"asynchronous invocation accepted","invocation_id":"inv_01m2qjmhj0gvjz2j91vbxb3s80","tenant_id":"tn_01hzzzzzzzzzzzzzzzzzzzzzza","revision_id":"rev_01m2qjjskyng4cpegbmaxqfs1p","input_bytes":4128,"input_storage":"object","target":"tachyon_serverless_application::services::invoke_async"}
{"timestamp":"2026-09-17T11:39:38.455400Z","level":"INFO","message":"asynchronous run claimed","invocation_id":"inv_01m2qjmhj0gvjz2j91vbxb3s80","attempt":1,"generation":0,"delivery_count":1,"target":"tachyon_serverless_application::services::invoke_async::dispatch"}
{"timestamp":"2026-09-17T11:39:38.503164Z","level":"INFO","message":"asynchronous invocation accepted","invocation_id":"inv_01m2qjmhm6xzq2epsfc1r6m249","tenant_id":"tn_01hzzzzzzzzzzzzzzzzzzzzzza","revision_id":"rev_01m2qjjvbpcyvk1401ger3bh7w","input_bytes":191,"input_storage":"inline","target":"tachyon_serverless_application::services::invoke_async"}
{"timestamp":"2026-09-17T11:39:38.503234Z","level":"INFO","message":"webhook trigger fired","trigger_id":"trg_01m2qjjwr79e2knb54q8gbwsmg","event_id":"evt-post-w1","invocation_id":"inv_01m2qjmhm6xzq2epsfc1r6m249","revision_id":"rev_01m2qjjvbpcyvk1401ger3bh7w","replayed":false,"target":"tachyon_serverless_application::services::triggers"}
{"timestamp":"2026-09-17T11:39:38.539147Z","level":"INFO","message":"trigger updated","trigger_id":"trg_01m2qjjwqp3jq41qkwq7p35xkj","generation":4,"status":"disabled","next_fire_at":"None","rotated_secret":false,"target":"tachyon_serverless_application::services::triggers"}
{"timestamp":"2026-09-17T11:39:38.654490Z","level":"INFO","message":"bridge spawned","environment_id":"env_01m2qjmhffx4bvvtb822sn51zw","pid":76430,"target":"tachyon_serverless_provider_process"}
{"timestamp":"2026-09-17T11:39:38.672678Z","level":"INFO","message":"invocation finished","invocation_id":"inv_01m2qjmhf8jy9mq9k69wbbnwfa","status":"succeeded (async run)","handler_ms":1,"environment_boot_ms":6,"runtime_init_ms":8,"target":"tachyon_serverless_application::services::invoke"}
{"timestamp":"2026-09-17T11:39:38.674565Z","level":"INFO","message":"terminating bridge","environment_id":"env_01m2qjmhffx4bvvtb822sn51zw","pid":76430,"reason":"Completed","graceful":true,"target":"tachyon_serverless_provider_process"}
{"timestamp":"2026-09-17T11:39:38.679069Z","level":"INFO","message":"asynchronous invocation settled","invocation_id":"inv_01m2qjmhf8jy9mq9k69wbbnwfa","status":"succeeded","target":"tachyon_serverless_application::services::invoke_async::dispatch"}
{"timestamp":"2026-09-17T11:39:38.684087Z","level":"INFO","message":"async dispatch: delivery handled","message_id":"inv_01m2qjmhf8jy9mq9k69wbbnwfa","sequence":41,"delivery_count":1,"outcome":"Completed { status: \"succeeded\" }","target":"tachyon_serverless_application::services::invoke_async::dispatch"}
{"timestamp":"2026-09-17T11:39:38.689918Z","level":"INFO","message":"asynchronous run claimed","invocation_id":"inv_01m2qjmhm6xzq2epsfc1r6m249","attempt":1,"generation":0,"delivery_count":1,"target":"tachyon_serverless_application::services::invoke_async::dispatch"}
{"timestamp":"2026-09-17T11:39:38.764188Z","level":"INFO","message":"bridge spawned","environment_id":"env_01m2qjmhjtxez374pjsshcp7p3","pid":76435,"target":"tachyon_serverless_provider_process"}
{"timestamp":"2026-09-17T11:39:38.782150Z","level":"INFO","message":"invocation finished","invocation_id":"inv_01m2qjmhj0gvjz2j91vbxb3s80","status":"succeeded (async run)","handler_ms":1,"environment_boot_ms":6,"runtime_init_ms":8,"target":"tachyon_serverless_application::services::invoke"}
{"timestamp":"2026-09-17T11:39:38.783929Z","level":"INFO","message":"terminating bridge","environment_id":"env_01m2qjmhjtxez374pjsshcp7p3","pid":76435,"reason":"Completed","graceful":true,"target":"tachyon_serverless_provider_process"}
{"timestamp":"2026-09-17T11:39:38.788210Z","level":"INFO","message":"asynchronous invocation settled","invocation_id":"inv_01m2qjmhj0gvjz2j91vbxb3s80","status":"succeeded","target":"tachyon_serverless_application::services::invoke_async::dispatch"}
{"timestamp":"2026-09-17T11:39:38.793219Z","level":"INFO","message":"async dispatch: delivery handled","message_id":"inv_01m2qjmhj0gvjz2j91vbxb3s80","sequence":42,"delivery_count":1,"outcome":"Completed { status: \"succeeded\" }","target":"tachyon_serverless_application::services::invoke_async::dispatch"}
{"timestamp":"2026-09-17T11:39:38.986679Z","level":"INFO","message":"bridge spawned","environment_id":"env_01m2qjmht2jep0dgqq40q7nfxq","pid":76437,"target":"tachyon_serverless_provider_process"}
{"timestamp":"2026-09-17T11:39:39.004513Z","level":"INFO","message":"invocation finished","invocation_id":"inv_01m2qjmhm6xzq2epsfc1r6m249","status":"succeeded (async run)","handler_ms":0,"environment_boot_ms":7,"runtime_init_ms":8,"target":"tachyon_serverless_application::services::invoke"}
{"timestamp":"2026-09-17T11:39:39.006345Z","level":"INFO","message":"terminating bridge","environment_id":"env_01m2qjmht2jep0dgqq40q7nfxq","pid":76437,"reason":"Completed","graceful":true,"target":"tachyon_serverless_provider_process"}
{"timestamp":"2026-09-17T11:39:39.010793Z","level":"INFO","message":"asynchronous invocation settled","invocation_id":"inv_01m2qjmhm6xzq2epsfc1r6m249","status":"succeeded","target":"tachyon_serverless_application::services::invoke_async::dispatch"}
{"timestamp":"2026-09-17T11:39:39.017221Z","level":"INFO","message":"async dispatch: delivery handled","message_id":"inv_01m2qjmhm6xzq2epsfc1r6m249","sequence":43,"delivery_count":1,"outcome":"Completed { status: \"succeeded\" }","target":"tachyon_serverless_application::services::invoke_async::dispatch"}
{"timestamp":"2026-09-17T11:39:39.290973Z","level":"INFO","message":"object retention pass","report":"GcReport { examined: 3, collected_expired: 0, collected_orphans: 0, kept_in_use: 0, kept_referenced: 3, incomplete_removed: 0, tombstones_purged: 0, failed: 0 }","target":"tachyon_serverless_gateway"}
{"timestamp":"2026-09-17T11:39:40.928589Z","level":"INFO","message":"SIGTERM received","target":"tachyon_serverless_gateway"}
{"timestamp":"2026-09-17T11:39:40.928634Z","level":"INFO","message":"shutdown requested; cancelling in-flight invocations","target":"tachyon_serverless_gateway"}
{"timestamp":"2026-09-17T11:39:40.928967Z","level":"INFO","message":"final usage collection","report":"CollectReport { batches: 0, read: 0, inserted: 0, duplicates: 0, cursor_seq: 231 }","target":"tachyon_serverless_gateway"}
{"timestamp":"2026-09-17T11:39:40.930363Z","level":"INFO","message":"gateway stopped","target":"tachyon_serverless_gateway"}
{"timestamp":"2026-09-17T11:39:40.930664Z","level":"INFO","message":"event: closed","target":"async_nats"}
